YEAR_MONTH,COMMUNITY_AREA,Abandoned Vehicle Complaint,Alley Light Out Complaint,Alley Pothole Complaint,Alley Sewer Inspection Request,Blue Recycling Cart,Building Violation,Buildings - Plumbing Violation,Business Complaints,Check for Leak,Clean Vacant Lot Request,Consumer Fraud Complaint,Coyote Interaction Complaint,Dead Animal Pick-Up Request,Fly Dumping Complaint,Garbage Cart Maintenance,Graffiti Removal Request,Inspect Public Way Request,Low Water Pressure Complaint,Missed Garbage Pick-Up Complaint,No Building Permit and Construction Violation,No Water Complaint,Nuisance Animal Complaint,Open Fire Hydrant Complaint,Pet Wellness Check Request,Pothole in Street Complaint,Recycling Pick Up,Report an Injured Animal,Restaurant Complaint,Rodent Baiting/Rat Complaint,Sanitation Code Violation,Sewer Cave-In Inspection Request,Sewer Cleaning Inspection Request,Sidewalk Inspection Request,Sign Repair Request - All Other Signs,Sign Repair Request - Do Not Enter Sign,Sign Repair Request - One Way Sign,Sign Repair Request - Stop Sign,Stray Animal Complaint,Street Cleaning Request,Street Light Out Complaint,Street Light Pole Damage Complaint,Traffic Signal Out Complaint,Tree Debris Clean-Up Request,Tree Emergency,Tree Planting Request,Tree Removal Inspection,Tree Trim Request (NO LONGER BEING ACCEPTED),Vacant/Abandoned Building Complaint,Vicious Animal Complaint,Water Lead Test Kit Request,Water On Street Complaint,Water Quality Concern,Water in Basement Complaint,Weed Removal Request,Yard Waste Pick-Up Request
2019-01,44,3,32,2,0,7,2,23,0,1,0,0,0,0,0,0,0,2,0,0,2,1,2,0,0,6,1,0,1,0,0,1,3,115,4,0,0,0,8,0,13,0,1,0,0,3,3,8,3,0,30,0,2,0,0,0
2019-02,44,5,43,2,2,3,15,33,1,6,1,2,0,2,2,21,0,3,4,3,1,2,1,0,0,125,4,1,4,1,7,3,6,4,2,0,0,0,6,0,79,0,2,5,3,1,12,13,18,0,39,1,3,1,0,0
2019-03,44,25,69,11,0,13,48,20,0,27,4,8,0,23,9,54,1,16,1,9,5,10,3,2,5,211,14,8,4,17,26,8,10,2,5,0,1,7,26,11,250,7,30,12,8,3,23,37,23,17,48,4,1,6,0,2
2019-04,44,28,62,21,7,11,45,22,1,13,5,2,0,20,17,63,2,4,0,8,5,7,5,1,2,177,10,10,6,17,13,7,17,13,8,0,0,4,29,7,171,10,18,38,9,3,23,35,24,11,28,16,1,14,0,6
2019-05,44,39,49,14,20,24,45,18,1,20,6,2,1,40,11,82,1,7,0,8,5,1,7,2,3,105,23,20,5,18,36,16,66,13,20,0,9,4,19,1,193,6,14,26,6,6,27,42,17,7,10,57,1,44,135,6
2019-06,44,52,58,16,5,30,69,13,3,23,8,3,0,30,25,95,2,6,3,14,7,8,7,5,4,61,13,10,3,30,47,11,30,20,39,1,6,4,36,5,174,1,31,47,24,0,24,58,29,8,17,33,2,4,200,6
2019-07,44,43,38,14,7,14,71,23,3,13,10,4,0,48,25,108,19,12,5,14,7,4,3,4,2,54,31,21,9,35,41,9,27,13,29,1,5,5,24,10,237,4,21,44,39,6,32,67,83,14,111,26,0,11,235,9
2019-08,44,36,45,23,2,16,54,15,3,23,12,4,2,42,27,97,9,6,5,5,0,11,5,22,2,63,21,32,8,42,33,9,19,10,50,1,15,13,25,10,172,2,18,74,24,2,32,61,25,13,74,7,1,7,216,12
2019-09,44,25,65,15,6,21,45,23,3,36,2,3,0,28,23,76,1,10,4,3,9,5,9,1,1,99,9,20,4,32,28,3,23,13,13,0,2,4,37,4,219,3,25,50,19,0,17,79,33,15,159,16,5,10,177,10
2019-10,44,34,55,14,7,19,52,20,0,10,1,4,0,47,20,72,9,11,1,5,6,9,8,5,6,74,18,20,3,43,29,8,21,6,36,2,13,7,29,3,305,7,16,41,42,1,19,58,12,14,31,8,0,22,84,1
2019-11,44,24,40,4,1,11,42,28,3,11,6,0,4,7,13,54,4,11,7,5,3,5,1,4,4,37,14,22,4,16,26,8,7,4,8,2,4,2,27,10,141,4,66,16,14,0,9,43,8,14,19,5,2,2,32,6
2019-12,44,30,61,0,0,31,49,24,1,9,5,8,0,21,16,70,3,3,2,15,6,0,4,9,3,32,23,15,4,12,26,0,6,0,43,0,15,14,33,3,170,3,12,15,1,0,8,10,9,7,19,7,0,4,0,4
2020-01,44,36,38,0,1,15,53,17,1,22,1,1,3,22,18,66,2,10,5,3,5,2,10,2,3,42,20,10,9,9,18,3,11,11,79,1,8,6,16,3,245,3,72,13,4,0,6,7,19,19,8,10,1,12,0,0
2020-02,44,33,39,1,2,19,47,21,0,29,0,1,1,12,13,55,5,4,1,4,3,6,6,1,3,65,14,15,4,5,10,4,6,5,50,1,6,7,25,3,132,3,17,3,0,1,3,6,8,12,8,13,0,3,0,0
2020-03,44,28,41,4,4,18,31,26,15,11,3,5,0,14,22,71,1,5,3,6,5,8,6,1,3,72,11,9,6,8,32,2,7,3,15,3,7,4,21,8,96,3,29,21,6,1,12,14,19,16,10,5,1,10,0,0
2020-04,44,15,36,6,4,23,24,11,62,18,1,3,1,27,19,78,4,11,0,9,6,18,4,12,1,35,7,8,7,17,32,2,22,5,33,3,12,8,15,6,81,3,21,20,3,0,14,29,21,5,7,18,1,16,0,2
2020-05,44,46,44,11,8,32,48,24,47,17,13,4,0,32,40,110,2,11,0,16,6,0,9,4,1,66,17,18,4,45,43,8,48,9,42,0,10,10,20,11,125,2,21,41,11,0,20,46,24,21,4,36,0,51,34,4
2020-06,44,60,55,7,6,26,36,14,18,15,13,1,0,26,22,118,4,11,1,16,5,8,8,9,1,57,18,19,4,32,54,2,30,9,74,1,4,3,18,12,174,3,9,118,68,5,19,101,34,7,6,20,0,8,90,7
2020-07,44,83,69,10,4,27,55,16,28,8,9,1,0,39,35,145,13,27,2,37,2,2,13,2,1,31,26,25,6,39,56,7,11,10,66,4,16,17,33,22,240,6,14,117,33,3,27,99,25,30,7,21,1,5,306,8
2020-08,44,92,33,6,1,25,44,14,17,13,8,2,0,41,31,109,6,8,2,19,7,4,13,1,5,20,20,24,2,39,60,10,11,14,11,2,7,8,22,13,110,9,22,148,96,4,35,76,31,21,4,5,2,2,212,6
2020-09,44,79,31,4,4,37,51,12,22,15,4,2,0,34,42,102,19,10,0,21,4,5,11,1,2,26,10,19,4,37,39,4,15,7,43,0,20,16,13,19,161,2,24,78,28,5,28,70,10,19,6,7,1,3,102,3
2020-10,44,61,44,5,5,26,75,25,10,25,2,1,1,34,24,74,6,10,2,1,6,17,11,0,1,14,11,9,2,44,31,4,14,3,6,0,3,3,16,11,103,2,15,57,21,4,11,22,11,12,4,10,1,13,41,7
2020-11,44,53,49,1,6,27,48,10,19,15,6,1,2,17,17,76,1,8,2,12,5,5,2,1,0,7,21,7,2,25,8,3,15,3,19,0,1,3,10,10,151,3,25,41,19,0,12,21,18,9,2,6,0,6,0,6
2020-12,44,56,32,5,2,19,38,15,8,11,4,2,1,23,17,77,8,13,2,20,4,13,9,2,3,38,15,16,8,16,37,4,12,3,4,0,0,2,16,2,110,7,13,19,3,1,7,7,11,14,1,5,4,6,0,2
2021-01,44,103,33,2,0,19,35,14,8,7,0,1,0,16,15,72,5,10,1,11,1,4,5,0,3,55,17,6,5,13,21,5,9,10,21,0,5,4,7,8,48,2,15,5,3,0,8,13,14,4,4,2,1,3,0,2
2021-02,44,47,9,1,1,18,92,38,7,18,2,1,0,6,11,47,2,5,2,74,1,17,11,5,2,12,25,12,4,9,20,4,9,3,13,0,4,4,17,1,43,3,13,1,0,1,2,4,5,6,1,0,2,15,0,0
2021-03,44,100,36,10,3,19,55,24,7,15,11,1,1,22,26,98,17,14,1,22,5,5,10,1,1,90,44,17,5,17,51,3,8,12,47,3,8,3,10,10,65,7,23,12,12,3,26,26,14,6,4,2,0,12,0,3
2021-04,44,73,20,11,1,25,52,23,6,12,18,1,1,17,21,109,5,2,3,9,9,7,8,2,4,43,20,13,1,30,29,4,12,9,26,0,1,2,20,18,35,4,23,29,10,2,22,29,11,17,7,4,2,5,0,3
2021-05,44,51,15,7,2,23,50,20,3,17,6,1,0,27,18,96,6,17,1,9,4,1,19,0,2,34,14,17,6,34,65,5,14,10,9,0,2,2,19,16,58,3,49,43,19,3,31,50,21,25,2,6,2,7,65,9
2021-06,44,90,18,11,21,32,42,41,3,15,9,5,0,35,16,118,6,19,1,16,2,13,12,1,2,31,25,11,6,50,37,9,19,9,21,1,4,6,16,6,94,5,30,94,102,1,29,100,33,11,6,45,1,11,85,13
2021-07,44,57,18,5,7,21,66,27,3,10,11,1,0,30,33,110,8,16,6,11,2,25,18,3,1,37,11,23,6,43,31,14,16,7,55,2,1,5,23,13,98,8,22,113,52,3,45,70,19,21,66,10,4,8,76,9
2021-08,44,86,33,9,3,17,48,13,5,11,13,0,1,40,21,103,18,16,0,14,1,4,8,1,0,36,12,29,4,52,46,3,11,9,39,0,4,6,16,15,83,6,12,84,61,1,45,87,23,19,24,4,1,6,34,11
2021-09,44,92,33,6,2,23,48,32,6,19,4,0,0,40,21,86,13,11,1,7,2,6,11,1,1,33,14,26,1,50,40,1,6,8,61,0,5,9,21,8,59,15,20,62,33,1,20,51,22,16,12,2,3,5,74,9
2021-10,44,74,15,8,5,23,41,18,9,10,2,1,0,15,21,77,7,8,2,10,5,2,4,2,3,18,23,8,5,46,19,13,11,11,29,0,8,3,19,3,63,2,22,58,60,1,19,32,11,10,9,18,0,20,0,4
2021-11,44,60,19,6,0,20,41,23,6,19,0,1,1,20,16,73,5,7,2,10,17,8,9,2,4,17,15,10,3,36,16,3,8,3,27,0,3,5,24,12,87,8,2,37,11,1,15,12,20,14,6,6,1,3,0,5
2021-12,44,62,15,2,3,19,37,22,6,17,6,2,9,12,16,62,4,10,2,26,7,7,3,0,2,20,14,9,7,22,8,2,6,3,12,0,0,3,33,7,31,5,8,16,28,0,15,13,13,19,3,8,2,4,0,3
2022-01,44,71,14,3,2,19,43,40,3,68,1,0,4,8,15,55,12,9,2,7,1,23,3,0,6,31,18,7,5,18,15,1,6,8,12,0,1,3,33,2,44,2,24,2,3,2,4,0,12,13,8,12,4,8,0,1
2022-02,44,60,17,3,1,15,45,34,4,21,2,1,0,10,16,49,3,8,2,5,6,7,4,1,4,43,15,10,6,14,12,0,4,2,16,1,0,0,31,4,126,4,7,8,4,0,7,0,10,12,9,18,1,13,0,0
2022-03,44,84,23,14,7,25,37,30,1,13,14,2,1,7,25,83,6,12,2,16,4,13,16,0,3,127,13,9,5,28,28,8,14,10,47,0,6,9,22,21,63,3,22,22,9,4,17,0,16,15,5,18,4,11,0,1
2022-04,44,51,17,25,5,12,66,41,3,10,5,2,1,24,29,51,8,12,1,0,4,1,7,0,5,129,8,14,2,21,26,12,22,15,9,2,5,2,29,14,119,5,10,27,14,6,34,28,16,12,3,18,2,7,3,3
2022-05,44,62,24,11,10,16,58,18,3,8,15,1,0,68,26,80,23,8,3,3,6,5,7,0,4,71,8,31,3,23,38,9,10,14,11,0,2,6,43,8,107,5,20,52,31,1,17,48,39,28,9,14,0,12,46,12
2022-06,44,71,33,10,3,21,47,20,0,10,5,4,1,37,24,62,16,8,3,15,3,6,15,31,1,65,14,24,7,39,27,9,9,13,7,0,5,11,24,8,98,7,15,82,41,6,25,70,15,13,11,15,2,2,52,11
2022-07,44,70,26,5,3,11,49,26,1,15,6,0,0,36,35,75,12,11,6,10,10,6,8,1,4,26,15,21,4,28,39,7,14,7,16,0,6,16,33,7,108,11,47,79,52,4,41,102,22,18,11,12,0,7,29,9
2022-08,44,71,29,4,6,23,58,29,1,16,6,3,0,33,35,91,3,13,3,10,6,6,11,4,7,21,6,29,3,38,32,5,12,11,12,3,4,9,22,8,72,10,47,66,28,1,37,61,28,17,18,11,0,5,32,10
2022-09,44,57,15,10,2,14,51,29,2,5,0,0,0,55,22,65,9,9,1,6,4,4,7,2,2,15,5,27,9,34,16,4,15,5,3,0,5,5,25,4,100,3,21,50,14,36,19,53,21,14,18,7,2,6,24,7
2022-10,44,48,16,6,2,16,52,24,6,8,3,3,1,17,16,60,5,8,1,7,7,4,5,2,7,19,17,23,5,27,15,2,21,8,7,1,10,2,24,9,106,4,8,49,30,13,22,43,33,10,3,3,1,3,5,6
2022-11,44,43,16,2,2,14,38,15,2,6,3,2,1,18,15,55,17,8,1,11,6,10,6,0,3,14,6,11,7,30,13,1,8,3,5,1,4,4,26,10,130,9,8,38,44,2,26,18,9,11,8,2,0,4,0,6
2022-12,44,57,13,2,0,10,50,67,2,15,1,3,1,15,17,31,14,4,1,10,3,32,11,2,10,22,3,7,5,19,9,1,6,4,5,0,7,3,21,11,29,3,24,11,5,0,10,10,10,6,15,5,1,11,2,5
2023-01,44,51,8,1,0,19,55,29,2,22,2,0,0,12,12,47,12,4,1,5,2,6,9,0,2,89,7,10,1,24,28,3,6,7,10,1,2,4,31,16,24,4,23,9,3,0,7,0,26,18,9,7,0,7,0,1
2023-02,44,60,13,3,2,17,38,26,4,17,7,2,0,13,8,41,9,13,0,3,2,11,10,1,5,42,0,13,1,21,27,4,25,8,12,3,3,6,20,9,75,4,20,12,16,11,18,1,22,7,4,30,1,14,0,1
2023-03,44,58,6,6,4,10,43,29,5,11,5,1,0,24,20,42,18,15,2,8,4,4,8,3,4,82,5,15,6,22,15,7,16,12,16,1,6,11,25,17,90,9,17,14,20,3,21,0,29,26,12,22,0,8,0,5
2023-04,44,44,21,12,4,15,30,19,1,18,5,3,0,22,20,43,21,10,3,1,6,7,12,5,6,44,6,28,5,12,14,4,16,11,9,1,1,13,23,27,51,4,32,41,33,0,37,7,13,20,8,12,1,7,0,4
2023-05,44,43,9,6,1,21,41,28,1,8,8,2,0,45,15,72,6,16,1,5,7,2,11,1,6,24,5,17,4,33,27,11,16,18,9,3,2,7,37,17,22,4,31,43,8,62,24,10,29,8,11,4,0,13,17,10
2023-06,44,43,25,5,1,17,49,30,4,4,16,1,0,38,25,76,7,8,1,11,6,4,11,1,2,37,5,24,2,27,14,5,8,11,7,1,7,12,39,21,99,2,27,61,29,14,30,2,23,8,14,6,5,8,24,7
2023-07,44,41,7,8,8,18,44,26,2,9,16,1,0,44,19,89,12,13,1,16,3,11,4,0,6,16,6,15,5,35,34,4,28,14,10,0,7,2,22,7,82,3,40,88,85,20,48,0,21,14,10,58,0,235,34,9
2023-08,44,79,17,9,6,23,65,38,4,22,10,2,0,50,19,71,12,12,1,11,1,8,8,5,6,18,4,22,14,36,36,6,14,15,8,0,4,9,38,16,47,5,25,108,29,181,40,1,27,19,9,5,1,26,46,8
2023-09,44,59,23,3,8,20,61,36,2,5,5,1,7,35,34,71,5,16,3,13,1,0,10,16,5,13,9,25,5,32,37,10,23,7,5,0,9,5,35,13,53,6,23,67,23,9,26,4,18,18,13,26,5,9,19,13
2023-10,44,50,18,1,2,20,54,20,1,15,7,1,4,33,14,51,34,11,4,9,4,8,12,7,5,15,5,12,2,29,10,6,11,7,11,2,7,15,23,5,50,7,20,60,34,1,32,32,10,16,8,8,0,4,11,6
2023-11,44,61,16,4,4,18,41,22,1,12,2,1,5,24,11,59,3,11,2,42,5,19,3,0,5,12,2,14,3,25,14,5,11,8,6,1,1,2,30,11,49,11,37,27,4,0,18,12,11,20,11,6,2,6,1,6
2023-12,44,83,6,3,0,20,46,21,3,17,0,3,13,18,23,46,2,9,0,10,4,0,5,0,1,32,6,8,4,8,21,0,12,8,4,3,7,2,28,9,58,3,4,6,5,1,6,92,12,14,6,12,0,2,0,3
2024-01,44,23,8,7,8,20,65,97,1,27,1,3,3,22,19,50,3,8,5,12,5,38,6,1,6,47,10,18,5,15,24,4,18,14,3,0,0,0,44,7,50,13,51,12,9,0,14,52,7,16,9,47,4,13,0,0
2024-02,44,48,6,2,0,14,36,37,3,47,7,1,1,27,22,36,9,13,5,7,3,7,6,1,2,59,12,10,5,20,26,8,17,8,4,0,8,7,23,24,20,1,25,19,9,0,14,90,10,8,8,13,2,3,0,2
2024-03,44,44,6,4,4,18,38,12,1,14,4,2,0,25,26,49,5,21,5,16,8,8,6,1,3,49,7,21,5,8,26,4,19,12,15,0,6,2,29,12,38,3,19,30,24,0,24,69,17,13,9,34,0,14,0,1
2024-04,44,62,8,10,9,23,36,18,3,14,7,1,1,9,28,60,15,13,3,7,2,6,12,0,6,54,6,9,6,30,29,6,23,14,6,2,3,5,32,13,75,5,63,47,44,3,40,76,21,15,449,25,2,15,10,3
2024-05,44,51,19,4,10,14,56,31,7,17,4,1,0,65,16,72,9,21,3,17,8,10,8,5,3,54,4,36,4,23,44,4,41,16,11,0,5,4,31,17,60,1,12,111,128,5,67,38,27,10,9,95,1,33,64,15
2024-06,44,37,8,7,3,26,51,21,2,6,8,5,0,42,21,79,3,14,6,16,5,8,6,2,4,53,3,20,3,30,37,7,17,13,6,1,0,3,45,9,111,4,21,81,66,64,43,46,25,9,4,19,2,5,30,8
2024-07,44,50,7,4,4,23,47,23,3,13,8,0,0,38,33,75,10,12,3,23,2,6,4,1,2,29,10,23,0,22,35,4,9,8,3,1,8,8,28,17,37,8,64,110,123,77,47,37,12,16,7,5,1,9,35,15
2024-08,44,65,12,6,3,13,51,30,3,11,8,2,0,51,32,74,13,17,1,19,5,2,9,7,4,14,2,40,2,17,35,4,8,9,2,1,3,1,26,9,60,6,28,71,56,23,44,25,12,21,21,10,1,5,26,9
2024-09,44,53,2,6,5,10,50,32,2,40,6,2,2,46,14,63,7,11,1,17,8,16,6,3,9,23,7,27,6,34,26,3,12,10,7,0,4,5,20,10,53,10,66,79,53,19,38,4,16,15,7,24,0,8,11,12
2024-10,44,56,1,1,1,17,47,27,2,26,4,2,1,34,35,67,15,12,7,10,9,7,12,4,4,14,6,21,2,39,26,2,11,14,4,0,1,2,41,13,39,3,36,64,39,23,40,23,23,19,2,5,1,4,5,5
2024-11,44,32,5,0,1,22,29,22,1,8,1,1,5,11,20,53,11,8,2,9,5,2,16,0,7,17,5,10,5,19,27,2,9,4,5,0,4,7,23,8,19,5,12,23,30,2,24,71,13,7,5,6,2,6,0,4
2024-12,44,28,10,5,0,17,47,23,3,19,2,1,0,17,13,55,4,11,3,14,2,6,9,4,5,12,11,20,4,12,24,1,5,6,6,2,6,9,17,5,43,3,17,14,16,1,14,73,9,4,23,6,1,10,0,5
2025-01,44,49,9,1,1,22,53,39,2,36,1,4,1,14,7,51,4,6,1,14,4,17,5,1,4,30,5,21,3,7,15,3,8,9,1,1,7,3,37,2,61,3,21,9,6,0,7,8,10,11,40,14,3,12,0,1
2025-02,44,30,21,0,1,12,38,20,0,19,1,2,0,23,13,36,5,5,4,14,9,7,5,0,5,40,6,19,6,9,15,6,7,4,9,0,1,3,30,3,20,4,4,13,9,0,14,0,4,14,17,2,0,7,0,1
2025-03,44,69,13,10,2,22,44,43,2,13,3,2,1,33,21,52,7,9,4,5,6,5,9,0,3,36,2,17,3,29,11,3,13,7,21,2,6,5,29,7,59,11,69,35,26,3,26,13,13,18,33,20,2,13,0,2
2025-04,44,85,19,6,3,22,50,18,4,14,5,2,1,20,21,67,6,16,3,6,5,5,7,0,3,69,5,15,2,21,29,14,21,13,16,1,4,7,29,10,40,10,43,25,20,8,34,8,12,14,27,40,3,20,1,3
2025-05,44,87,8,6,0,19,37,16,3,12,5,1,1,34,18,70,9,7,1,10,1,13,10,4,3,85,4,16,1,37,34,5,10,10,15,0,10,3,37,8,72,5,43,172,332,2,62,25,18,15,11,3,2,2,13,8
2025-06,44,71,7,7,4,21,43,21,2,19,5,1,0,46,28,70,8,18,7,28,3,8,8,9,3,35,14,23,0,32,26,3,21,12,12,0,9,3,32,16,38,6,11,81,79,4,53,16,12,8,11,32,2,10,38,10
2025-07,44,96,9,6,2,27,52,14,4,17,7,1,0,39,32,91,6,24,1,37,4,8,8,8,6,30,8,28,5,39,41,5,12,10,16,1,5,3,39,10,67,4,48,103,80,2,57,105,16,13,15,25,1,7,26,7
2025-08,44,92,11,5,6,26,44,31,5,14,5,1,1,75,26,87,21,14,0,17,7,8,9,6,4,22,9,35,6,35,42,13,27,11,21,1,0,2,31,8,62,3,131,116,62,2,40,36,22,9,12,45,3,513,35,20
2025-09,44,47,7,0,0,21,38,30,5,22,5,0,1,50,46,83,17,13,3,11,9,6,7,1,3,26,8,19,7,33,38,8,11,16,4,1,0,5,42,14,41,0,16,76,22,1,21,22,17,15,12,2,3,45,15,17
2025-10,44,61,7,2,1,17,29,30,5,10,4,2,3,24,35,71,7,9,0,7,6,4,7,0,2,7,4,24,7,21,14,3,13,11,7,1,6,8,41,6,29,6,34,62,34,3,30,21,16,14,13,5,1,12,8,7
2025-11,44,44,4,2,1,11,36,27,3,13,4,0,0,17,27,34,2,10,1,16,4,7,6,1,4,7,7,23,4,23,21,2,4,2,4,0,6,3,33,7,43,0,23,33,17,7,11,95,18,15,14,0,2,8,0,5
2025-12,44,39,3,1,1,10,40,41,1,45,2,2,2,23,12,43,9,4,2,15,3,7,5,13,8,11,21,11,3,8,18,0,3,3,6,0,6,4,31,6,44,4,11,15,12,1,11,90,4,12,11,13,3,12,0,4
2019-01,45,1,4,2,0,10,0,0,0,0,0,1,0,0,0,0,0,0,0,0,0,0,1,0,1,2,0,0,1,0,0,2,0,42,0,0,0,0,4,0,5,0,1,0,0,0,3,3,1,0,22,0,0,0,0,0
2019-02,45,2,9,0,0,9,0,2,0,5,0,0,0,0,2,27,0,0,4,1,0,4,0,1,2,43,1,0,4,0,2,0,2,3,1,0,0,0,1,0,61,1,0,0,0,0,9,5,1,0,22,1,0,1,0,0
2019-03,45,8,14,3,0,13,6,0,1,8,1,2,0,4,2,31,0,3,0,2,1,5,0,0,1,41,5,0,2,6,3,2,3,2,22,0,2,4,10,1,107,4,6,7,2,0,6,11,0,6,18,2,1,1,0,0
2019-04,45,4,11,1,0,5,9,2,0,5,1,1,0,11,1,25,2,5,4,1,5,12,1,0,0,43,14,4,2,6,11,1,3,2,16,0,0,0,10,1,45,8,2,17,7,0,6,7,6,1,13,4,0,6,0,2
2019-05,45,12,21,7,4,18,9,2,0,5,5,6,1,11,7,50,3,4,0,2,2,0,6,1,2,25,3,4,3,16,11,3,27,3,7,1,6,3,15,3,78,5,1,24,4,0,11,16,11,7,6,17,0,9,35,4
2019-06,45,10,19,5,1,13,8,2,1,3,4,0,0,10,2,43,1,4,0,3,2,0,2,0,0,33,6,5,1,7,12,6,11,3,9,0,2,5,3,1,95,1,3,28,12,0,11,27,8,4,6,7,0,10,60,4
2019-07,45,7,18,5,5,18,12,3,1,5,2,0,0,10,10,57,2,15,0,5,2,0,2,5,3,32,12,6,1,7,5,2,13,4,6,0,0,0,11,1,138,6,14,44,17,3,17,34,10,4,39,7,0,8,59,4
2019-08,45,9,22,4,1,11,12,0,0,11,5,1,2,13,4,44,3,2,2,4,2,2,2,1,0,22,9,8,5,14,7,2,6,8,8,0,0,0,3,2,51,3,6,47,12,3,14,31,9,8,29,8,1,3,49,5
2019-09,45,12,39,3,0,12,14,1,0,2,2,0,0,15,10,37,2,1,1,3,2,0,2,1,4,26,10,9,3,12,7,4,4,0,11,0,0,1,12,3,59,1,3,19,6,1,9,23,10,12,60,1,5,6,52,2
2019-10,45,18,42,2,2,13,13,3,2,5,3,0,0,18,13,39,0,3,0,4,0,0,3,1,0,20,8,6,2,12,2,6,3,2,34,0,4,2,13,6,107,2,5,30,17,0,5,21,7,4,20,5,1,3,21,3
2019-11,45,9,36,0,0,8,9,4,0,5,1,2,3,10,1,22,1,3,0,3,1,1,2,0,1,12,4,4,1,3,6,3,3,1,52,1,16,5,7,1,93,2,5,16,12,0,3,12,3,10,15,1,1,0,0,4
2019-12,45,6,32,1,0,6,7,2,2,6,0,1,3,14,3,31,0,4,2,1,1,3,1,3,1,10,4,6,3,7,3,1,1,2,68,0,2,1,3,0,92,4,6,9,3,1,7,10,2,1,4,1,1,4,0,2
2020-01,45,8,35,0,0,12,10,6,1,6,0,3,8,4,7,24,1,2,0,4,3,4,0,3,0,14,5,2,0,4,3,2,2,2,19,0,3,4,11,1,91,1,0,2,2,0,2,3,4,9,3,7,0,5,0,0
2020-02,45,8,22,0,0,9,3,2,0,6,0,0,0,2,1,18,13,1,0,5,0,1,0,0,4,32,8,5,1,7,2,1,1,4,6,0,0,1,6,1,55,3,4,4,0,0,2,2,10,2,2,0,0,2,0,0
2020-03,45,8,13,1,0,9,3,0,1,3,0,0,2,7,8,18,1,3,4,5,1,6,1,2,0,25,10,2,3,6,5,1,1,0,23,0,2,3,11,1,71,2,4,6,2,0,13,7,6,4,3,0,0,4,0,2
2020-04,45,5,6,0,1,8,6,5,11,4,1,0,4,2,3,28,6,0,2,4,2,1,0,0,0,19,6,1,0,1,2,4,9,4,38,0,3,1,3,0,32,2,3,24,7,0,8,58,4,7,2,12,2,9,0,4
2020-05,45,14,10,2,2,17,11,3,15,4,2,0,4,29,7,56,6,9,1,11,4,0,5,0,1,21,16,7,2,9,8,2,9,5,3,0,0,1,8,2,25,2,5,34,6,0,13,23,8,7,0,11,1,15,12,7
2020-06,45,13,8,3,0,18,12,0,8,1,6,2,3,12,10,46,11,2,3,12,0,0,3,1,1,12,22,14,3,10,15,2,9,6,38,1,0,7,8,3,40,7,174,66,21,2,13,40,6,5,1,4,0,4,18,5
2020-07,45,26,18,2,0,23,3,1,6,10,6,2,1,15,16,66,5,6,2,26,4,8,8,0,1,32,21,4,0,10,7,6,5,5,2,0,0,0,18,2,39,1,18,64,5,0,20,63,10,7,2,1,2,2,165,8
2020-08,45,15,21,4,0,20,17,2,3,3,6,0,0,18,4,52,4,1,0,15,3,1,5,3,1,17,29,7,1,9,8,1,4,7,6,0,2,7,11,5,51,7,4,67,39,1,15,24,9,3,0,2,0,0,46,5
2020-09,45,52,18,3,2,13,8,3,4,2,4,0,0,24,7,47,5,5,3,4,2,5,1,1,0,8,10,5,3,19,7,3,4,7,7,0,0,0,2,4,123,4,1,55,20,2,13,22,8,5,6,1,1,1,4,3
2020-10,45,25,10,2,0,12,9,2,5,2,1,0,0,15,7,43,2,5,0,0,7,4,1,0,4,13,6,5,1,24,7,4,5,3,25,2,3,7,17,3,26,1,4,36,2,0,4,12,16,5,2,0,1,2,8,1
2020-11,45,25,10,1,1,13,4,2,4,4,0,0,3,12,5,50,2,2,0,3,1,1,4,0,3,6,13,2,0,11,6,2,1,1,8,0,1,3,5,2,66,6,2,24,13,0,5,7,7,2,2,0,0,0,0,3
2020-12,45,17,9,0,1,17,8,1,1,3,2,0,2,4,6,32,9,2,0,8,5,2,0,3,1,14,7,2,2,4,4,0,12,1,10,0,0,5,7,2,43,5,12,9,1,0,6,1,7,2,0,0,0,5,0,2
2021-01,45,23,6,0,0,8,4,1,6,3,1,1,6,13,9,26,4,2,0,3,5,0,1,1,3,46,9,7,0,2,2,2,3,5,7,0,3,4,10,1,7,9,1,5,1,1,1,1,4,7,1,0,0,4,0,2
2021-02,45,11,3,0,0,13,6,2,2,4,0,0,0,3,4,22,3,1,1,9,2,4,2,0,2,14,6,7,0,1,1,0,2,1,19,0,0,1,15,0,23,0,4,1,1,1,0,2,2,2,2,0,0,1,0,0
2021-03,45,20,10,2,2,21,8,3,2,6,2,0,1,9,6,52,10,3,1,6,4,2,2,0,0,24,9,3,0,12,8,3,6,2,9,0,3,2,3,2,55,6,5,5,1,2,13,11,7,1,7,0,0,10,0,3
2021-04,45,23,10,2,3,10,9,0,1,9,0,0,1,11,15,40,7,2,4,4,2,1,3,0,0,15,5,8,2,6,4,1,7,1,7,0,0,6,7,0,43,5,2,26,3,2,7,14,13,7,0,3,0,8,0,3
2021-05,45,29,3,1,0,17,5,0,0,3,1,2,0,16,10,35,5,8,1,8,2,0,3,0,2,20,25,10,1,6,5,5,0,0,2,1,1,2,6,1,31,10,12,19,5,0,16,37,4,5,3,4,0,2,6,11
2021-06,45,25,8,1,5,10,7,0,0,0,7,0,2,23,8,46,3,5,1,13,3,1,5,0,0,10,22,4,5,7,9,5,12,4,5,0,0,2,7,3,20,9,10,46,25,1,19,39,4,5,4,18,0,12,33,11
2021-07,45,21,2,1,1,14,13,3,0,2,5,0,0,20,14,44,4,3,2,1,1,2,1,7,1,22,4,5,3,10,12,2,6,5,18,0,0,3,11,2,15,10,0,44,16,3,15,31,9,9,28,4,2,1,24,5
2021-08,45,30,12,0,1,13,6,5,4,5,7,0,0,19,9,40,2,4,1,1,2,1,3,0,1,9,1,4,2,11,8,3,6,5,8,0,0,0,11,0,41,5,13,66,48,2,20,29,7,4,17,3,0,3,8,3
2021-09,45,25,7,1,1,8,1,3,0,7,2,0,1,9,15,30,3,4,2,4,4,6,0,3,0,8,3,7,1,21,6,0,9,5,10,0,0,4,6,4,28,1,1,43,7,0,17,28,3,4,1,0,2,4,39,5
2021-10,45,18,1,0,1,9,1,2,0,2,1,1,1,7,8,30,3,2,0,3,3,1,1,1,0,9,1,3,1,16,3,3,8,3,6,0,0,4,5,4,6,1,3,35,26,1,11,26,3,0,7,4,0,1,0,10
2021-11,45,30,3,1,1,11,6,2,0,2,0,1,1,15,10,33,11,3,0,3,7,1,1,0,2,13,2,1,2,10,3,1,9,2,6,1,1,2,2,2,13,8,11,14,5,1,3,12,0,5,0,1,0,5,0,6
2021-12,45,37,5,0,0,8,5,0,0,3,1,1,0,6,2,26,5,4,0,13,3,1,0,9,0,7,6,0,1,7,4,3,2,2,8,0,0,4,4,3,15,11,6,6,15,0,5,5,4,3,2,0,0,1,0,4
2022-01,45,54,0,1,0,8,7,3,0,13,0,5,1,6,5,22,6,0,1,5,2,6,2,3,1,11,5,1,2,4,0,1,5,2,14,0,0,5,6,2,12,3,3,0,3,1,3,0,2,6,2,0,0,6,0,1
2022-02,45,13,4,1,1,5,3,4,1,12,0,2,0,11,2,15,2,3,0,0,1,3,1,0,0,14,8,7,2,2,4,2,6,1,10,0,0,1,7,3,33,9,31,1,0,0,2,0,5,5,2,11,0,3,0,0
2022-03,45,19,8,0,0,11,5,9,1,2,2,1,0,5,7,31,8,4,0,1,0,2,0,0,0,35,2,6,1,5,8,1,5,2,13,0,0,2,7,4,16,3,50,12,0,0,17,1,7,4,4,3,0,6,0,0
2022-04,45,28,12,3,0,11,4,0,0,8,1,1,0,6,7,29,9,2,0,3,0,1,1,0,0,59,0,0,2,9,3,1,9,4,0,0,4,8,7,1,14,8,19,16,5,4,16,16,2,8,1,3,0,2,0,2
2022-05,45,17,7,4,3,12,8,3,0,1,4,1,0,9,7,32,6,7,1,3,3,2,4,0,0,46,5,11,1,8,5,3,8,3,3,0,11,5,9,2,27,3,37,29,9,0,11,15,6,9,2,8,1,2,14,11
2022-06,45,20,4,2,2,11,9,1,1,6,4,1,0,9,8,27,5,5,1,1,4,0,1,0,0,31,3,6,2,12,11,2,4,3,5,0,0,2,20,2,16,2,32,30,16,1,15,45,7,9,0,4,0,1,20,6
2022-07,45,24,5,1,3,8,4,1,0,13,2,2,0,11,14,33,8,7,1,2,3,0,5,0,1,28,5,8,2,9,12,4,9,2,3,0,5,4,11,2,7,3,8,42,17,2,13,27,7,7,6,6,0,0,7,7
2022-08,45,23,9,1,0,10,8,4,1,8,0,1,0,10,10,46,4,11,0,12,2,1,1,1,0,22,4,6,0,18,7,4,5,2,1,2,0,3,11,3,23,1,137,51,14,1,14,38,10,8,5,0,0,3,12,8
2022-09,45,15,12,0,0,9,11,2,1,4,0,2,0,11,6,40,9,1,2,2,0,3,2,0,0,15,9,0,2,21,6,3,4,3,10,0,0,9,9,0,39,5,15,41,12,18,16,16,26,5,4,0,1,3,9,2
2022-10,45,22,8,0,0,3,4,0,0,6,1,0,0,8,2,19,3,4,1,2,1,0,2,0,0,11,1,4,0,11,2,0,3,3,8,0,0,3,7,1,27,3,2,14,10,9,6,13,8,2,3,4,0,1,2,2
2022-11,45,17,9,1,0,7,10,1,0,1,0,0,0,2,2,24,6,1,0,0,4,3,2,1,1,8,1,2,1,9,7,0,4,1,1,2,2,6,17,4,27,3,27,25,16,0,8,4,1,4,7,2,0,3,0,4
2022-12,45,18,2,0,0,9,10,4,0,7,0,1,0,2,1,15,3,2,0,4,3,3,0,1,2,9,2,4,0,16,6,2,2,1,3,0,0,3,8,1,17,6,20,5,3,0,2,1,5,3,6,3,1,7,0,0
2023-01,45,20,3,1,0,8,9,3,1,6,0,0,2,5,2,35,3,1,0,2,3,5,4,3,3,10,0,3,3,5,2,1,4,0,1,0,0,0,9,1,20,1,19,8,0,1,1,0,1,3,7,0,0,3,0,0
2023-02,45,14,0,0,2,3,6,1,0,1,1,0,0,2,5,25,6,3,1,5,2,2,1,0,1,16,0,1,2,4,6,2,6,6,9,1,3,1,12,3,23,1,18,2,3,1,6,3,0,6,6,9,0,4,0,0
2023-03,45,19,7,5,0,8,11,2,0,1,1,1,2,3,7,25,1,1,0,2,1,0,2,1,0,36,1,2,2,7,0,0,5,2,4,0,4,4,10,2,16,3,9,15,4,0,10,0,2,6,7,4,0,4,0,1
2023-04,45,5,8,0,0,10,4,3,2,4,2,1,0,13,3,28,2,2,0,1,1,1,4,2,0,23,0,8,3,11,3,0,3,2,4,0,1,4,11,0,31,1,2,19,6,0,12,103,5,5,3,1,3,3,0,4
2023-05,45,8,2,1,0,6,10,0,0,0,2,2,0,48,7,34,3,1,0,3,3,0,6,2,0,9,1,6,1,5,1,0,5,1,3,0,2,2,6,6,18,5,0,12,3,32,15,104,2,3,3,0,0,1,23,6
2023-06,45,30,3,3,0,4,3,0,1,7,3,1,1,11,2,33,5,6,0,4,3,0,3,5,0,13,3,2,1,3,7,2,2,2,6,0,2,1,10,3,6,4,23,29,9,5,9,93,5,4,5,4,0,3,6,5
2023-07,45,8,3,0,3,19,8,4,1,12,1,1,0,15,3,35,17,3,1,5,4,0,0,0,1,4,0,2,0,6,6,3,17,5,9,0,1,3,9,2,51,11,16,43,29,5,17,64,7,6,10,27,1,413,7,7
2023-08,45,20,0,1,1,13,9,1,2,2,2,1,2,22,8,35,6,3,3,1,1,0,3,0,5,20,3,11,1,14,12,6,4,3,7,0,0,2,9,5,25,1,4,47,16,0,26,86,9,11,6,4,0,20,8,5
2023-09,45,11,6,0,2,11,8,1,0,1,1,5,0,11,4,28,5,3,1,1,0,0,2,4,1,12,0,6,1,18,5,2,9,4,3,1,8,5,5,1,33,1,2,40,19,1,13,63,3,5,7,4,0,3,3,4
2023-10,45,18,3,1,3,11,7,3,0,2,1,1,1,7,7,32,0,1,0,5,6,0,1,1,0,4,0,13,0,9,6,2,2,2,3,2,0,1,12,6,31,1,18,27,4,3,13,85,3,1,4,1,0,2,2,1
2023-11,45,22,12,0,0,7,4,2,1,1,0,2,0,9,3,18,0,2,0,9,5,0,2,0,0,2,0,1,5,4,2,1,0,3,1,0,0,4,11,5,16,2,3,17,2,1,3,83,0,8,5,0,1,0,2,6
2023-12,45,10,1,1,1,6,2,1,1,0,0,2,2,7,1,20,0,0,0,3,4,0,0,0,0,10,5,3,0,4,0,2,3,0,1,0,0,0,11,2,7,0,2,10,3,0,7,61,5,4,3,1,0,2,0,2
2024-01,45,25,2,0,3,7,12,4,1,11,0,0,1,6,1,19,2,2,0,3,1,9,0,0,1,43,5,4,0,5,4,1,5,4,0,0,0,0,6,1,10,3,17,6,4,1,2,47,2,2,0,5,0,7,0,0
2024-02,45,23,1,4,0,6,9,3,0,10,1,3,3,12,4,18,3,2,0,3,0,2,2,0,0,31,2,6,2,4,5,0,2,1,11,0,2,3,12,2,23,6,2,25,3,1,4,46,2,3,4,0,1,3,0,0
2024-03,45,13,9,2,3,7,4,1,0,5,1,6,3,7,3,13,1,5,0,2,3,0,6,0,2,28,0,9,1,9,5,2,3,5,9,0,1,3,16,4,28,3,9,23,7,1,16,61,5,13,5,7,0,2,0,5
2024-04,45,23,3,1,2,18,5,1,0,3,2,0,1,9,3,41,5,4,0,3,1,3,3,0,3,17,3,7,1,7,3,2,6,4,2,0,2,4,19,5,15,4,28,21,9,0,10,5,5,16,4,2,1,3,0,2
2024-05,45,16,5,0,1,8,7,6,2,6,1,0,0,15,5,41,24,5,0,6,1,0,1,0,1,15,2,7,3,10,8,4,10,3,2,0,4,4,15,3,7,1,7,62,63,2,14,0,11,8,4,23,0,16,16,7
2024-06,45,17,4,2,8,18,8,4,1,5,1,0,0,14,7,39,10,3,1,2,4,5,4,7,3,10,6,4,2,4,5,4,5,1,2,0,0,0,12,1,13,1,21,59,37,0,18,3,7,9,1,2,0,1,22,2
2024-07,45,13,5,6,3,15,8,1,0,0,2,0,0,23,5,30,1,3,2,4,0,1,1,0,0,18,6,6,0,9,9,1,6,5,1,0,4,4,6,1,9,4,6,69,36,58,22,1,5,3,3,3,0,4,18,7
2024-08,45,22,3,1,1,14,9,1,0,2,4,0,0,20,8,50,2,4,1,8,2,2,2,0,0,6,4,10,0,6,9,0,2,6,12,0,0,1,9,4,9,4,9,44,15,32,8,2,2,3,1,7,0,4,12,3
2024-09,45,15,9,3,1,7,13,5,0,3,0,0,0,27,10,24,9,3,0,3,4,0,3,0,2,10,1,5,2,15,6,1,5,4,9,0,6,3,14,1,26,0,11,33,12,0,14,1,6,3,2,1,0,8,4,7
2024-10,45,19,0,2,0,13,6,7,1,3,1,0,5,9,8,30,7,2,0,3,0,0,0,3,1,9,1,7,0,16,6,1,3,4,4,2,3,2,17,1,6,4,8,20,13,0,5,0,4,13,2,1,0,1,3,4
2024-11,45,16,8,0,0,12,4,1,1,5,0,0,0,2,2,18,2,0,0,2,2,5,0,0,2,2,4,11,0,6,2,1,3,0,5,0,8,3,13,1,18,1,9,5,3,0,8,0,4,4,1,3,1,1,0,4
2024-12,45,9,0,1,0,3,4,2,0,3,1,1,2,15,1,13,8,3,1,3,1,3,2,1,2,6,1,2,1,4,2,2,2,0,1,0,0,0,7,2,1,5,7,3,4,0,2,1,1,1,14,0,0,4,0,3
2025-01,45,17,2,1,2,5,7,8,3,19,0,0,1,4,4,23,5,1,0,7,1,10,8,0,1,4,3,4,0,3,1,1,1,4,1,0,0,0,4,4,12,5,12,1,0,0,5,0,2,2,68,3,1,10,0,1
2025-02,45,17,2,1,0,7,5,4,1,17,0,0,0,9,2,15,4,5,0,7,2,3,10,2,4,21,3,1,1,6,3,1,2,2,5,0,1,4,9,1,10,3,27,3,4,0,2,1,1,2,17,1,1,2,0,0
2025-03,45,15,2,0,0,10,2,1,1,0,0,0,6,10,5,19,9,1,0,0,1,1,13,0,0,11,2,1,0,4,6,4,3,3,15,0,2,2,9,0,22,6,17,8,19,3,13,1,1,5,7,1,0,5,0,1
2025-04,45,22,2,2,1,12,4,3,0,5,0,1,0,7,11,33,6,2,4,3,1,1,4,0,1,17,0,10,1,7,3,3,3,2,7,2,8,3,11,2,17,3,15,16,4,2,16,2,6,6,9,2,0,12,0,4
2025-05,45,15,24,0,1,12,6,1,0,5,2,0,0,14,10,28,2,4,2,3,1,1,12,0,3,14,2,4,0,6,3,1,2,3,1,2,0,3,5,2,25,3,65,42,110,5,26,0,7,4,12,7,0,2,6,5
2025-06,45,18,9,1,1,16,9,2,0,7,4,2,0,13,11,36,5,2,2,5,0,1,5,0,2,24,4,6,1,9,6,1,6,5,3,0,0,2,9,1,7,2,11,42,27,0,23,2,7,8,24,14,0,7,11,14
2025-07,45,29,4,1,1,14,7,3,0,9,1,0,0,20,6,49,1,5,0,21,5,1,7,1,3,10,1,10,2,9,8,1,7,3,5,0,4,4,22,4,30,4,55,43,53,3,33,1,6,8,16,5,1,6,12,3
2025-08,45,30,2,1,1,12,7,8,1,6,0,3,0,7,15,57,5,2,0,2,1,1,9,2,0,7,3,16,2,10,16,0,16,2,3,0,0,0,8,3,21,5,8,63,28,0,29,26,7,7,13,14,0,59,9,4
2025-09,45,33,4,1,0,11,5,5,1,1,2,0,0,8,12,42,2,3,2,4,6,4,11,1,0,5,4,10,1,9,12,2,2,4,0,0,7,2,6,1,16,3,4,29,26,0,13,1,5,2,7,0,0,2,7,4
2025-10,45,24,1,0,0,4,6,1,2,0,0,0,0,18,7,22,4,1,1,1,4,2,4,1,2,3,4,10,3,14,4,0,4,2,3,0,2,3,6,1,35,7,6,10,13,0,7,0,4,3,3,4,1,2,3,7
2025-11,45,10,0,0,0,5,4,5,0,4,0,1,0,4,8,23,0,2,0,2,4,5,2,0,0,0,7,5,4,4,1,0,8,2,0,0,0,2,2,2,19,11,34,10,5,0,2,3,4,2,4,1,0,2,0,8
2025-12,45,11,0,1,0,11,6,6,0,8,0,0,3,8,4,26,11,5,2,5,0,5,4,0,0,10,13,2,3,6,4,0,1,1,7,0,0,3,11,0,6,0,30,5,2,0,5,12,2,4,6,1,1,3,0,1
2019-01,46,3,30,0,0,17,3,16,0,2,0,2,0,0,1,0,0,0,0,0,3,0,2,0,5,2,0,0,5,0,0,0,5,36,1,0,0,0,8,0,32,0,2,0,0,2,5,8,4,0,22,1,0,0,0,0
2019-02,46,3,19,2,5,11,15,20,0,14,0,1,0,3,4,27,2,2,4,0,0,0,1,0,3,42,2,0,1,0,12,0,10,4,6,0,0,0,5,0,151,0,2,4,0,2,20,11,7,0,23,9,1,0,0,0
2019-03,46,19,37,3,3,13,18,8,1,8,4,0,1,22,10,60,9,0,2,3,7,7,2,3,4,105,6,7,3,11,16,16,11,3,21,0,4,6,16,3,101,5,6,20,4,3,11,23,23,14,28,7,0,5,0,0
2019-04,46,20,52,16,1,26,39,7,0,14,12,2,0,10,9,77,21,3,1,6,8,7,5,12,0,106,6,3,5,15,16,9,24,5,30,0,0,0,22,6,133,11,5,30,8,2,29,29,28,16,19,19,0,22,0,1
2019-05,46,19,50,17,5,20,41,3,0,9,11,1,0,21,8,68,14,3,6,3,7,4,2,2,2,49,5,19,3,22,22,10,38,10,10,0,0,5,26,7,143,7,11,21,8,0,34,30,26,29,12,42,0,32,193,2
2019-06,46,18,55,12,6,19,60,8,0,24,13,2,0,10,22,62,36,10,3,4,0,1,6,0,2,48,17,15,2,42,19,18,36,6,3,0,10,4,20,3,171,1,15,37,27,5,39,101,23,20,11,15,3,11,527,2
2019-07,46,18,47,10,2,17,43,13,2,36,6,1,0,18,16,69,24,9,5,3,3,8,9,58,7,62,10,19,2,44,35,3,35,2,18,0,4,7,33,2,156,3,13,52,24,7,30,82,29,21,75,22,3,3,418,4
2019-08,46,24,44,9,0,18,44,12,2,10,19,5,5,49,19,97,62,6,1,9,14,11,14,6,2,43,18,17,1,55,40,6,10,3,13,0,11,2,24,6,158,5,25,51,13,3,33,77,34,28,61,5,1,6,389,3
2019-09,46,17,45,7,3,18,43,16,2,15,2,2,1,30,16,54,63,5,2,1,5,1,6,1,6,40,6,17,3,30,16,6,22,3,38,1,0,4,41,2,154,8,35,60,26,2,19,76,29,28,114,33,1,5,315,1
2019-10,46,18,74,8,3,9,44,12,1,11,5,1,5,19,24,70,55,6,0,7,11,2,10,1,3,47,9,16,2,33,21,13,23,3,57,0,1,2,27,2,345,4,16,34,36,0,29,54,28,17,37,7,0,8,80,2
2019-11,46,21,45,6,2,16,43,13,1,10,4,3,6,7,11,43,83,3,0,5,9,1,10,2,12,39,10,10,3,16,13,5,7,2,45,0,3,9,21,10,180,1,17,42,22,0,9,59,8,21,13,3,1,8,0,1
2019-12,46,25,50,1,1,23,32,15,0,16,2,3,5,4,12,50,17,4,0,2,4,4,5,0,8,22,1,6,3,6,4,9,9,0,19,0,2,3,15,2,129,1,13,19,3,0,2,5,7,18,11,4,0,2,0,3
2020-01,46,32,31,6,2,21,33,12,0,13,4,1,18,15,16,53,58,2,0,3,6,3,8,1,2,38,27,4,6,7,6,7,19,8,21,0,1,1,22,4,117,3,15,20,8,1,6,24,11,23,3,9,1,5,0,0
2020-02,46,36,19,3,4,12,27,13,1,3,1,0,2,14,12,36,61,3,1,0,3,5,4,0,8,61,12,4,3,12,12,9,17,1,73,0,0,11,17,3,108,1,12,7,1,2,15,2,10,15,1,3,1,1,0,0
2020-03,46,10,17,7,4,27,22,10,5,7,6,8,3,22,11,48,69,3,1,7,9,2,1,0,2,40,9,8,1,16,13,4,28,4,17,0,3,7,11,1,40,5,14,13,3,1,21,6,12,20,5,12,2,10,0,2
2020-04,46,14,8,3,5,26,22,8,22,7,8,3,0,8,10,82,39,4,1,2,5,1,5,0,2,62,12,9,1,21,18,6,36,2,45,0,4,5,14,4,71,4,7,24,9,3,12,74,20,9,1,21,0,6,0,2
2020-05,46,16,19,24,13,26,34,20,21,11,10,3,0,27,28,102,84,13,2,7,2,6,9,1,4,79,17,17,2,40,47,12,61,23,56,3,10,5,18,2,82,7,10,40,7,4,24,73,21,13,1,26,0,20,31,5
2020-06,46,19,49,6,2,31,38,8,10,12,11,3,0,21,22,106,95,7,2,12,3,6,2,3,3,31,8,13,1,37,44,13,39,7,46,0,1,5,20,10,187,4,4,76,34,4,24,70,19,22,4,17,0,2,80,6
2020-07,46,56,28,6,1,30,37,20,13,6,12,4,1,21,17,121,48,8,0,29,5,6,3,30,2,36,8,17,2,38,32,13,26,4,17,2,6,8,41,5,144,11,7,83,37,1,28,61,15,29,5,13,0,4,338,15
2020-08,46,60,20,7,1,26,24,10,11,3,9,1,0,19,22,75,87,4,3,6,8,2,5,0,7,40,9,16,1,37,31,7,15,2,22,2,5,3,36,5,162,8,14,117,72,2,28,71,14,21,7,8,1,8,286,10
2020-09,46,54,35,3,4,28,51,14,7,7,12,4,0,31,19,94,39,3,1,7,9,8,2,1,2,36,12,17,3,30,22,11,5,1,30,2,14,11,16,4,125,11,15,85,73,12,21,46,21,11,3,7,1,3,96,3
2020-10,46,55,34,6,4,25,32,14,8,6,9,2,2,22,9,68,34,9,0,8,6,2,6,5,0,33,4,20,2,37,22,8,6,2,10,1,5,3,12,1,92,8,15,40,21,1,15,34,23,13,2,3,0,7,15,4
2020-11,46,62,37,6,2,27,48,20,16,5,11,5,0,17,8,67,31,2,4,12,7,3,11,0,7,19,3,11,0,23,19,9,5,6,44,0,2,5,20,5,82,2,8,27,17,0,10,21,15,20,1,3,0,4,0,5
2020-12,46,29,14,7,1,32,21,20,6,16,5,5,1,17,13,93,37,3,0,19,1,4,2,7,1,40,9,7,2,15,17,0,6,0,78,0,5,3,17,4,86,1,10,15,5,0,4,4,10,8,2,2,0,6,0,3
2021-01,46,69,12,9,0,34,22,10,7,9,3,3,0,15,10,85,32,2,3,11,2,4,2,2,3,36,10,10,0,27,8,5,9,3,27,0,2,6,32,1,67,4,11,8,4,0,7,11,17,16,1,0,0,10,0,0
2021-02,46,25,3,0,1,14,45,25,4,9,0,1,1,7,6,29,15,4,1,46,2,31,7,3,10,30,11,6,1,10,8,1,6,0,18,0,0,0,25,0,10,0,10,0,3,0,2,7,12,5,3,0,1,15,0,0
2021-03,46,70,10,6,2,27,31,15,4,12,19,1,0,13,43,117,40,4,1,13,4,4,7,0,4,72,16,3,2,28,19,8,17,1,31,0,3,9,12,6,44,5,13,20,7,1,10,21,13,7,7,1,0,7,0,0
2021-04,46,50,13,4,5,36,33,17,4,12,6,0,0,24,23,90,40,4,1,6,6,4,5,0,7,65,15,11,2,27,28,2,8,2,60,0,7,6,12,2,38,5,12,43,8,3,28,45,17,14,2,7,0,12,0,8
2021-05,46,73,16,7,2,28,30,7,1,7,12,1,0,25,14,89,54,7,3,11,4,8,8,2,4,38,20,14,0,32,43,2,12,6,6,0,4,3,19,3,136,3,14,38,23,2,23,50,22,17,5,4,1,3,289,5
2021-06,46,59,19,1,12,43,35,9,1,9,14,1,1,30,24,95,37,9,1,20,5,6,10,2,3,30,18,8,1,28,33,10,32,3,47,1,3,11,9,5,79,5,12,66,52,6,35,106,28,17,2,49,1,18,255,7
2021-07,46,80,8,1,3,32,31,14,2,6,13,0,0,14,24,78,16,10,2,10,4,8,4,0,3,40,8,14,0,52,32,4,16,7,38,1,0,5,33,3,120,9,14,84,32,1,27,67,27,11,67,1,1,10,388,8
2021-08,46,62,5,0,2,26,23,6,6,10,3,1,0,50,29,77,14,3,2,4,2,3,10,2,3,11,7,16,2,35,39,1,16,3,68,1,2,16,26,4,134,2,6,80,65,5,14,58,21,12,23,3,1,5,130,10
2021-09,46,80,4,3,1,19,30,8,1,10,8,2,0,23,21,73,29,8,4,5,8,9,8,5,3,18,9,15,0,48,25,2,5,6,31,2,1,3,24,5,82,3,5,61,25,4,19,37,26,19,8,0,0,8,164,7
2021-10,46,66,12,3,4,16,48,16,4,13,11,1,1,21,25,79,42,8,3,5,2,4,5,2,9,9,12,17,4,75,26,3,22,6,24,1,4,4,24,6,138,3,31,133,84,28,23,45,21,11,6,21,0,5,0,6
2021-11,46,53,14,4,0,24,41,12,2,5,9,0,4,20,9,59,20,5,1,6,6,2,8,1,5,18,10,19,1,33,17,2,10,2,15,0,2,2,27,3,92,6,13,53,7,2,5,22,9,6,9,8,0,3,0,7
2021-12,46,59,11,0,0,18,36,15,1,7,12,2,0,18,20,58,33,0,2,16,15,7,8,13,1,16,12,13,0,22,11,1,5,7,18,0,3,0,27,3,22,1,16,24,19,0,8,10,17,16,3,6,1,3,0,6
2022-01,46,45,5,2,0,14,37,26,1,21,3,1,0,8,10,33,28,3,2,15,4,31,1,0,7,18,9,8,4,16,5,0,4,2,10,0,2,5,20,1,19,3,11,10,6,1,7,0,88,11,3,1,0,4,0,1
2022-02,46,36,17,0,3,18,31,8,4,13,6,3,3,11,10,39,6,1,2,9,3,6,7,0,4,45,7,4,3,11,13,3,10,1,18,1,0,3,12,3,58,7,14,5,1,0,6,0,12,10,4,9,0,5,0,0
2022-03,46,57,15,2,2,17,37,28,1,10,11,1,0,18,21,58,39,5,0,3,7,6,11,0,4,68,11,10,1,22,28,9,11,3,27,0,2,4,32,5,61,4,12,22,6,3,13,0,19,19,3,11,0,13,0,1
2022-04,46,80,8,8,1,23,29,13,0,14,14,2,1,21,10,68,33,4,0,3,5,2,9,0,2,129,5,5,2,29,18,6,31,2,23,1,2,1,33,2,52,4,13,45,13,1,29,40,13,19,5,13,1,8,0,4
2022-05,46,51,11,3,4,21,37,13,1,13,17,3,0,26,20,68,38,5,0,3,8,5,18,14,2,38,1,19,1,30,28,7,25,5,9,1,5,6,25,4,73,5,21,35,21,2,18,49,17,23,3,24,1,6,30,3
2022-06,46,71,24,6,3,21,48,17,4,8,16,1,0,28,17,70,72,16,1,3,4,5,26,16,9,60,12,14,3,43,60,7,24,6,21,0,7,8,42,17,117,7,10,111,132,2,33,102,26,16,11,13,2,4,95,8
2022-07,46,51,24,9,3,25,45,15,2,9,10,2,0,23,19,50,41,8,3,7,3,0,23,0,19,32,6,28,0,35,46,7,35,7,13,0,17,13,36,6,126,5,11,99,43,7,38,84,25,31,10,19,0,6,53,7
2022-08,46,54,26,1,6,26,36,13,2,9,11,2,2,17,25,89,18,11,1,4,4,12,17,1,14,31,9,14,0,32,30,5,22,10,20,4,5,6,24,3,88,6,37,95,25,5,28,80,30,16,10,17,0,7,31,8
2022-09,46,54,13,3,1,19,26,13,3,14,3,4,1,34,21,91,84,12,6,5,4,9,15,1,6,13,12,25,3,39,23,7,10,5,3,2,6,15,21,9,80,2,92,73,12,32,18,62,20,15,10,8,2,3,15,9
2022-10,46,40,8,3,3,18,27,19,1,10,2,3,0,18,18,47,21,8,1,5,4,7,13,2,5,13,10,9,0,48,14,6,12,4,4,1,9,6,28,0,78,14,6,62,21,5,17,27,10,23,5,5,0,3,10,6
2022-11,46,30,7,0,3,7,21,19,2,7,3,2,2,8,25,43,30,1,2,6,5,1,1,0,3,16,8,9,1,20,14,3,7,3,4,1,3,3,21,5,49,1,22,26,24,2,20,9,17,13,4,0,0,8,0,5
2022-12,46,44,7,4,1,16,37,33,1,11,3,1,2,12,13,34,19,2,1,7,1,30,5,0,9,43,12,7,2,12,4,1,9,2,5,0,7,8,17,2,98,5,12,24,10,2,8,10,9,17,6,4,0,8,4,1
2023-01,46,56,8,4,0,20,25,14,6,16,3,3,0,21,14,42,9,4,1,2,4,2,9,0,5,27,1,4,2,16,19,1,10,4,3,0,0,4,31,2,64,5,23,36,5,2,10,0,8,19,4,2,3,4,0,3
2023-02,46,47,17,4,1,11,31,12,5,13,5,2,0,13,13,39,22,3,1,1,2,7,9,0,2,49,4,17,2,19,14,2,22,7,7,0,4,1,28,2,109,6,22,26,2,5,7,2,13,30,17,30,0,12,0,1
2023-03,46,56,13,3,4,20,22,15,1,4,38,1,0,13,27,50,24,1,1,5,4,6,11,3,3,72,7,10,1,29,18,13,42,4,9,1,7,6,26,5,27,0,13,19,9,41,16,10,19,26,7,22,0,13,0,2
2023-04,46,43,7,3,2,21,27,13,2,6,6,2,1,22,19,51,26,8,2,1,1,8,15,3,0,34,3,11,3,36,26,3,26,10,8,3,11,6,41,5,87,5,40,25,18,3,24,24,11,20,8,19,3,12,0,5
2023-05,46,41,28,5,2,18,37,9,2,6,17,3,1,32,18,92,80,8,2,2,9,2,15,3,4,14,5,18,1,36,20,2,9,4,15,2,3,6,22,4,65,7,15,45,9,28,22,124,16,13,8,4,3,6,29,7
2023-06,46,57,7,4,4,36,37,11,1,9,7,3,1,32,15,78,40,16,4,5,11,4,13,14,6,26,4,28,2,36,17,4,7,5,8,0,0,3,33,5,30,3,12,65,38,17,37,96,31,28,4,5,0,9,20,6
2023-07,46,38,12,0,8,27,47,20,2,10,14,3,1,27,17,87,31,14,7,10,1,6,3,4,10,42,6,16,2,30,19,11,81,5,11,2,7,2,43,9,67,2,11,97,75,4,60,58,19,7,14,56,0,133,47,6
2023-08,46,69,11,2,8,34,61,13,4,8,11,1,1,28,36,111,28,6,5,13,5,9,10,18,5,22,5,17,2,45,32,4,42,2,5,1,1,5,32,2,60,2,8,100,32,27,40,68,25,14,15,21,0,11,47,13
2023-09,46,43,27,5,1,25,53,14,8,14,9,2,3,30,19,72,37,7,5,6,4,4,5,10,1,29,6,18,2,32,38,4,24,2,2,0,5,12,35,4,62,4,27,106,32,12,31,54,28,27,3,8,1,10,28,10
2023-10,46,44,5,2,2,24,48,19,1,7,3,0,4,19,16,60,22,14,0,8,8,3,14,0,4,16,5,27,1,56,18,5,16,2,10,0,2,0,39,3,29,2,14,83,25,9,22,71,16,32,7,6,1,9,10,6
2023-11,46,45,9,5,3,19,38,12,0,8,4,2,1,12,10,49,16,6,1,14,3,10,4,0,5,23,4,10,1,28,10,0,12,4,0,0,8,9,35,6,42,7,6,25,4,1,17,20,10,28,8,2,0,7,1,5
2023-12,46,49,11,3,1,20,26,13,1,20,1,3,0,24,16,61,38,4,1,1,5,15,9,1,5,16,2,22,0,15,14,5,19,1,3,0,1,3,23,13,34,0,3,16,4,4,11,2,11,21,4,12,0,3,0,0
2024-01,46,38,13,4,1,40,33,54,2,26,4,2,7,16,11,72,42,5,2,8,5,34,6,0,12,67,2,15,1,5,11,5,11,1,2,2,1,5,28,5,52,4,46,25,7,6,11,0,16,7,11,15,1,6,0,0
2024-02,46,54,12,24,3,21,30,15,6,13,10,1,6,28,11,62,25,5,0,2,3,3,12,0,1,95,3,17,1,10,28,6,7,2,12,1,7,5,38,11,92,8,8,57,13,14,11,2,19,19,5,3,1,9,0,0
2024-03,46,112,8,27,2,16,51,13,4,11,11,4,4,14,14,43,28,4,0,3,4,3,13,1,6,90,6,26,2,20,22,1,24,2,20,2,4,10,37,8,28,9,12,151,11,46,18,3,21,20,10,20,0,5,0,2
2024-04,46,60,4,10,2,20,41,8,0,4,4,0,5,16,8,51,53,17,0,3,4,5,6,0,9,61,3,20,0,18,14,1,17,8,3,3,4,4,35,5,64,9,15,74,36,4,36,23,20,15,10,26,0,9,1,4
2024-05,46,39,14,8,5,25,42,18,2,6,7,0,6,44,9,60,46,5,0,1,5,1,6,7,6,60,1,24,1,22,36,9,28,6,1,3,4,3,20,18,30,1,7,142,77,40,36,3,24,17,3,45,0,22,60,4
2024-06,46,74,20,7,2,18,45,12,6,11,8,0,0,54,14,69,25,12,2,7,8,7,4,15,3,50,6,30,2,24,32,7,37,11,11,0,5,1,31,10,78,5,22,136,76,28,34,58,32,15,4,27,0,14,49,7
2024-07,46,46,5,7,1,26,36,11,1,5,3,3,1,23,16,80,30,15,1,8,11,3,4,1,10,47,14,19,0,37,29,4,14,7,14,1,7,5,29,9,50,4,29,157,66,22,33,7,36,17,5,10,1,6,31,4
2024-08,46,75,19,5,4,34,31,9,0,7,5,0,1,22,14,84,22,12,2,3,3,4,5,5,4,26,7,26,1,29,18,3,13,7,10,0,2,1,34,11,62,4,17,108,59,312,24,8,25,8,14,12,1,8,32,15
2024-09,46,76,13,3,0,33,40,14,7,7,5,1,1,33,12,76,38,8,4,6,3,6,6,0,1,22,5,17,0,36,15,6,11,2,16,0,3,8,38,3,83,3,19,114,28,14,20,4,46,17,6,8,2,8,11,8
2024-10,46,56,11,7,2,32,48,9,2,15,5,3,10,32,18,75,11,9,2,6,10,8,8,1,6,13,3,12,0,28,25,1,10,10,18,0,1,1,32,5,52,5,17,81,27,47,31,1,24,16,9,12,0,6,9,6
2024-11,46,45,11,3,1,24,14,9,4,2,1,0,15,25,13,59,23,18,2,2,6,2,5,0,3,11,0,11,1,23,15,4,8,0,6,0,2,1,22,12,86,4,10,23,21,5,14,3,7,12,23,3,0,4,0,3
2024-12,46,59,13,3,0,11,18,18,3,14,4,1,9,9,11,45,30,8,1,3,8,3,4,2,8,25,9,15,0,7,20,1,2,1,9,0,1,2,11,4,47,7,14,25,10,1,5,65,13,4,25,5,2,8,0,0
2025-01,46,39,15,0,2,24,22,28,1,12,1,1,13,6,10,44,16,5,1,7,5,35,3,0,2,27,1,4,0,24,12,0,7,6,12,0,11,7,19,3,88,0,19,18,4,0,4,70,19,11,38,4,1,11,0,0
2025-02,46,95,4,4,2,15,25,24,1,5,5,0,9,6,15,39,13,3,2,9,7,9,5,1,3,62,3,17,0,15,8,1,5,4,8,0,5,4,31,2,31,5,22,14,0,2,12,72,10,17,29,2,2,7,0,0
2025-03,46,59,15,5,3,33,28,15,2,29,10,1,10,21,20,70,11,7,3,7,9,7,6,2,2,31,5,12,0,9,19,4,17,9,14,0,1,1,40,6,58,1,17,34,12,1,34,57,10,8,24,10,0,4,0,0
2025-04,46,54,19,1,1,22,43,16,3,11,14,0,11,29,17,66,16,11,2,2,4,1,1,1,3,37,2,13,0,17,12,7,26,5,9,0,1,2,31,2,85,6,15,54,22,5,48,87,15,14,18,37,1,11,0,6
2025-05,46,44,12,6,1,27,24,12,4,10,16,1,2,42,16,71,22,8,4,6,4,8,7,2,7,50,4,15,2,19,16,3,30,9,2,0,2,4,32,1,107,10,11,143,243,9,53,0,20,15,8,11,1,7,24,17
2025-06,46,66,14,2,3,32,31,15,4,15,14,1,3,27,32,63,22,9,5,7,6,4,7,17,4,48,9,21,3,34,54,6,43,8,4,0,2,0,26,11,133,3,9,109,68,15,34,52,15,17,10,26,1,9,51,9
2025-07,46,110,13,3,0,41,54,23,3,14,5,0,2,32,29,124,15,11,6,13,12,13,7,12,3,38,10,16,2,34,53,7,21,4,6,0,2,2,57,5,91,7,28,125,114,17,33,11,19,23,12,17,1,16,42,13
2025-08,46,104,18,5,5,35,39,24,4,19,10,4,0,49,39,90,8,14,5,4,8,6,5,18,5,15,0,19,0,34,32,5,29,6,8,0,5,5,36,7,40,12,6,109,51,3,27,17,17,13,12,32,0,23,46,11
2025-09,46,57,8,0,0,23,39,14,5,6,10,1,3,22,35,75,44,15,4,9,5,2,9,5,6,11,4,10,4,35,31,1,5,3,6,0,0,1,41,3,46,3,12,83,36,2,43,50,12,16,16,0,0,8,33,6
2025-10,46,72,4,2,0,24,30,15,1,13,4,1,2,34,13,64,23,11,3,9,6,4,12,1,2,5,6,13,1,15,8,3,12,5,11,0,0,2,39,2,33,6,7,50,21,38,14,5,14,17,9,11,1,4,6,4
2025-11,46,52,10,2,1,21,27,11,0,13,3,4,3,24,13,47,23,4,2,7,1,0,6,0,1,6,15,17,0,16,8,2,4,2,2,1,8,8,48,5,43,2,6,46,18,4,13,34,13,18,12,3,0,1,0,14
2025-12,46,60,10,1,1,18,30,16,0,21,5,2,1,7,11,51,34,6,1,6,4,10,11,3,4,34,2,9,2,6,13,3,6,1,4,0,1,0,35,4,48,1,11,15,11,0,9,60,17,14,13,5,0,11,0,4
2019-01,47,3,0,0,0,3,0,1,0,0,0,1,0,0,0,0,0,0,0,0,0,0,0,0,0,1,0,0,0,0,0,0,0,3,0,0,0,0,0,0,0,0,0,0,0,0,1,1,0,0,6,0,0,0,0,0
2019-02,47,4,3,0,0,0,0,0,0,0,0,0,0,0,0,8,0,0,1,1,0,0,1,0,0,13,1,0,0,0,2,0,1,0,0,0,0,0,2,0,11,1,0,0,0,0,4,3,2,0,3,1,0,0,0,0
2019-03,47,3,2,1,0,1,2,0,0,1,1,1,0,0,4,4,0,1,0,0,1,0,1,0,0,25,0,1,0,5,2,0,2,0,5,0,0,0,4,0,9,0,1,4,0,0,1,0,6,1,2,1,0,0,0,0
2019-04,47,0,6,0,0,0,4,1,0,3,0,0,0,0,4,5,0,0,0,1,0,0,1,0,0,27,0,1,0,2,3,5,3,1,4,0,0,0,8,0,37,3,2,5,6,0,1,7,15,4,0,0,0,3,0,0
2019-05,47,3,6,1,0,4,1,2,0,0,2,0,0,5,3,9,0,2,0,1,0,0,0,0,1,25,4,2,0,4,6,1,1,2,4,0,1,0,4,0,12,2,0,8,1,0,6,10,2,1,1,2,0,1,51,0
2019-06,47,5,4,0,0,5,2,0,0,11,1,0,0,2,4,11,0,1,0,0,0,2,0,0,0,13,2,5,0,6,5,2,4,2,0,0,0,0,1,0,4,3,0,9,2,0,2,5,4,0,0,3,0,0,111,0
2019-07,47,4,6,2,0,0,2,0,1,13,1,0,0,3,4,11,0,0,2,0,0,1,0,0,0,2,7,1,0,4,3,1,4,0,0,0,0,0,3,1,48,0,1,11,4,0,5,8,3,1,8,4,0,0,82,1
2019-08,47,5,4,0,0,1,2,0,0,0,1,0,0,0,4,8,3,0,0,0,0,2,1,0,0,4,4,3,0,2,3,0,3,0,6,0,0,1,3,0,47,0,5,16,3,0,1,8,8,1,5,0,0,1,92,1
2019-09,47,1,1,0,0,1,4,0,0,4,0,0,0,2,3,7,1,0,0,1,0,0,1,0,0,11,1,5,0,6,1,0,2,0,3,0,0,0,3,0,14,0,3,5,1,0,3,8,2,3,17,1,0,0,77,1
2019-10,47,2,2,0,0,2,6,0,0,1,1,0,1,1,2,7,2,3,2,2,0,0,1,0,1,16,0,2,0,3,1,0,2,0,2,0,0,4,1,1,17,1,2,7,7,0,4,4,3,5,6,2,0,0,22,0
2019-11,47,4,1,0,0,1,1,0,0,1,0,0,3,5,0,7,0,0,2,0,0,0,1,0,0,4,3,0,0,3,2,0,1,0,3,0,0,1,1,0,4,0,0,2,1,0,1,4,1,1,3,0,0,2,0,0
2019-12,47,3,6,0,0,2,0,3,0,1,0,0,4,2,1,9,0,0,1,2,0,0,1,0,0,7,1,2,0,1,1,1,4,0,2,0,0,1,0,0,1,0,2,4,0,1,1,0,0,1,1,2,0,0,0,0
2020-01,47,5,3,0,0,4,5,1,0,0,0,0,2,4,1,7,0,0,0,1,0,0,0,0,1,2,5,0,0,1,1,0,3,0,1,0,0,1,5,0,4,0,0,1,0,0,2,1,4,2,0,2,0,4,0,0
2020-02,47,2,1,1,0,2,4,1,0,1,0,0,2,0,0,8,0,0,0,0,0,0,0,0,0,5,1,3,0,0,0,0,0,0,0,0,0,0,2,0,2,0,1,1,0,0,2,1,1,0,0,1,0,0,0,0
2020-03,47,1,0,0,0,2,2,1,2,0,0,0,1,1,1,6,0,0,0,4,2,0,0,0,0,10,1,0,0,2,3,0,0,0,0,0,0,1,0,0,27,2,0,1,0,0,3,2,4,3,1,0,0,0,0,0
2020-04,47,1,0,0,1,4,2,0,6,0,0,0,0,2,0,7,0,0,0,0,0,0,0,0,0,8,2,1,0,2,0,0,2,2,0,0,0,0,1,1,17,3,3,1,0,0,3,2,2,1,2,1,1,3,0,0
2020-05,47,2,1,1,0,4,3,1,1,4,3,0,2,1,11,7,0,2,0,2,0,5,3,0,0,3,4,0,0,2,4,1,3,2,1,0,2,1,1,0,1,0,3,5,1,0,5,6,4,2,0,4,0,4,5,2
2020-06,47,4,12,0,0,1,5,0,2,0,1,0,1,2,3,9,0,1,1,1,0,0,0,0,0,2,0,0,0,3,8,1,2,1,3,0,0,1,2,1,3,2,2,11,6,0,3,13,8,3,1,0,1,1,12,1
2020-07,47,8,1,0,0,2,3,1,0,2,0,0,0,1,4,12,1,0,1,3,0,0,1,5,0,3,5,3,0,2,8,1,2,0,0,0,0,0,6,0,5,1,1,12,1,0,0,24,3,3,0,1,1,0,179,0
2020-08,47,13,2,0,0,4,4,1,1,0,2,0,0,5,3,10,1,1,0,2,0,0,0,0,0,8,5,0,0,2,3,1,2,1,2,0,0,3,2,0,36,1,2,36,28,0,4,6,9,2,0,2,0,0,34,0
2020-09,47,9,1,0,0,5,5,1,0,0,2,1,1,5,2,15,0,0,0,4,0,1,0,0,0,8,14,1,0,5,5,0,0,0,1,0,0,1,3,0,25,0,0,17,4,1,4,6,3,2,0,0,0,0,25,0
2020-10,47,8,0,0,0,4,8,2,2,3,2,0,1,0,4,9,0,1,0,2,4,0,1,0,0,9,6,1,0,3,5,2,4,0,0,0,0,1,1,0,12,0,0,13,1,1,2,6,5,2,0,1,0,0,12,0
2020-11,47,0,1,0,0,1,0,0,0,1,0,0,0,0,1,6,3,0,0,3,1,0,0,0,0,3,2,3,0,2,3,0,1,0,1,0,0,1,8,0,5,0,4,5,1,0,3,3,4,4,0,0,0,0,0,0
2020-12,47,1,0,3,0,5,0,3,0,1,0,0,3,1,3,11,0,0,0,3,2,1,2,0,0,12,0,1,0,1,4,1,3,0,7,0,0,0,1,0,0,0,0,4,1,0,1,1,1,4,0,0,0,2,0,0
2021-01,47,2,0,0,0,3,1,0,0,2,0,1,4,2,6,4,0,0,1,1,0,0,3,0,0,8,3,0,0,3,3,0,1,1,0,0,2,2,4,2,14,0,2,8,0,0,0,1,3,4,1,0,0,2,0,0
2021-02,47,5,0,0,1,1,0,1,0,2,0,0,0,0,0,3,0,0,0,15,1,9,2,0,0,2,2,0,0,0,0,0,1,0,2,0,0,0,6,0,1,1,1,0,0,0,0,1,0,0,0,0,0,1,0,0
2021-03,47,3,0,2,0,4,0,0,0,4,1,0,1,4,0,15,0,2,0,2,1,0,0,0,0,17,2,1,0,6,4,2,0,2,12,0,0,4,0,0,0,0,1,3,1,0,1,7,2,0,2,0,0,0,0,0
2021-04,47,5,0,0,0,4,3,0,2,4,1,2,0,0,1,11,0,0,0,1,0,0,1,0,0,2,2,0,0,5,6,0,0,0,3,0,0,0,2,0,0,1,0,5,1,1,5,8,1,0,0,0,0,1,0,1
2021-05,47,6,0,0,0,3,2,0,0,2,2,1,0,1,3,14,1,0,0,4,0,0,1,0,0,2,0,2,0,0,5,2,3,0,1,0,0,0,4,0,4,0,0,6,3,0,0,7,3,1,0,0,0,0,39,1
2021-06,47,5,0,0,2,2,5,2,0,1,0,1,0,9,1,8,0,3,0,0,0,0,5,2,0,2,1,3,0,2,1,0,4,1,1,0,0,1,1,0,3,0,0,13,17,0,1,11,3,1,0,3,0,1,36,0
2021-07,47,6,0,1,2,3,5,1,0,3,4,0,0,8,2,15,0,2,0,3,0,0,3,0,0,4,2,4,0,5,6,1,1,1,4,0,0,2,4,0,0,0,2,13,3,0,8,10,4,2,6,0,0,2,31,0
2021-08,47,9,0,0,0,4,4,1,0,1,2,0,0,2,2,11,1,1,0,3,0,0,0,0,1,3,0,0,0,5,6,0,0,1,3,0,0,0,1,0,8,0,0,15,9,0,2,5,0,5,3,0,0,0,4,1
2021-09,47,4,3,0,0,4,1,0,0,1,4,1,0,2,2,11,2,0,0,3,0,0,0,0,1,3,1,1,0,3,5,2,0,0,10,0,0,2,3,0,5,1,1,8,0,0,1,6,2,2,0,0,0,0,52,0
2021-10,47,4,1,0,0,2,3,0,0,2,0,0,0,1,3,5,0,1,0,1,1,0,0,0,0,3,1,0,0,8,2,1,1,1,0,0,0,0,1,0,13,0,0,6,4,0,1,5,1,2,0,2,0,0,0,0
2021-11,47,8,0,0,0,1,2,0,0,2,0,2,0,1,2,6,0,0,0,1,0,0,1,0,0,2,2,0,0,7,0,0,1,1,2,0,0,1,2,0,3,1,1,6,0,0,1,0,0,3,1,1,0,0,0,1
2021-12,47,5,5,0,0,4,5,0,1,4,0,0,0,1,1,11,0,1,0,7,4,1,1,0,0,0,6,1,0,3,3,0,2,0,2,0,1,0,2,0,3,3,1,4,4,0,0,0,2,0,0,3,0,2,0,0
2022-01,47,6,0,0,0,2,1,2,1,2,0,1,0,1,2,5,0,0,0,1,1,3,4,0,2,1,0,0,0,0,1,0,0,0,0,0,0,2,8,0,7,0,1,1,0,0,0,0,0,3,0,2,0,0,0,0
2022-02,47,9,0,0,0,3,1,0,0,0,0,0,0,0,1,6,0,0,0,1,1,0,6,0,0,8,0,1,0,3,2,1,0,1,0,0,0,0,2,0,26,0,7,0,0,0,0,0,1,4,0,0,0,0,0,0
2022-03,47,3,3,1,0,0,2,1,0,0,1,0,0,1,2,5,0,0,0,0,0,1,0,0,0,19,1,1,0,2,2,0,3,0,0,0,0,0,0,2,4,1,3,4,0,0,2,0,4,0,0,1,0,1,0,0
2022-04,47,4,2,1,1,4,2,1,0,1,0,0,0,1,2,10,0,1,0,2,0,1,1,0,0,26,1,2,0,4,4,0,1,1,3,0,0,0,5,0,5,0,4,9,1,0,3,2,5,1,1,0,0,1,0,1
2022-05,47,12,1,1,0,1,3,1,0,1,4,0,0,0,4,7,2,0,0,2,0,0,2,0,2,37,1,2,0,4,3,0,2,0,0,0,0,4,4,1,6,1,0,3,4,0,1,7,3,5,0,2,0,2,28,0
2022-06,47,4,0,0,0,1,5,1,0,0,3,1,0,2,2,10,1,0,0,5,4,0,2,0,0,19,1,0,0,2,1,0,0,0,4,0,0,0,2,0,5,0,0,4,2,0,1,8,2,0,1,0,0,0,18,4
2022-07,47,4,0,0,0,1,1,0,0,0,3,0,0,2,5,4,1,0,0,1,0,0,0,0,1,11,2,2,0,2,2,1,0,1,1,0,0,1,3,0,6,0,1,7,9,0,5,10,4,1,3,1,1,0,6,0
2022-08,47,1,1,0,0,1,4,1,1,1,1,0,0,0,3,10,2,1,0,4,2,0,1,0,0,0,0,0,0,7,10,0,1,1,0,0,2,4,3,0,24,0,0,5,5,0,1,6,6,3,3,1,0,0,3,1
2022-09,47,1,0,0,0,1,3,3,0,0,0,0,0,5,3,8,0,1,0,4,1,0,6,0,2,4,1,0,0,2,3,0,2,0,0,0,0,0,0,0,6,0,1,3,1,5,2,3,1,2,1,0,0,1,3,0
2022-10,47,2,1,0,0,2,3,1,0,0,0,1,0,2,1,9,1,0,0,1,2,0,0,1,1,0,2,0,0,2,1,0,0,2,0,1,0,0,1,0,10,0,5,0,4,0,4,6,3,3,2,2,0,0,1,0
2022-11,47,2,0,0,0,2,5,3,0,0,2,0,2,0,8,13,0,0,0,2,1,0,0,0,0,5,0,1,0,2,0,0,0,0,0,0,0,0,1,0,7,6,2,6,12,0,2,1,0,0,2,0,0,0,0,0
2022-12,47,5,0,0,0,3,4,1,0,2,0,0,1,1,3,8,1,0,0,5,2,1,0,0,2,2,0,1,0,1,0,0,0,0,0,0,0,1,0,0,0,1,3,6,0,0,3,3,2,0,1,0,0,0,0,1
2023-01,47,5,3,1,0,1,3,1,0,3,0,0,0,0,3,1,1,0,0,3,1,0,0,0,0,3,1,1,0,3,1,0,3,0,1,0,0,1,1,0,3,0,9,0,0,0,3,0,1,0,1,1,0,4,0,0
2023-02,47,6,2,1,0,1,1,1,1,1,1,0,0,0,4,4,0,1,0,1,2,0,1,0,0,8,0,2,0,0,2,0,0,2,0,0,0,0,3,1,1,0,0,7,1,0,2,1,1,0,0,2,0,0,0,0
2023-03,47,1,0,0,1,0,1,1,0,1,0,0,0,3,4,1,2,0,0,0,0,0,0,0,0,6,0,0,0,2,0,1,0,1,2,0,1,0,1,0,0,2,1,0,1,0,0,0,1,0,1,3,0,0,0,1
2023-04,47,3,0,0,0,3,1,0,0,0,0,0,0,3,2,9,0,1,0,1,0,0,0,0,0,9,0,4,0,1,1,0,0,0,1,0,0,0,2,1,3,0,4,3,2,1,7,1,2,0,0,1,0,2,0,0
2023-05,47,5,3,0,0,4,2,1,0,1,0,0,0,1,1,12,1,3,0,0,0,0,1,0,0,9,0,0,0,1,0,2,1,0,1,0,0,1,3,2,6,1,0,1,2,1,4,2,3,3,0,0,0,1,1,1
2023-06,47,5,0,0,0,2,0,4,1,0,1,0,0,6,2,12,2,0,0,1,0,0,2,0,0,1,0,1,0,2,0,0,1,0,1,0,0,0,1,0,2,2,0,5,4,0,4,0,2,2,1,0,1,1,3,1
2023-07,47,2,0,5,2,3,1,4,0,3,2,0,0,0,0,16,0,0,0,1,0,0,1,0,0,9,0,3,0,1,1,2,4,1,1,1,0,0,3,0,5,1,3,11,16,1,7,0,7,2,2,5,1,13,2,0
2023-08,47,1,3,0,0,3,0,1,1,3,0,1,0,5,3,11,0,0,0,3,1,0,0,0,0,5,1,0,0,3,2,0,0,1,2,1,2,3,5,4,9,0,3,14,10,2,4,0,5,2,0,0,0,1,2,1
2023-09,47,1,1,0,2,0,2,4,0,3,1,0,0,4,4,10,0,1,0,2,2,0,0,0,0,1,0,1,0,6,4,1,2,0,0,0,0,0,1,0,5,0,1,8,3,1,2,0,5,2,1,1,1,1,3,1
2023-10,47,0,0,0,0,2,8,2,1,0,1,1,0,3,2,4,0,0,0,0,1,0,0,0,0,0,2,1,0,2,1,0,3,2,1,0,0,1,5,0,4,0,2,5,1,0,1,0,2,1,1,0,0,0,0,1
2023-11,47,1,2,0,0,2,5,0,1,0,0,0,0,1,2,10,1,0,0,6,0,0,1,0,0,3,1,1,0,2,1,0,0,0,0,0,0,0,1,0,9,1,3,5,0,0,0,0,1,0,0,0,0,0,0,0
2023-12,47,3,0,0,0,0,0,0,0,1,0,0,0,1,1,3,0,0,0,1,1,0,0,0,0,8,2,0,0,2,0,0,0,1,0,0,0,0,2,0,9,2,2,4,1,0,1,0,1,1,0,2,0,1,0,0
2024-01,47,4,0,0,0,3,1,0,1,1,0,1,0,0,1,6,0,1,0,2,0,6,0,0,0,6,1,1,0,0,1,0,0,0,0,0,0,0,0,0,9,0,1,10,1,0,0,0,0,2,1,1,0,3,0,0
2024-02,47,0,0,0,0,1,0,0,0,3,0,0,0,3,1,3,0,0,0,3,0,0,0,0,0,26,0,1,0,1,0,0,3,0,1,0,0,0,4,1,4,0,1,1,0,0,0,0,1,0,0,1,0,0,0,0
2024-03,47,0,0,0,3,0,2,0,0,0,0,0,0,0,4,11,4,0,0,1,4,0,1,0,0,3,0,0,0,0,0,1,1,0,0,0,0,1,2,0,5,1,2,13,5,2,3,0,1,1,0,3,0,2,0,1
2024-04,47,4,2,0,3,7,2,3,0,1,0,0,0,3,0,13,1,1,0,1,0,0,3,0,0,6,0,0,0,1,0,1,0,0,2,0,0,0,0,1,0,0,1,8,5,0,5,0,2,1,0,2,0,0,0,0
2024-05,47,3,0,0,1,8,4,1,0,3,3,0,0,0,1,15,0,1,0,10,0,0,0,0,0,21,0,0,0,1,2,0,5,1,1,0,0,0,4,0,0,0,1,4,18,0,9,0,1,0,0,1,0,3,7,1
2024-06,47,3,2,0,0,4,2,2,0,0,2,0,0,1,1,9,0,0,0,2,0,1,0,0,0,10,1,3,0,1,1,0,1,1,0,0,0,0,1,0,5,0,0,5,8,0,4,0,2,2,1,6,0,0,13,2
2024-07,47,8,5,0,1,2,0,0,1,2,1,0,0,2,4,11,0,2,0,1,0,0,2,0,1,6,0,2,0,1,1,0,1,2,0,0,0,1,2,0,17,0,2,20,39,1,7,0,2,0,2,0,0,0,9,1
2024-08,47,3,0,0,2,2,1,0,0,1,0,0,0,5,4,9,0,0,0,2,0,0,2,0,0,1,0,3,0,1,4,1,5,0,0,0,0,1,4,0,5,1,1,4,4,1,2,0,2,2,3,1,1,2,3,1
2024-09,47,1,0,1,0,0,1,0,0,4,1,0,0,5,2,4,2,1,2,1,1,0,1,0,0,0,1,2,0,2,2,0,1,3,1,0,0,1,4,1,3,3,1,12,8,1,7,2,3,1,1,2,0,1,2,1
2024-10,47,6,0,0,0,1,1,1,0,1,0,0,0,1,4,6,0,0,0,0,0,0,0,0,0,2,0,0,0,7,1,0,1,0,1,0,0,0,4,0,7,0,1,8,4,0,4,1,5,0,0,0,0,0,0,0
2024-11,47,2,0,0,0,3,0,1,0,3,0,0,0,7,2,6,0,0,0,0,0,1,1,0,1,5,1,1,0,1,0,0,2,2,1,0,0,2,2,0,0,1,0,6,2,0,1,1,1,2,1,0,0,0,0,0
2024-12,47,0,0,0,0,3,1,1,1,2,0,0,1,1,3,7,0,3,0,4,0,1,0,0,2,0,1,1,0,1,0,0,3,0,0,0,0,0,2,2,1,0,1,0,0,0,0,0,1,0,3,0,0,0,0,0
2025-01,47,5,0,0,0,0,0,0,1,4,0,0,0,0,1,4,4,0,0,3,0,3,0,0,0,10,2,1,0,1,0,0,0,0,0,0,0,0,0,0,4,0,0,0,0,0,4,0,1,0,6,2,0,2,0,0
2025-02,47,6,1,0,0,1,0,1,0,2,0,0,0,2,0,6,1,1,0,1,0,0,2,0,0,11,3,2,0,3,1,1,2,0,0,0,0,0,3,0,4,0,1,1,2,0,1,0,0,0,3,0,0,0,0,0
2025-03,47,3,1,0,2,0,1,0,0,3,0,1,0,4,2,9,3,2,0,1,0,0,0,0,0,7,3,1,0,3,0,1,0,0,2,0,0,4,4,2,6,0,1,4,6,0,0,1,3,3,3,3,0,1,0,2
2025-04,47,11,2,0,0,2,0,0,0,2,2,0,0,3,5,10,0,2,0,1,0,0,0,0,0,8,1,1,0,5,1,0,2,1,0,0,0,0,3,1,13,0,2,11,4,1,13,0,3,2,5,4,0,5,1,1
2025-05,47,3,0,0,0,3,4,0,0,1,2,0,0,0,8,10,0,0,0,3,2,0,3,0,0,17,1,0,0,3,1,1,0,1,0,0,0,0,4,3,2,0,1,21,37,0,14,0,5,2,0,0,0,1,4,4
2025-06,47,15,0,0,0,5,3,1,0,3,1,0,0,0,2,9,1,0,0,3,0,0,1,5,0,5,2,6,0,7,3,1,5,2,0,0,0,1,4,0,11,2,0,17,15,0,5,0,2,0,1,1,0,0,14,0
2025-07,47,4,0,0,0,3,0,1,1,1,0,0,0,5,6,16,3,3,0,7,0,0,0,0,0,6,4,2,0,4,2,2,3,0,0,0,0,0,4,2,5,0,0,8,6,0,5,1,1,1,0,0,0,1,6,2
2025-08,47,3,0,0,1,4,1,1,0,0,1,0,0,10,4,15,0,0,0,2,0,0,0,0,0,0,2,3,0,5,2,1,3,0,0,0,0,2,7,1,2,1,0,7,11,0,7,3,2,6,3,2,1,4,2,1
2025-09,47,1,0,0,0,0,1,0,0,0,1,0,0,2,9,6,0,0,0,5,0,0,0,0,0,0,2,1,0,7,4,0,1,1,1,0,0,0,2,1,5,0,0,5,1,0,1,1,0,0,2,1,0,1,3,1
2025-10,47,10,0,0,0,3,3,2,0,1,1,0,0,2,3,10,1,3,0,2,0,0,0,0,0,1,0,1,0,4,2,0,2,0,0,0,0,1,2,1,3,1,1,5,3,0,3,0,2,1,1,1,0,0,2,1
2025-11,47,1,1,0,0,3,5,1,1,0,0,0,0,2,2,11,1,0,1,4,0,0,0,0,1,0,1,3,0,3,0,0,1,2,0,0,0,0,3,0,1,1,1,3,7,0,1,0,2,1,0,0,0,0,0,0
2025-12,47,3,1,0,0,6,0,1,0,1,0,0,0,1,4,8,1,1,0,6,0,0,0,0,0,0,1,0,0,0,0,0,1,0,2,0,0,1,0,0,11,0,0,0,2,0,0,8,0,1,1,0,0,1,0,0
2019-01,48,4,9,0,0,5,0,5,0,0,0,0,0,0,0,0,0,0,1,0,0,0,0,0,0,3,0,0,1,0,0,0,3,68,1,0,0,0,2,0,4,1,1,0,0,1,4,4,1,0,27,1,0,0,0,0
2019-02,48,3,19,0,0,12,5,3,0,2,0,4,0,0,1,27,0,4,1,1,0,0,0,0,0,46,2,0,1,1,2,3,5,9,4,0,0,0,0,1,100,2,0,0,0,0,7,9,9,0,47,1,1,1,0,0
2019-03,48,5,32,4,0,13,5,0,0,8,0,3,0,6,2,24,4,4,2,0,2,5,2,1,2,98,8,3,4,3,5,3,3,9,4,0,0,1,6,2,127,2,6,9,6,3,20,24,4,6,46,5,0,5,0,1
2019-04,48,5,19,6,1,17,9,0,0,9,0,1,0,11,5,36,0,3,2,2,4,3,4,0,1,64,2,2,3,3,8,2,11,7,6,1,0,2,8,4,71,2,5,23,14,6,35,37,8,9,20,10,1,11,0,6
2019-05,48,13,17,7,6,6,12,5,0,12,5,0,1,7,3,43,2,1,1,5,2,6,1,2,3,49,4,9,1,7,8,3,37,9,6,0,2,1,19,3,88,4,36,29,8,2,30,29,5,20,13,26,0,31,62,7
2019-06,48,15,16,7,1,12,18,1,1,5,2,2,0,18,5,42,3,4,0,3,3,0,2,0,5,37,8,7,1,14,10,7,23,5,9,0,0,0,12,5,44,1,2,36,13,1,33,64,7,6,1,14,1,6,98,6
2019-07,48,27,27,8,1,13,16,5,0,7,3,0,0,15,5,73,5,3,2,7,2,2,6,1,0,42,11,7,3,13,9,3,23,3,19,0,0,0,17,3,172,3,11,57,28,4,19,98,9,4,58,10,1,5,86,6
2019-08,48,21,19,7,0,10,16,0,1,3,2,2,0,10,7,45,6,6,0,4,5,1,2,6,2,50,13,12,1,10,16,4,16,3,2,0,0,1,10,0,88,3,12,49,13,3,22,66,9,6,53,2,1,3,79,4
2019-09,48,19,14,5,0,9,13,5,1,19,2,1,3,13,8,30,6,4,29,3,6,8,0,8,1,27,4,14,1,14,8,5,13,7,6,0,0,1,12,2,77,3,15,50,10,3,20,42,1,10,83,6,6,6,60,4
2019-10,48,8,59,5,2,10,23,2,0,8,1,1,1,17,5,33,6,5,1,2,2,2,2,1,1,51,13,9,1,15,8,16,13,3,23,0,0,1,16,0,236,4,15,33,36,2,17,53,5,10,30,5,1,6,4,4
2019-11,48,8,48,4,1,11,18,3,1,7,0,1,6,11,10,30,11,3,0,5,2,3,4,0,1,17,4,10,2,8,2,6,4,1,16,0,2,4,19,2,149,2,13,19,31,1,17,34,1,14,17,1,1,2,0,6
2019-12,48,12,43,1,1,14,2,4,0,2,0,0,10,19,4,31,1,2,3,1,5,0,1,0,0,18,11,0,2,6,3,5,15,2,19,0,0,2,26,2,87,1,11,15,2,2,8,12,2,14,9,8,3,2,0,0
2020-01,48,9,40,1,1,12,8,1,0,4,0,1,6,6,8,23,6,5,3,4,5,1,10,1,2,36,5,4,1,6,0,3,10,8,9,0,0,4,16,4,98,3,3,5,1,2,5,9,3,12,6,7,2,3,0,0
2020-02,48,9,32,0,0,8,7,1,0,6,0,1,2,15,6,17,8,0,1,2,3,2,2,1,2,47,6,1,2,2,4,2,16,2,7,1,0,2,11,0,48,2,5,3,1,1,5,4,1,10,12,2,3,2,0,0
2020-03,48,18,15,2,0,15,5,3,8,0,0,3,0,15,7,26,2,1,0,3,4,1,3,0,0,61,6,3,1,11,11,3,22,4,15,0,3,3,11,3,137,7,13,10,8,2,21,22,4,7,7,3,0,3,0,1
2020-04,48,3,24,2,0,12,2,1,28,1,2,5,0,4,2,44,4,2,2,5,3,2,3,1,1,53,6,11,1,9,7,3,30,6,9,0,1,3,21,2,106,2,8,18,5,2,21,21,3,15,1,4,0,11,0,6
2020-05,48,11,17,2,6,21,3,0,14,4,4,1,0,29,8,70,14,4,0,9,5,2,3,0,0,44,9,12,0,21,8,2,31,6,29,0,0,5,9,1,62,1,9,26,3,1,26,53,2,5,0,26,0,45,20,7
2020-06,48,33,25,3,1,11,7,0,5,5,1,2,4,14,5,65,9,7,1,5,1,1,2,7,0,21,7,5,1,34,21,1,18,11,21,0,0,0,15,4,84,4,15,49,55,2,32,56,12,7,1,6,0,4,30,7
2020-07,48,42,11,3,1,25,4,1,8,6,3,5,1,26,7,87,14,3,5,11,0,0,2,0,0,12,11,11,1,12,12,1,28,6,5,0,0,2,15,10,114,11,7,70,24,2,22,118,6,3,1,2,2,6,131,7
2020-08,48,30,13,4,1,17,4,2,6,7,1,1,0,25,3,48,17,3,2,4,0,2,9,1,0,13,14,3,7,14,7,0,16,8,11,2,9,0,14,9,17,6,6,87,72,4,24,50,3,5,1,3,1,8,43,8
2020-09,48,29,21,0,2,13,9,2,1,7,1,1,0,11,7,53,10,4,0,6,4,0,6,9,2,4,21,6,0,14,6,2,14,2,3,0,1,3,9,3,63,5,14,46,8,1,20,37,6,8,4,1,1,2,5,9
2020-10,48,29,17,3,0,10,4,0,5,2,2,2,1,9,10,31,6,4,1,5,3,2,2,0,0,15,5,4,1,15,9,1,7,3,16,1,6,11,14,3,38,1,24,35,10,1,10,21,6,9,0,2,0,3,1,1
2020-11,48,23,9,1,0,13,5,1,12,4,0,0,2,8,2,45,8,2,2,2,2,0,10,1,1,21,0,3,1,9,5,2,5,1,44,1,2,10,10,6,79,3,8,14,18,0,8,22,2,6,2,2,1,4,0,6
2020-12,48,22,10,6,0,10,1,1,5,13,0,2,0,16,3,36,3,3,0,8,4,2,2,11,2,49,5,4,2,4,3,0,3,1,17,1,7,9,8,3,41,5,15,8,5,0,11,5,7,4,0,2,1,3,0,0
2021-01,48,15,5,0,0,10,3,2,2,13,0,1,1,10,0,34,5,0,0,2,2,3,3,1,0,42,10,1,1,6,6,2,7,6,23,0,1,1,9,0,59,6,30,17,1,0,3,16,4,5,3,1,0,3,0,0
2021-02,48,28,8,0,0,8,7,1,0,3,0,0,0,10,4,21,3,0,2,37,4,10,2,5,3,20,20,2,0,7,16,0,10,1,13,0,0,3,8,1,19,1,13,0,1,1,2,39,3,4,1,1,0,4,0,0
2021-03,48,21,14,7,1,18,7,2,1,12,1,1,0,11,5,58,4,0,2,10,3,9,6,2,0,78,39,1,1,12,15,4,7,9,21,1,3,6,5,8,43,5,5,6,1,2,22,35,3,9,2,0,1,4,0,2
2021-04,48,27,9,0,2,10,6,0,3,8,6,1,2,3,8,39,21,4,0,4,3,1,3,0,2,41,5,7,1,13,3,5,10,8,12,0,2,1,11,5,29,4,12,18,7,3,30,33,8,11,1,4,0,7,0,1
2021-05,48,18,10,0,2,25,8,0,3,8,7,3,3,18,6,43,12,5,0,2,6,1,8,0,0,14,11,6,2,18,12,0,17,8,23,0,1,6,6,6,75,3,23,16,8,1,20,48,10,8,3,2,0,5,33,1
2021-06,48,23,4,3,6,19,13,4,2,4,6,1,0,17,3,51,5,3,1,2,1,3,4,6,1,23,9,6,1,22,13,2,18,12,11,0,3,6,7,4,49,5,6,40,69,4,59,81,9,6,4,26,0,8,43,5
2021-07,48,24,8,4,1,16,17,3,3,1,3,1,1,14,8,53,2,4,1,4,1,0,5,0,2,40,8,10,2,24,21,2,6,9,55,0,2,6,17,4,53,5,25,44,37,3,33,63,9,7,50,4,1,2,73,4
2021-08,48,29,6,1,1,9,4,1,2,15,0,1,0,20,8,43,6,5,1,4,2,0,2,2,2,28,4,6,1,27,12,0,7,9,11,0,2,3,11,3,41,6,9,80,52,3,32,40,4,2,26,1,0,3,10,4
2021-09,48,18,4,1,0,16,5,0,3,5,2,0,0,27,8,36,2,5,0,4,7,0,5,1,0,32,8,9,3,24,15,2,9,4,14,0,0,3,5,0,97,1,11,50,22,0,22,38,5,7,8,0,0,2,80,8
2021-10,48,21,4,0,1,17,11,4,2,7,3,3,0,16,1,41,5,4,1,2,1,4,5,0,3,6,6,8,1,16,10,1,11,3,17,0,0,4,10,2,54,9,19,61,77,0,29,53,6,7,15,4,1,12,0,7
2021-11,48,33,13,1,1,17,5,2,0,8,1,0,0,8,6,32,1,3,4,4,3,6,2,0,2,16,8,1,1,18,4,0,5,0,21,0,3,1,12,1,57,4,8,36,9,2,14,16,4,6,6,2,0,2,0,6
2021-12,48,49,5,0,1,17,11,1,1,5,0,1,0,9,7,39,4,1,3,14,1,4,0,10,1,9,5,3,1,14,4,0,2,3,0,0,2,10,13,0,31,12,7,19,26,0,7,8,4,6,4,0,0,2,0,2
2022-01,48,31,9,0,0,8,4,1,1,24,1,2,1,4,2,39,4,0,0,4,1,20,1,14,2,13,4,1,3,9,0,0,1,4,8,0,0,3,19,5,13,2,2,3,2,0,6,0,2,4,5,1,0,3,0,1
2022-02,48,34,3,0,5,8,7,2,2,6,0,0,2,10,3,18,1,3,0,1,2,2,1,0,2,58,5,2,6,6,3,0,5,5,5,0,0,1,4,0,39,2,31,2,1,3,14,0,0,10,2,3,0,3,0,0
2022-03,48,32,8,4,1,11,4,2,0,6,0,0,0,11,11,37,4,2,1,2,5,1,5,1,0,77,2,5,1,5,2,1,1,6,10,1,0,7,20,4,30,4,22,10,5,0,10,1,6,9,3,3,0,4,0,0
2022-04,48,23,15,5,2,14,10,3,1,0,3,3,0,4,5,38,1,6,0,3,3,0,5,0,1,129,1,3,0,7,3,3,11,8,9,0,4,10,26,8,14,14,3,13,12,8,27,23,3,10,0,5,1,5,0,3
2022-05,48,16,18,4,2,17,12,0,0,3,13,0,2,26,9,37,3,9,5,5,5,4,10,0,1,57,2,4,3,11,16,5,7,5,5,0,2,7,10,4,47,5,6,30,18,2,22,35,5,9,4,8,1,1,38,2
2022-06,48,28,11,7,2,16,14,3,0,1,2,2,0,22,9,40,3,7,2,6,1,0,5,1,0,70,7,6,4,22,15,12,11,9,6,1,2,7,5,4,113,2,21,43,30,2,37,72,8,7,10,10,0,2,28,4
2022-07,48,39,13,1,2,15,6,1,1,5,2,0,0,7,5,38,10,2,2,2,1,2,1,0,0,41,6,11,3,24,13,1,6,11,12,2,2,5,18,0,133,8,7,54,27,1,31,72,1,11,8,2,1,7,11,6
2022-08,48,36,11,5,1,12,14,2,1,7,4,0,0,12,7,49,30,6,4,9,4,5,4,1,0,28,5,7,1,17,20,1,5,15,8,1,0,4,15,4,16,8,4,56,17,23,25,43,5,6,7,8,1,2,14,6
2022-09,48,30,13,2,0,19,7,0,0,10,1,0,0,27,6,48,8,4,0,8,2,5,5,4,4,12,4,8,4,11,7,1,5,6,16,1,2,7,17,0,73,2,31,25,9,18,18,67,17,8,5,2,0,4,9,7
2022-10,48,27,8,1,0,10,8,1,0,0,0,0,0,23,7,36,19,7,0,3,2,3,3,6,1,5,2,2,1,16,5,4,5,2,2,0,4,4,9,2,39,1,19,26,17,19,21,28,3,5,4,3,2,1,7,2
2022-11,48,38,8,0,1,16,4,5,0,5,2,0,3,14,2,33,13,4,4,5,1,4,1,10,2,16,4,2,2,14,0,2,5,3,5,0,1,6,8,2,7,4,21,15,13,2,10,12,3,3,7,3,0,6,6,4
2022-12,48,22,1,3,1,7,6,1,0,8,0,2,1,15,4,21,8,3,0,4,3,6,1,1,0,33,3,5,3,6,2,0,7,3,3,0,2,5,11,2,21,3,15,1,6,48,10,12,8,6,2,0,0,6,0,1
2023-01,48,21,8,5,1,6,1,4,0,6,3,1,0,4,4,23,10,1,0,3,3,2,3,1,0,29,3,0,1,14,4,3,4,5,8,0,2,4,8,5,20,0,31,12,6,2,8,0,6,4,7,0,1,3,0,1
2023-02,48,31,8,4,3,10,3,3,0,4,0,1,0,3,4,17,0,3,2,1,1,3,3,0,1,41,8,4,2,15,5,1,3,7,6,0,3,2,15,2,44,7,45,11,3,0,14,0,5,11,5,19,0,12,0,0
2023-03,48,33,16,1,0,8,2,4,1,5,1,0,0,14,5,28,3,3,0,3,0,2,8,0,1,47,3,5,3,5,3,2,14,9,4,0,2,0,10,2,36,3,19,14,12,43,20,0,6,2,2,3,1,6,0,1
2023-04,48,16,8,3,0,12,4,2,2,4,2,4,0,18,2,34,4,4,1,5,2,8,6,0,0,27,3,1,1,18,8,1,13,7,4,0,4,1,26,6,20,2,5,24,16,2,21,3,10,8,8,4,0,3,1,2
2023-05,48,21,9,0,0,15,5,2,0,3,6,0,0,27,4,39,7,6,2,3,5,3,8,0,0,27,1,9,0,14,9,0,7,1,6,0,0,6,11,8,17,0,6,23,10,37,13,8,6,7,6,2,0,0,3,8
2023-06,48,23,2,2,3,9,9,2,2,6,6,1,0,14,6,34,12,9,6,5,0,1,7,1,2,11,1,12,1,23,7,2,8,7,8,0,0,5,21,3,17,2,1,26,26,19,27,2,19,5,10,1,1,5,10,5
2023-07,48,17,1,4,4,29,8,1,1,3,0,1,0,27,5,55,15,11,0,7,5,2,6,0,0,14,1,5,1,11,15,2,54,3,15,0,8,17,11,2,31,3,27,75,66,12,29,5,12,4,13,24,3,271,7,8
2023-08,48,29,34,1,1,14,11,1,0,14,3,1,1,23,5,70,9,9,3,6,1,13,4,0,3,14,5,9,1,23,11,8,12,12,9,1,3,10,28,0,67,5,10,75,31,0,33,53,12,10,8,9,0,9,18,9
2023-09,48,12,12,2,1,14,9,1,1,7,2,0,12,25,14,41,5,7,0,0,2,0,3,3,1,8,2,7,3,19,4,1,7,3,4,1,8,4,21,1,24,1,17,26,11,10,20,4,3,4,8,10,2,2,13,3
2023-10,48,21,5,3,0,13,5,1,0,4,3,0,5,13,6,41,8,14,2,5,5,1,5,3,0,23,2,7,0,28,2,2,9,6,4,0,0,0,14,2,15,7,22,20,16,10,20,7,2,11,6,4,0,3,1,3
2023-11,48,18,15,1,1,7,13,0,1,7,2,0,12,10,3,40,6,5,1,12,5,2,1,6,1,7,3,6,2,15,3,2,9,0,5,0,0,6,12,7,45,0,7,14,4,4,13,8,4,3,6,1,1,3,0,6
2023-12,48,23,13,3,0,8,6,2,0,2,0,0,20,11,4,42,11,5,3,7,0,2,1,2,0,10,4,4,0,5,1,0,6,1,3,0,0,5,5,7,35,1,14,7,4,6,10,1,5,4,2,4,0,3,0,2
2024-01,48,23,12,1,2,3,7,3,0,21,0,1,0,11,1,20,6,2,2,2,2,23,3,4,1,34,4,4,0,9,3,0,6,6,2,0,2,3,10,3,40,1,10,4,12,0,4,9,3,1,8,8,0,10,0,1
2024-02,48,32,7,2,0,15,12,5,1,13,0,0,0,14,6,29,6,4,2,5,3,17,5,2,2,27,1,12,2,2,3,1,10,9,6,0,1,4,11,9,33,2,14,15,7,2,10,1,1,8,2,0,1,5,0,2
2024-03,48,26,11,5,0,15,12,1,2,13,0,0,0,11,6,39,6,6,3,5,3,1,7,0,9,42,4,7,3,12,5,3,14,4,11,0,0,0,11,6,63,4,64,30,13,0,19,9,6,7,10,12,0,3,0,3
2024-04,48,25,9,1,3,4,10,8,2,5,0,2,0,18,5,27,5,8,0,4,3,2,4,0,2,45,1,9,1,7,3,3,13,8,2,0,5,0,20,4,15,6,10,22,34,6,26,75,3,11,6,17,0,11,5,0
2024-05,48,15,2,2,0,18,8,2,0,2,1,0,1,39,2,41,19,12,1,4,1,1,7,0,1,30,1,11,2,10,20,0,13,8,3,1,3,17,14,8,26,3,11,41,35,1,29,35,8,11,7,16,1,9,35,8
2024-06,48,23,3,0,2,15,9,1,0,10,3,0,0,15,14,37,6,15,5,7,5,2,3,0,5,21,1,9,0,15,9,4,4,11,3,0,1,12,17,5,13,2,34,34,30,1,35,85,8,14,5,9,0,2,23,7
2024-07,48,29,12,1,2,14,6,3,2,10,1,0,0,19,7,47,1,4,3,7,2,1,2,0,1,24,0,6,3,17,13,3,12,6,1,1,5,14,10,5,46,0,26,85,87,27,36,61,8,7,6,9,1,5,13,10
2024-08,48,27,0,2,2,12,16,1,0,7,2,1,1,19,5,62,3,2,2,4,1,1,3,0,2,11,1,19,0,15,9,3,17,11,4,0,0,0,40,3,34,5,22,45,34,1,28,36,12,9,11,10,1,6,16,5
2024-09,48,14,7,0,4,14,7,4,0,21,2,0,0,36,11,31,11,9,4,3,0,3,1,11,0,5,8,13,1,10,16,1,7,5,3,1,10,6,9,5,44,4,10,43,26,1,21,82,6,9,28,9,2,30,2,4
2024-10,48,38,2,5,1,18,14,1,0,10,3,2,2,11,6,30,7,8,0,3,0,0,9,16,3,9,2,6,4,10,3,1,11,6,10,0,2,1,14,5,48,5,19,21,26,0,26,133,4,4,15,8,1,7,3,7
2024-11,48,12,6,2,0,8,4,1,1,7,1,1,1,5,3,29,2,4,1,6,1,2,3,1,1,3,4,3,0,6,2,0,9,3,3,0,0,2,13,1,20,1,20,22,14,2,13,123,0,12,7,2,1,2,0,8
2024-12,48,19,1,3,0,8,5,3,0,7,0,1,1,6,5,23,21,5,3,4,2,2,1,0,9,14,6,4,1,13,4,1,2,0,5,0,11,8,9,3,42,8,30,9,11,1,8,115,2,2,8,2,0,3,0,0
2025-01,48,18,2,0,0,12,4,2,0,20,2,0,1,9,2,31,1,6,2,3,4,22,4,1,4,17,2,3,1,5,4,0,6,5,2,0,1,2,12,1,22,2,11,6,7,0,1,79,1,2,52,4,1,6,0,0
2025-02,48,20,6,0,0,5,8,5,0,21,0,2,0,16,1,22,4,3,4,1,5,3,4,0,5,16,1,8,1,2,3,2,2,2,2,0,4,1,15,1,14,6,39,4,5,0,15,18,4,4,22,7,2,3,0,0
2025-03,48,12,14,1,0,20,4,1,0,9,2,1,1,8,6,38,5,8,2,2,1,5,4,1,0,13,1,6,0,8,7,2,9,9,10,0,3,2,6,3,34,6,68,10,24,1,35,3,5,7,23,7,1,9,0,1
2025-04,48,19,13,3,1,18,3,1,0,4,1,3,1,23,4,29,12,4,2,1,1,1,8,0,1,36,2,15,0,8,4,0,10,15,12,0,0,1,21,7,30,1,26,30,5,6,26,7,3,11,8,20,0,20,0,8
2025-05,48,15,13,4,1,20,2,1,0,5,1,0,1,25,8,56,7,6,2,15,5,0,10,0,2,45,2,10,0,9,14,5,12,11,6,0,0,0,8,6,68,9,9,131,224,4,67,13,4,7,5,3,0,3,8,7
2025-06,48,19,5,6,1,15,18,2,0,7,0,0,0,21,6,50,10,6,1,13,0,2,3,1,3,61,4,13,0,12,21,3,12,6,10,0,4,7,21,5,18,6,8,59,72,5,54,5,4,10,5,11,0,8,20,9
2025-07,48,22,4,4,0,19,12,1,4,3,1,1,0,11,10,72,9,8,2,14,4,1,7,0,10,18,2,8,1,14,14,0,5,4,6,0,2,7,11,6,20,3,9,86,54,3,29,31,7,4,7,0,1,7,17,10
2025-08,48,31,3,4,3,20,10,5,0,10,1,2,0,24,13,59,5,8,3,4,3,7,14,1,3,9,2,6,1,18,11,3,14,11,8,0,4,6,14,5,51,2,15,76,23,1,21,10,3,6,10,16,1,88,17,13
2025-09,48,54,2,0,1,16,9,1,1,8,1,1,0,24,16,48,13,7,3,6,4,20,16,14,3,1,4,12,1,13,14,2,8,38,4,0,2,2,20,10,34,3,21,82,14,6,24,4,14,9,9,6,0,5,10,6
2025-10,48,25,5,0,1,9,6,1,0,4,0,0,3,25,13,44,6,4,3,2,3,4,6,2,2,4,5,6,0,22,9,0,5,4,7,0,0,1,15,2,47,10,9,41,15,3,16,16,5,7,8,4,3,4,5,7
2025-11,48,20,5,1,0,7,9,0,0,8,0,0,2,11,4,40,4,4,3,4,1,6,2,0,3,6,1,6,3,8,4,2,10,3,1,0,0,0,25,4,25,1,14,23,19,1,11,15,2,8,11,2,3,2,0,13
2025-12,48,13,3,2,1,11,2,1,0,4,0,0,0,4,6,26,3,3,5,5,4,3,3,2,1,19,9,2,1,6,6,2,5,1,5,0,0,0,11,1,49,4,12,7,5,0,5,23,0,6,5,4,1,3,0,3
2019-01,49,1,75,1,0,24,2,8,1,3,0,3,0,0,0,0,0,0,1,0,0,0,7,0,3,16,2,0,2,0,0,4,12,120,11,0,0,0,2,0,56,2,2,1,0,2,8,13,16,0,60,1,4,0,0,0
2019-02,49,21,55,9,2,22,19,18,0,14,0,3,0,0,7,62,0,1,5,2,1,1,4,1,4,141,7,1,8,2,3,8,12,8,7,0,0,0,6,0,177,0,3,9,1,0,28,30,19,1,69,0,5,2,0,1
2019-03,49,39,82,13,2,33,41,6,12,21,17,1,1,23,14,127,2,5,4,12,11,18,5,1,3,275,12,16,7,26,32,15,9,16,7,1,2,8,37,6,261,5,9,48,11,3,40,37,31,20,74,13,5,8,0,2
2019-04,49,36,100,18,3,30,38,7,10,18,16,1,0,32,20,135,7,14,7,7,5,8,3,5,2,144,16,16,4,35,22,16,23,25,19,1,4,9,29,9,312,6,14,58,20,6,52,32,46,26,53,26,3,48,0,4
2019-05,49,33,88,27,16,43,42,7,6,21,30,2,1,83,30,149,6,14,11,15,9,11,8,7,4,111,23,42,2,43,34,18,73,31,91,2,13,19,37,11,249,12,10,87,37,12,53,88,56,24,18,83,0,94,618,8
2019-06,49,34,108,27,10,40,53,10,7,22,65,9,0,36,19,164,16,24,15,21,10,27,7,9,9,133,29,44,3,57,52,24,33,22,87,0,4,14,33,2,150,9,22,70,23,4,41,122,67,25,17,18,3,15,1137,11
2019-07,49,48,73,12,9,37,53,12,0,17,46,1,0,48,33,177,53,26,15,24,8,23,7,34,6,125,27,36,6,79,66,23,43,20,71,4,18,23,60,9,174,12,39,127,28,6,47,130,102,28,130,25,3,16,744,13
2019-08,49,49,47,10,2,39,55,11,2,19,40,1,1,63,33,159,18,19,7,8,8,7,5,27,5,84,43,36,1,71,51,13,21,23,18,4,12,12,43,6,235,5,40,130,22,2,40,147,58,26,168,8,0,13,573,10
2019-09,49,36,52,9,1,33,43,7,3,23,15,2,2,60,41,149,5,16,4,9,7,6,9,2,11,97,26,33,7,110,44,12,26,12,44,1,11,10,61,3,244,7,32,113,36,0,37,127,39,27,173,28,1,13,661,3
2019-10,49,31,60,9,4,30,33,10,4,13,13,2,2,46,23,129,18,17,0,12,11,9,11,7,4,73,20,48,2,122,26,14,28,13,116,0,13,11,54,12,318,15,61,104,51,13,43,105,39,37,45,20,3,24,226,5
2019-11,49,26,35,2,1,26,28,4,2,18,4,0,0,22,14,96,9,8,1,11,4,6,6,2,7,21,32,10,6,96,15,12,13,2,55,5,12,11,31,7,112,8,30,46,31,0,14,32,20,21,19,5,3,5,51,3
2019-12,49,29,55,5,3,34,24,4,2,26,0,1,4,29,21,121,9,6,4,20,5,3,5,3,8,39,27,19,4,87,20,9,18,6,45,4,21,23,42,4,124,5,31,34,4,0,13,16,22,25,12,4,2,12,0,1
2020-01,49,31,51,10,6,41,36,14,0,12,7,1,7,37,21,130,4,10,7,17,2,8,6,0,3,66,28,15,0,90,13,11,15,12,34,1,4,12,33,3,267,6,23,32,5,0,12,42,22,21,14,12,1,34,0,1
2020-02,49,35,38,2,2,25,23,11,1,11,2,0,2,30,17,94,14,6,2,12,5,3,7,0,9,88,27,14,3,47,8,15,8,8,42,2,5,4,31,5,165,9,11,22,5,0,14,6,29,29,14,3,3,10,0,0
2020-03,49,28,32,5,1,28,38,10,5,12,8,2,1,37,22,103,4,17,1,11,3,6,8,0,3,86,33,16,3,66,22,5,25,13,35,1,6,14,35,11,96,7,26,21,7,1,30,36,31,34,13,11,0,19,0,0
2020-04,49,25,42,5,3,40,24,11,39,16,15,5,0,33,22,123,16,9,3,11,6,7,7,1,4,93,30,21,4,31,14,3,42,8,65,1,7,13,33,3,160,1,30,64,9,3,17,218,22,27,9,30,1,46,0,5
2020-05,49,35,56,6,8,43,43,22,23,18,54,1,1,71,24,211,5,21,6,16,6,6,10,1,2,53,34,53,1,52,48,10,52,13,35,4,10,13,51,3,289,4,40,89,12,5,52,63,47,30,5,56,1,83,202,15
2020-06,49,57,81,4,4,57,47,5,15,14,91,3,0,46,37,245,4,23,8,23,5,6,9,7,6,76,40,31,4,115,66,13,60,20,112,0,4,6,55,13,357,10,33,192,151,6,78,211,82,32,6,13,1,10,545,14
2020-07,49,69,75,14,3,52,55,20,12,11,72,3,1,63,34,235,14,18,13,21,4,10,15,13,6,86,52,35,4,135,72,12,41,27,72,5,6,9,67,16,277,8,26,167,41,3,57,139,45,34,6,16,4,9,354,16
2020-08,49,73,72,12,6,50,48,11,14,21,33,1,2,50,47,205,6,20,5,22,6,4,8,6,6,57,37,28,2,90,45,8,32,29,65,1,9,16,28,14,241,19,30,361,556,0,80,141,62,29,2,2,3,10,612,11
2020-09,49,98,66,10,5,22,44,13,5,12,19,4,4,61,56,179,19,17,8,17,6,18,5,17,2,45,24,29,3,127,48,14,21,16,50,4,10,12,34,5,207,4,14,177,71,9,73,62,39,25,4,4,3,16,153,8
2020-10,49,72,52,5,3,42,26,5,16,14,23,0,1,33,40,155,3,8,2,11,5,2,8,1,2,19,20,35,1,107,40,5,14,5,19,2,8,11,24,8,213,9,18,109,19,3,34,53,50,29,4,7,2,16,15,6
2020-11,49,83,55,2,1,30,39,14,7,13,9,1,1,32,42,131,9,13,2,10,2,3,3,2,1,22,30,10,3,95,17,6,15,14,43,4,8,17,33,15,254,7,14,82,29,1,25,40,40,10,0,8,0,13,0,7
2020-12,49,68,55,5,1,37,24,9,3,31,6,1,5,18,35,132,36,8,4,10,6,4,6,1,3,67,21,6,3,83,24,4,18,7,62,2,8,18,26,4,111,27,24,47,9,1,21,27,22,18,2,7,2,17,0,0
2021-01,49,68,31,9,3,37,22,7,4,30,5,1,7,14,18,111,31,7,6,10,2,25,17,1,9,77,31,7,1,69,14,7,6,14,54,4,6,14,21,4,50,6,28,51,1,4,19,32,29,15,1,0,0,15,0,0
2021-02,49,58,20,0,0,25,53,19,4,17,3,2,0,12,9,74,17,3,2,92,5,27,4,1,6,51,50,16,0,33,14,2,12,1,21,2,3,3,28,2,99,6,14,1,2,1,8,1,7,12,7,1,1,17,0,0
2021-03,49,96,63,11,0,66,34,11,3,27,35,1,0,29,39,177,39,27,9,28,4,9,19,0,1,96,71,16,0,103,38,10,23,24,63,2,11,15,26,19,228,7,7,41,10,4,45,59,39,29,7,2,4,21,0,1
2021-04,49,85,52,6,3,54,31,14,4,13,29,3,6,18,39,168,21,17,3,11,7,4,8,1,0,150,42,19,0,122,27,7,25,28,24,0,0,9,42,10,154,8,20,64,12,5,41,60,46,31,3,5,5,12,0,5
2021-05,49,88,35,4,7,49,29,13,2,19,168,4,1,58,27,140,23,28,10,16,0,18,18,3,7,51,39,42,2,121,57,26,23,24,25,0,4,10,40,6,167,20,19,79,23,9,41,64,50,24,0,8,3,29,228,4
2021-06,49,80,20,8,6,37,49,11,4,20,93,0,0,55,46,187,9,13,9,25,7,11,16,6,2,29,37,36,4,212,62,15,37,27,22,0,3,10,54,7,154,7,29,179,188,15,92,184,81,35,3,84,4,45,361,4
2021-07,49,99,27,11,5,53,59,16,1,37,57,1,0,49,34,182,28,21,4,24,14,6,12,4,6,40,35,33,2,181,64,24,37,26,38,2,2,5,45,14,334,13,35,160,64,13,48,202,75,36,119,11,3,12,383,10
2021-08,49,78,26,7,1,54,58,22,3,22,45,5,3,87,33,203,29,20,4,12,9,5,9,1,12,42,37,27,3,167,63,17,17,35,42,1,15,12,66,23,239,20,18,238,110,4,60,122,66,30,41,5,3,13,476,17
2021-09,49,121,45,5,2,42,37,11,12,25,13,0,3,76,46,149,24,22,4,7,6,3,8,8,5,21,27,32,3,162,35,9,24,19,73,2,5,10,22,17,186,7,12,114,26,1,47,118,32,22,12,2,1,5,229,12
2021-10,49,63,28,1,3,28,38,13,3,26,19,1,2,32,37,121,15,16,0,12,6,5,8,14,8,26,18,25,1,140,30,19,33,15,24,0,1,9,29,10,217,35,18,109,95,8,50,86,47,18,12,24,3,33,0,2
2021-11,49,74,27,4,4,36,33,21,6,5,11,0,2,30,37,124,17,10,2,5,4,6,10,0,12,32,20,14,3,169,12,9,8,13,23,1,2,6,32,8,89,11,29,48,15,2,17,31,25,20,3,0,4,5,0,9
2021-12,49,64,19,10,1,26,35,19,0,14,9,5,7,21,34,87,14,7,3,27,10,6,6,0,5,9,23,12,4,109,10,4,16,11,13,1,0,7,32,9,110,5,18,57,36,1,27,17,25,26,4,6,1,12,0,9
2022-01,49,55,16,0,1,26,43,13,7,36,0,1,13,14,21,86,15,5,5,12,5,17,4,3,13,33,30,18,6,18,10,0,11,18,19,0,1,4,20,1,111,10,47,8,5,1,16,0,17,16,6,3,3,4,0,3
2022-02,49,50,22,2,3,21,38,18,2,19,6,3,9,14,21,60,1,10,4,18,5,7,22,0,13,60,34,16,1,70,18,4,8,9,20,0,3,9,22,2,184,3,23,11,1,3,23,0,11,15,11,10,1,28,0,0
2022-03,49,77,47,5,6,30,31,13,1,19,25,5,10,29,46,116,29,14,2,19,22,8,14,0,5,165,18,19,3,137,25,11,14,19,23,0,3,11,40,12,198,7,37,39,12,3,31,0,36,31,9,15,2,29,0,3
2022-04,49,80,27,19,3,38,51,21,2,12,32,2,19,35,24,134,13,15,3,9,4,8,14,3,2,161,11,15,1,50,27,24,16,29,3,2,10,12,46,21,136,4,18,48,11,3,53,40,45,36,7,14,4,16,1,4
2022-05,49,76,38,11,4,33,46,14,7,19,101,2,13,38,23,121,22,23,4,6,5,5,12,1,3,143,11,36,5,87,52,18,21,22,8,0,11,13,42,10,140,8,20,57,35,17,40,80,78,32,10,33,2,16,282,9
2022-06,49,64,39,9,5,44,46,15,2,14,73,3,5,52,35,122,38,23,9,13,7,4,13,33,13,67,15,34,2,151,66,14,22,20,11,0,8,9,54,9,183,13,9,121,49,7,62,124,83,46,15,18,2,8,346,15
2022-07,49,80,43,4,2,45,45,17,2,17,45,2,4,62,29,143,24,14,9,13,2,6,9,8,8,56,21,37,5,98,46,14,17,20,9,1,11,6,34,5,197,14,16,166,44,7,57,152,63,27,25,20,0,7,121,17
2022-08,49,67,39,22,8,34,42,11,1,12,90,4,1,49,63,152,34,31,4,7,3,2,11,1,12,60,40,24,2,69,47,16,15,22,6,2,9,8,41,6,236,11,28,191,34,22,44,106,67,37,23,12,5,18,122,9
2022-09,49,61,29,10,4,27,37,8,3,29,14,1,2,59,45,156,29,19,0,14,4,6,14,6,9,42,25,30,5,139,37,18,24,24,3,1,10,14,36,6,168,7,20,119,22,47,46,75,28,38,16,5,1,6,38,12
2022-10,49,70,29,4,2,29,38,21,2,13,11,3,1,32,28,94,21,12,1,8,4,5,13,5,5,17,28,27,2,78,19,7,26,18,2,4,10,12,52,18,189,14,25,84,45,217,45,60,27,27,10,2,1,16,16,4
2022-11,49,46,24,3,4,27,22,10,2,19,8,1,5,14,19,86,38,8,2,8,6,17,10,2,7,36,13,21,3,46,17,3,31,7,7,2,0,8,34,8,241,15,20,80,38,2,25,27,24,22,15,8,0,9,1,4
2022-12,49,41,18,6,0,30,13,20,0,29,2,0,4,15,12,70,10,6,11,6,2,27,4,0,7,25,19,14,0,22,7,9,19,6,9,2,13,7,35,3,112,7,19,19,16,0,13,4,13,19,10,8,1,23,0,2
2023-01,49,54,35,8,0,30,25,16,1,19,9,1,2,31,21,75,19,11,2,16,14,5,5,0,8,78,12,16,1,27,20,8,11,9,9,0,10,7,46,9,102,8,15,13,5,1,14,0,31,21,19,3,1,17,0,2
2023-02,49,71,19,2,0,26,26,13,1,14,7,0,12,30,20,80,19,5,3,6,5,5,6,9,6,90,6,26,0,28,14,9,22,17,11,2,5,9,44,8,127,2,20,11,20,21,30,0,20,36,14,14,2,34,0,3
2023-03,49,57,19,8,2,38,46,11,2,16,17,1,5,41,33,105,22,9,1,10,8,7,17,6,3,102,6,24,1,38,17,8,20,20,8,2,4,8,46,12,92,7,18,20,10,1,42,1,51,22,12,11,2,22,0,1
2023-04,49,52,27,10,2,35,33,10,1,15,15,1,5,35,33,120,21,17,4,8,8,10,7,2,1,70,14,22,4,38,17,5,24,33,8,5,13,12,47,12,59,3,22,61,21,145,51,87,33,35,11,7,3,19,0,6
2023-05,49,45,27,6,7,29,32,20,3,15,47,4,8,54,38,109,19,28,4,10,5,6,15,0,1,61,10,34,2,32,39,12,11,28,32,0,5,11,43,19,42,8,13,69,28,37,54,116,74,36,13,3,0,8,193,11
2023-06,49,45,12,7,5,36,44,12,1,13,35,3,4,54,34,125,7,23,7,15,9,0,11,1,6,42,4,22,1,63,25,16,25,26,22,2,4,14,36,12,106,14,26,113,63,24,79,93,56,33,29,8,2,11,170,17
2023-07,49,52,6,7,10,33,50,27,2,15,33,2,2,68,38,140,6,21,1,24,5,9,17,2,9,53,14,28,3,37,35,15,42,27,3,1,7,10,42,12,121,15,39,213,134,5,100,67,50,20,20,65,1,222,126,17
2023-08,49,72,31,10,2,57,47,12,2,10,35,5,3,71,58,168,29,19,7,27,7,8,12,5,10,39,11,29,4,62,46,7,22,26,6,0,1,6,72,19,112,3,26,167,65,144,51,46,64,23,19,7,0,14,155,20
2023-09,49,63,79,5,8,39,49,18,7,10,15,1,3,54,50,117,18,16,8,11,10,3,11,0,9,28,5,37,12,60,20,8,30,28,7,4,14,14,53,8,98,10,26,96,41,6,52,48,25,23,17,19,1,12,52,16
2023-10,49,36,18,6,3,28,48,11,2,16,14,1,5,64,38,97,9,12,12,11,10,10,9,4,6,23,7,27,8,62,19,6,22,22,7,1,9,17,58,16,77,10,19,98,31,6,41,59,26,37,15,8,0,8,36,8
2023-11,49,48,42,4,5,40,24,9,1,13,17,2,1,43,40,108,13,5,4,23,4,13,13,3,5,15,9,20,1,51,12,7,30,12,1,7,8,11,33,18,86,12,20,39,11,36,17,13,23,27,13,4,1,6,7,4
2023-12,49,56,18,5,0,47,25,10,2,15,11,4,6,28,22,83,11,11,5,10,5,7,13,0,9,56,7,22,2,26,14,12,20,9,3,1,16,16,40,15,62,3,22,19,13,54,22,10,13,32,6,24,1,14,0,6
2024-01,49,31,43,3,5,32,50,23,2,40,5,0,1,18,18,76,13,9,5,10,8,47,4,2,15,80,14,19,0,18,18,10,29,15,6,3,12,18,55,12,111,13,31,24,19,7,19,5,21,29,13,38,1,37,0,4
2024-02,49,61,24,11,3,66,28,15,4,31,11,3,0,31,46,105,39,11,7,7,8,4,10,6,6,72,9,19,4,32,10,9,18,18,11,0,4,6,66,13,92,10,17,40,24,14,28,11,32,50,14,6,1,20,0,0
2024-03,49,52,24,10,2,46,24,9,2,19,18,2,1,29,49,114,10,14,8,18,14,14,12,1,10,112,12,25,1,19,18,5,27,14,8,1,18,13,61,7,130,1,30,55,29,2,40,24,36,38,18,26,1,16,0,3
2024-04,49,56,19,5,6,42,29,11,1,19,41,1,4,46,38,134,28,24,2,9,10,9,14,0,3,73,10,32,1,29,39,13,28,22,13,2,7,10,86,16,84,4,53,99,58,11,81,45,45,39,11,41,0,16,43,10
2024-05,49,75,45,11,6,44,45,12,11,29,48,2,1,51,36,138,30,37,4,10,9,12,18,0,9,73,4,34,3,56,65,5,33,22,5,1,16,15,58,12,125,16,26,154,201,15,95,19,55,41,11,55,2,27,374,18
2024-06,49,70,24,6,2,41,35,12,4,16,20,4,0,77,42,113,6,21,2,27,5,4,7,4,18,61,11,28,3,32,60,6,14,16,7,3,20,16,52,12,116,5,40,133,92,3,70,7,39,24,6,16,0,10,153,22
2024-07,49,84,22,9,6,39,44,7,2,11,19,0,1,53,38,143,7,17,3,24,2,4,11,4,6,44,12,31,2,43,40,16,26,24,4,1,9,7,28,4,138,5,41,168,118,35,73,16,38,26,9,10,2,16,77,20
2024-08,49,59,35,6,4,46,27,19,2,15,18,4,0,63,49,129,19,17,5,15,7,5,17,3,8,38,9,26,3,45,36,4,29,9,4,2,17,17,26,9,97,12,14,135,71,2,39,9,44,25,32,8,1,12,86,10
2024-09,49,50,16,3,2,33,31,12,1,39,12,1,1,48,52,105,24,12,6,6,8,9,15,4,10,29,7,25,0,47,37,13,20,22,7,4,15,17,42,10,76,5,23,122,68,2,42,0,29,18,11,9,3,16,49,15
2024-10,49,98,26,6,0,38,33,15,7,19,8,0,0,31,36,110,7,8,7,14,0,7,16,0,7,25,7,18,1,54,31,6,9,11,8,1,5,8,40,7,94,9,38,97,68,4,50,5,23,33,11,5,2,8,16,11
2024-11,49,50,20,8,1,32,18,5,4,20,7,1,0,22,35,95,9,13,2,14,8,1,9,1,2,25,8,16,3,34,18,2,14,10,7,0,10,15,35,6,84,2,20,33,30,13,33,2,9,28,8,3,2,15,0,2
2024-12,49,63,5,2,0,43,25,18,2,19,7,1,4,29,41,101,10,7,10,20,4,8,15,7,9,37,5,24,1,18,13,4,16,4,2,1,4,10,48,6,99,4,20,22,23,2,17,75,25,16,20,2,4,15,0,8
2025-01,49,49,31,4,0,33,22,39,5,64,5,3,4,10,39,72,10,6,8,18,3,38,6,12,17,35,8,11,3,23,7,3,4,21,2,3,21,11,37,2,105,8,31,7,12,2,15,165,29,18,22,10,1,20,0,2
2025-02,49,72,18,3,3,25,28,18,1,30,5,2,4,28,28,76,19,12,4,11,2,14,13,0,13,110,11,14,3,29,12,4,7,4,3,5,15,14,29,8,67,7,20,11,14,0,9,119,26,27,20,3,1,13,0,0
2025-03,49,46,39,40,3,44,35,19,1,19,15,0,2,32,39,111,17,23,9,10,11,10,11,4,6,139,4,21,1,25,20,9,22,32,15,0,4,8,40,5,140,10,31,63,33,2,53,107,23,25,27,22,4,23,0,2
2025-04,49,67,27,16,2,30,25,12,3,23,20,0,0,41,59,105,17,18,4,8,5,13,11,0,6,62,10,20,2,24,33,12,32,27,2,0,4,5,42,10,80,2,47,71,32,2,37,141,33,31,25,52,1,55,2,7
2025-05,49,93,26,6,2,52,36,6,2,18,30,2,3,60,55,155,7,13,3,10,6,5,13,2,2,42,15,29,2,47,32,11,15,17,5,0,3,3,44,8,116,10,38,178,292,4,85,10,31,13,15,10,2,16,123,16
2025-06,49,63,16,6,3,38,47,9,2,17,34,1,0,64,53,138,23,12,3,37,6,5,5,7,8,37,18,23,0,52,54,5,13,11,6,0,12,5,39,3,80,4,41,122,110,9,65,29,40,16,63,11,2,14,146,27
2025-07,49,70,20,9,3,55,35,10,5,11,15,0,1,62,71,185,14,12,8,60,3,7,14,1,14,30,13,34,2,41,72,8,25,22,5,1,5,6,46,7,68,9,33,165,102,23,81,5,42,38,36,21,3,8,136,19
2025-08,49,58,18,6,9,40,49,20,3,23,20,2,4,62,61,156,15,12,2,21,6,3,19,1,7,31,24,40,5,82,60,5,39,27,7,0,3,2,61,9,67,13,32,172,80,6,65,19,36,25,44,14,4,181,91,26
2025-09,49,63,14,9,4,41,36,11,5,21,13,2,1,64,52,131,23,14,6,19,12,9,16,2,13,64,15,33,3,58,38,9,15,16,9,1,15,10,59,10,83,13,27,144,34,5,35,17,27,35,45,3,2,21,57,21
2025-10,49,73,18,3,2,38,38,15,2,12,14,2,6,55,46,136,14,8,5,11,13,6,13,0,10,33,19,24,4,48,29,5,20,24,9,3,18,11,56,11,149,9,24,90,49,2,49,63,14,47,23,10,0,10,23,6
2025-11,49,57,40,2,0,30,19,7,1,10,13,2,2,44,38,95,13,10,2,21,8,4,6,0,7,23,8,26,5,54,8,4,8,6,15,0,14,11,54,4,76,5,12,47,26,1,23,12,14,23,20,2,0,2,0,8
2025-12,49,80,27,0,0,32,31,23,0,32,0,1,4,20,28,88,24,6,7,25,2,11,3,2,13,65,45,25,1,19,7,7,14,2,11,2,17,13,50,6,93,3,43,17,19,0,7,10,14,10,28,5,0,23,0,4
2019-01,50,0,4,1,0,4,0,0,1,0,0,2,0,0,0,0,0,3,1,0,0,0,0,0,4,2,0,0,0,0,0,1,0,16,3,0,0,0,3,0,3,0,1,0,0,0,0,1,1,0,4,0,0,0,0,0
2019-02,50,2,9,2,0,3,3,3,0,1,0,2,0,1,2,11,0,1,0,0,2,2,1,1,0,40,0,0,1,0,0,3,2,0,2,0,0,0,0,0,21,0,0,0,0,0,4,3,2,0,16,1,0,0,0,0
2019-03,50,2,11,1,3,6,4,1,0,1,0,0,2,2,0,9,0,2,4,2,0,1,0,0,0,31,1,2,1,9,2,1,5,1,6,0,0,3,6,1,39,0,1,6,2,1,4,9,3,6,24,0,1,2,0,1
2019-04,50,5,3,6,2,4,6,2,0,2,1,0,2,2,1,19,1,3,2,0,1,2,1,2,0,59,4,4,2,4,2,2,4,1,9,0,2,4,10,7,34,0,4,6,4,1,2,8,7,3,8,5,0,3,0,0
2019-05,50,7,10,6,1,4,5,2,0,5,0,0,2,1,2,23,0,1,0,2,4,2,1,0,0,46,4,3,0,2,7,6,12,0,63,1,2,5,5,0,26,4,4,10,10,0,7,11,3,3,6,6,0,17,29,0
2019-06,50,5,11,5,0,3,12,2,0,8,1,1,1,0,4,21,1,1,3,2,1,3,5,0,3,33,4,8,0,9,12,3,5,5,1,0,2,1,7,0,16,1,3,19,6,3,12,19,5,6,4,7,0,5,64,4
2019-07,50,7,1,1,1,5,10,0,0,9,0,2,0,8,4,18,2,5,1,4,2,4,3,1,3,28,1,6,0,5,6,1,8,2,5,0,2,2,8,1,41,2,0,15,6,1,8,13,6,4,18,9,0,4,62,1
2019-08,50,9,4,4,1,3,4,3,0,5,2,1,0,3,3,20,1,2,2,0,6,1,2,20,0,20,1,5,0,7,5,3,4,2,1,0,0,3,6,0,29,2,5,9,4,1,19,14,2,6,30,1,0,0,54,0
2019-09,50,5,8,3,1,4,4,1,0,1,2,0,0,9,4,9,0,1,1,2,2,1,2,0,2,13,4,0,0,3,5,2,7,2,1,0,0,5,9,2,19,2,4,8,5,0,5,15,0,7,36,1,0,4,41,1
2019-10,50,5,4,0,0,3,10,0,0,3,0,0,2,2,4,18,1,1,0,2,1,0,2,0,1,17,3,2,2,13,4,1,1,1,1,0,0,2,5,2,20,0,6,14,3,0,11,13,1,6,10,0,0,1,17,1
2019-11,50,1,8,0,0,1,5,2,0,0,0,1,2,9,5,8,2,0,0,1,1,0,1,0,1,7,2,1,1,6,1,0,2,1,4,0,0,0,5,1,21,2,4,10,7,0,6,11,3,0,7,2,1,1,2,1
2019-12,50,3,14,0,0,6,2,2,0,1,0,0,2,8,4,14,0,1,0,0,1,1,1,1,1,9,10,1,0,6,2,0,2,0,10,0,1,0,3,1,17,1,5,3,1,0,3,4,2,3,1,1,0,1,0,1
2020-01,50,7,16,0,0,7,4,1,0,2,0,0,10,7,3,12,0,0,0,0,0,3,2,0,1,26,14,3,0,4,2,4,6,2,42,0,0,1,5,2,14,1,2,10,2,0,5,3,6,4,1,0,0,3,0,0
2020-02,50,6,8,0,0,2,3,1,0,3,1,1,11,2,1,8,0,1,0,0,0,2,4,0,0,21,5,1,0,4,1,1,0,4,18,0,6,2,5,0,11,0,2,7,0,0,1,3,2,6,7,0,3,0,0,0
2020-03,50,3,16,1,0,6,8,0,7,2,1,0,2,5,4,23,11,1,0,1,0,0,0,0,0,22,0,2,0,3,2,1,3,0,1,1,1,1,5,3,25,0,1,9,2,0,6,2,0,2,2,1,0,1,0,0
2020-04,50,4,7,0,0,6,8,2,36,2,2,0,1,5,10,19,4,0,0,2,2,0,0,0,2,30,1,0,1,3,0,1,3,1,12,0,0,1,1,3,7,4,2,11,4,2,5,85,1,3,1,1,0,2,0,0
2020-05,50,1,6,0,1,6,9,0,7,2,1,1,0,3,1,25,1,0,0,1,0,0,1,0,0,15,7,4,1,7,7,1,7,2,0,0,2,1,7,0,3,6,5,24,3,2,8,13,8,3,0,3,0,9,8,2
2020-06,50,11,5,2,0,10,7,0,3,1,5,0,1,8,8,42,1,5,0,2,3,1,0,0,0,8,6,1,0,8,5,1,12,1,11,0,0,0,3,1,16,3,4,37,21,2,11,32,5,3,0,1,1,2,45,0
2020-07,50,9,5,1,0,8,9,2,6,3,3,1,0,1,6,38,4,6,0,0,5,0,1,3,0,5,7,5,1,8,1,1,1,2,0,2,0,2,5,3,9,0,4,29,9,0,9,24,3,5,1,0,0,4,85,0
2020-08,50,19,4,2,1,8,5,1,3,7,1,0,1,3,4,30,0,2,0,3,0,1,1,0,3,4,8,11,0,9,4,0,4,5,6,0,0,1,3,1,18,0,6,49,62,0,12,20,7,8,1,0,0,1,18,2
2020-09,50,23,6,0,0,8,17,0,5,0,0,0,2,1,16,36,0,1,0,2,2,0,1,0,3,9,7,8,1,7,5,1,3,1,5,0,0,1,6,1,11,0,3,17,6,7,5,8,5,1,2,0,1,0,9,1
2020-10,50,29,4,0,0,10,10,1,1,2,1,0,0,2,0,22,0,0,1,1,2,2,1,22,2,5,5,10,0,6,2,2,3,2,0,0,0,0,8,1,42,2,6,15,7,0,5,8,1,2,1,0,0,1,8,0
2020-11,50,11,0,3,0,8,5,3,4,4,3,0,0,2,3,31,2,2,1,2,1,0,2,1,0,11,1,1,0,8,2,1,1,2,0,0,0,0,3,2,13,1,4,10,0,0,7,4,4,5,1,0,1,2,0,3
2020-12,50,9,1,0,0,12,10,0,1,2,0,0,2,0,1,20,0,0,0,4,0,0,0,0,0,16,4,4,1,2,4,0,1,0,0,0,0,0,3,0,11,2,4,6,2,0,3,2,1,2,0,1,0,1,0,0
2021-01,50,12,1,1,2,6,0,1,0,9,1,0,2,2,1,8,0,0,1,2,2,1,1,0,0,20,2,4,0,2,5,0,0,1,1,0,0,0,4,1,34,3,4,8,2,0,3,8,2,3,0,1,1,1,0,0
2021-02,50,19,0,0,2,4,12,1,1,3,0,0,1,2,1,12,0,2,0,15,0,3,2,1,3,10,7,2,1,1,2,1,2,0,0,0,0,1,2,0,6,2,8,0,1,0,1,3,1,2,1,0,0,4,0,0
2021-03,50,8,2,1,1,6,4,1,3,1,1,0,0,2,12,15,0,2,0,6,0,0,1,0,1,19,11,2,0,4,2,0,2,3,3,0,0,0,9,1,9,1,3,5,1,0,3,4,4,6,0,0,0,2,0,1
2021-04,50,12,0,4,1,9,2,0,1,3,2,0,0,2,3,28,1,0,0,0,1,0,0,0,2,8,6,9,0,6,2,2,2,3,0,0,0,7,11,5,7,1,4,5,2,1,7,2,2,4,1,1,0,1,0,0
2021-05,50,9,2,0,3,10,7,1,1,1,1,0,0,5,8,29,5,0,5,5,1,4,3,1,4,15,9,3,1,3,6,1,3,5,1,0,0,2,5,5,16,0,4,12,3,0,3,7,5,8,3,2,1,11,19,2
2021-06,50,17,3,0,2,4,5,1,0,8,0,1,1,7,7,20,0,0,0,1,6,0,0,3,0,6,10,4,0,1,6,2,5,2,2,0,0,2,3,0,18,0,11,19,13,3,14,13,5,5,1,4,0,5,26,3
2021-07,50,30,5,0,2,6,2,2,0,3,5,0,1,6,8,28,2,1,1,2,0,0,0,0,1,7,2,8,0,11,5,3,4,2,9,0,0,1,7,0,12,2,4,21,9,1,12,12,2,1,22,5,0,1,35,3
2021-08,50,15,9,0,0,10,3,0,0,3,0,1,0,14,3,40,2,0,0,2,0,0,3,0,0,7,4,5,0,6,3,1,4,7,2,0,0,1,11,3,27,2,8,36,22,0,12,11,3,4,7,4,0,2,12,5
2021-09,50,14,13,0,0,4,12,1,2,6,0,1,3,7,4,11,0,3,0,3,1,0,2,0,0,7,6,1,1,5,3,0,3,0,7,0,0,4,10,1,17,1,12,15,10,0,11,25,4,5,1,1,0,2,17,3
2021-10,50,8,6,1,2,5,9,2,0,6,1,0,2,3,4,19,0,5,0,0,1,0,3,0,0,4,2,4,0,14,4,0,6,0,2,0,0,0,12,0,48,1,4,17,16,2,7,6,2,7,2,3,0,5,0,0
2021-11,50,12,5,1,0,7,5,2,2,2,0,0,0,2,2,17,2,2,0,1,0,1,2,0,1,6,3,2,0,7,2,1,2,2,7,0,1,1,7,3,9,0,0,10,1,0,2,3,0,4,0,1,0,7,0,2
2021-12,50,12,3,0,2,5,4,0,1,0,1,0,0,1,5,10,0,1,0,5,0,0,0,0,0,6,3,2,1,7,1,0,5,1,0,0,0,0,1,0,21,3,5,2,3,0,1,0,5,2,0,0,0,3,0,3
2022-01,50,9,2,0,0,4,6,2,1,8,0,1,0,0,0,8,0,0,0,2,0,1,2,1,1,13,3,2,0,3,0,2,2,0,3,0,2,1,1,0,9,5,4,1,1,0,4,4,1,2,0,1,0,2,0,0
2022-02,50,10,3,1,1,4,4,2,0,4,0,0,1,2,7,9,0,1,2,2,0,1,1,0,0,21,17,6,0,2,1,1,0,0,5,1,0,0,2,0,8,0,1,0,1,0,2,0,3,2,1,1,0,3,0,1
2022-03,50,15,5,0,1,3,7,1,0,3,3,0,0,2,4,12,12,0,0,0,2,0,0,1,0,43,3,4,1,2,1,4,8,0,14,0,11,2,10,0,26,0,6,5,6,2,6,0,5,4,0,6,1,4,0,3
2022-04,50,13,5,2,2,7,8,2,0,7,3,1,3,4,3,12,1,0,2,0,2,0,1,0,0,38,1,8,1,3,6,1,2,4,1,0,2,0,13,1,1,0,1,16,6,0,12,6,10,12,0,6,0,4,0,1
2022-05,50,6,7,1,0,8,9,2,0,2,6,1,5,6,9,20,0,3,0,2,0,0,6,0,0,23,3,1,1,3,13,2,7,3,0,0,0,0,8,1,8,0,5,12,7,8,10,14,10,4,4,3,0,3,9,3
2022-06,50,22,2,2,1,4,6,6,0,2,1,0,0,14,2,24,2,3,0,2,0,1,5,1,0,32,5,4,1,4,5,0,5,2,0,0,0,0,8,1,21,2,4,12,8,1,7,11,4,4,2,4,0,1,16,2
2022-07,50,18,6,0,2,4,12,2,1,1,0,0,2,5,0,14,2,3,0,3,2,0,2,0,0,24,3,1,0,6,8,2,2,7,0,1,1,1,10,1,62,4,10,23,6,0,7,18,5,3,3,5,0,1,9,1
2022-08,50,25,4,6,1,5,7,0,0,4,3,1,2,10,10,25,4,2,0,4,2,0,2,0,1,12,2,2,0,15,7,1,6,4,1,0,1,3,8,1,20,1,8,31,8,4,7,16,7,1,3,4,1,3,9,2
2022-09,50,17,3,1,1,4,15,1,0,5,6,0,1,6,7,27,1,5,0,6,6,0,5,0,0,4,5,4,0,13,6,2,8,4,1,0,0,0,10,0,18,4,11,15,3,43,5,11,6,1,5,1,0,0,2,2
2022-10,50,5,0,0,0,5,2,1,0,5,2,1,0,3,9,17,0,3,0,4,0,0,1,1,0,4,7,5,0,6,1,0,3,0,1,0,0,3,4,0,17,0,3,7,21,2,9,5,5,7,2,1,0,2,0,2
2022-11,50,15,1,0,1,5,2,1,0,1,0,0,2,2,5,16,3,1,1,2,1,1,1,1,1,5,9,3,0,4,0,0,1,1,0,1,0,3,7,5,29,2,4,26,7,0,4,7,3,5,1,1,0,0,0,3
2022-12,50,17,3,0,3,3,7,2,0,2,0,0,3,0,3,15,8,1,0,4,2,5,0,0,2,7,3,2,0,10,3,0,1,3,3,0,1,6,10,2,19,1,1,3,0,1,2,7,2,4,4,0,0,2,0,1
2023-01,50,23,2,1,1,4,6,2,0,0,0,0,1,3,2,14,2,0,1,4,1,1,1,0,0,14,0,0,0,5,2,2,2,2,0,0,2,4,5,0,9,1,2,1,1,2,3,0,1,3,5,1,0,3,0,0
2023-02,50,17,0,1,0,7,3,3,0,0,2,0,0,3,4,14,0,0,0,1,0,2,1,0,3,26,2,1,0,1,3,2,2,1,0,0,0,1,4,0,2,0,10,3,2,7,1,2,1,3,4,1,0,8,0,0
2023-03,50,12,2,3,1,4,2,4,0,2,0,1,0,4,0,18,1,1,0,3,0,0,3,0,1,32,5,8,0,4,2,0,1,1,0,0,0,2,13,0,3,2,9,1,0,0,5,0,9,3,1,0,0,1,0,1
2023-04,50,9,8,0,0,4,0,1,0,12,1,0,1,7,3,17,6,4,0,2,0,1,1,0,2,20,1,4,0,10,3,2,2,3,1,0,0,2,14,1,10,0,20,6,6,1,11,0,2,1,2,3,0,3,0,3
2023-05,50,5,2,1,2,10,2,1,0,5,1,0,1,5,8,20,1,1,0,1,2,3,2,0,0,24,0,4,0,1,5,1,2,4,7,0,0,2,4,2,7,1,10,5,2,1,6,0,4,2,3,0,0,0,4,2
2023-06,50,24,2,2,0,4,4,1,0,5,0,1,0,7,3,13,0,3,0,0,5,0,7,0,2,7,0,6,3,3,7,1,5,2,13,0,0,7,11,2,13,1,2,16,6,7,12,2,4,4,7,2,0,3,8,3
2023-07,50,14,1,0,3,8,14,3,0,2,0,1,0,3,2,17,0,0,0,0,0,1,2,0,1,16,0,1,0,3,2,4,9,4,1,0,0,6,8,0,27,2,6,21,12,1,14,0,5,4,5,8,1,78,5,1
2023-08,50,9,6,1,0,9,7,0,0,4,0,0,0,6,11,17,4,4,0,6,3,0,0,0,1,7,1,6,0,4,13,4,4,5,3,1,1,4,13,7,28,0,5,27,9,31,17,0,6,7,5,1,0,2,8,6
2023-09,50,13,2,1,1,7,11,8,0,3,2,1,0,8,1,27,1,4,0,0,4,4,1,1,1,6,0,5,0,10,4,1,4,3,1,0,0,2,9,0,9,3,4,11,5,1,8,1,3,2,5,2,0,16,3,1
2023-10,50,13,6,1,3,9,12,1,0,2,1,0,0,7,1,27,0,2,1,2,5,0,2,0,0,8,2,12,0,8,2,7,32,2,2,0,6,9,15,1,29,0,7,12,11,0,13,5,3,2,5,2,1,4,1,2
2023-11,50,17,7,1,0,8,3,1,0,0,0,0,0,9,2,10,0,2,0,3,10,1,2,0,0,1,2,5,0,1,1,1,0,1,0,0,0,0,2,1,31,0,0,4,2,1,3,102,3,4,3,0,0,1,0,1
2023-12,50,14,4,0,1,7,3,3,0,1,0,0,1,3,1,9,0,1,0,0,1,2,0,0,1,9,0,4,0,2,0,0,0,1,4,0,3,5,6,0,32,0,9,0,2,0,3,103,2,3,1,4,1,5,0,0
2024-01,50,16,2,1,1,3,3,1,3,7,1,0,0,2,10,10,1,0,3,4,1,7,1,2,1,16,3,5,1,5,0,1,1,1,0,0,0,0,12,0,12,0,3,3,5,0,6,98,4,1,2,3,0,4,0,0
2024-02,50,18,1,0,1,7,4,5,0,3,0,0,0,14,3,17,1,1,0,1,2,4,3,0,2,24,1,0,0,4,1,2,7,1,0,0,0,10,10,5,30,2,1,7,1,0,6,104,0,11,1,0,0,4,0,0
2024-03,50,13,1,1,0,2,9,2,0,4,3,0,1,7,5,12,1,1,0,3,0,0,5,0,2,20,1,3,0,0,4,1,1,1,0,0,0,1,5,0,30,1,5,6,8,0,9,82,1,3,3,9,0,1,0,0
2024-04,50,15,1,1,0,2,5,1,1,0,2,0,0,2,3,22,3,5,0,3,0,0,2,0,0,24,0,5,0,7,2,1,4,2,2,0,0,3,7,1,26,0,2,14,10,0,7,44,5,8,3,2,0,0,0,0
2024-05,50,19,2,2,0,7,3,2,0,3,1,1,0,14,4,15,3,0,1,0,0,1,0,0,0,35,3,12,0,7,7,3,4,2,0,0,0,1,13,2,39,6,0,15,27,5,16,8,5,10,2,1,0,3,17,1
2024-06,50,8,2,4,0,9,3,2,1,2,1,0,0,7,6,14,1,1,1,2,0,3,0,0,1,62,1,7,0,9,2,1,0,4,2,0,0,6,7,1,11,2,3,16,21,0,18,27,2,1,1,1,0,0,9,3
2024-07,50,17,1,2,0,6,12,4,1,2,0,1,0,5,5,29,0,0,1,2,0,1,0,0,1,18,0,5,1,13,10,0,4,2,0,0,4,3,4,0,16,0,6,52,20,1,17,21,6,2,1,3,0,2,6,3
2024-08,50,14,3,2,1,10,11,5,1,2,1,1,0,3,8,20,0,2,0,2,2,0,1,0,0,9,1,2,2,13,5,0,2,2,0,2,6,2,4,0,2,0,7,28,15,7,16,0,4,2,5,2,0,1,13,2
2024-09,50,16,1,3,0,7,10,2,0,2,2,0,0,7,10,23,1,0,0,2,3,0,2,0,0,7,3,2,0,11,1,0,0,3,1,0,0,1,9,1,5,2,7,13,9,0,17,0,2,1,1,4,0,0,3,3
2024-10,50,9,4,0,0,6,2,1,0,4,0,0,1,8,6,19,0,0,1,0,2,1,2,0,2,9,0,5,0,11,1,1,1,1,6,1,3,3,17,2,2,2,10,20,7,32,17,0,5,9,1,0,1,1,1,4
2024-11,50,11,2,0,0,7,4,1,1,2,0,0,1,5,3,14,0,0,0,2,0,0,1,0,2,15,4,3,0,5,2,1,5,1,3,0,0,2,9,0,8,2,13,9,11,0,6,1,5,6,3,1,0,0,0,2
2024-12,50,14,0,0,1,6,1,0,1,4,4,1,2,2,0,18,0,0,2,6,1,0,1,0,0,6,4,1,0,4,0,0,1,1,2,0,0,0,9,0,7,3,11,4,6,0,6,2,3,0,2,2,0,7,0,3
2025-01,50,18,0,1,1,2,0,2,0,13,1,0,3,3,5,8,2,2,1,2,0,5,0,0,1,3,2,2,2,3,2,1,1,0,2,0,0,0,4,0,21,1,5,2,1,0,1,0,3,3,19,2,0,1,0,0
2025-02,50,20,1,1,0,9,1,4,1,10,1,1,4,6,2,13,4,1,2,1,0,1,0,0,0,18,4,1,1,3,1,3,2,3,3,0,2,3,11,0,12,0,5,1,3,1,24,7,2,2,7,1,0,2,0,2
2025-03,50,22,1,5,1,3,2,3,1,3,5,0,0,5,4,16,1,0,0,1,0,2,1,0,2,56,2,4,0,7,2,6,5,2,6,0,1,0,5,4,13,0,3,10,8,10,12,3,4,0,8,0,1,2,0,0
2025-04,50,23,2,2,2,5,4,2,0,6,1,0,0,3,3,17,3,4,0,1,2,2,5,0,1,26,8,4,0,7,4,2,7,4,3,0,2,1,5,2,17,2,3,10,4,2,16,2,1,0,3,15,0,10,0,0
2025-05,50,14,0,0,0,7,1,2,2,2,0,0,1,5,9,18,0,3,1,1,4,1,3,0,0,8,3,3,0,7,7,3,1,0,4,0,4,4,8,1,20,0,8,68,93,6,23,0,6,5,5,2,0,3,3,1
2025-06,50,20,0,1,1,2,4,2,1,2,3,0,1,6,16,25,0,0,0,0,2,2,1,0,2,7,0,6,0,6,3,3,4,3,3,0,0,0,18,0,8,3,12,34,30,26,13,3,9,6,3,1,1,7,15,1
2025-07,50,20,2,1,0,9,5,3,2,2,3,1,3,7,9,18,0,3,1,4,1,0,2,1,0,9,2,6,0,7,7,1,3,1,1,0,0,2,7,2,36,3,5,31,39,2,33,1,4,0,6,5,0,2,9,4
2025-08,50,11,5,0,0,9,2,1,0,3,2,0,0,3,4,21,2,0,0,3,0,1,1,0,2,9,4,5,0,7,3,1,4,5,7,0,2,0,9,1,10,4,4,30,14,0,9,2,1,0,9,0,0,27,14,4
2025-09,50,13,2,1,0,10,3,3,0,3,1,0,0,3,12,24,0,0,0,5,0,1,2,0,5,18,0,7,0,8,4,1,2,4,1,0,0,2,20,2,9,1,4,16,5,1,16,1,2,5,7,1,0,5,5,5
2025-10,50,14,0,0,0,6,9,5,0,3,0,0,0,4,7,20,1,1,0,1,1,0,7,1,4,3,3,6,0,10,2,1,5,4,0,0,0,0,21,3,10,1,8,24,15,7,8,0,0,9,1,6,0,6,2,2
2025-11,50,17,1,0,0,2,3,1,0,5,1,0,15,3,10,14,0,2,0,2,0,2,0,0,3,2,0,2,0,6,4,1,5,5,1,0,0,1,25,3,8,0,3,9,12,1,13,41,1,13,3,2,0,0,0,1
2025-12,50,11,1,0,0,4,1,13,0,5,0,0,2,9,5,12,0,0,0,10,0,4,2,0,2,27,1,4,0,3,1,1,3,1,1,0,0,5,15,0,18,0,20,2,6,0,3,2,1,4,4,3,0,3,0,0
2019-01,51,0,16,0,0,11,0,1,0,0,0,0,0,0,1,0,0,0,1,0,0,0,0,0,1,3,0,0,4,0,1,4,3,19,1,0,0,0,3,0,11,0,1,0,0,0,5,3,3,0,23,2,1,0,0,0
2019-02,51,1,15,3,0,5,2,0,0,0,1,1,0,0,0,26,1,6,2,1,2,0,1,0,0,127,1,0,1,0,2,0,4,3,18,0,0,0,3,0,60,0,0,2,0,0,4,12,1,0,22,1,1,2,0,0
2019-03,51,6,9,13,1,6,12,0,1,15,0,0,1,5,4,26,6,2,0,3,2,4,3,1,1,146,5,8,1,7,2,6,17,2,9,0,0,3,12,5,43,4,18,16,2,0,10,7,6,6,20,8,0,5,0,1
2019-04,51,17,17,13,0,8,14,2,2,4,1,0,0,5,2,36,18,1,0,1,4,3,1,2,0,71,3,6,2,8,6,17,26,2,28,1,0,5,7,5,32,6,13,33,1,2,18,8,1,5,13,22,0,2,0,5
2019-05,51,6,29,19,2,12,19,5,1,7,1,0,0,9,4,73,7,0,0,7,3,0,1,0,0,69,10,13,1,9,7,2,35,4,16,3,2,3,20,7,36,3,19,27,5,1,18,28,5,8,6,29,0,21,129,11
2019-06,51,18,28,14,3,10,13,2,1,5,4,2,1,7,4,75,32,3,0,4,3,1,10,0,1,43,10,11,4,9,27,8,13,1,6,0,0,3,19,4,95,2,11,39,14,1,4,34,11,14,0,6,1,5,170,5
2019-07,51,28,35,17,1,20,15,3,1,3,0,0,0,11,12,138,17,8,2,2,2,2,5,2,7,80,17,16,6,22,25,13,51,4,30,2,6,11,20,4,156,1,13,66,12,1,7,61,22,15,50,10,1,5,186,7
2019-08,51,11,31,12,0,21,16,2,1,4,1,0,1,9,5,63,33,8,1,4,2,4,4,1,1,54,16,9,1,5,32,18,13,4,16,2,4,16,18,7,89,9,21,56,7,1,24,46,13,14,72,3,1,1,133,4
2019-09,51,12,59,11,1,16,14,2,0,10,1,0,2,11,4,44,50,1,0,7,3,20,4,17,3,63,4,21,0,11,14,8,11,2,23,2,10,11,27,2,136,3,22,33,8,2,11,44,5,12,62,19,3,0,185,0
2019-10,51,13,30,8,0,4,14,2,0,12,0,0,1,19,2,36,33,8,5,4,1,10,2,1,10,79,7,6,0,18,10,11,13,1,19,0,0,6,15,1,66,4,11,27,5,1,7,19,7,6,29,11,0,3,17,10
2019-11,51,16,23,4,0,6,1,5,0,6,0,1,4,14,3,33,37,4,3,2,1,1,1,1,6,35,11,8,1,4,4,2,5,2,20,0,0,5,11,0,72,11,15,50,10,0,4,20,1,5,12,1,0,2,7,2
2019-12,51,20,40,2,0,13,13,1,0,11,0,2,3,6,1,27,24,4,1,6,4,1,6,0,1,22,9,12,0,5,7,2,7,0,30,0,0,1,24,3,143,4,13,12,1,0,7,5,2,8,1,3,0,1,0,1
2020-01,51,13,38,1,0,15,7,3,2,12,0,0,6,4,6,33,35,5,0,3,1,5,1,1,7,36,21,4,1,8,1,4,11,0,4,2,0,3,10,1,112,8,13,8,2,0,7,10,8,13,5,16,0,8,0,0
2020-02,51,7,19,4,0,10,6,8,0,5,0,0,5,2,2,22,14,3,1,0,2,7,2,0,8,37,9,5,0,2,1,4,6,0,18,0,0,1,10,2,222,5,6,4,0,3,7,6,6,11,6,3,0,2,0,0
2020-03,51,10,17,9,0,6,9,5,5,1,1,1,0,12,4,33,39,5,1,6,3,1,2,2,0,88,10,2,2,8,8,6,63,3,11,1,0,4,12,2,63,3,18,17,2,0,9,11,5,5,5,17,0,5,0,1
2020-04,51,10,10,2,3,9,5,1,25,16,1,0,0,4,6,32,12,7,1,5,0,1,3,3,3,42,4,8,2,7,4,8,21,1,37,1,0,8,12,4,58,4,21,24,3,0,7,24,3,9,0,18,0,3,0,7
2020-05,51,13,10,14,3,12,10,5,18,10,1,1,0,17,7,50,46,4,0,11,2,3,8,1,0,44,9,7,3,9,20,9,51,1,11,1,4,11,9,2,64,2,57,53,11,1,4,32,7,15,2,28,0,17,26,3
2020-06,51,24,17,28,0,16,19,1,7,6,6,0,0,21,5,60,18,7,1,16,0,1,8,2,0,62,15,8,2,16,17,3,24,2,23,0,1,9,19,6,132,5,366,69,26,0,18,64,8,21,3,15,0,2,36,6
2020-07,51,28,20,16,0,16,16,8,9,5,1,0,0,19,13,73,31,1,1,8,1,8,4,3,3,41,9,12,1,30,12,7,28,1,18,0,2,4,10,9,67,5,6,116,19,2,12,51,6,7,2,5,0,5,111,6
2020-08,51,26,12,3,0,12,10,4,14,5,4,1,0,7,6,59,66,2,5,5,1,4,4,1,4,31,9,12,3,17,5,4,14,4,10,2,3,2,6,2,68,5,12,200,52,1,12,34,6,8,1,9,1,2,119,5
2020-09,51,18,15,1,0,8,12,5,5,0,3,1,1,12,8,60,19,2,0,6,1,0,2,3,0,23,10,22,1,24,12,2,12,0,12,0,0,0,14,3,74,3,30,96,24,0,11,16,7,6,1,3,2,2,5,6
2020-10,51,12,10,13,0,15,5,2,1,5,0,0,2,10,6,39,24,4,1,5,1,3,3,0,0,14,9,2,0,8,13,1,7,2,17,0,4,8,16,2,44,1,12,48,8,0,10,10,6,10,1,3,0,2,20,3
2020-11,51,12,26,1,0,12,8,5,8,5,1,0,2,11,3,37,33,3,0,6,3,1,2,3,2,6,10,3,2,7,2,4,10,3,18,0,0,16,6,8,89,3,4,36,7,0,6,8,6,8,0,8,0,1,1,7
2020-12,51,12,8,9,0,11,4,10,7,6,1,0,2,27,2,34,31,1,0,14,1,5,0,3,3,29,9,8,2,7,2,0,4,0,7,0,2,6,12,1,14,6,33,13,4,0,4,3,4,6,1,2,0,3,0,3
2021-01,51,17,8,7,0,13,5,3,4,10,2,2,3,2,3,28,34,0,3,6,2,6,2,3,1,68,10,4,0,9,1,1,5,4,24,0,5,6,11,0,20,4,8,18,2,0,6,5,6,5,1,2,6,9,0,0
2021-02,51,25,4,3,0,8,4,1,1,7,1,2,1,5,4,24,4,3,0,54,3,4,2,0,2,56,13,7,0,1,5,4,8,0,9,1,0,3,18,0,26,3,7,2,2,0,2,9,3,6,0,1,0,6,0,0
2021-03,51,27,13,6,0,15,2,2,3,9,2,0,0,12,7,33,24,2,1,7,1,2,12,0,1,39,31,6,1,17,10,3,12,0,24,0,0,7,13,6,58,11,11,10,2,1,5,12,5,5,3,1,1,7,0,3
2021-04,51,21,15,2,0,15,7,3,3,2,2,1,1,14,11,53,23,6,4,4,2,1,1,0,1,31,6,15,0,9,11,0,14,2,17,1,0,5,13,4,32,6,6,27,2,2,7,14,5,2,0,1,2,7,0,0
2021-05,51,37,3,4,0,13,12,5,4,5,6,1,0,11,12,43,40,1,1,1,2,1,3,3,1,39,7,6,1,6,27,1,16,3,11,0,0,1,9,7,41,2,8,35,22,3,11,19,7,6,2,5,0,0,28,4
2021-06,51,12,13,8,0,24,13,2,1,5,7,0,0,14,7,65,9,1,0,13,3,2,15,35,6,14,13,18,2,18,23,3,11,6,13,0,0,6,14,8,42,2,9,64,17,1,14,29,13,8,2,18,0,3,50,7
2021-07,51,23,8,0,1,22,14,3,1,1,6,1,1,7,10,101,12,7,1,9,2,5,9,0,0,12,17,11,1,12,41,2,10,4,23,0,0,2,22,8,33,2,9,107,15,0,21,39,7,18,33,7,2,2,66,7
2021-08,51,22,12,0,0,17,5,5,1,4,2,0,0,18,8,56,26,4,6,8,0,0,4,0,0,9,10,10,2,18,15,3,8,6,15,3,0,4,14,2,91,3,10,104,40,3,40,47,3,13,10,4,1,3,35,3
2021-09,51,23,6,8,0,22,9,6,4,7,3,1,2,18,2,69,18,1,0,5,0,2,4,1,1,14,15,7,2,23,12,9,1,4,12,0,0,2,18,2,39,9,12,78,15,0,12,23,6,16,3,0,5,3,63,12
2021-10,51,27,4,0,0,14,14,3,2,8,2,1,1,15,5,43,22,9,3,4,3,0,6,0,3,12,13,8,2,29,15,4,18,4,15,2,0,3,22,6,39,4,9,66,32,0,19,37,6,14,1,15,1,6,0,3
2021-11,51,27,5,2,0,11,11,6,1,0,0,0,2,15,2,38,1,3,0,6,0,0,1,2,3,8,8,7,1,13,8,5,4,1,12,0,0,5,9,6,58,4,11,26,7,3,4,6,6,8,0,1,0,0,0,1
2021-12,51,14,5,1,0,16,9,5,2,6,1,2,0,2,3,27,16,3,0,21,1,3,0,5,2,23,17,4,4,9,8,2,3,0,5,0,0,2,21,8,36,1,47,20,7,0,7,5,1,11,2,1,0,2,0,0
2022-01,51,23,7,1,0,13,17,6,1,26,0,0,0,11,3,26,16,1,1,8,2,6,2,2,6,15,13,6,1,3,5,2,1,2,11,1,0,2,12,0,53,4,10,4,0,0,1,0,4,9,2,3,0,6,0,0
2022-02,51,35,7,0,1,11,5,4,3,6,0,0,0,8,1,24,2,3,2,5,1,6,2,4,0,92,13,5,1,10,3,3,10,0,14,0,0,6,8,5,58,2,40,2,0,0,5,0,5,4,4,6,0,3,0,0
2022-03,51,43,10,12,0,14,11,2,3,7,0,0,0,13,4,36,19,4,0,7,1,3,4,1,1,106,13,3,2,9,7,5,6,0,8,0,0,0,18,4,65,4,59,24,2,1,11,0,9,9,0,5,1,5,0,3
2022-04,51,30,6,4,0,20,8,3,2,5,1,0,2,9,8,38,28,8,2,6,2,13,2,1,0,53,4,9,2,8,5,2,6,5,3,0,2,1,10,3,17,6,24,30,7,5,9,17,8,7,1,6,1,3,0,2
2022-05,51,20,6,2,0,20,20,2,0,9,5,3,2,21,8,53,7,8,3,4,3,1,3,0,1,51,5,11,2,4,13,3,12,4,4,0,0,4,20,4,48,3,11,33,9,0,15,22,5,3,3,11,1,9,10,5
2022-06,51,38,7,4,0,21,17,4,1,6,3,1,1,21,6,68,16,3,1,11,2,4,4,12,3,59,5,10,0,10,37,5,12,2,20,0,7,8,13,6,76,0,10,91,29,3,14,24,15,8,2,13,0,4,23,11
2022-07,51,28,8,6,0,21,15,1,1,6,2,1,1,10,7,57,14,8,0,3,6,3,7,1,4,28,14,12,0,16,18,9,14,3,2,0,2,2,17,4,51,6,4,92,17,2,15,39,15,2,5,12,0,1,8,7
2022-08,51,28,9,5,0,13,8,0,0,2,1,1,1,18,10,53,14,11,1,9,3,0,6,1,6,38,4,15,1,18,25,4,12,10,4,0,0,0,20,4,61,3,3,92,16,3,21,20,12,6,5,4,1,8,24,5
2022-09,51,19,6,4,0,14,7,4,1,2,3,0,0,9,9,51,18,4,0,7,2,1,6,2,4,8,11,7,2,19,16,1,9,1,3,0,0,2,20,4,64,7,6,53,3,10,9,17,7,13,16,2,1,1,14,3
2022-10,51,16,11,2,0,11,7,3,2,5,0,0,3,20,6,36,31,9,0,7,3,3,6,1,5,7,6,4,2,23,9,1,4,3,2,0,2,7,24,3,67,2,24,51,7,0,6,5,2,15,0,4,1,1,4,3
2022-11,51,28,3,7,0,12,12,1,0,7,0,0,1,5,3,30,20,9,3,5,1,2,1,0,0,24,4,6,0,11,7,3,4,0,9,0,1,1,11,2,92,4,10,41,13,0,7,10,3,7,7,3,0,6,1,8
2022-12,51,24,3,4,0,10,3,7,0,4,1,1,1,2,1,32,21,0,0,6,1,2,0,3,3,20,2,4,1,9,7,2,9,0,1,0,1,6,13,1,45,0,21,5,2,0,5,2,3,3,6,1,1,7,0,0
2023-01,51,22,3,3,0,9,1,1,0,5,2,2,1,6,8,29,8,3,1,2,3,2,5,0,2,20,6,6,2,7,4,0,12,2,2,1,3,5,18,0,28,4,16,8,0,1,1,0,4,8,0,1,1,2,0,0
2023-02,51,35,5,0,0,7,2,3,2,3,0,0,2,5,6,24,17,0,0,2,0,6,4,2,1,51,3,3,4,2,5,2,5,0,3,0,0,7,14,2,50,4,61,13,1,1,2,0,6,4,5,9,0,5,0,1
2023-03,51,24,2,2,0,12,11,4,1,4,4,0,0,4,3,34,20,4,2,3,3,1,6,0,2,76,2,6,0,4,6,4,19,3,3,1,4,1,22,0,18,4,15,19,1,3,13,0,7,14,7,10,0,6,0,0
2023-04,51,14,3,0,3,10,9,3,2,3,4,1,0,52,7,37,9,1,2,3,1,1,9,0,7,37,8,10,2,6,10,0,13,2,6,0,0,3,28,5,36,1,16,33,6,18,5,1,7,17,3,3,1,5,0,3
2023-05,51,12,3,2,0,13,8,2,1,6,2,1,2,23,8,38,26,3,1,5,0,4,10,2,1,25,6,8,1,10,15,1,5,6,9,1,1,3,30,5,17,4,9,28,3,2,14,6,6,10,2,2,1,6,15,6
2023-06,51,28,13,3,0,11,15,3,1,4,2,1,1,26,4,54,36,1,3,6,1,1,7,0,3,30,3,9,1,6,10,1,14,6,16,0,2,2,13,3,23,2,15,79,20,1,20,1,15,16,4,1,0,1,9,5
2023-07,51,15,5,1,0,17,20,2,1,9,2,1,1,10,5,57,48,12,0,5,2,0,4,0,1,59,1,7,2,12,13,2,38,1,7,0,1,5,14,6,45,4,11,85,34,1,16,12,8,12,8,20,0,99,12,1
2023-08,51,20,23,2,0,14,15,3,0,3,2,5,0,22,3,45,53,13,4,9,0,4,6,4,9,14,4,13,1,13,16,4,14,2,3,0,4,4,14,3,47,6,31,86,27,3,13,1,18,12,6,6,0,5,17,11
2023-09,51,30,11,1,1,23,7,5,1,7,1,1,3,26,7,46,25,3,1,2,2,0,5,0,4,30,2,19,2,19,21,3,16,8,2,3,6,6,35,1,42,14,19,63,9,6,11,17,9,11,9,14,1,1,18,12
2023-10,51,27,2,7,1,9,16,5,1,6,5,0,0,21,5,39,15,11,5,8,0,16,1,4,5,34,3,4,1,12,8,9,11,3,2,0,2,5,15,3,44,3,24,42,13,2,11,2,11,10,8,15,2,1,10,3
2023-11,51,33,14,1,1,12,5,7,2,3,1,1,0,27,5,38,19,4,1,10,0,5,6,0,6,17,5,8,1,10,6,0,9,2,4,1,2,4,8,4,38,4,9,20,1,1,4,56,5,6,6,5,1,2,0,2
2023-12,51,15,9,0,1,4,4,5,3,2,1,1,0,15,6,25,30,3,0,4,5,1,3,0,3,19,4,5,0,11,2,0,3,0,2,1,3,1,23,1,29,3,6,11,2,3,1,92,3,11,6,7,0,0,0,3
2024-01,51,23,17,4,1,16,14,3,2,13,1,0,0,15,4,24,40,3,3,6,1,15,5,0,4,78,6,16,0,6,4,1,5,2,10,3,3,7,18,3,45,3,14,6,2,2,4,103,4,10,4,5,1,8,0,0
2024-02,51,36,9,5,1,23,11,6,1,14,2,1,1,32,5,52,47,5,2,4,1,4,7,2,2,80,2,9,2,4,6,8,13,2,5,0,0,5,27,0,37,3,18,13,7,0,2,90,5,12,0,6,0,11,0,2
2024-03,51,34,9,3,0,9,7,2,0,7,3,1,0,5,6,41,6,9,2,4,1,4,8,0,2,40,6,10,1,2,11,0,12,4,6,0,1,4,29,9,68,4,30,38,14,1,7,55,9,15,3,13,0,3,0,2
2024-04,51,34,6,6,0,19,3,3,0,4,0,0,0,17,13,46,32,5,2,5,0,2,9,0,3,50,4,15,2,5,6,1,10,3,3,0,2,6,34,1,28,11,11,38,13,1,16,84,15,12,4,15,0,2,0,3
2024-05,51,22,3,7,0,18,12,3,3,3,4,1,0,19,5,45,43,13,1,5,7,6,2,6,1,32,5,8,1,2,10,0,15,3,20,0,1,2,21,5,18,12,17,40,28,4,18,68,9,10,3,12,0,2,12,7
2024-06,51,21,5,4,0,18,12,0,0,6,4,0,1,15,10,42,19,10,1,3,5,9,2,39,3,26,2,6,0,4,27,1,5,4,10,0,0,1,29,1,28,3,15,69,15,18,19,33,11,19,0,7,1,0,17,9
2024-07,51,17,3,7,0,14,25,6,2,15,2,0,0,18,3,49,53,4,1,16,2,3,8,4,8,33,3,10,0,12,9,1,14,0,6,0,2,3,12,5,21,5,22,115,33,3,15,3,10,6,0,9,1,4,17,5
2024-08,51,24,6,4,0,18,22,23,0,7,2,0,2,23,4,69,21,4,2,8,1,2,4,1,6,18,3,9,0,23,17,0,18,3,8,3,5,10,28,3,28,2,19,81,24,7,19,2,16,20,12,11,3,5,12,10
2024-09,51,26,6,2,0,20,10,14,1,6,2,1,0,30,9,59,46,4,2,4,2,6,9,5,1,10,5,11,1,11,10,3,8,6,5,0,3,6,27,6,44,4,6,62,23,33,21,7,11,14,1,2,0,3,4,10
2024-10,51,24,6,3,0,19,17,9,0,2,5,0,1,9,10,52,19,8,0,4,0,1,6,0,0,8,4,3,0,15,6,0,7,3,8,0,0,7,28,3,75,4,11,61,15,5,16,4,4,22,3,6,0,5,5,3
2024-11,51,23,10,1,0,9,11,4,1,8,0,0,2,14,1,38,24,3,2,6,1,3,6,0,11,12,0,8,1,6,4,1,6,1,2,1,0,2,29,3,47,8,15,15,4,10,10,40,11,11,17,2,0,3,0,2
2024-12,51,22,7,1,0,8,5,1,0,6,2,0,1,16,7,36,22,4,1,8,6,1,1,3,2,10,4,16,5,2,2,1,4,0,5,0,1,5,21,0,21,4,8,5,6,1,1,16,4,14,20,1,2,5,0,1
2025-01,51,50,3,0,0,18,5,5,1,33,1,1,3,18,2,29,16,5,4,7,1,28,4,1,3,34,2,17,0,4,4,1,4,1,3,0,0,4,27,1,40,2,12,10,0,7,3,3,3,7,2,4,0,12,0,0
2025-02,51,31,2,4,0,8,5,2,0,18,1,1,4,11,4,22,40,17,6,8,0,12,5,1,6,53,2,6,4,6,4,3,2,1,4,0,0,5,25,1,26,3,33,6,7,0,10,46,6,6,10,1,0,2,0,3
2025-03,51,28,7,15,0,16,14,0,2,5,0,0,7,12,6,52,74,8,0,7,5,2,4,1,3,89,2,11,2,9,9,2,9,2,5,0,1,7,35,4,29,8,9,38,14,14,31,58,7,24,20,12,0,8,0,2
2025-04,51,28,3,5,3,16,7,5,3,9,4,0,2,10,22,44,31,12,1,4,2,2,9,1,3,57,5,11,0,2,8,6,18,3,13,0,0,0,42,3,52,2,14,52,6,2,27,15,3,13,13,42,2,22,0,5
2025-05,51,38,9,4,1,22,12,5,1,3,2,0,2,20,10,60,41,6,1,13,0,1,4,0,1,39,3,13,0,6,13,2,8,7,2,1,4,6,30,6,47,3,10,130,138,10,19,0,5,15,1,1,0,5,6,7
2025-06,51,39,8,5,0,15,16,4,3,3,3,0,0,21,5,60,23,8,2,13,0,1,11,12,2,41,6,8,4,12,15,2,15,6,4,0,2,3,13,3,118,8,24,132,54,7,25,1,5,12,6,12,0,11,8,13
2025-07,51,45,11,6,0,11,12,1,2,5,2,1,0,21,8,72,30,19,2,18,1,4,11,4,6,20,11,3,1,11,16,4,7,2,6,0,0,4,16,2,46,2,17,176,40,1,29,0,7,13,11,2,1,4,11,11
2025-08,51,44,6,7,1,12,5,3,0,4,1,0,1,8,8,70,22,10,2,7,0,9,7,1,2,18,7,8,0,14,16,1,14,0,0,0,4,6,19,5,36,5,11,89,35,9,13,4,5,13,6,13,0,40,13,6
2025-09,51,46,7,7,0,14,6,1,3,10,1,1,2,32,14,63,50,5,4,8,1,2,4,5,2,11,4,6,2,14,9,2,4,0,5,1,2,3,15,3,55,2,6,133,9,3,11,3,5,5,6,6,1,3,9,5
2025-10,51,41,8,0,0,11,9,2,0,4,1,0,0,24,7,47,60,6,1,5,6,2,10,1,3,12,1,9,0,9,6,0,7,2,13,1,1,2,42,2,36,3,7,51,12,11,11,19,6,14,6,3,0,6,2,6
2025-11,51,22,8,0,0,4,6,1,1,4,1,2,1,8,4,32,22,7,0,5,2,0,4,1,8,5,5,11,0,9,4,0,2,0,8,0,0,3,28,2,39,4,8,28,6,0,4,30,3,8,3,1,1,1,0,7
2025-12,51,26,13,0,0,13,7,7,0,12,5,0,3,14,3,30,55,3,0,6,1,11,3,2,4,43,15,4,1,1,4,0,1,1,5,1,5,9,26,1,45,4,15,8,6,0,2,24,3,13,3,3,0,8,0,0
2019-01,52,6,39,2,0,19,0,2,0,0,0,0,0,0,0,0,0,1,0,0,0,0,3,0,0,8,1,0,0,0,0,0,5,83,10,0,0,0,1,0,11,0,4,0,0,4,5,13,1,0,33,1,0,0,0,0
2019-02,52,17,39,2,0,13,0,1,0,1,0,0,0,0,1,28,0,0,0,0,0,1,1,0,1,171,2,0,1,0,1,5,8,13,0,0,0,0,2,0,120,0,7,0,0,0,18,17,0,0,31,2,0,3,0,0
2019-03,52,16,44,15,2,41,18,2,1,10,0,0,0,5,4,36,23,6,1,3,1,4,4,0,4,128,9,1,1,2,4,5,25,7,9,0,0,0,3,1,145,2,16,3,2,2,11,19,3,4,36,6,1,7,0,2
2019-04,52,28,75,13,14,39,7,2,1,10,1,0,0,7,4,44,21,4,1,2,3,0,3,0,1,76,8,6,0,0,4,12,24,16,9,0,0,10,7,8,207,3,16,9,1,1,21,13,2,2,19,26,0,13,0,1
2019-05,52,30,38,12,4,32,11,2,1,12,0,0,0,4,10,47,32,2,0,5,1,3,6,0,4,75,9,2,0,0,7,3,54,27,30,0,0,3,4,2,92,6,8,12,6,6,17,27,4,10,38,47,0,13,13,0
2019-06,52,25,39,13,4,24,16,1,0,6,3,0,0,8,3,40,36,2,0,7,0,1,20,4,5,84,35,14,1,8,19,8,43,7,35,0,6,13,13,6,100,1,17,23,12,11,30,47,2,5,8,7,0,0,32,0
2019-07,52,24,37,19,2,42,13,4,2,6,1,0,1,4,8,67,54,1,1,9,1,1,7,0,9,29,21,5,0,10,16,8,41,17,24,1,5,3,11,4,181,4,12,33,12,1,21,41,6,3,53,6,0,0,29,3
2019-08,52,21,43,15,2,18,23,4,1,3,1,1,0,12,7,69,118,3,0,7,1,0,5,1,6,36,6,13,2,13,15,3,20,7,23,0,0,16,12,1,123,2,9,19,10,5,22,69,8,12,146,5,1,0,37,2
2019-09,52,28,75,26,0,30,12,0,0,11,1,0,0,12,10,57,82,5,1,2,5,3,6,1,0,33,10,5,1,9,24,9,19,15,43,1,2,3,10,1,187,7,25,17,9,2,18,34,1,6,39,15,5,1,34,4
2019-10,52,24,63,17,2,20,16,2,0,1,2,0,2,15,4,34,90,5,0,6,1,0,5,0,3,31,7,2,0,5,7,8,20,12,22,0,2,7,11,0,142,5,19,24,13,2,17,67,1,3,32,6,1,3,0,0
2019-11,52,20,58,4,0,30,12,1,1,8,0,0,0,3,6,42,104,2,1,2,6,6,2,13,2,12,3,4,0,11,9,2,9,6,23,0,2,3,8,7,164,18,23,11,4,0,10,21,1,4,14,2,0,3,0,3
2019-12,52,34,37,12,2,23,3,1,0,7,0,0,0,5,4,30,48,4,0,0,3,2,2,7,7,22,12,3,1,4,2,0,3,1,63,0,0,2,9,1,61,0,11,2,4,0,2,8,0,3,2,4,1,5,0,0
2020-01,52,28,58,8,0,34,10,2,0,14,0,1,3,9,1,42,89,4,0,2,2,6,6,0,6,51,10,5,0,1,7,9,9,18,14,0,2,3,9,1,236,6,24,5,4,4,10,29,1,7,4,6,1,1,0,0
2020-02,52,21,54,1,0,13,5,1,0,2,2,0,0,4,3,22,110,0,0,1,0,3,2,0,6,59,2,4,0,0,7,6,4,7,24,0,0,3,6,1,193,6,14,0,0,0,6,23,5,6,4,7,0,2,0,0
2020-03,52,27,24,9,1,17,9,1,1,2,2,0,0,3,3,35,109,4,1,0,2,8,3,0,1,31,7,4,1,6,18,3,12,9,14,0,0,7,13,2,94,11,6,3,0,3,11,23,4,7,0,4,1,5,0,0
2020-04,52,10,21,0,1,36,4,2,4,3,1,0,0,4,3,44,104,1,1,3,1,1,1,0,3,27,8,4,0,3,10,2,16,4,12,1,4,4,15,1,77,4,16,5,1,5,14,102,2,9,0,23,0,0,0,1
2020-05,52,16,34,22,2,30,7,2,6,2,1,0,0,12,7,74,122,6,0,5,2,1,1,0,3,51,10,8,0,6,10,1,39,5,25,1,2,9,16,1,123,4,9,7,4,1,15,34,5,5,6,18,1,18,6,4
2020-06,52,36,39,12,1,37,7,3,5,8,2,0,0,7,9,84,49,2,2,2,3,1,2,2,1,50,8,5,1,5,13,2,39,4,13,0,0,6,3,4,152,15,11,32,21,3,15,53,1,3,4,5,0,3,5,6
2020-07,52,55,40,8,5,34,14,5,15,15,2,2,0,13,2,79,63,3,0,17,2,1,5,0,2,22,8,7,5,5,9,1,12,10,8,0,0,2,9,2,91,1,8,25,10,4,4,56,0,5,0,9,5,8,28,2
2020-08,52,42,44,5,1,44,3,6,5,9,0,1,1,6,7,70,66,3,2,5,2,0,4,0,3,7,8,2,1,8,14,0,8,12,16,0,3,10,4,5,76,7,9,119,59,1,20,39,4,3,3,3,2,1,10,5
2020-09,52,41,37,4,1,34,8,4,3,5,0,1,0,12,14,72,61,7,0,1,1,0,4,7,1,8,1,6,1,10,16,1,17,5,16,0,0,1,6,6,86,10,13,77,13,3,18,39,3,4,2,3,9,2,0,3
2020-10,52,55,34,12,0,35,7,1,3,2,1,0,1,4,6,61,42,2,0,1,3,0,2,0,2,13,0,7,1,9,4,2,9,3,10,1,1,3,5,5,65,0,27,18,4,2,10,26,2,3,2,2,1,4,0,1
2020-11,52,38,40,2,0,31,4,2,0,4,5,0,1,6,3,46,65,1,0,6,0,3,2,0,0,4,7,3,2,2,3,1,8,12,7,0,0,2,10,10,41,1,3,11,7,17,11,7,4,1,1,2,0,3,0,5
2020-12,52,35,37,13,0,52,1,2,5,3,3,1,0,3,0,34,67,1,0,3,1,0,8,0,6,44,4,3,0,1,4,1,1,5,33,2,11,5,3,4,66,13,16,13,1,1,8,11,0,1,0,2,1,0,0,0
2021-01,52,54,24,4,0,45,4,2,6,2,2,0,0,7,7,47,40,3,0,4,4,2,4,2,7,22,5,4,0,6,5,0,4,5,26,2,4,9,10,0,50,3,9,5,0,1,3,8,0,6,0,0,0,0,0,0
2021-02,52,51,14,3,0,31,7,2,0,2,1,0,0,13,3,32,22,1,0,85,1,0,2,0,5,45,33,8,0,3,11,1,2,0,13,0,0,2,4,1,27,2,6,0,0,0,6,4,0,2,0,0,0,1,0,0
2021-03,52,51,29,4,1,69,4,2,1,4,7,0,0,8,6,71,45,2,1,6,3,0,0,0,1,88,39,9,1,2,16,8,8,7,16,0,2,4,9,5,160,2,21,7,6,1,14,22,2,3,7,0,0,6,0,0
2021-04,52,39,21,2,1,42,9,0,2,3,7,0,0,2,3,68,33,1,0,2,2,0,1,0,1,15,7,11,2,8,4,6,5,16,5,0,4,2,7,4,125,5,10,13,3,11,13,26,4,7,4,4,1,2,0,1
2021-05,52,41,8,10,0,35,4,0,2,1,6,0,0,3,5,72,69,1,0,9,1,2,2,0,4,29,5,9,1,10,40,6,10,16,10,0,0,0,8,3,43,4,3,10,12,1,19,38,2,8,21,9,0,1,17,4
2021-06,52,35,4,5,0,50,9,3,1,1,5,1,0,11,5,74,76,3,0,15,2,0,10,4,3,15,21,8,0,8,17,7,17,18,5,0,0,0,5,2,60,2,20,25,21,1,19,49,4,5,1,11,0,9,23,4
2021-07,52,43,15,3,0,31,9,2,1,4,0,2,0,18,2,47,17,9,0,12,0,0,7,0,4,12,48,5,1,17,26,12,13,9,22,0,0,4,19,3,59,5,2,16,12,6,17,29,1,3,46,4,0,2,12,2
2021-08,52,40,15,2,1,36,4,1,0,6,4,2,1,8,6,58,61,2,0,1,2,0,3,0,2,12,11,8,0,9,13,3,0,12,13,1,0,2,10,2,102,8,19,52,26,10,23,25,4,4,11,2,3,0,24,2
2021-09,52,46,7,4,0,29,10,0,2,0,3,1,0,6,4,58,73,7,0,7,6,0,2,11,1,8,7,6,0,17,11,3,5,15,17,0,0,1,13,7,57,5,33,19,8,3,15,29,1,3,8,0,3,0,11,4
2021-10,52,45,10,6,1,24,8,2,3,1,3,1,0,11,1,39,34,4,0,8,0,1,3,3,3,10,10,6,0,11,6,4,9,6,2,0,2,1,6,1,105,4,15,26,28,1,14,46,2,8,0,4,0,7,0,1
2021-11,52,72,13,0,1,30,5,1,0,2,0,1,0,4,1,27,26,5,4,2,1,3,3,3,2,27,5,6,1,10,6,2,1,7,8,0,0,1,6,2,100,2,10,18,5,0,6,12,2,2,5,4,0,3,0,2
2021-12,52,100,19,1,0,26,11,1,1,12,1,0,0,2,7,30,34,1,1,4,4,1,7,2,9,40,5,2,0,7,9,2,7,1,20,0,0,2,7,1,79,2,5,8,12,0,12,12,2,4,4,0,0,0,0,1
2022-01,52,107,14,0,0,40,7,9,3,5,0,0,0,5,7,22,53,4,0,1,1,3,0,3,9,64,9,3,1,1,12,4,3,5,20,1,0,6,14,2,40,10,15,1,1,0,5,2,6,5,4,2,0,3,0,0
2022-02,52,155,10,0,2,16,5,3,0,1,0,0,0,1,5,38,21,3,0,8,2,4,4,0,2,22,20,1,1,0,3,3,5,3,5,0,0,3,9,0,90,2,31,1,0,2,3,0,13,7,41,5,0,5,0,0
2022-03,52,89,10,11,1,30,4,4,0,2,5,3,0,8,5,42,34,7,0,5,1,0,3,0,1,179,4,5,1,3,16,14,8,14,2,0,0,1,9,10,60,5,15,5,1,11,22,1,5,7,3,3,0,4,0,1
2022-04,52,74,8,30,0,26,10,1,2,8,3,1,0,8,6,40,35,8,1,4,2,0,13,0,2,74,5,17,0,2,15,7,10,9,3,1,0,5,11,1,20,1,10,6,6,4,10,14,7,3,1,1,0,7,0,2
2022-05,52,69,8,17,1,36,7,2,0,4,2,2,0,14,7,49,32,3,1,2,1,2,11,2,1,36,3,5,0,19,26,2,7,13,32,3,12,38,9,4,35,4,6,4,8,2,30,25,7,10,3,11,2,5,21,0
2022-06,52,39,8,9,2,18,10,4,0,3,2,0,0,11,7,36,22,8,1,10,0,2,6,0,1,30,0,6,0,9,20,5,9,22,56,4,32,61,9,5,56,10,11,28,14,7,23,54,5,7,10,3,3,1,14,5
2022-07,52,48,3,3,0,28,10,3,1,1,5,0,0,8,3,64,33,9,1,4,2,1,12,0,0,15,5,4,0,11,16,1,13,12,7,0,3,5,9,4,92,7,8,20,10,5,16,34,5,10,5,2,0,2,9,0
2022-08,52,49,4,2,2,25,16,1,0,3,2,2,0,4,2,46,43,11,3,3,1,2,7,0,1,7,7,9,0,13,32,4,8,15,3,1,2,6,8,3,95,3,11,26,7,4,23,57,4,11,9,3,0,5,13,1
2022-09,52,51,5,8,0,25,16,4,0,19,2,0,0,3,9,51,27,6,0,5,2,0,4,0,2,54,2,3,0,8,14,4,3,7,6,0,2,2,15,4,64,1,7,18,7,0,11,34,8,3,4,7,2,2,13,2
2022-10,52,25,4,1,0,20,9,2,0,7,3,0,0,2,0,33,21,4,0,1,1,0,9,1,3,5,6,10,1,6,4,1,0,3,3,1,1,2,13,0,46,3,26,15,5,3,10,26,7,7,3,2,1,2,1,4
2022-11,52,29,10,6,1,17,6,2,0,5,1,0,0,9,1,29,26,5,0,5,1,1,9,1,3,9,2,4,1,3,5,1,1,5,5,0,0,0,17,7,31,4,45,16,15,5,14,18,0,5,5,2,1,1,0,1
2022-12,52,47,9,8,0,14,2,5,0,6,0,0,0,6,1,21,34,2,1,5,3,5,0,4,3,7,3,6,0,4,7,2,4,3,3,0,0,1,7,0,20,2,12,4,0,0,6,3,0,5,3,3,0,0,0,1
2023-01,52,36,11,6,0,20,1,1,0,18,0,0,0,3,1,20,35,2,1,5,0,3,6,1,9,29,2,4,0,2,5,1,4,5,1,0,2,2,9,2,64,6,2,5,3,1,6,0,1,4,3,3,0,3,0,1
2023-02,52,48,11,10,0,20,6,2,0,8,0,0,0,4,1,23,76,8,2,3,1,1,6,0,5,60,2,2,1,8,4,2,4,8,3,0,1,3,5,0,63,2,2,3,0,5,4,0,1,4,37,8,0,1,0,0
2023-03,52,47,9,6,5,19,11,2,0,3,4,0,1,3,4,39,115,2,1,2,1,4,5,0,6,31,2,1,1,7,12,4,14,8,10,0,1,5,12,4,38,3,5,1,1,3,12,0,2,7,13,18,2,7,0,2
2023-04,52,35,6,3,1,13,3,2,2,2,3,5,0,9,2,25,47,5,0,4,2,1,5,1,1,41,2,8,0,8,7,0,16,10,3,0,2,6,11,6,70,14,13,11,1,34,23,70,2,13,0,10,2,12,0,6
2023-05,52,40,28,4,0,21,8,2,1,6,2,0,0,18,1,54,26,9,0,5,1,1,3,1,2,20,2,7,4,11,17,2,11,15,1,0,2,11,9,1,92,8,32,19,6,12,20,111,7,1,10,3,0,5,7,3
2023-06,52,41,13,6,2,23,8,2,11,1,1,0,0,19,2,44,39,10,1,1,2,0,3,0,2,19,1,6,2,12,8,2,2,22,14,0,2,5,8,0,41,3,7,41,38,1,36,91,15,5,5,2,1,2,5,2
2023-07,52,23,3,8,2,39,7,0,3,3,3,0,0,7,4,62,53,9,1,6,2,0,7,1,7,10,2,2,2,15,9,1,17,14,5,2,4,2,8,3,41,2,16,72,70,246,52,103,2,11,12,14,1,26,11,8
2023-08,52,54,7,5,0,53,19,1,4,3,7,0,0,21,5,88,69,12,4,3,1,0,11,0,11,9,4,7,1,21,15,4,13,25,10,0,6,11,18,1,59,1,5,48,19,9,33,78,5,11,27,8,1,3,13,6
2023-09,52,67,2,7,1,43,7,1,4,5,1,1,0,13,4,46,19,11,1,5,3,1,6,2,3,14,2,5,2,15,14,2,10,10,5,0,0,1,11,0,29,1,9,14,4,4,23,85,2,7,5,3,2,6,4,2
2023-10,52,67,14,4,0,38,8,2,2,3,0,3,0,10,4,49,48,11,0,4,1,2,9,0,2,12,2,12,1,17,9,3,9,15,4,0,3,1,9,2,37,3,3,22,5,1,15,79,3,0,5,10,0,1,0,2
2023-11,52,39,10,3,3,21,7,2,6,5,0,1,0,9,1,58,47,6,3,7,1,3,4,0,12,5,1,4,4,10,7,2,6,4,3,0,2,9,15,6,44,0,5,13,4,7,6,46,0,8,8,2,0,4,1,6
2023-12,52,54,7,1,0,25,8,3,0,6,0,0,0,9,2,36,45,0,0,2,0,1,4,0,2,10,3,3,1,6,1,0,12,3,3,0,0,1,9,6,28,1,5,7,2,0,9,0,1,9,2,8,0,2,0,0
2024-01,52,42,20,3,1,115,9,1,0,15,0,0,0,4,2,38,81,5,0,2,0,15,3,8,8,32,7,3,1,5,3,0,11,2,3,0,0,8,12,2,65,2,15,5,4,0,12,0,5,11,5,24,0,6,0,0
2024-02,52,55,6,6,2,37,6,0,0,8,0,0,0,16,4,52,92,7,2,1,0,2,7,0,1,40,3,7,2,8,3,3,12,9,3,0,2,4,4,5,35,1,11,0,0,2,11,0,0,3,6,3,1,4,0,2
2024-03,52,61,15,5,1,15,3,1,2,10,1,1,0,14,5,35,54,5,2,5,4,1,1,0,1,19,3,2,3,7,4,2,6,8,3,2,0,0,16,3,27,8,19,8,8,1,10,3,0,6,3,14,0,4,0,0
2024-04,52,70,8,13,1,35,1,3,3,8,1,1,1,24,3,61,69,8,2,0,1,0,4,0,0,30,2,7,1,11,7,2,13,5,6,0,2,3,29,4,37,5,11,18,18,7,12,0,1,15,2,6,0,1,1,4
2024-05,52,48,7,6,0,36,5,6,2,7,2,2,0,26,3,57,69,10,0,1,1,1,8,0,3,26,2,17,0,15,6,3,11,18,26,0,2,3,17,3,35,3,12,26,36,4,19,1,3,4,1,13,1,6,9,12
2024-06,52,43,18,9,1,23,11,0,1,5,1,0,0,25,1,67,47,11,0,2,2,0,9,0,2,14,7,8,1,8,15,5,8,17,11,2,8,10,19,0,47,0,14,32,20,6,18,0,4,8,1,7,0,1,15,11
2024-07,52,52,8,7,1,26,11,2,1,4,5,0,0,5,6,66,42,13,1,2,1,0,6,0,3,14,2,8,0,12,11,2,7,16,4,1,3,10,12,0,40,1,2,33,23,15,13,0,7,5,1,6,0,5,2,4
2024-08,52,57,13,7,1,36,5,2,3,1,2,0,0,17,4,68,62,6,1,2,0,1,9,0,4,9,2,4,0,13,8,3,9,24,15,6,17,12,8,1,19,2,14,79,81,248,32,26,4,7,11,2,1,15,8,9
2024-09,52,27,4,5,1,40,17,1,5,7,0,2,1,22,1,61,29,6,0,1,0,7,8,8,4,8,3,6,1,19,7,0,1,21,4,0,2,7,11,0,26,14,12,23,15,184,19,0,2,4,1,3,0,1,2,3
2024-10,52,45,6,8,0,40,7,1,4,4,2,0,0,8,4,57,52,9,0,3,0,0,8,3,2,9,1,3,1,26,11,1,4,9,3,0,0,4,14,0,40,3,14,8,12,532,14,0,1,2,4,1,0,4,1,2
2024-11,52,56,17,5,0,18,2,0,0,12,0,2,0,13,2,31,7,6,1,3,1,1,5,2,5,2,2,2,1,2,2,1,6,2,1,0,0,1,7,3,64,5,6,0,1,3,5,2,0,7,5,6,0,2,0,1
2024-12,52,48,7,6,0,36,5,2,1,7,0,0,0,10,0,44,43,2,4,2,1,0,3,0,5,15,0,1,0,5,7,0,3,5,4,0,0,4,4,0,44,2,3,4,5,5,1,57,0,2,10,1,1,4,0,1
2025-01,52,45,1,4,2,28,6,3,1,8,1,0,0,10,1,34,15,4,2,7,2,11,8,0,6,6,1,5,0,6,0,0,1,8,4,1,4,1,12,1,74,4,26,3,1,1,7,111,2,3,5,3,0,4,0,0
2025-02,52,68,3,5,0,24,2,2,1,6,1,0,0,1,4,40,48,4,0,1,0,2,6,0,3,30,0,1,3,3,4,1,2,9,2,0,4,3,9,2,46,4,20,1,1,0,5,152,0,5,5,1,0,4,0,0
2025-03,52,48,10,10,2,36,3,2,1,8,1,1,0,13,4,48,64,9,1,1,2,1,9,0,1,28,0,5,0,1,1,3,9,5,7,0,0,1,16,1,74,10,19,8,20,5,17,130,0,10,8,35,2,6,0,3
2025-04,52,64,9,12,2,33,7,5,11,4,2,0,0,5,7,67,29,12,0,1,0,1,7,0,3,31,5,7,0,9,3,5,11,11,8,1,0,6,5,3,18,1,10,13,9,3,25,77,0,16,13,29,0,12,0,1
2025-05,52,60,5,10,1,23,19,1,3,2,0,0,0,17,3,61,40,7,1,6,0,3,7,0,4,28,6,5,0,19,8,3,7,10,2,0,0,1,11,0,43,4,20,21,47,2,22,17,1,1,6,1,1,0,11,3
2025-06,52,43,12,5,2,25,12,2,2,0,2,0,0,21,5,53,45,10,1,7,0,2,6,0,4,24,5,6,0,19,13,1,14,21,4,1,3,5,9,0,25,5,13,21,12,4,17,6,2,6,8,3,0,2,15,9
2025-07,52,83,7,7,1,55,12,0,7,6,2,2,0,38,9,98,55,13,0,4,4,0,7,1,5,21,2,7,1,29,15,1,6,12,6,0,0,1,16,3,32,6,12,32,21,13,23,9,1,4,5,5,1,4,8,8
2025-08,52,70,5,7,0,28,9,1,2,7,3,0,0,10,4,58,52,16,0,5,2,0,15,0,5,9,6,6,2,19,14,4,19,15,7,0,2,1,26,1,58,10,9,19,28,5,23,5,0,8,11,12,3,23,13,4
2025-09,52,49,12,9,0,26,13,2,0,2,3,1,0,10,4,54,66,12,1,8,1,2,32,0,4,6,7,12,1,13,11,1,11,4,15,0,2,10,13,3,39,10,10,18,11,5,18,8,3,13,19,1,1,1,5,0
2025-10,52,35,10,4,1,24,1,0,0,7,0,0,3,20,1,62,26,6,2,2,0,2,39,0,4,2,1,16,0,11,6,2,8,4,51,0,6,12,10,2,68,11,13,11,3,11,7,13,1,5,4,5,0,4,3,4
2025-11,52,34,12,1,0,24,11,4,4,5,2,0,0,11,3,35,24,3,0,2,0,0,12,1,4,1,4,12,0,12,5,1,4,3,0,0,0,1,12,3,34,3,4,9,4,4,7,15,1,4,4,2,0,2,0,3
2025-12,52,37,9,0,0,16,3,3,3,20,0,0,2,11,1,43,18,4,2,5,0,4,8,1,3,19,6,3,1,4,1,1,3,0,1,0,0,4,14,0,38,5,5,2,4,2,7,25,1,3,7,7,0,1,0,0
2019-01,53,2,43,3,0,19,4,6,0,0,1,2,0,0,4,0,0,2,7,0,0,0,2,0,3,26,0,0,2,0,0,0,3,65,3,0,0,0,7,0,37,2,1,1,0,0,6,7,7,0,41,2,0,1,0,0
2019-02,53,7,20,9,4,21,12,17,0,9,1,1,0,1,4,28,0,3,3,3,0,0,3,0,2,157,2,0,0,1,6,6,11,10,2,0,0,1,15,0,167,0,0,2,0,0,19,9,16,0,41,1,2,5,0,0
2019-03,53,30,42,6,3,17,17,6,3,15,13,1,0,19,12,66,6,6,3,6,2,6,7,0,9,116,16,14,1,15,30,11,11,13,11,0,1,18,28,10,233,5,7,29,6,1,37,23,17,20,52,2,3,4,0,1
2019-04,53,17,41,20,3,20,16,4,1,8,14,3,0,24,17,93,15,4,3,1,1,3,6,0,7,127,13,7,1,16,14,8,19,17,5,0,0,1,28,9,160,5,24,51,13,2,40,38,38,9,32,27,1,28,0,0
2019-05,53,21,41,9,5,15,27,5,1,12,31,0,1,20,15,102,7,8,5,4,2,3,6,0,6,84,13,14,1,12,46,11,36,21,43,0,1,4,22,12,207,4,18,49,22,4,47,49,40,24,13,43,0,28,525,4
2019-06,53,16,44,7,4,27,28,5,3,11,45,2,0,46,17,108,7,11,6,9,3,2,15,5,3,70,14,25,4,34,33,10,22,14,58,0,9,24,37,6,150,5,9,88,37,1,47,79,51,30,8,21,1,7,849,7
2019-07,53,31,48,12,3,19,36,5,4,6,39,3,0,29,17,164,11,9,8,7,3,3,7,11,8,53,11,30,2,33,25,11,23,16,11,3,14,20,43,12,221,4,8,77,29,2,40,86,38,30,81,19,1,7,587,3
2019-08,53,36,51,13,3,24,26,10,7,7,36,0,4,27,25,96,13,7,7,5,1,3,11,2,9,52,12,19,0,63,31,11,18,17,7,3,5,4,29,3,153,3,13,83,32,4,29,78,48,25,94,7,2,4,456,4
2019-09,53,27,57,17,2,19,25,4,2,8,13,2,1,27,15,95,10,14,2,13,2,0,6,1,7,107,12,23,0,84,29,12,19,9,7,1,0,5,34,1,159,8,22,85,36,2,39,92,28,21,85,21,5,6,524,2
2019-10,53,32,52,25,4,17,36,6,2,9,12,1,0,28,20,91,8,8,13,7,0,6,10,8,5,93,15,24,0,76,15,7,17,15,109,0,9,28,30,6,243,4,10,60,39,0,37,85,22,31,25,5,0,17,179,2
2019-11,53,29,45,5,3,12,18,6,0,35,4,0,0,18,14,46,7,2,2,7,4,2,4,1,2,68,8,10,2,90,6,6,9,3,26,0,2,11,35,5,117,10,20,37,38,0,15,34,19,33,15,6,0,5,0,1
2019-12,53,24,40,3,1,16,21,4,1,7,0,0,1,12,15,66,1,1,4,11,2,9,9,2,9,24,16,11,0,57,12,2,9,3,51,0,7,14,19,2,71,1,7,24,14,0,13,21,38,17,8,5,3,11,0,2
2020-01,53,27,36,2,0,28,21,8,1,14,5,2,13,17,9,76,2,10,4,8,5,3,9,0,11,55,16,9,0,217,16,2,9,13,13,1,4,14,40,2,163,4,25,28,3,1,72,187,14,24,10,5,2,20,0,0
2020-02,53,12,44,1,2,17,28,5,1,20,0,2,1,14,18,52,7,2,2,1,2,7,4,8,10,59,8,27,2,45,5,2,14,4,23,1,5,11,22,1,92,3,8,17,8,2,14,19,20,13,7,4,0,1,0,0
2020-03,53,15,31,1,1,15,19,2,7,11,2,2,1,13,13,66,8,3,0,10,1,1,5,0,2,35,12,9,0,212,19,5,18,23,16,1,8,20,31,4,95,5,10,17,9,1,24,195,35,22,7,7,1,23,0,5
2020-04,53,9,35,1,6,24,8,5,12,3,3,1,0,11,7,85,0,5,3,6,3,3,7,0,0,22,16,6,0,19,16,2,25,10,3,1,4,5,16,4,108,5,8,38,10,0,37,24,11,7,1,11,3,25,0,3
2020-05,53,14,53,9,10,25,28,8,10,13,44,4,1,27,18,118,1,18,3,12,2,3,18,10,7,33,17,13,0,32,43,1,47,31,75,2,4,7,35,9,92,4,15,60,9,1,38,124,38,16,3,50,2,52,137,7
2020-06,53,49,42,4,6,33,28,8,3,13,82,2,1,23,19,158,11,10,3,23,0,4,12,56,1,58,25,26,0,105,54,4,37,33,79,0,7,8,27,7,163,10,7,150,109,1,77,380,78,26,0,8,0,14,390,24
2020-07,53,39,40,4,5,43,36,9,7,9,46,2,1,32,32,164,4,8,8,23,5,0,10,33,0,68,19,15,1,97,44,9,38,19,17,0,2,6,39,18,124,10,6,149,45,2,35,135,62,26,5,9,2,8,218,7
2020-08,53,61,29,3,1,35,29,6,6,15,29,2,0,34,45,134,2,12,2,12,3,1,17,3,8,34,27,15,1,72,48,8,24,18,21,0,0,7,34,13,196,18,21,329,646,3,79,153,62,27,3,2,0,8,273,14
2020-09,53,40,40,2,0,28,19,4,3,7,13,0,2,37,24,112,3,14,5,11,1,4,8,1,7,23,30,18,1,94,24,1,11,12,14,1,2,3,18,7,154,13,10,144,78,2,51,75,37,23,5,7,3,4,109,13
2020-10,53,39,45,9,0,31,29,9,4,8,3,0,1,24,20,111,1,6,0,12,1,1,16,1,6,12,18,7,0,74,40,6,22,8,16,2,5,10,22,12,77,5,10,82,25,0,40,50,21,17,6,1,4,8,85,2
2020-11,53,38,39,2,2,33,13,7,3,12,6,4,2,18,24,95,7,9,3,9,3,1,8,0,1,33,12,7,1,60,18,1,13,1,13,1,12,9,26,9,54,2,8,52,22,0,21,17,23,29,2,7,1,12,0,10
2020-12,53,48,26,6,1,29,23,8,3,8,6,0,4,11,29,60,8,9,3,17,2,17,5,25,7,55,22,9,2,54,9,0,13,2,14,1,5,13,21,3,42,3,10,20,4,1,16,15,14,26,3,1,1,20,0,6
2021-01,53,28,26,8,0,31,22,8,4,6,2,2,3,24,8,71,4,3,3,7,2,6,12,1,19,39,26,13,0,56,13,0,9,6,5,1,1,6,23,1,75,8,10,47,3,0,15,17,16,15,2,0,3,8,0,1
2021-02,53,44,10,1,1,23,32,25,1,14,2,1,0,10,3,52,12,2,6,102,2,41,4,0,8,23,17,9,0,31,7,0,5,2,3,0,2,8,21,3,45,19,9,3,4,0,1,6,10,12,1,2,1,14,0,0
2021-03,53,66,23,4,1,44,23,16,2,19,19,1,2,27,20,115,12,9,4,24,0,6,9,0,1,66,47,15,0,90,27,8,12,20,2,1,1,11,12,8,218,16,18,31,10,2,27,35,24,15,7,1,0,13,0,3
2021-04,53,42,19,12,3,24,35,7,4,11,16,2,0,26,30,96,3,9,5,13,4,1,6,0,7,72,14,11,0,89,34,5,13,14,18,0,1,4,18,8,108,10,15,42,11,5,44,44,32,28,3,2,0,6,0,3
2021-05,53,61,27,4,2,36,31,10,3,12,196,0,1,23,22,115,6,12,25,10,3,12,4,0,5,26,16,20,2,87,50,9,17,18,11,0,0,5,12,2,124,3,4,46,25,2,38,38,49,7,5,10,2,15,482,3
2021-06,53,75,22,8,8,33,46,12,5,17,119,1,0,38,42,112,10,11,4,15,4,4,8,30,6,37,21,21,1,145,45,12,32,18,129,0,0,7,27,6,127,12,17,73,68,2,69,108,56,19,4,66,2,28,354,8
2021-07,53,50,26,2,3,45,42,17,2,19,33,1,0,22,28,147,12,17,6,21,5,4,17,1,4,30,23,19,0,146,49,20,33,13,43,0,0,7,20,14,170,8,16,104,47,2,49,93,52,16,75,13,0,19,306,19
2021-08,53,61,36,1,2,37,31,8,0,10,34,1,0,31,37,125,21,13,5,22,2,11,9,2,6,44,39,15,1,153,54,10,12,20,54,0,2,5,31,10,164,8,14,102,62,2,44,131,38,21,28,8,1,8,333,12
2021-09,53,62,16,3,1,19,43,8,4,11,10,2,2,31,29,110,7,8,3,10,4,3,24,4,7,19,20,22,0,91,36,17,21,24,14,0,2,2,35,10,112,6,26,115,30,2,39,85,30,33,11,4,1,6,170,8
2021-10,53,51,15,6,5,21,22,8,3,8,10,1,3,25,30,83,7,11,1,14,4,3,11,0,6,12,18,25,0,90,25,9,14,16,26,0,0,3,35,12,153,3,4,67,72,1,27,54,32,30,11,17,0,19,0,3
2021-11,53,36,29,3,2,33,38,14,3,2,5,1,7,18,14,86,4,8,2,7,3,3,11,0,4,21,20,9,1,129,33,5,10,3,10,0,0,2,30,8,79,3,20,56,15,0,30,36,17,28,2,1,0,4,0,5
2021-12,53,31,11,2,1,17,45,8,5,15,4,2,2,21,16,78,4,5,1,23,3,8,6,0,4,11,33,8,0,71,14,1,7,5,11,0,0,2,26,5,37,9,33,43,28,1,25,11,17,15,3,2,2,8,0,4
2022-01,53,25,10,0,2,20,45,22,2,29,1,0,3,16,8,53,5,5,3,9,3,9,5,0,12,27,23,16,1,13,18,7,4,2,8,0,2,8,28,0,42,4,11,8,5,0,12,0,5,21,6,5,0,11,0,0
2022-02,53,43,10,2,2,14,31,16,0,15,0,0,3,5,15,47,5,4,4,12,2,9,21,14,1,50,24,13,1,49,19,6,12,6,10,2,2,6,19,2,65,1,7,8,3,1,16,0,14,19,4,9,5,13,0,0
2022-03,53,29,27,3,5,36,27,12,1,7,10,1,0,25,29,99,6,10,2,11,2,13,6,0,0,138,13,7,2,112,27,13,19,6,16,0,4,16,23,2,90,14,17,32,11,1,28,0,20,23,2,10,1,19,0,4
2022-04,53,45,20,11,5,25,32,22,1,12,17,2,0,9,23,74,7,9,4,5,2,5,27,0,2,94,5,10,1,36,31,10,15,13,1,1,0,5,25,11,97,11,10,45,10,2,52,38,26,30,2,12,1,11,3,3
2022-05,53,58,19,9,5,31,36,18,3,9,52,1,1,27,19,86,4,18,0,14,4,7,19,4,3,84,10,24,4,58,29,7,16,13,4,2,1,6,23,17,88,4,11,67,14,2,46,53,59,35,14,20,1,19,164,1
2022-06,53,65,25,18,2,33,42,19,3,3,42,5,3,28,24,89,8,17,4,17,2,6,24,4,5,73,15,19,2,122,43,10,9,16,3,3,6,8,32,8,121,6,6,80,33,1,54,65,60,25,11,5,1,7,225,11
2022-07,53,43,30,7,4,22,41,21,4,1,21,0,0,30,20,98,8,22,3,18,3,2,25,4,6,48,12,15,3,62,50,10,9,19,1,0,2,6,29,18,210,3,8,83,56,1,60,95,39,31,13,8,2,12,68,11
2022-08,53,52,28,7,2,34,55,6,2,9,59,1,2,21,28,136,4,21,4,16,2,3,19,2,3,36,24,17,0,48,36,17,15,15,2,1,2,6,40,10,121,5,7,110,35,0,37,88,29,20,8,5,0,5,71,10
2022-09,53,50,20,0,1,28,36,21,2,10,13,0,0,28,19,104,6,7,6,11,5,4,10,1,8,29,19,16,2,85,31,16,12,32,1,2,14,6,31,11,68,1,10,93,21,41,34,46,27,36,16,4,1,7,37,14
2022-10,53,61,19,1,1,21,25,16,0,8,6,1,3,17,27,71,4,9,3,6,2,2,12,2,9,18,21,17,0,57,19,5,27,15,1,0,2,10,30,8,82,9,30,46,32,158,31,48,20,21,14,3,1,13,7,8
2022-11,53,44,16,2,0,16,30,13,2,8,5,1,0,15,18,79,7,7,4,14,2,3,8,1,1,15,18,5,0,30,14,5,8,7,3,1,4,4,23,7,85,6,13,54,53,11,26,21,17,19,24,2,1,17,1,9
2022-12,53,27,22,2,2,20,27,16,3,12,1,0,0,12,3,64,2,10,2,10,5,16,13,1,4,15,3,18,0,18,11,0,9,1,1,0,0,4,33,6,62,6,9,35,6,2,18,7,8,22,3,2,0,16,0,2
2023-01,53,43,15,1,1,23,23,10,0,14,6,2,1,7,15,54,4,4,5,7,7,6,9,0,5,43,10,11,1,28,14,6,9,10,6,0,1,3,37,1,23,8,10,11,6,1,14,0,18,18,5,7,0,17,0,0
2023-02,53,45,9,1,4,22,19,13,2,24,3,1,0,35,12,48,7,11,6,4,3,5,11,0,11,72,1,9,1,30,16,10,17,8,3,0,4,8,30,3,87,5,13,25,8,0,27,0,12,24,6,17,1,25,0,1
2023-03,53,39,26,6,3,27,20,14,4,6,0,1,0,11,15,89,10,15,4,9,1,8,17,1,7,66,7,14,0,20,18,14,18,13,4,1,0,5,41,6,95,2,4,28,7,3,41,0,18,19,7,10,5,12,0,2
2023-04,53,36,3,0,1,17,21,9,1,9,10,3,0,20,22,82,9,13,0,7,4,4,19,0,5,35,3,13,2,25,24,2,16,17,4,0,2,5,19,12,76,11,24,49,25,4,39,1,26,16,6,9,0,10,3,8
2023-05,53,63,17,6,1,28,36,9,3,10,32,0,0,37,29,103,8,16,2,9,3,8,11,0,14,35,6,24,3,26,39,7,6,17,14,3,6,7,38,9,93,0,12,45,7,4,37,2,43,28,15,0,1,6,126,11
2023-06,53,36,20,2,2,32,31,12,2,7,20,1,0,34,35,100,7,9,7,14,1,4,19,6,7,50,10,20,2,39,28,5,19,17,13,0,2,2,39,14,42,9,12,104,63,30,70,4,58,21,14,2,0,7,118,11
2023-07,53,39,25,2,12,34,45,17,1,8,24,0,0,24,34,107,6,7,2,12,4,1,17,0,4,25,14,13,1,30,30,15,39,24,3,3,9,8,23,21,69,7,6,123,83,4,99,0,35,16,23,57,0,162,98,22
2023-08,53,31,35,4,1,34,39,7,2,12,32,2,1,17,33,94,3,13,1,14,3,2,15,2,8,25,9,20,0,34,75,8,20,23,5,0,2,5,46,14,77,3,8,102,60,4,73,1,40,29,20,8,3,16,108,20
2023-09,53,45,23,6,4,21,29,8,2,9,14,6,1,27,29,90,6,14,3,11,0,2,17,1,11,14,4,19,0,35,34,11,22,11,3,0,2,3,26,10,46,7,4,88,28,5,38,7,36,24,22,10,2,11,33,15
2023-10,53,23,10,6,1,30,28,5,1,7,4,0,2,30,26,113,10,14,4,4,5,8,12,0,5,23,5,23,0,30,23,8,10,13,5,2,4,13,30,8,46,7,11,98,19,3,42,5,16,18,9,7,1,9,26,6
2023-11,53,35,42,2,2,20,28,9,3,9,6,2,5,26,15,77,4,3,5,27,4,6,14,3,6,20,5,17,1,28,17,4,21,6,2,2,13,8,24,9,50,2,9,33,7,0,15,10,14,22,8,1,1,12,4,3
2023-12,53,33,35,3,0,22,13,7,0,8,1,3,1,27,14,69,6,2,2,11,4,2,7,0,8,31,5,10,2,20,12,4,8,3,2,1,0,8,29,12,42,7,17,33,12,1,16,2,10,20,10,14,0,12,0,4
2024-01,53,38,15,1,2,36,24,19,2,23,7,2,0,19,10,76,9,5,2,17,4,26,18,1,11,75,13,13,0,13,11,5,12,11,3,1,3,3,53,0,45,7,18,18,12,3,15,0,16,33,7,16,1,25,0,3
2024-02,53,37,17,9,1,22,30,10,3,12,5,1,1,34,18,79,20,9,2,7,7,0,30,1,7,88,11,18,0,14,13,6,16,13,7,0,0,8,35,7,61,2,16,29,12,2,32,0,21,34,7,3,1,13,0,5
2024-03,53,30,26,12,2,30,19,10,3,9,20,0,1,22,19,89,7,7,4,16,2,5,40,0,8,48,5,18,1,15,26,2,26,12,2,0,3,5,35,13,69,0,8,41,22,0,45,0,32,35,8,45,0,22,0,3
2024-04,53,42,19,6,5,31,18,10,1,11,26,1,0,31,24,109,14,15,3,8,1,2,33,0,2,75,4,18,1,18,15,13,27,31,5,0,4,13,35,7,49,4,20,74,33,1,61,1,33,39,9,28,3,25,45,5
2024-05,53,33,11,11,3,21,47,16,1,5,35,0,1,30,24,115,6,10,3,8,5,2,32,2,4,71,3,26,1,22,50,10,18,33,3,0,1,9,20,17,42,6,15,98,88,2,67,1,47,25,4,37,1,18,317,12
2024-06,53,32,13,14,2,26,19,11,1,6,18,0,0,23,14,88,9,8,5,29,5,2,19,7,2,65,6,32,1,25,48,8,12,9,6,0,16,16,30,5,73,2,23,79,54,3,58,4,46,26,5,12,0,17,107,14
2024-07,53,56,24,8,3,25,24,10,4,10,22,1,1,33,31,98,15,19,1,19,1,1,21,9,1,50,9,26,1,27,24,4,26,21,9,2,8,11,24,10,76,13,9,136,161,3,73,5,41,30,7,22,1,41,65,12
2024-08,53,46,21,3,4,19,31,9,4,6,10,1,0,70,24,92,2,12,3,4,11,5,13,1,7,27,5,20,1,29,21,7,13,10,1,1,10,8,41,2,83,8,11,104,72,3,39,31,30,42,10,6,3,13,72,14
2024-09,53,44,37,1,2,27,21,4,0,11,9,0,0,20,34,70,5,5,9,5,3,5,17,5,2,16,4,11,0,31,23,6,12,14,1,0,3,5,32,8,99,1,12,59,33,1,43,22,36,29,7,5,0,10,64,3
2024-10,53,50,11,3,2,19,20,4,2,4,8,1,0,32,21,89,5,13,5,10,0,1,27,1,4,22,5,14,1,35,8,1,5,14,1,0,0,3,36,6,80,1,14,66,54,1,38,43,20,24,9,1,0,7,19,9
2024-11,53,82,31,2,1,29,11,10,1,2,9,0,0,23,23,78,2,11,1,5,1,1,7,1,1,8,7,13,0,15,8,5,5,7,7,0,4,5,27,5,67,5,11,40,20,1,24,55,16,24,9,2,1,8,0,12
2024-12,53,42,15,1,1,19,18,11,0,11,7,3,1,22,22,59,5,5,1,11,2,5,12,9,7,16,7,13,1,19,7,3,4,7,3,0,3,11,30,5,58,3,33,15,17,4,12,53,23,11,15,3,0,14,0,6
2025-01,53,39,14,1,2,31,19,13,2,16,1,1,0,19,28,54,4,3,3,10,2,11,9,7,5,16,3,9,0,3,5,0,11,13,3,1,4,6,29,1,74,5,5,12,5,0,9,75,14,14,10,7,1,14,0,1
2025-02,53,61,11,0,0,22,12,9,1,19,6,1,0,17,26,61,5,9,3,13,8,9,16,1,11,30,9,15,0,11,18,2,6,10,11,0,0,4,39,4,53,1,4,20,6,0,12,138,14,20,20,3,2,7,0,0
2025-03,53,41,22,14,4,34,14,3,2,14,22,1,1,24,28,89,5,10,4,9,4,2,16,6,7,77,8,19,0,21,26,7,14,21,8,1,1,2,38,11,57,2,10,52,47,1,55,173,11,23,17,24,1,23,0,5
2025-04,53,59,23,4,8,28,13,7,2,25,11,1,0,35,36,95,9,15,0,5,4,3,17,1,5,74,6,17,0,27,35,13,18,21,3,0,4,5,25,10,64,1,7,75,37,1,37,39,26,19,13,48,1,62,2,9
2025-05,53,44,19,7,2,18,20,8,3,9,19,0,3,40,31,86,13,8,4,10,5,4,14,0,8,50,6,24,0,22,35,6,19,13,7,0,2,5,61,4,89,15,16,175,248,5,78,17,37,24,16,3,0,11,88,12
2025-06,53,30,23,4,2,32,26,8,2,14,16,1,0,34,34,110,7,8,8,25,6,7,14,11,7,37,11,19,0,15,44,8,13,13,2,0,4,11,39,5,53,2,6,105,69,8,39,2,36,21,36,9,0,4,158,12
2025-07,53,48,8,9,0,27,34,11,5,11,12,1,0,36,42,128,7,12,3,33,4,4,19,6,8,35,15,25,0,22,59,7,8,12,3,0,0,1,49,7,56,5,23,129,145,3,69,6,19,26,14,13,0,7,81,20
2025-08,53,53,10,8,2,42,40,6,1,9,9,0,1,32,36,123,11,15,4,16,12,4,18,2,12,25,21,17,4,29,42,4,18,13,3,0,2,6,42,4,83,2,29,167,123,4,88,28,34,21,20,7,3,90,93,21
2025-09,53,57,18,3,1,29,26,9,6,6,15,0,0,34,36,122,8,11,2,13,4,6,18,3,8,34,21,19,2,38,28,7,9,11,11,0,4,2,39,4,57,6,16,109,30,2,39,17,22,19,26,3,2,8,51,15
2025-10,53,57,7,5,1,29,30,6,0,10,5,1,2,34,28,97,5,7,2,7,2,4,12,4,9,11,10,19,2,27,19,4,16,2,11,0,0,4,60,4,41,0,5,61,32,3,29,23,23,10,11,8,1,9,23,7
2025-11,53,33,7,0,2,32,20,7,0,12,7,1,0,20,15,76,11,5,4,21,4,5,12,0,10,9,10,16,1,13,19,3,8,6,5,0,1,3,48,7,35,5,10,37,21,3,19,70,20,21,8,1,0,6,0,11
2025-12,53,46,17,0,0,26,12,6,0,14,3,1,3,12,33,61,8,5,2,27,2,5,22,4,21,56,43,13,1,10,9,0,5,5,3,0,6,4,49,2,33,3,17,19,9,0,16,75,19,25,4,3,0,23,0,5
2019-01,54,0,0,0,0,1,0,2,0,0,0,0,0,0,0,0,0,0,0,0,0,0,0,0,0,1,0,0,0,0,0,0,0,1,0,0,0,0,1,0,8,0,0,0,0,0,1,0,0,0,2,0,0,0,0,0
2019-02,54,0,1,1,0,1,1,3,0,1,0,0,0,0,0,2,0,0,3,1,0,0,0,0,0,30,4,0,0,0,1,3,1,0,0,0,0,0,1,0,23,1,0,0,0,0,0,0,0,0,1,0,0,0,0,0
2019-03,54,1,0,0,0,0,2,1,1,0,0,0,1,3,2,3,0,0,0,1,0,0,0,0,0,24,14,1,0,3,1,1,3,0,0,0,0,2,5,0,52,0,4,1,0,0,2,1,0,4,1,1,0,3,0,1
2019-04,54,1,1,0,0,1,4,1,1,4,0,0,1,2,0,2,0,1,0,0,0,0,0,0,0,60,9,0,2,1,2,0,1,0,0,0,0,0,6,2,29,0,3,4,0,0,1,0,1,2,0,4,0,2,0,0
2019-05,54,1,1,0,0,0,3,1,0,2,0,1,1,0,3,7,0,1,0,0,0,2,0,0,0,69,0,0,1,0,6,0,3,0,4,0,2,3,2,1,12,4,4,5,0,0,0,1,6,4,0,10,0,2,32,0
2019-06,54,3,0,0,0,0,1,1,0,2,3,1,1,4,2,2,0,1,0,1,0,1,0,7,0,12,1,6,0,1,2,1,3,0,2,0,0,0,5,3,15,1,1,6,0,0,0,5,3,0,2,1,0,2,126,0
2019-07,54,4,0,0,0,2,2,1,0,0,0,0,1,2,0,8,2,0,0,0,0,1,1,5,1,16,2,5,0,1,1,0,1,0,1,0,0,0,7,5,7,0,0,7,3,0,2,4,2,4,8,2,0,0,91,0
2019-08,54,2,1,0,0,1,1,1,0,1,0,0,1,2,2,2,0,0,0,0,0,0,0,0,0,28,2,3,0,1,3,2,0,1,0,0,0,1,4,0,23,2,0,9,2,0,1,2,1,0,2,1,0,0,88,1
2019-09,54,1,0,0,0,1,0,0,0,2,0,1,0,7,1,1,0,0,0,1,0,0,0,0,1,50,1,3,0,0,0,0,4,3,1,0,0,1,8,0,24,0,0,3,1,0,1,16,5,4,4,4,3,2,35,1
2019-10,54,2,0,0,0,1,2,6,0,6,1,0,2,0,1,1,0,2,0,0,0,1,0,0,0,28,2,5,0,1,0,0,1,0,2,0,0,0,10,1,26,5,0,0,3,0,1,4,0,2,3,4,0,1,33,1
2019-11,54,2,0,1,1,0,2,4,0,0,0,0,0,0,1,5,3,0,0,0,0,0,0,1,0,43,1,5,0,1,0,0,1,0,14,0,1,2,12,0,20,0,0,3,1,0,0,0,5,6,1,8,0,0,0,1
2019-12,54,1,0,0,0,0,2,0,1,0,0,0,0,1,1,3,0,0,2,0,0,3,0,0,4,25,0,2,0,0,0,6,0,0,9,0,0,0,8,1,11,1,1,1,0,0,0,2,2,10,1,3,0,2,0,0
2020-01,54,2,0,0,0,1,1,0,0,0,0,0,18,1,0,5,0,2,0,1,0,0,0,0,1,34,1,0,0,0,0,0,2,0,0,0,0,1,6,0,3,0,0,2,1,0,0,2,1,5,1,4,1,2,0,0
2020-02,54,0,1,0,0,0,16,2,0,5,0,0,16,4,3,1,0,0,0,2,0,0,1,0,0,37,2,2,0,3,0,1,1,0,1,0,0,0,8,0,15,1,1,1,0,0,0,1,2,3,0,2,0,2,0,0
2020-03,54,3,1,0,0,0,4,0,3,1,1,0,2,3,3,1,0,1,0,0,0,0,0,0,0,6,3,3,0,1,1,1,3,0,8,0,0,0,0,0,9,1,1,1,5,0,0,1,2,2,0,1,0,0,0,0
2020-04,54,1,1,0,0,1,2,0,1,0,0,1,1,4,0,6,0,0,0,0,0,1,0,0,0,5,1,0,0,1,1,0,1,0,0,0,0,0,2,0,1,4,2,3,0,0,0,0,0,2,0,1,2,2,0,0
2020-05,54,3,0,0,0,0,4,3,0,0,4,0,2,2,2,1,0,1,0,2,0,0,0,0,0,8,0,4,0,1,3,0,3,0,13,0,3,3,2,1,4,0,3,4,0,0,0,7,2,2,0,1,0,0,5,1
2020-06,54,0,0,0,0,1,2,1,0,0,0,0,0,2,0,1,0,3,0,0,0,1,1,0,0,11,2,1,0,0,2,0,3,2,4,0,0,1,1,2,12,1,0,9,0,0,0,5,1,1,0,1,0,4,105,1
2020-07,54,0,0,0,0,1,5,2,0,0,0,0,1,1,4,6,0,2,0,0,0,0,2,0,1,13,1,4,0,0,2,1,1,3,0,0,0,0,5,4,26,2,0,4,3,1,1,2,2,3,0,1,6,0,67,0
2020-08,54,3,0,0,0,4,0,1,1,0,1,0,3,1,0,8,0,2,0,2,0,0,3,0,0,17,2,2,0,3,0,0,1,0,0,0,0,0,4,1,8,0,5,15,16,0,3,2,2,0,1,0,5,0,43,0
2020-09,54,1,0,0,0,0,4,1,0,0,0,0,0,0,1,7,0,0,0,1,0,2,1,0,0,3,0,1,0,1,3,1,0,0,0,0,2,3,5,2,11,10,0,8,2,0,0,3,0,2,0,0,0,0,9,1
2020-10,54,0,0,0,0,0,1,1,1,0,0,0,7,1,0,6,1,1,0,0,0,0,0,0,0,12,0,5,0,2,2,0,2,1,2,0,0,1,6,1,18,2,0,12,0,0,2,2,5,3,0,1,0,0,64,0
2020-11,54,0,0,0,0,0,5,3,0,2,0,0,5,3,4,3,0,0,0,0,0,1,0,0,0,18,3,0,0,1,1,0,1,0,0,0,0,2,0,0,6,1,0,6,1,0,0,1,2,3,0,0,0,0,0,1
2020-12,54,1,2,0,0,0,4,1,0,3,0,0,3,2,5,3,0,0,0,2,0,1,0,0,0,8,2,0,0,0,0,0,0,0,8,0,0,2,9,1,12,3,2,3,0,0,0,1,0,1,0,1,0,0,0,0
2021-01,54,1,0,0,0,1,2,0,0,1,0,0,1,1,1,1,0,0,0,0,0,0,0,0,0,16,2,1,0,1,0,0,1,0,1,0,0,1,5,0,10,2,7,0,0,0,0,0,0,1,0,1,0,0,0,1
2021-02,54,15,0,0,0,1,11,1,0,0,0,0,5,1,0,3,0,1,1,1,0,4,1,0,0,5,3,2,0,1,9,3,0,0,2,0,0,1,1,0,3,3,12,0,0,0,0,0,0,1,0,0,1,2,0,0
2021-03,54,6,0,0,0,1,1,1,0,2,0,0,1,2,3,5,0,3,2,4,0,0,1,0,0,13,3,0,0,1,6,3,0,0,5,0,0,0,5,0,3,0,3,1,0,0,0,3,2,1,0,0,0,1,0,0
2021-04,54,3,0,0,0,1,4,1,0,13,0,0,0,3,8,4,1,0,1,0,2,1,0,0,0,26,1,5,0,1,5,0,1,1,5,0,0,2,5,0,0,1,1,3,0,0,2,4,0,4,2,0,0,1,0,1
2021-05,54,6,0,0,0,0,0,2,0,1,0,0,0,0,3,4,0,2,0,1,0,1,1,0,0,24,1,0,0,1,4,0,2,2,4,0,0,0,3,3,15,2,1,2,1,1,1,2,0,0,0,2,0,1,97,2
2021-06,54,8,2,0,0,3,2,2,0,8,1,0,1,1,0,6,3,0,0,0,0,3,1,0,0,4,0,2,0,0,2,1,1,0,6,0,0,0,2,1,12,0,7,6,3,0,4,7,4,1,0,1,0,4,14,1
2021-07,54,10,0,1,0,0,2,2,0,3,0,0,0,1,2,3,0,3,0,0,2,4,2,0,1,8,0,2,0,0,3,1,1,1,7,0,0,1,3,1,13,1,1,12,3,0,1,7,8,1,1,4,0,1,10,0
2021-08,54,5,0,0,0,1,3,0,0,0,1,0,1,3,3,2,0,1,1,0,0,0,1,1,0,8,0,4,0,1,2,0,0,0,0,0,0,2,5,0,32,2,0,2,9,0,3,2,0,1,0,0,0,0,6,1
2021-09,54,11,0,0,0,2,7,8,0,4,1,0,2,1,2,4,2,2,0,0,1,3,1,0,1,14,1,4,0,0,4,3,2,1,0,0,0,1,5,0,20,0,2,13,4,0,1,7,3,4,1,0,1,1,11,0
2021-10,54,11,0,0,0,1,2,4,0,2,1,0,10,2,1,5,0,1,0,0,0,0,1,0,0,6,0,1,0,1,1,0,1,0,0,0,0,0,5,0,10,1,3,5,3,0,2,4,0,4,0,4,0,1,0,0
2021-11,54,9,0,0,0,0,5,1,0,1,0,0,9,1,0,1,0,1,0,0,0,0,1,0,4,9,0,2,0,2,2,1,1,0,0,0,0,0,6,1,15,0,1,3,2,0,0,0,0,1,0,1,0,2,0,0
2021-12,54,4,0,0,0,0,1,4,0,4,0,0,1,2,6,3,2,0,0,0,0,2,1,0,0,0,0,2,1,0,3,1,0,0,0,0,0,0,2,0,8,3,5,1,1,0,1,0,1,1,0,1,0,1,0,0
2022-01,54,6,0,0,0,1,0,3,0,6,0,1,0,0,1,3,0,1,0,1,0,6,1,1,3,2,1,0,0,0,0,0,0,1,1,0,0,0,2,1,0,2,15,1,0,0,0,0,0,5,0,0,0,0,0,0
2022-02,54,4,0,1,1,1,2,2,0,0,0,0,0,2,2,3,0,1,0,2,0,7,2,11,0,20,0,3,1,1,1,0,2,0,0,0,0,1,4,0,1,0,17,0,0,0,0,0,3,0,0,1,0,0,0,0
2022-03,54,3,0,1,0,1,1,2,0,2,2,0,0,4,4,6,0,2,0,2,0,0,3,0,1,21,0,2,0,0,1,3,1,1,7,0,0,5,9,0,15,1,7,0,0,0,4,0,3,7,0,2,0,1,0,0
2022-04,54,6,0,0,0,4,4,1,1,0,1,1,2,3,4,2,0,2,0,0,0,0,1,0,0,51,0,3,0,0,6,3,2,0,1,0,0,3,9,0,4,0,2,4,1,0,0,0,0,11,1,0,0,0,0,0
2022-05,54,10,0,0,0,3,7,3,0,0,5,0,4,5,3,5,0,1,0,0,1,0,0,1,1,47,0,6,0,0,5,2,2,2,1,1,0,0,12,0,7,3,1,19,5,0,1,3,1,4,1,3,0,1,11,0
2022-06,54,6,0,0,0,2,2,1,0,0,2,0,0,0,1,4,0,3,0,1,0,0,3,0,2,27,0,6,0,2,1,1,2,1,1,0,1,3,4,1,9,5,0,6,1,2,8,6,1,2,1,0,0,0,38,3
2022-07,54,0,1,0,0,0,2,0,0,0,1,1,1,3,2,2,0,0,0,1,0,1,1,2,0,16,0,5,0,0,2,0,1,1,2,0,0,4,8,1,24,2,3,12,5,0,1,1,0,2,2,4,2,0,7,1
2022-08,54,6,0,0,0,3,2,1,0,0,0,0,1,1,2,2,1,1,0,1,0,0,0,0,0,9,2,3,0,0,1,1,0,1,0,0,0,5,9,0,11,0,4,16,1,0,3,4,2,9,0,3,0,0,3,0
2022-09,54,8,0,0,0,2,0,5,0,0,1,2,1,6,0,7,0,0,2,0,0,0,2,0,2,0,0,4,1,4,4,0,2,1,0,0,0,1,4,0,4,2,4,5,3,1,4,3,0,1,0,0,0,0,2,0
2022-10,54,3,0,0,0,0,3,4,0,1,0,0,1,1,3,3,0,1,0,0,0,0,0,0,1,1,0,5,0,1,1,1,0,0,0,0,0,0,3,0,1,3,3,2,1,14,0,2,1,1,0,3,0,0,2,0
2022-11,54,2,1,0,0,0,3,1,0,2,1,0,0,0,1,0,0,1,0,4,0,0,0,2,0,12,0,5,0,3,0,2,6,0,1,0,0,0,7,0,4,3,1,1,2,0,0,1,0,5,1,0,0,1,0,0
2022-12,54,0,0,0,0,1,3,4,0,6,1,0,0,3,4,1,1,0,0,1,0,5,1,0,0,7,0,4,0,3,1,1,0,0,1,0,0,1,6,0,4,2,5,0,3,0,3,0,2,2,0,1,0,0,0,0
2023-01,54,9,0,0,0,1,1,4,0,7,0,1,0,0,1,3,0,1,3,1,0,0,0,0,1,7,0,9,0,1,1,0,0,0,0,0,0,1,8,1,2,1,2,1,1,1,3,0,3,2,1,2,0,3,0,0
2023-02,54,4,3,0,0,0,3,6,0,2,0,0,2,1,2,3,0,0,0,5,0,2,2,0,0,2,0,5,0,1,1,0,1,0,4,0,0,0,11,0,21,0,3,1,0,0,1,0,0,10,0,5,0,2,0,0
2023-03,54,6,0,0,0,0,0,1,0,2,0,0,3,1,0,7,0,1,1,0,0,0,0,0,1,14,0,7,0,1,0,0,1,2,1,0,0,2,17,1,1,1,0,1,1,0,0,0,0,12,0,1,0,1,0,0
2023-04,54,0,0,2,0,0,2,6,0,1,3,0,0,3,0,4,0,1,0,0,0,0,1,0,0,11,0,3,0,0,0,0,1,1,0,0,0,1,14,1,2,1,5,0,0,0,3,0,0,8,1,0,0,1,0,0
2023-05,54,4,1,0,0,0,0,1,0,0,1,0,0,1,4,5,0,1,0,0,0,0,0,0,0,24,0,6,0,0,1,0,0,2,1,0,0,2,8,0,9,0,3,2,1,0,2,2,0,4,1,0,0,0,4,1
2023-06,54,3,0,0,0,1,0,3,0,1,1,0,2,0,4,6,0,0,1,0,0,1,0,1,0,3,1,4,0,2,1,0,0,0,0,0,0,0,10,2,5,3,1,8,7,2,7,0,5,2,2,0,0,0,11,0
2023-07,54,9,1,0,2,0,5,3,0,0,0,0,0,0,1,3,1,2,0,0,0,1,1,0,0,7,0,5,0,0,0,0,1,2,5,0,0,1,12,0,14,0,3,20,8,0,2,64,1,6,1,2,0,6,6,0
2023-08,54,5,0,0,0,1,6,6,0,0,1,1,0,1,4,4,0,0,0,3,0,1,1,1,1,6,0,13,0,1,1,0,0,1,3,0,0,0,10,0,2,3,3,10,12,0,6,0,1,3,0,0,0,2,3,1
2023-09,54,10,1,0,0,0,3,4,0,0,1,0,0,2,1,1,0,1,0,1,0,1,0,0,0,1,0,5,0,2,0,0,1,0,2,0,0,1,3,1,2,2,4,6,3,0,2,0,0,1,0,1,0,2,1,0
2023-10,54,0,1,0,0,0,1,1,0,1,0,0,0,5,1,5,0,2,0,0,0,0,1,0,1,20,0,3,0,1,1,0,0,2,0,0,0,0,9,0,34,1,7,12,1,7,3,0,1,5,1,6,0,1,3,0
2023-11,54,0,1,0,0,1,1,7,0,6,0,0,0,6,6,2,2,1,0,2,1,0,1,0,1,5,0,4,0,1,2,0,3,0,0,0,0,1,8,1,24,2,10,6,1,0,0,0,1,3,0,0,0,0,0,0
2023-12,54,7,0,0,0,0,2,4,0,1,0,0,0,2,0,0,0,1,0,0,0,1,1,0,0,10,0,3,0,0,2,0,0,0,0,0,0,1,3,0,12,0,1,4,2,0,0,0,1,3,0,3,0,1,0,0
2024-01,54,3,0,0,0,1,8,22,0,1,0,0,0,3,1,1,2,2,0,0,0,4,2,0,2,27,0,4,0,0,0,0,0,0,0,0,0,0,8,0,2,1,8,0,0,0,0,0,0,3,0,2,0,1,0,0
2024-02,54,4,1,0,0,2,3,4,0,1,0,0,0,3,2,4,0,1,1,0,0,0,1,0,1,16,0,3,0,0,1,0,0,1,2,0,0,0,16,0,11,3,8,1,1,0,0,0,0,12,0,0,0,1,0,0
2024-03,54,2,0,0,0,0,2,6,0,2,1,0,0,2,2,3,0,2,0,0,0,0,0,0,3,9,0,3,0,0,2,0,0,1,1,1,0,0,21,2,8,3,8,3,1,0,1,0,0,13,1,7,0,4,0,0
2024-04,54,2,1,1,0,0,3,2,0,1,1,1,1,1,4,2,0,0,0,0,0,0,1,0,0,7,0,6,0,0,3,1,0,1,1,0,0,0,8,2,7,6,6,2,3,0,1,30,3,6,1,3,0,0,0,0
2024-05,54,9,0,0,0,3,2,1,0,1,0,0,0,2,0,7,0,1,0,0,1,0,0,0,1,9,0,3,0,0,1,0,3,3,0,0,0,0,11,1,6,2,6,12,0,0,2,29,0,3,2,0,0,0,1,2
2024-06,54,5,0,0,0,3,3,4,1,0,0,1,1,3,1,5,0,2,0,1,0,0,1,1,1,27,1,5,0,2,1,0,1,0,4,0,1,0,11,0,23,5,1,21,1,0,0,4,3,2,0,2,0,0,2,0
2024-07,54,8,2,0,0,1,2,4,0,1,1,0,0,0,2,3,0,1,0,1,0,0,1,0,1,6,2,5,0,0,1,1,2,0,1,0,0,0,9,0,20,3,1,19,23,0,3,14,2,1,1,1,0,2,2,1
2024-08,54,4,0,0,0,0,1,2,0,0,0,0,0,8,0,11,0,2,0,2,0,0,1,0,0,12,0,3,0,5,3,2,1,0,1,0,0,5,7,0,19,4,0,15,4,0,0,30,2,3,1,4,0,0,2,0
2024-09,54,0,0,0,0,2,2,1,0,2,0,0,0,1,0,3,0,0,0,0,0,2,0,2,0,14,0,9,0,1,3,0,1,1,3,0,0,0,13,0,3,3,25,7,3,0,0,0,1,4,1,0,0,1,0,2
2024-10,54,2,1,0,0,2,1,3,1,4,0,0,0,5,1,3,3,1,1,1,0,0,2,1,1,7,0,9,0,1,0,0,1,0,5,0,0,1,9,0,38,1,4,7,4,0,1,68,4,4,0,0,0,0,4,1
2024-11,54,5,4,0,0,2,2,0,0,5,0,0,0,2,0,5,0,0,0,1,1,3,0,0,5,2,0,9,0,5,0,0,0,0,0,0,0,0,4,0,10,0,1,4,2,0,2,85,0,2,1,1,0,0,0,0
2024-12,54,6,5,0,0,0,2,3,0,3,0,0,0,2,0,2,0,0,0,2,0,0,0,0,0,12,0,2,0,1,0,0,1,0,0,0,0,0,8,0,18,1,0,1,0,0,1,22,1,3,0,0,0,1,0,0
2025-01,54,5,0,0,0,2,1,2,0,4,0,0,0,4,1,6,2,3,0,0,2,4,1,0,2,5,0,6,1,1,3,0,0,0,0,0,0,1,13,0,12,6,2,2,1,0,1,0,0,3,2,0,0,3,0,0
2025-02,54,4,1,0,0,0,2,3,0,6,0,0,1,4,0,0,0,2,0,0,0,1,0,1,3,5,0,2,0,0,0,0,1,0,0,0,0,1,20,0,13,1,1,0,2,0,1,0,1,8,0,2,0,0,0,0
2025-03,54,1,1,0,0,0,3,1,0,3,0,0,1,3,4,5,2,2,0,1,0,0,4,0,0,6,0,3,0,0,0,0,0,0,1,0,0,5,7,0,14,2,2,2,5,0,4,1,6,4,2,1,0,5,0,0
2025-04,54,5,1,0,0,0,1,0,0,3,0,1,0,1,5,4,0,4,0,0,0,0,0,0,0,41,0,3,1,0,1,0,3,0,0,0,0,1,3,1,16,1,1,11,4,1,3,5,0,1,1,0,0,2,0,0
2025-05,54,6,0,0,0,1,2,2,0,1,1,0,0,5,1,2,3,1,0,1,0,0,0,0,0,8,0,1,0,0,0,0,2,0,2,0,0,1,6,2,7,3,0,4,3,0,1,0,3,3,2,1,0,0,2,3
2025-06,54,2,0,0,0,1,5,3,0,1,2,0,0,2,1,5,0,2,1,0,0,2,3,4,0,4,0,8,0,1,1,0,2,1,0,0,0,2,9,0,20,1,6,13,7,5,1,0,5,5,2,1,0,0,1,2
2025-07,54,2,0,1,0,1,1,2,1,0,0,1,0,2,1,5,4,0,0,0,0,1,0,1,2,14,0,5,0,2,0,0,1,0,0,0,0,1,9,0,7,1,6,8,2,0,2,1,2,3,0,0,0,0,1,2
2025-08,54,1,0,0,0,2,3,4,0,3,0,2,1,2,6,5,0,2,0,1,0,0,2,0,0,3,0,2,0,0,1,0,1,0,0,0,0,0,6,0,15,2,10,18,8,0,3,0,1,4,0,4,0,4,10,2
2025-09,54,3,0,0,0,2,1,3,0,2,0,0,1,2,1,8,2,0,0,0,2,3,1,2,0,1,1,5,1,1,0,0,1,0,1,0,0,0,11,0,5,1,4,38,5,0,1,0,2,6,0,0,0,1,2,1
2025-10,54,1,0,0,0,6,0,1,0,0,0,0,0,4,2,13,2,0,0,0,0,0,0,1,2,0,1,0,0,3,0,0,0,1,4,0,0,2,8,0,4,1,3,20,5,0,4,0,1,1,0,1,0,0,1,0
2025-11,54,6,0,0,0,1,1,2,0,1,1,1,1,1,3,4,0,1,0,0,0,0,0,2,2,1,0,3,0,2,1,0,0,0,0,0,0,0,8,0,13,0,0,8,0,0,0,0,1,9,1,0,0,0,0,0
2025-12,54,3,2,0,0,0,2,4,0,3,0,0,0,2,3,3,1,2,0,1,0,1,0,0,3,0,0,8,0,0,0,0,0,0,2,0,0,6,10,3,13,2,1,0,1,0,1,0,1,6,2,0,0,1,0,0
2019-01,55,0,12,1,0,9,1,0,0,0,0,0,0,0,0,0,0,0,1,0,0,0,0,0,1,13,0,0,0,0,0,1,3,27,5,0,0,0,0,0,10,0,0,0,0,1,5,10,0,0,18,0,0,0,0,0
2019-02,55,0,28,0,0,4,1,2,0,0,0,0,0,0,0,10,0,0,1,0,0,1,0,0,0,81,2,0,0,0,1,4,5,7,3,0,0,0,3,0,58,1,1,0,0,0,7,4,0,0,28,0,2,0,0,0
2019-03,55,8,44,5,1,7,5,0,0,2,0,0,0,0,0,16,8,0,0,0,2,1,1,5,1,78,2,0,0,2,0,6,9,2,12,1,0,1,1,0,135,2,9,3,4,1,6,6,0,0,21,5,2,3,0,0
2019-04,55,2,32,13,0,12,2,0,0,1,0,0,0,3,2,16,5,0,1,2,1,6,3,4,1,38,4,1,0,1,3,7,13,4,1,0,0,0,5,1,83,0,11,15,1,1,9,9,0,4,8,15,0,4,0,0
2019-05,55,0,27,12,0,20,3,0,0,4,2,0,0,2,2,30,16,3,1,1,1,1,1,0,1,32,10,1,1,0,9,9,21,2,8,0,0,7,2,1,24,1,15,13,1,5,15,15,2,3,15,22,2,10,93,1
2019-06,55,4,28,5,0,9,5,0,1,1,2,0,0,4,1,13,10,1,0,2,0,0,6,0,1,23,3,4,0,2,8,1,11,4,20,0,16,14,10,2,48,1,14,4,3,1,15,25,2,1,9,1,2,3,117,2
2019-07,55,14,40,2,0,9,3,1,1,4,0,0,0,9,0,18,3,0,1,0,0,6,5,2,0,24,3,6,0,0,6,3,13,2,3,0,2,11,8,0,49,2,11,8,8,2,8,18,1,2,46,8,0,2,88,2
2019-08,55,10,231,5,0,13,5,0,0,6,0,0,0,1,3,26,20,3,0,2,1,0,3,1,4,22,3,8,1,3,10,4,9,7,0,1,2,1,8,1,85,1,12,14,9,1,19,39,1,1,136,3,0,0,105,3
2019-09,55,12,292,6,0,7,1,0,0,1,2,6,0,6,1,15,19,5,2,1,2,0,3,0,1,20,3,2,0,4,8,5,6,6,27,0,2,1,5,3,103,0,6,11,5,1,12,25,4,3,27,3,2,0,54,0
2019-10,55,16,234,11,0,7,3,1,0,2,1,0,0,2,3,18,24,3,1,2,1,1,5,1,1,24,0,1,0,1,3,4,11,2,4,1,0,2,8,0,134,2,7,15,8,2,7,47,2,4,29,10,0,0,45,0
2019-11,55,14,118,1,0,6,2,0,1,4,0,0,0,2,3,22,26,3,0,3,0,1,2,0,1,23,3,2,0,1,0,2,3,1,6,0,0,1,2,0,127,9,15,3,0,1,5,9,0,4,5,0,0,0,0,0
2019-12,55,7,55,1,1,9,2,0,1,2,1,0,0,10,0,12,8,3,1,0,1,1,0,1,3,14,1,2,0,0,2,0,7,0,25,0,3,7,2,1,154,2,8,0,1,0,1,0,0,0,3,1,0,3,0,1
2020-01,55,8,55,3,1,4,3,3,0,0,0,0,4,12,4,18,22,8,0,0,0,1,2,0,1,51,3,0,0,4,1,2,8,10,2,0,0,4,2,0,59,2,19,1,3,0,13,6,0,2,2,7,0,0,0,0
2020-02,55,11,29,1,0,1,6,1,0,3,0,0,1,1,1,15,21,5,1,5,0,1,1,15,6,24,2,2,0,3,5,0,1,2,12,0,0,4,4,2,161,5,35,0,0,0,1,5,1,4,3,1,0,0,0,0
2020-03,55,3,12,4,0,9,6,0,1,0,0,2,1,1,1,17,15,0,0,3,1,0,5,0,1,24,6,0,0,1,5,0,2,2,10,0,0,2,1,0,70,2,23,1,0,0,6,5,1,2,0,2,1,0,0,0
2020-04,55,4,12,0,0,18,1,0,8,3,0,0,0,2,3,22,21,3,0,1,2,0,5,1,3,2,0,2,0,5,8,2,4,3,2,1,0,8,5,1,32,3,15,11,2,4,12,53,2,5,0,1,0,1,0,1
2020-05,55,5,24,7,0,11,3,0,10,4,0,0,3,6,5,41,51,4,0,7,3,1,3,0,1,45,17,6,0,7,23,6,18,4,10,1,1,13,3,4,142,1,15,12,0,1,10,19,2,1,2,16,0,3,8,4
2020-06,55,8,28,7,0,12,9,2,2,5,0,1,0,3,6,34,12,1,0,6,3,1,3,0,1,35,3,6,0,6,11,0,5,1,5,0,0,1,3,0,155,6,27,22,23,1,19,57,0,6,3,7,0,0,5,2
2020-07,55,7,36,6,0,7,5,0,1,7,0,0,0,3,4,33,29,3,2,6,0,1,3,0,0,29,4,3,1,5,11,4,4,1,3,0,0,0,6,1,94,2,9,10,4,4,8,33,1,4,0,0,0,1,52,1
2020-08,55,3,11,2,0,16,5,0,4,1,0,1,1,3,0,36,23,1,0,0,1,1,4,1,0,10,6,1,0,2,6,1,5,0,13,0,4,5,10,2,39,12,8,51,21,2,10,35,1,3,1,1,3,2,28,5
2020-09,55,4,19,0,2,11,6,1,6,2,1,0,0,4,3,28,22,2,0,4,2,1,2,0,1,3,8,1,0,3,5,2,3,3,2,0,0,4,7,0,72,6,13,8,4,3,15,15,1,4,2,2,0,0,0,0
2020-10,55,13,21,4,0,23,4,2,1,1,0,0,2,2,4,34,9,3,0,3,1,0,3,0,2,10,5,1,2,7,4,4,2,4,22,1,0,0,6,3,43,1,5,11,2,2,12,18,1,6,2,2,0,0,17,2
2020-11,55,10,20,0,0,26,5,2,2,0,0,0,4,9,1,30,13,1,0,5,0,0,4,0,3,8,6,1,0,1,2,3,2,2,12,0,2,2,2,0,29,2,3,2,1,0,8,8,0,6,0,1,0,0,0,1
2020-12,55,16,9,3,0,22,2,0,1,1,1,0,0,4,1,22,16,1,0,1,0,0,2,5,3,18,13,1,0,4,1,1,4,4,27,1,2,7,1,1,77,0,9,0,0,1,7,9,0,0,1,3,0,3,0,0
2021-01,55,18,5,2,0,23,2,0,1,1,0,0,0,0,0,20,4,0,0,2,1,0,4,0,3,16,2,0,0,2,2,2,1,0,15,0,0,3,5,0,26,1,14,0,2,0,3,4,0,6,0,1,1,4,0,0
2021-02,55,7,7,6,0,21,0,0,0,4,0,0,0,2,2,20,4,0,0,18,0,0,2,0,4,31,24,1,0,0,1,1,1,1,0,0,0,2,2,0,30,0,7,0,0,1,7,5,0,2,0,0,1,0,0,0
2021-03,55,9,9,3,0,27,3,0,4,5,1,0,0,6,3,35,11,1,0,8,3,1,6,0,0,18,31,0,1,2,3,3,0,5,1,0,0,0,4,3,52,2,12,1,2,2,7,15,1,1,3,0,2,6,0,1
2021-04,55,10,9,3,0,27,7,1,3,3,1,0,0,7,0,30,6,4,0,4,0,0,1,0,0,16,3,4,0,2,12,3,4,6,2,0,0,3,5,1,62,4,11,6,2,1,16,12,1,1,3,2,0,3,0,3
2021-05,55,11,5,1,0,17,3,0,1,0,0,0,0,11,5,27,6,1,0,3,1,3,2,0,1,12,8,7,1,6,8,0,0,4,5,0,0,2,5,3,19,5,7,7,2,4,6,13,5,1,7,0,1,2,11,3
2021-06,55,11,6,1,1,21,10,0,0,1,1,0,0,5,0,27,13,1,1,1,0,0,6,1,5,10,12,5,1,6,13,2,6,4,6,0,0,2,3,0,14,1,22,15,10,2,13,32,2,3,1,9,1,4,17,0
2021-07,55,18,7,3,0,19,1,0,0,1,0,0,0,4,0,30,17,2,0,1,2,0,1,0,3,9,5,3,0,0,8,3,5,14,29,1,0,4,2,2,19,0,7,18,7,1,8,26,3,0,14,1,0,0,13,1
2021-08,55,13,6,5,1,10,4,0,1,3,1,0,0,4,3,20,14,2,0,0,2,1,1,0,0,17,1,4,0,2,7,2,5,6,6,0,0,4,2,0,26,4,6,17,3,1,4,17,3,3,4,1,0,1,8,2
2021-09,55,5,3,2,0,8,8,0,2,3,0,0,0,9,0,22,4,6,3,3,0,2,4,0,0,18,7,1,0,6,7,2,2,4,29,1,0,1,6,2,17,0,9,13,8,1,4,25,1,5,2,1,9,0,11,0
2021-10,55,16,7,0,0,9,2,1,0,5,0,0,0,7,0,31,24,5,1,1,0,0,3,0,0,9,5,2,2,5,6,3,6,4,12,0,1,7,3,1,15,2,5,11,7,1,9,14,0,2,1,6,0,1,0,0
2021-11,55,14,5,4,0,12,3,0,0,6,0,0,0,4,1,26,8,3,0,3,1,1,3,1,3,23,1,2,0,1,5,1,2,5,12,0,0,1,2,3,11,0,7,2,3,2,5,8,1,2,1,0,0,0,0,1
2021-12,55,13,3,2,0,15,5,0,0,8,0,0,0,3,0,13,7,1,0,4,1,5,3,3,2,26,4,1,0,1,0,2,1,1,9,0,1,1,8,0,25,2,0,5,3,0,1,2,0,1,0,3,0,0,0,0
2022-01,55,11,1,1,0,17,0,0,3,26,0,0,0,4,0,10,3,2,4,1,0,4,3,2,4,17,2,1,0,0,1,3,1,9,11,0,2,4,1,0,19,0,3,1,2,0,3,1,1,0,1,8,0,0,0,0
2022-02,55,14,4,0,0,6,0,0,0,4,0,0,0,0,3,13,11,3,0,4,0,2,1,0,0,30,2,0,0,0,0,4,2,1,1,0,0,1,3,0,32,3,7,1,1,1,1,0,0,1,18,6,0,3,0,0
2022-03,55,19,10,4,1,17,3,2,1,3,2,0,0,7,5,17,12,3,0,2,0,2,4,1,1,112,2,3,0,1,2,5,0,9,6,0,0,1,6,0,8,3,13,3,0,5,17,6,0,1,2,6,0,3,0,0
2022-04,55,7,9,5,0,12,2,0,0,4,2,0,0,4,3,14,11,8,1,0,2,1,4,0,1,61,1,5,1,4,1,5,6,4,2,1,2,2,2,2,21,1,10,13,4,3,27,17,3,3,1,5,0,1,0,0
2022-05,55,8,11,1,3,16,4,0,2,8,1,0,0,6,1,17,28,6,1,2,0,2,5,1,0,39,0,7,0,2,11,1,5,4,0,2,0,8,13,1,12,7,18,12,4,1,12,21,1,4,3,6,0,1,2,4
2022-06,55,10,4,4,0,15,1,0,0,2,2,0,1,13,3,20,4,2,1,2,2,0,6,1,7,34,1,3,0,2,14,5,3,6,2,6,2,20,10,3,8,2,7,13,2,2,13,17,6,4,5,2,0,0,4,1
2022-07,55,8,6,2,0,10,2,0,0,0,0,0,0,3,1,21,7,3,1,0,3,1,0,0,1,21,1,4,0,2,8,2,1,6,4,0,4,3,5,1,26,6,6,12,3,1,11,19,4,4,12,1,0,0,0,1
2022-08,55,12,7,3,0,8,2,1,0,12,0,1,0,6,1,19,1,2,0,5,2,0,2,1,2,12,3,4,2,5,7,8,1,5,3,0,0,5,5,1,10,0,10,11,0,0,4,26,2,4,5,5,0,0,0,3
2022-09,55,26,5,0,0,10,0,0,0,5,0,2,1,6,3,7,2,1,0,0,0,0,4,2,0,10,3,0,0,5,7,3,1,2,0,0,0,2,1,0,10,0,7,12,2,0,5,17,3,0,4,2,0,1,2,1
2022-10,55,15,3,1,0,11,1,0,0,2,1,0,0,8,1,14,9,0,0,0,0,0,11,0,3,8,10,10,0,6,3,1,0,1,1,1,0,0,4,0,30,2,4,9,2,2,7,31,0,5,3,0,0,1,1,0
2022-11,55,6,1,2,0,18,3,0,0,1,0,0,1,2,2,22,9,0,0,1,0,0,1,0,7,4,6,1,1,7,2,1,1,2,0,0,0,0,9,0,27,2,16,4,4,0,3,5,1,1,3,0,0,2,0,0
2022-12,55,8,1,3,0,4,5,4,0,5,0,0,1,3,1,12,2,0,2,1,1,5,1,0,1,7,2,4,0,7,2,0,2,6,1,0,0,3,1,0,8,2,5,3,0,0,1,0,1,0,3,0,0,3,0,0
2023-01,55,12,2,0,0,5,1,2,1,1,0,1,0,1,3,11,1,1,0,1,0,0,5,0,4,28,4,1,0,0,1,0,2,6,3,0,0,2,2,0,5,2,14,6,2,2,6,0,2,0,0,0,1,3,0,0
2023-02,55,18,8,1,0,14,1,1,0,2,0,0,0,2,2,15,10,3,0,1,1,0,1,1,0,55,0,4,0,5,8,0,4,4,2,0,1,1,5,2,29,6,34,4,0,1,5,12,4,1,3,6,1,2,0,1
2023-03,55,20,18,3,1,9,2,0,0,3,1,0,0,4,3,19,37,3,0,2,0,2,0,0,0,42,2,1,0,2,3,2,8,3,2,0,0,8,5,2,14,2,10,0,0,4,7,0,2,1,0,8,0,2,0,0
2023-04,55,9,3,3,0,25,9,1,0,3,1,0,0,11,3,22,4,2,0,0,0,0,1,0,1,20,1,3,1,4,1,1,0,4,1,0,0,3,1,0,5,2,15,10,3,11,3,1,6,2,1,1,1,1,0,0
2023-05,55,13,20,2,0,22,5,0,1,3,2,0,0,7,2,33,13,3,0,1,0,0,3,0,1,9,2,4,0,4,5,2,4,2,0,0,0,3,6,1,24,3,8,9,0,1,11,5,6,1,3,1,0,2,5,3
2023-06,55,7,14,0,0,25,3,1,0,0,0,0,0,9,0,30,9,2,0,2,1,0,2,0,1,12,3,6,0,4,1,0,1,7,5,0,0,2,3,0,14,3,15,14,39,0,15,3,4,2,3,0,1,3,1,3
2023-07,55,5,1,0,3,29,8,1,2,1,0,0,0,4,3,33,20,3,0,2,2,1,1,1,0,8,3,1,2,4,2,1,8,6,0,0,0,1,2,1,21,3,23,19,16,4,17,12,4,2,4,12,1,3,16,2
2023-08,55,18,6,2,0,37,1,0,0,3,0,0,0,5,4,38,14,6,1,6,1,3,0,3,1,16,5,3,0,5,2,0,2,7,6,0,0,6,5,2,6,0,6,31,2,2,17,17,2,1,7,3,0,2,11,1
2023-09,55,17,4,1,0,17,4,0,2,3,1,0,3,1,3,19,6,6,0,1,0,0,3,1,0,6,1,4,0,3,7,4,5,4,7,0,0,1,7,0,15,8,23,10,2,0,7,0,0,3,3,13,2,20,3,2
2023-10,55,5,3,0,0,19,3,1,1,4,1,0,0,8,1,37,12,3,0,3,1,0,2,4,2,15,4,3,1,4,3,2,2,4,7,1,0,2,7,0,37,1,4,4,7,1,7,7,2,1,2,0,0,0,0,1
2023-11,55,10,7,0,0,17,6,0,0,1,0,0,0,7,1,18,15,5,1,5,2,2,2,4,2,4,0,1,1,6,1,0,1,2,3,0,1,6,7,3,37,0,6,9,1,0,3,71,0,2,3,1,0,0,0,6
2023-12,55,18,2,3,0,9,6,2,0,0,0,0,0,11,1,11,9,3,0,2,2,0,2,0,4,10,3,1,0,1,1,1,1,2,3,0,0,2,0,1,12,2,2,4,1,3,5,69,0,5,1,4,0,0,0,1
2024-01,55,10,11,0,0,20,4,1,0,0,0,0,0,2,1,14,7,3,1,1,0,5,0,0,4,71,3,2,0,0,1,1,6,5,4,0,0,3,6,1,30,3,9,1,6,1,6,121,2,3,1,4,0,2,0,0
2024-02,55,16,9,4,0,12,7,3,1,14,0,0,0,10,0,46,4,7,1,1,1,0,1,0,1,55,6,1,0,1,3,4,6,4,9,0,0,2,2,0,16,3,9,2,3,0,7,80,3,2,5,6,0,0,0,1
2024-03,55,19,0,0,0,10,1,1,1,5,0,2,0,3,0,20,6,5,0,1,2,0,0,0,2,10,1,4,0,1,0,1,5,3,11,2,10,6,2,1,37,10,8,6,6,0,5,79,1,3,1,7,0,1,0,0
2024-04,55,11,13,0,1,13,2,0,0,0,2,0,0,7,4,27,26,4,0,2,3,0,1,0,2,23,1,2,0,3,4,0,3,5,3,0,0,5,4,1,18,1,9,17,3,3,14,40,3,4,4,5,1,0,2,1
2024-05,55,12,4,2,1,13,7,1,1,0,1,0,0,10,0,19,3,8,0,2,1,1,3,0,1,55,1,5,0,4,17,3,4,3,7,0,2,2,9,0,34,0,23,17,20,4,11,14,3,3,1,14,0,0,4,4
2024-06,55,14,6,6,0,16,5,6,1,1,0,1,0,21,2,28,9,5,0,6,1,3,0,0,1,18,2,10,0,2,6,1,3,5,4,0,0,0,3,0,25,1,18,10,16,2,12,26,1,2,0,1,1,2,5,3
2024-07,55,10,4,6,1,20,3,1,1,1,0,0,0,7,2,27,7,4,1,1,1,0,3,0,0,20,0,4,0,4,6,1,5,10,3,0,2,2,6,1,36,6,19,48,109,2,17,7,2,5,3,8,0,3,0,4
2024-08,55,11,4,3,0,13,3,2,0,2,0,0,0,9,3,38,6,1,1,0,3,1,8,1,2,8,3,3,3,3,2,2,6,11,3,1,2,6,4,3,20,4,13,30,12,12,12,0,2,7,9,5,0,1,2,3
2024-09,55,9,1,2,0,7,2,1,1,6,1,1,0,3,1,21,9,2,4,2,1,1,1,2,4,10,3,3,0,2,4,3,0,5,0,0,0,4,4,0,27,0,20,22,7,2,9,0,2,7,4,2,0,0,0,1
2024-10,55,12,3,4,0,22,1,1,1,1,0,0,0,5,6,17,5,0,0,2,0,0,1,1,2,6,4,6,2,3,2,0,2,4,1,0,0,0,10,0,24,4,7,5,13,51,6,0,0,3,1,1,0,0,2,1
2024-11,55,14,3,7,0,6,2,2,1,8,1,0,0,13,2,14,11,5,1,3,0,0,0,0,3,10,0,6,0,1,2,0,2,4,1,0,0,1,4,6,21,2,6,4,2,1,5,0,1,2,4,0,0,2,0,1
2024-12,55,20,8,0,0,18,4,1,0,9,0,0,0,0,2,23,8,3,2,1,0,2,4,3,2,17,2,1,0,1,0,2,2,0,4,0,0,1,3,2,51,3,5,2,0,1,1,0,1,4,5,1,0,3,0,4
2025-01,55,20,4,2,0,14,2,1,0,10,1,0,0,4,3,16,20,0,2,1,0,11,2,2,2,23,4,2,3,0,2,0,0,3,4,0,2,3,9,0,58,1,10,0,2,1,5,0,1,3,2,5,0,2,0,1
2025-02,55,27,2,1,0,9,2,1,0,12,1,0,0,5,0,21,3,5,3,2,0,5,0,0,2,27,1,0,2,1,1,1,2,3,3,0,0,4,3,0,28,2,7,2,1,1,3,0,2,2,6,4,0,2,0,0
2025-03,55,13,4,5,0,15,4,1,0,8,2,0,0,13,6,17,1,4,1,0,1,0,1,1,2,34,2,5,0,1,1,3,5,7,6,0,0,2,10,3,44,0,18,4,5,2,10,7,2,6,2,4,2,1,0,1
2025-04,55,15,0,0,2,13,5,0,0,5,0,1,0,3,3,19,2,2,0,1,0,0,1,1,2,55,0,2,0,2,1,3,9,3,9,0,0,3,2,1,19,1,9,6,5,10,16,4,2,4,21,4,0,3,0,0
2025-05,55,10,2,2,0,17,8,2,0,4,1,0,0,4,3,23,3,5,2,3,2,0,3,1,4,39,2,6,0,1,9,2,14,8,2,0,4,2,1,3,11,1,14,15,17,3,12,0,2,0,6,1,0,2,2,3
2025-06,55,28,0,5,0,11,1,3,0,1,1,0,0,14,3,32,8,4,1,9,0,0,10,0,3,11,4,4,0,1,2,2,3,9,6,1,3,4,4,0,21,0,7,11,9,5,12,10,1,1,7,7,0,0,8,2
2025-07,55,13,10,2,4,23,8,1,0,2,0,0,0,7,3,40,10,6,0,7,2,0,5,0,3,23,1,5,0,5,7,4,2,7,6,0,2,6,4,0,65,1,12,20,10,0,15,6,2,2,5,5,0,3,3,3
2025-08,55,14,4,3,1,8,6,0,1,5,1,0,0,14,2,36,12,5,0,4,2,1,7,0,2,18,1,5,0,11,9,2,9,6,1,0,0,1,5,2,45,2,21,49,53,0,19,8,1,6,7,7,0,12,4,3
2025-09,55,15,9,1,0,10,18,0,4,4,1,0,0,9,1,29,3,5,1,3,2,0,2,0,1,5,1,1,1,6,7,3,4,3,3,0,2,3,10,1,24,4,2,25,26,0,14,8,2,0,3,1,1,1,5,4
2025-10,55,12,1,1,0,6,0,1,2,3,0,0,0,4,2,17,11,11,0,0,4,1,6,1,2,2,3,7,1,3,2,1,3,2,7,0,0,1,14,0,23,1,4,13,7,0,4,18,1,6,2,4,0,0,0,1
2025-11,55,3,0,3,0,5,5,0,0,0,1,0,0,6,2,13,8,2,0,2,0,1,1,0,2,6,0,9,0,2,2,1,2,3,1,2,1,0,2,0,25,3,18,2,2,1,5,14,0,2,3,0,0,2,0,2
2025-12,55,16,2,0,0,11,1,0,1,2,1,0,0,3,3,13,2,3,0,3,1,4,0,0,2,8,6,3,0,0,2,0,0,0,3,0,0,0,2,0,18,0,14,3,4,0,6,1,0,2,4,4,0,0,0,0
