YEAR_MONTH,COMMUNITY_AREA,Abandoned Vehicle Complaint,Alley Light Out Complaint,Alley Pothole Complaint,Alley Sewer Inspection Request,Blue Recycling Cart,Building Violation,Buildings - Plumbing Violation,Business Complaints,Check for Leak,Clean Vacant Lot Request,Consumer Fraud Complaint,Coyote Interaction Complaint,Dead Animal Pick-Up Request,Fly Dumping Complaint,Garbage Cart Maintenance,Graffiti Removal Request,Inspect Public Way Request,Low Water Pressure Complaint,Missed Garbage Pick-Up Complaint,No Building Permit and Construction Violation,No Water Complaint,Nuisance Animal Complaint,Open Fire Hydrant Complaint,Pet Wellness Check Request,Pothole in Street Complaint,Recycling Pick Up,Report an Injured Animal,Restaurant Complaint,Rodent Baiting/Rat Complaint,Sanitation Code Violation,Sewer Cave-In Inspection Request,Sewer Cleaning Inspection Request,Sidewalk Inspection Request,Sign Repair Request - All Other Signs,Sign Repair Request - Do Not Enter Sign,Sign Repair Request - One Way Sign,Sign Repair Request - Stop Sign,Stray Animal Complaint,Street Cleaning Request,Street Light Out Complaint,Street Light Pole Damage Complaint,Traffic Signal Out Complaint,Tree Debris Clean-Up Request,Tree Emergency,Tree Planting Request,Tree Removal Inspection,Tree Trim Request (NO LONGER BEING ACCEPTED),Vacant/Abandoned Building Complaint,Vicious Animal Complaint,Water Lead Test Kit Request,Water On Street Complaint,Water Quality Concern,Water in Basement Complaint,Weed Removal Request,Yard Waste Pick-Up Request,total_volume_area_1,total_volume_area_2,total_volume_area_3,total_volume_area_4,total_volume_area_9,total_volume_area_10,total_volume_area_11,total_volume_area_12,total_volume_area_13,total_volume_area_14
2019-01,1,8,20,2,0,3,39,10,1,0,0,2,0,0,0,0,0,1,0,0,0,0,1,0,0,5,1,0,1,0,0,4,5,17,10,0,0,0,0,0,4,0,2,0,0,3,2,10,1,0,23,2,0,0,0,0,177.0,,,,,,,,,
2019-02,1,36,10,7,2,5,37,15,0,3,0,0,0,0,0,8,0,0,1,0,2,0,0,0,1,162,0,0,2,5,2,6,6,3,14,0,0,0,3,0,51,2,2,0,0,12,5,7,0,0,33,5,1,0,0,0,448.0,,,,,,,,,
2019-03,1,60,16,22,4,11,38,9,1,14,0,6,0,4,3,13,31,3,1,0,8,5,5,1,5,91,1,1,1,28,20,13,17,8,11,1,0,6,6,2,55,4,33,9,1,6,5,13,0,3,51,15,1,3,0,2,667.0,,,,,,,,,
2019-04,1,24,19,11,1,3,45,3,2,10,0,0,0,6,4,15,31,1,0,1,4,0,1,2,2,38,0,5,3,50,5,11,19,4,13,0,0,7,4,4,26,0,33,6,24,5,5,9,0,3,25,19,1,3,0,9,516.0,,,,,,,,,
2019-05,1,24,14,17,4,2,34,8,1,7,0,2,3,5,4,14,40,5,0,1,11,6,2,1,2,69,1,8,2,51,9,10,42,7,25,0,2,1,4,2,28,5,26,23,28,8,16,32,1,4,9,38,1,5,1,12,677.0,,,,,,,,,
2019-06,1,17,19,23,2,14,48,9,2,1,1,3,0,6,8,23,135,11,0,4,2,5,5,0,3,78,1,7,2,92,13,15,39,7,34,0,0,5,7,3,40,1,26,26,32,11,23,76,3,5,15,40,1,4,6,18,971.0,,,,,,,,,
2019-07,1,29,16,20,6,8,46,15,4,5,0,2,0,30,11,12,179,6,0,2,2,0,10,1,2,48,2,7,3,82,15,10,28,6,36,0,3,2,7,0,59,2,18,25,29,21,22,70,2,4,105,25,4,3,9,16,1069.0,,,,,,,,,
2019-08,1,24,20,26,4,8,53,2,1,10,1,4,0,27,6,20,139,21,1,4,4,0,13,4,2,37,1,7,4,136,10,7,12,14,54,3,8,9,12,1,101,2,14,32,34,5,12,61,2,5,70,4,1,1,10,17,1080.0,,,,,,,,,
2019-09,1,23,33,27,1,9,32,9,1,22,1,3,0,28,6,23,159,27,4,2,7,4,1,7,3,45,2,11,5,124,8,5,8,9,41,0,1,4,5,3,49,3,13,18,21,26,24,41,2,5,76,17,2,4,3,18,1025.0,,,,,,,,,
2019-10,1,18,28,12,1,5,52,10,2,8,0,4,0,8,10,13,62,29,0,0,6,0,7,2,1,34,0,6,5,113,6,15,12,1,23,0,0,5,7,1,91,2,35,24,43,5,23,18,0,6,50,13,2,3,5,20,846.0,,,,,,,,,
2019-11,1,29,16,3,1,3,40,10,0,2,0,2,7,8,15,15,147,16,0,4,4,0,1,1,4,25,2,4,4,46,3,3,10,2,72,0,1,14,4,9,62,5,32,35,23,5,3,14,0,6,22,7,1,3,0,39,784.0,,,,,,,,,
2019-12,1,35,9,10,5,1,28,6,0,9,0,0,1,8,16,13,173,12,2,1,4,5,1,2,1,31,2,3,1,43,6,2,9,4,55,0,0,5,7,5,81,0,25,8,7,1,8,12,1,3,15,10,0,2,0,18,706.0,,,,,,,,,
2020-01,1,45,11,5,0,5,52,7,1,8,0,2,8,7,6,14,256,8,2,0,4,2,0,0,4,57,4,4,2,48,9,7,10,6,27,1,1,5,3,1,50,4,54,3,2,10,2,5,2,1,16,14,1,3,0,1,800.0,,,,,,,,,
2020-02,1,53,7,5,1,4,22,5,1,10,0,0,1,1,3,19,84,5,1,4,5,0,1,0,0,62,0,0,4,47,19,4,12,3,41,0,0,4,2,2,32,1,21,3,4,4,1,6,0,2,6,0,1,3,0,4,520.0,,,,,,,,,
2020-03,1,23,14,8,1,3,24,11,7,7,2,3,1,6,6,10,142,29,0,4,5,10,2,0,0,24,5,2,3,54,16,9,4,1,26,2,6,2,4,2,97,3,30,4,3,8,8,10,0,3,7,4,3,6,0,3,667.0,,,,,,,,,
2020-04,1,22,6,11,3,6,21,9,25,9,2,0,2,2,6,17,125,42,2,1,7,9,4,0,1,49,1,5,1,78,16,0,9,3,7,1,1,0,7,0,10,4,18,4,1,2,6,5,0,3,0,13,0,6,0,15,597.0,,,,,,,,,
2020-05,1,29,11,14,4,7,29,8,13,1,1,2,1,18,15,30,156,38,1,3,8,0,3,0,0,60,1,9,4,80,28,9,33,5,20,1,2,8,8,5,32,1,25,10,6,6,8,26,1,4,6,19,0,19,0,10,838.0,,,,,,,,,
2020-06,1,22,13,22,3,10,39,4,7,7,0,1,2,7,14,33,220,46,1,8,9,1,8,1,6,68,1,14,3,111,32,7,11,7,31,0,2,3,7,4,37,5,29,34,48,3,19,60,1,4,5,11,0,1,2,15,1059.0,,,,,,,,,
2020-07,1,50,7,14,1,17,62,16,9,8,1,2,3,9,5,22,177,19,1,6,9,0,7,0,5,46,5,3,0,111,14,5,7,11,43,0,0,1,5,6,19,4,20,26,62,4,18,70,3,1,11,9,0,3,1,14,972.0,,,,,,,,,
2020-08,1,46,6,10,0,12,45,14,14,17,0,1,0,19,10,31,191,8,2,6,8,4,14,32,2,30,5,6,3,121,20,2,7,12,24,0,0,3,3,1,54,18,23,192,248,8,39,63,1,13,14,10,1,3,10,18,1444.0,,,,,,,,,
2020-09,1,49,11,8,4,8,34,9,13,7,3,1,0,19,2,25,293,6,1,5,7,0,15,9,2,28,5,17,2,136,26,7,5,8,22,0,3,3,3,1,85,8,29,52,33,5,17,40,1,6,16,10,4,6,3,12,1124.0,,,,,,,,,
2020-10,1,46,13,3,2,6,26,5,19,13,2,1,0,13,2,24,140,5,3,1,7,2,9,9,4,20,1,7,6,102,23,0,20,2,51,1,4,0,1,3,20,1,34,22,20,5,8,23,2,3,5,8,1,5,0,15,768.0,,,,,,,,,
2020-11,1,30,19,7,2,7,27,6,9,7,2,1,0,12,3,31,124,4,3,4,5,6,3,2,1,18,1,10,2,54,7,1,3,4,22,0,0,1,4,7,18,2,19,10,11,5,4,6,0,0,4,2,0,3,0,54,587.0,,,,,,,,,
2020-12,1,40,8,8,0,12,29,7,6,9,1,2,0,10,5,19,395,8,0,0,8,3,4,18,6,20,1,3,1,66,17,0,12,0,17,1,2,8,3,3,13,2,23,6,10,1,12,25,0,3,8,3,1,0,0,18,877.0,,,,,,,,,
2021-01,1,35,7,8,1,8,26,11,4,19,0,2,0,1,6,13,149,5,4,2,1,1,3,1,3,26,4,4,2,50,11,1,2,2,21,0,2,5,2,0,22,1,9,1,0,7,3,2,0,2,11,7,1,0,0,5,513.0,,,,,,,,,
2021-02,1,19,10,0,0,5,59,9,2,12,1,2,0,2,5,10,57,0,3,24,3,5,5,0,3,32,9,2,2,20,36,1,2,1,8,0,0,1,2,0,26,3,30,0,0,4,0,9,0,0,6,5,1,0,0,0,436.0,,,,,,,,,
2021-03,1,46,8,15,0,8,38,9,7,10,0,2,2,14,4,23,99,1,2,5,6,9,5,0,1,107,7,1,2,68,26,9,5,9,20,1,0,9,7,4,18,11,19,10,7,21,23,16,0,2,24,3,1,7,0,11,762.0,,,,,,,,,
2021-04,1,52,4,2,11,8,27,12,5,3,3,0,3,16,7,31,199,9,3,2,7,0,9,1,11,49,3,4,2,74,25,7,3,3,45,1,0,5,3,4,15,5,29,12,15,52,10,26,2,3,15,2,1,0,0,16,856.0,,,,,,,,,
2021-05,1,47,4,3,7,8,35,12,4,2,0,2,3,14,12,23,114,0,0,1,4,0,15,2,2,11,3,9,3,83,19,0,14,5,20,2,3,4,5,1,22,0,33,24,23,28,20,34,0,1,8,4,3,2,6,24,728.0,,,,,,,,,
2021-06,1,44,6,5,9,7,30,10,2,4,1,0,1,14,7,28,143,6,2,5,7,5,9,1,6,45,2,7,1,125,23,12,22,13,23,0,1,0,6,3,34,4,19,40,40,10,22,47,1,4,6,16,0,23,2,18,921.0,,,,,,,,,
2021-07,1,42,7,10,1,12,30,5,0,4,2,1,0,14,7,33,81,5,1,2,8,1,4,0,7,45,7,11,2,129,20,7,11,3,30,0,0,3,7,2,15,1,9,31,23,16,15,36,0,3,29,7,1,5,4,26,775.0,,,,,,,,,
2021-08,1,41,3,6,0,5,33,14,4,4,0,0,0,17,7,25,183,9,2,2,2,1,5,11,2,33,4,14,4,130,18,12,10,11,31,0,0,2,5,3,26,2,15,81,77,9,20,41,3,6,15,8,1,17,2,17,993.0,,,,,,,,,
2021-09,1,44,6,6,0,9,37,13,12,2,2,0,0,23,10,23,136,15,1,2,11,5,4,4,1,7,0,10,5,117,16,9,15,4,35,0,1,2,1,6,21,7,28,30,21,11,15,32,3,3,15,2,2,3,2,10,799.0,,,,,,,,,
2021-10,1,46,4,7,6,10,33,9,4,6,2,1,0,11,4,19,60,6,5,3,3,4,3,0,8,16,2,6,3,128,16,4,18,10,29,0,1,3,3,3,55,10,30,35,52,3,17,28,4,4,16,23,0,10,0,29,812.0,,,,,,,,,
2021-11,1,41,11,7,0,5,23,4,1,8,0,0,0,8,2,20,62,5,5,3,4,10,4,20,1,32,2,4,4,96,11,5,7,6,10,0,2,2,1,3,33,4,39,20,2,0,1,6,0,1,9,4,0,1,0,49,598.0,,,,,,,,,
2021-12,1,36,3,3,0,7,31,13,5,10,3,2,1,9,4,12,44,3,3,3,5,3,4,0,5,22,3,7,10,90,11,1,2,2,43,1,0,3,6,3,4,11,29,9,8,0,4,8,3,4,6,6,2,5,0,30,542.0,,,,,,,,,
2022-01,1,41,1,2,1,7,40,18,4,17,0,0,1,0,5,12,138,6,1,0,9,6,3,1,5,21,3,7,3,59,12,3,3,5,19,0,0,2,7,1,29,1,19,2,3,2,3,1,0,2,3,6,0,4,0,2,540.0,,,,,,,,,
2022-02,1,58,6,0,3,8,26,8,2,20,0,0,4,3,2,16,69,1,0,3,4,4,1,6,3,53,4,2,8,34,12,4,4,5,32,0,0,3,1,0,107,5,7,5,3,11,2,1,2,1,16,9,2,5,0,0,585.0,,,,,,,,,
2022-03,1,67,11,9,2,10,35,5,0,17,3,0,0,15,2,16,184,9,5,3,8,1,2,6,3,115,5,12,4,90,14,12,3,3,20,0,0,0,2,2,23,0,28,13,7,10,11,0,2,6,14,22,1,1,0,11,844.0,,,,,,,,,
2022-04,1,63,1,7,5,13,36,5,1,19,1,0,0,18,3,19,137,6,0,8,6,0,7,3,1,189,0,5,3,112,14,13,11,4,52,0,0,5,14,0,43,6,33,13,4,10,9,14,1,11,12,17,1,0,0,18,973.0,,,,,,,,,
2022-05,1,47,3,12,2,7,45,6,2,3,2,3,1,16,7,18,161,11,1,4,4,4,17,4,2,156,6,6,6,99,17,9,18,8,15,3,8,12,5,1,32,2,41,10,18,9,14,47,0,11,10,11,0,0,0,28,984.0,,,,,,,,,
2022-06,1,56,4,7,0,11,35,5,1,5,0,0,3,7,9,20,95,10,1,2,15,2,7,7,9,144,3,8,5,116,12,4,12,7,19,0,1,5,15,2,30,5,36,22,26,9,18,45,0,3,11,3,0,1,5,31,909.0,,,,,,,,,
2022-07,1,44,1,13,2,9,39,8,2,7,3,0,0,9,10,18,110,8,8,9,5,8,5,1,2,169,13,6,2,118,25,5,20,36,11,0,1,3,5,3,14,2,24,62,51,10,14,58,0,4,15,7,2,3,6,28,1038.0,,,,,,,,,
2022-08,1,51,3,11,7,3,35,6,4,3,2,1,0,15,7,22,250,13,3,3,8,1,5,2,3,77,3,11,3,128,10,6,9,3,10,2,11,4,8,2,14,2,31,57,39,6,17,41,3,4,49,2,0,3,2,38,1053.0,,,,,,,,,
2022-09,1,61,6,5,3,5,36,17,4,1,1,2,0,29,12,22,120,1,5,6,8,5,4,7,7,27,6,6,4,86,14,3,23,9,14,1,1,10,3,5,36,3,21,52,15,4,20,21,2,2,51,33,1,309,2,14,1165.0,,,,,,,,,
2022-10,1,32,2,1,3,1,27,13,1,27,0,2,0,14,4,9,92,2,4,3,4,2,8,3,3,25,3,18,4,60,5,2,17,7,8,0,2,2,8,1,85,5,26,22,14,4,9,23,0,7,15,9,0,13,1,31,683.0,,,,,,,,,
2022-11,1,37,3,8,1,1,38,10,0,19,2,0,1,7,4,11,86,4,1,1,5,0,4,2,1,20,3,2,4,60,5,0,5,4,15,1,1,11,2,5,11,4,18,57,49,6,10,10,0,0,14,6,2,7,0,52,630.0,,,,,,,,,
2022-12,1,50,5,5,0,5,33,22,1,21,0,1,0,7,4,10,56,3,0,5,9,9,2,2,4,49,3,1,4,37,9,0,12,12,11,0,0,3,4,1,24,3,11,7,1,3,5,2,0,5,7,16,0,4,0,26,514.0,,,,,,,,,
2023-01,1,63,1,4,1,8,32,14,1,19,0,1,1,6,6,13,78,1,1,4,2,6,3,0,6,102,4,3,2,57,20,3,6,3,7,0,2,2,8,2,20,5,27,6,2,0,4,0,0,6,22,8,1,1,0,2,596.0,,,,,,,,,
2023-02,1,70,4,11,1,3,30,15,1,12,0,2,0,6,4,17,95,5,1,1,2,2,1,2,4,137,0,4,1,44,15,9,7,5,10,0,0,7,2,4,27,0,33,8,1,4,4,15,0,3,15,27,1,6,0,2,680.0,,,,,,,,,
2023-03,1,75,15,9,1,7,28,18,3,7,1,1,0,13,11,16,120,4,3,5,4,2,13,2,4,123,0,2,0,48,22,20,19,7,8,1,1,7,9,5,25,0,18,10,2,15,6,8,1,7,9,11,1,4,0,4,755.0,,,,,,,,,
2023-04,1,64,8,12,2,4,35,10,3,2,0,0,0,10,3,23,137,9,0,4,6,4,2,2,2,93,0,5,3,76,18,15,16,12,11,0,0,3,6,4,17,3,30,4,2,20,6,53,0,2,14,4,0,2,0,23,784.0,,,,,,,,,
2023-05,1,71,10,10,2,9,27,10,5,10,1,1,1,19,9,19,135,6,4,7,8,8,8,2,3,60,1,9,2,99,20,5,4,4,7,0,0,0,12,2,10,1,19,9,12,11,14,98,1,3,21,5,2,1,9,39,865.0,,,,,,,,,
2023-06,1,85,5,12,3,5,48,10,3,4,2,1,0,20,5,20,91,8,0,1,8,8,2,0,1,46,2,8,4,110,26,12,10,10,6,0,2,4,5,10,23,1,21,34,36,17,28,36,1,6,23,6,3,3,3,33,871.0,,,,,,,,,
2023-07,1,46,0,19,1,12,41,11,3,1,2,3,0,10,10,15,95,14,2,13,2,2,7,0,2,87,0,5,1,107,25,6,9,3,7,0,1,3,3,2,30,1,18,79,73,4,19,49,0,6,16,19,0,10,4,40,938.0,,,,,,,,,
2023-08,1,61,1,7,5,10,41,24,2,7,5,1,1,20,13,20,85,14,1,9,4,3,7,5,5,50,1,17,9,96,22,8,10,9,14,0,1,4,12,5,27,4,21,65,39,3,20,18,0,3,11,7,1,2,6,51,887.0,,,,,,,,,
2023-09,1,54,1,8,3,10,44,11,0,13,0,0,1,10,17,26,84,9,2,3,2,7,9,3,3,33,2,9,0,120,14,3,5,5,18,1,0,5,12,2,9,2,25,25,34,19,20,22,0,5,14,18,2,3,2,26,775.0,,,,,,,,,
2023-10,1,64,3,4,3,2,32,12,2,9,4,4,0,17,8,16,135,8,1,4,10,2,2,2,3,27,3,6,4,81,10,1,9,7,19,1,3,5,8,2,25,1,53,28,29,15,20,56,1,8,13,3,0,1,1,35,822.0,,,,,,,,,
2023-11,1,63,6,2,2,10,34,7,2,3,0,0,0,3,14,12,142,7,0,11,11,2,1,4,2,26,6,6,3,66,10,2,4,1,5,0,0,1,8,6,14,1,16,20,7,10,14,82,0,2,20,1,1,1,0,57,728.0,,,,,,,,,
2023-12,1,69,3,4,1,8,34,8,1,8,0,3,0,4,8,10,78,4,1,3,1,2,5,2,4,55,1,0,1,66,10,1,3,0,5,1,0,4,6,7,27,2,13,7,6,4,8,47,2,4,15,11,1,3,0,34,605.0,,,,,,,,,
2024-01,1,73,4,9,2,1,38,15,3,5,1,3,5,11,5,16,111,6,3,16,5,5,2,2,3,134,6,1,1,50,21,0,6,12,22,0,0,2,6,1,25,4,11,13,20,3,6,11,2,2,11,23,0,3,0,8,748.0,,,,,,,,,
2024-02,1,98,12,7,0,6,36,21,2,20,2,2,0,9,5,16,107,3,3,4,12,3,2,4,4,198,0,3,4,54,10,1,2,2,17,0,0,5,6,7,22,2,14,12,8,3,8,27,0,8,16,6,3,2,0,5,823.0,,,,,,,,,
2024-03,1,96,1,9,2,10,29,9,5,6,2,3,2,12,15,13,138,12,1,8,3,0,3,2,5,109,2,8,4,46,12,3,8,6,15,0,2,4,2,4,5,3,54,6,2,12,6,39,0,5,32,18,3,1,0,20,817.0,,,,,,,,,
2024-04,1,79,2,9,3,6,41,5,4,5,2,2,1,11,7,14,122,11,1,5,4,2,5,2,1,77,2,11,1,57,13,3,10,8,17,0,0,0,5,8,12,1,11,13,15,7,12,112,0,4,44,31,2,4,0,31,855.0,,,,,,,,,
2024-05,1,76,3,17,6,6,33,12,3,5,0,1,0,15,14,13,91,5,0,5,4,1,5,1,3,81,1,10,2,62,14,6,15,5,9,0,0,4,5,3,27,2,19,81,74,13,41,43,2,1,12,32,0,7,7,41,938.0,,,,,,,,,
2024-06,1,48,2,11,6,9,46,9,2,15,2,1,0,17,6,29,141,6,1,8,6,2,0,14,3,51,2,3,1,76,12,3,14,4,12,1,3,5,3,3,30,3,15,95,32,45,29,34,6,6,14,30,2,6,3,42,969.0,,,,,,,,,
2024-07,1,45,2,8,2,6,45,7,2,2,1,2,0,17,10,18,158,6,0,9,5,0,6,0,2,32,7,5,2,94,13,7,11,11,14,0,0,0,2,5,15,4,17,52,40,4,34,36,2,5,18,28,1,12,7,34,865.0,,,,,,,,,
2024-08,1,55,1,11,6,5,44,6,7,16,1,3,0,23,23,14,121,8,4,3,5,2,4,26,11,31,2,10,2,101,20,2,8,10,13,0,0,3,4,7,13,4,14,37,35,11,26,74,2,6,6,17,1,4,3,39,904.0,,,,,,,,,
2024-09,1,50,0,3,6,3,30,14,1,7,2,1,0,23,16,17,103,6,1,5,6,1,5,12,8,30,3,8,1,70,16,5,2,8,14,0,0,8,2,4,19,0,39,37,19,7,28,1,2,6,13,7,1,2,3,27,702.0,,,,,,,,,
2024-10,1,75,0,9,4,9,40,17,4,8,1,0,1,33,14,15,163,2,1,0,14,4,5,1,1,47,2,21,1,100,17,2,0,7,10,0,1,6,10,0,16,17,15,27,34,3,10,47,2,14,18,4,0,1,3,37,893.0,,,,,,,,,
2024-11,1,44,7,2,0,4,28,28,3,7,2,1,0,16,5,19,123,3,0,2,7,1,6,3,2,32,0,6,0,51,12,4,4,4,26,2,1,2,6,4,38,1,22,27,24,5,14,45,0,4,6,15,0,6,0,47,721.0,,,,,,,,,
2024-12,1,46,5,2,0,6,38,12,2,12,0,1,1,9,7,17,175,3,2,6,1,1,9,4,4,32,2,0,4,31,13,2,6,2,7,0,2,7,1,4,18,3,9,6,11,0,3,123,0,1,11,4,0,0,0,30,695.0,,,,,,,,,
2025-01,1,66,4,5,4,5,33,18,5,17,1,0,6,4,7,7,179,1,1,8,4,5,6,5,4,101,4,3,0,56,14,1,11,8,14,3,2,5,9,4,52,5,23,6,3,1,3,51,1,2,11,34,0,2,0,6,830.0,,,,,,,,,
2025-02,1,63,1,4,3,10,30,13,4,8,0,0,19,3,3,15,167,3,1,2,7,1,12,2,4,79,1,3,1,48,12,0,6,4,15,0,0,4,3,1,39,2,21,3,5,9,4,91,0,4,5,3,0,0,0,3,741.0,,,,,,,,,
2025-03,1,82,5,10,1,10,33,26,2,11,0,1,4,18,15,17,162,4,1,9,11,6,9,3,6,51,4,8,0,46,28,8,5,3,28,1,3,4,5,3,28,4,27,3,15,2,15,63,2,1,10,11,0,1,0,20,845.0,,,,,,,,,
2025-04,1,77,4,26,5,8,39,10,1,5,1,2,1,8,8,12,131,3,0,8,2,0,13,0,2,77,1,5,0,74,8,10,32,8,33,1,0,3,4,2,25,7,31,16,20,6,8,60,0,1,4,19,1,2,0,49,873.0,,,,,,,,,
2025-05,1,62,2,10,5,6,44,17,4,10,2,1,0,13,19,17,154,6,1,8,16,0,9,0,2,45,1,9,2,61,18,11,4,21,30,0,2,7,8,1,19,7,37,47,48,21,31,20,0,3,10,23,0,4,1,52,951.0,,,,,,,,,
2025-06,1,102,1,6,2,14,39,12,5,7,0,0,0,29,18,23,77,5,1,15,13,3,9,0,2,42,6,11,2,103,28,1,7,4,23,0,1,9,4,6,19,2,37,63,48,10,29,24,2,8,22,15,1,2,7,51,970.0,,,,,,,,,
2025-07,1,75,3,6,12,12,52,19,1,4,1,1,0,20,21,25,116,9,1,11,3,4,6,1,1,67,13,11,5,117,33,3,7,4,35,0,2,4,7,3,29,3,23,66,23,8,27,55,4,3,49,21,1,4,7,60,1098.0,,,,,,,,,
2025-08,1,79,4,4,9,9,42,13,1,4,2,3,0,19,27,16,89,1,0,5,3,2,6,3,4,25,5,7,5,116,23,4,12,7,16,0,2,4,5,2,25,2,30,48,70,7,30,54,5,10,67,29,0,16,9,48,1028.0,,,,,,,,,
2025-09,1,65,6,5,1,13,41,9,3,3,5,0,1,24,27,26,77,3,0,9,6,1,8,18,3,19,3,6,3,117,16,1,4,6,17,0,2,1,9,2,18,4,26,19,26,3,20,19,2,5,47,1,3,4,10,42,809.0,,,,,,,,,
2025-10,1,50,4,2,2,4,48,18,1,35,0,2,0,15,23,19,87,6,2,5,9,6,13,0,13,16,1,12,2,69,16,5,8,5,12,2,0,0,7,1,16,3,25,12,15,0,17,20,0,8,22,10,0,5,3,21,697.0,,,,,,,,,
2025-11,1,72,5,1,3,7,33,19,0,2,1,1,2,11,14,14,72,6,1,3,3,0,5,1,10,12,2,3,2,73,17,2,4,1,12,1,3,5,1,3,19,1,27,16,15,2,12,62,0,5,35,3,0,4,0,70,698.0,,,,,,,,,
2025-12,1,81,4,1,2,10,53,32,0,6,2,2,0,2,13,15,44,3,5,28,12,2,2,0,3,26,9,4,1,33,24,0,5,3,7,0,2,1,3,1,28,4,37,3,4,1,2,118,0,1,13,19,0,0,0,20,691.0,,,,,,,,,
2019-01,2,11,11,4,1,5,29,8,1,0,0,5,0,0,0,0,0,0,2,0,1,0,1,0,2,14,0,0,5,0,4,2,5,193,9,0,0,0,4,0,36,0,4,0,0,10,7,19,1,0,64,0,0,0,0,0,,458.0,,,,,,,,
2019-02,2,40,19,13,4,10,26,10,1,5,0,4,0,2,0,38,5,2,2,0,0,0,3,1,0,261,4,0,4,3,1,7,17,10,9,0,0,0,1,1,58,2,4,2,1,5,18,24,0,0,89,2,1,0,0,0,,709.0,,,,,,,,
2019-03,2,72,37,52,3,17,39,1,2,29,2,8,1,14,14,70,45,9,1,3,5,3,5,2,1,455,0,2,17,61,30,20,27,14,34,1,0,5,3,3,91,7,20,23,15,14,23,57,2,2,151,15,4,4,0,6,,1541.0,,,,,,,,
2019-04,2,72,22,63,3,18,48,8,6,12,0,5,0,19,12,83,46,9,2,5,1,5,4,0,4,155,2,5,4,86,24,22,53,13,27,0,3,6,13,7,78,6,59,33,30,16,30,43,2,2,49,37,3,3,0,10,,1268.0,,,,,,,,
2019-05,2,62,30,81,3,19,35,6,6,18,1,1,0,18,6,77,39,21,2,4,9,6,8,2,3,275,1,10,0,104,34,30,71,22,36,1,5,6,9,7,135,8,51,67,72,14,53,100,4,4,32,69,0,6,6,21,,1710.0,,,,,,,,
2019-06,2,50,45,51,2,23,45,4,2,9,1,2,0,25,9,77,171,13,1,7,10,1,13,4,2,214,3,13,6,94,32,15,64,21,39,0,2,4,8,7,163,9,56,63,38,15,40,133,6,4,19,29,2,4,9,22,,1701.0,,,,,,,,
2019-07,2,67,46,69,3,20,56,8,2,17,0,4,1,30,13,93,222,25,9,9,6,12,5,3,10,280,6,22,8,126,31,24,54,19,62,1,11,8,11,3,198,1,44,51,72,13,47,175,1,6,212,23,3,8,0,18,,2268.0,,,,,,,,
2019-08,2,64,50,48,1,25,40,5,5,10,0,4,0,34,15,70,233,32,3,2,8,5,10,4,6,217,1,17,7,201,26,25,34,20,23,0,5,3,11,2,148,1,24,47,46,19,58,161,1,9,104,12,3,6,3,19,,1927.0,,,,,,,,
2019-09,2,62,59,49,6,15,36,9,0,26,2,9,0,51,13,87,107,16,3,4,8,10,11,3,6,190,1,11,4,129,27,19,39,20,77,4,4,6,5,4,268,7,35,39,62,42,39,105,2,8,193,26,7,7,5,6,,1983.0,,,,,,,,
2019-10,2,49,81,41,4,18,39,9,5,17,0,2,0,41,11,68,68,22,0,4,4,4,7,2,10,130,2,9,6,117,29,15,27,16,103,1,2,5,5,6,198,6,31,43,65,17,39,74,1,5,71,19,0,5,0,24,,1577.0,,,,,,,,
2019-11,2,60,53,42,2,14,29,10,5,16,4,0,0,23,7,61,105,14,2,2,7,4,8,7,9,89,1,6,4,119,17,13,16,6,187,0,9,9,12,12,170,7,16,58,40,18,6,30,3,1,35,11,1,3,0,33,,1416.0,,,,,,,,
2019-12,2,85,94,19,0,18,24,10,0,12,1,3,3,16,8,41,116,2,1,5,6,1,9,5,10,86,8,7,10,57,26,10,20,4,68,0,2,3,7,11,211,8,10,13,9,8,7,20,1,5,22,28,2,3,0,22,,1177.0,,,,,,,,
2020-01,2,72,76,22,1,15,36,5,2,6,1,1,5,9,11,53,126,10,1,7,7,1,22,5,7,113,8,4,5,64,20,5,23,24,59,0,4,11,7,3,138,3,29,9,9,2,11,15,0,7,19,15,2,5,0,1,,1116.0,,,,,,,,
2020-02,2,81,57,10,0,14,34,5,1,14,2,0,14,13,8,35,83,7,4,5,4,2,11,0,7,85,3,5,4,46,21,5,8,9,41,0,4,5,16,3,119,6,26,6,3,8,10,20,1,2,8,4,1,4,0,4,,888.0,,,,,,,,
2020-03,2,52,28,17,7,19,22,5,13,8,0,6,0,25,5,62,246,10,0,6,2,1,32,0,5,88,5,9,3,63,30,4,13,9,39,3,6,5,6,7,18,5,19,15,10,6,23,19,0,2,12,11,1,8,0,2,,1012.0,,,,,,,,
2020-04,2,35,7,17,4,22,21,1,40,8,0,7,4,15,10,64,70,7,3,7,6,0,8,0,10,110,2,4,3,108,29,9,33,4,31,0,0,3,14,4,13,4,25,23,20,5,31,88,1,4,6,30,0,11,0,16,,997.0,,,,,,,,
2020-05,2,43,20,49,14,25,42,8,29,39,2,3,2,11,11,89,82,11,5,15,8,3,8,1,7,93,5,15,4,144,32,10,106,22,43,0,5,4,14,8,39,0,10,39,22,14,38,58,3,7,5,132,1,26,7,29,,1462.0,,,,,,,,
2020-06,2,65,19,31,11,30,21,8,16,11,3,1,1,33,10,115,153,13,5,6,5,3,17,2,5,113,4,24,1,197,23,17,50,20,113,1,10,12,7,9,83,4,21,68,114,11,56,148,5,4,7,31,0,5,3,33,,1778.0,,,,,,,,
2020-07,2,95,30,25,2,53,37,9,34,9,5,1,0,42,18,132,165,21,1,15,4,1,9,5,5,63,2,8,5,237,47,15,23,16,61,2,7,4,14,6,75,2,39,75,75,14,38,141,3,5,17,17,1,2,16,28,,1776.0,,,,,,,,
2020-08,2,70,17,20,0,33,49,11,27,18,2,3,1,52,18,101,58,18,4,7,8,2,10,2,7,69,2,13,5,177,48,11,14,11,46,0,4,7,9,3,122,26,37,425,666,15,86,147,4,10,16,13,1,1,18,36,,2580.0,,,,,,,,
2020-09,2,92,20,20,3,33,42,8,30,12,1,2,11,65,15,98,144,16,3,16,7,3,3,6,8,39,5,17,1,184,27,12,30,26,49,2,4,9,13,5,97,5,17,119,65,16,40,85,3,5,13,12,6,4,6,18,,1592.0,,,,,,,,
2020-10,2,71,20,32,6,28,38,11,17,23,3,2,5,28,8,83,64,14,0,6,4,3,8,3,7,39,2,33,5,139,24,7,27,11,30,1,0,0,14,7,42,6,13,52,57,7,36,46,1,6,5,11,0,5,0,25,,1135.0,,,,,,,,
2020-11,2,115,18,10,0,20,25,8,19,25,2,1,5,24,7,82,75,9,2,5,6,10,4,1,6,26,2,15,2,91,23,2,14,3,71,0,2,6,9,29,63,13,33,41,50,6,34,78,6,8,4,15,0,7,0,68,,1200.0,,,,,,,,
2020-12,2,66,17,14,6,32,29,5,31,31,0,2,3,10,12,58,231,6,1,6,7,6,4,1,3,42,13,9,4,76,28,4,13,9,28,3,2,3,3,3,15,3,47,15,13,11,18,74,1,4,8,16,4,5,0,8,,1063.0,,,,,,,,
2021-01,2,65,9,40,3,23,31,6,10,19,0,2,0,9,6,47,104,8,0,6,7,6,3,0,7,126,8,4,7,95,16,7,7,24,26,0,1,6,6,3,28,11,12,3,13,6,15,19,0,1,9,2,0,3,0,7,,876.0,,,,,,,,
2021-02,2,73,8,4,5,23,54,17,3,5,1,0,1,5,6,34,35,3,5,46,7,24,3,2,5,58,38,2,1,38,46,2,7,5,12,1,0,4,4,3,73,2,18,3,2,3,8,11,0,5,6,4,1,8,0,0,,734.0,,,,,,,,
2021-03,2,154,12,43,1,42,30,8,9,21,3,0,2,23,13,91,56,17,5,22,9,6,7,26,0,133,28,8,0,148,61,14,12,8,40,1,2,4,4,3,51,4,17,16,12,10,27,36,2,5,31,5,2,3,0,9,,1296.0,,,,,,,,
2021-04,2,107,8,24,2,24,24,5,4,13,0,3,3,21,15,90,99,10,1,3,11,3,6,1,0,102,13,14,3,142,50,4,5,11,45,0,0,6,14,8,40,10,17,34,15,33,33,39,0,2,15,3,0,11,0,21,,1167.0,,,,,,,,
2021-05,2,96,14,16,2,24,24,8,5,6,0,2,1,25,14,75,83,14,1,5,1,3,11,2,0,62,6,27,3,158,67,9,8,11,50,3,0,5,9,6,28,3,16,38,60,9,43,72,4,4,9,5,0,1,5,24,,1177.0,,,,,,,,
2021-06,2,76,9,20,4,27,30,10,4,11,4,1,0,42,12,94,62,19,2,6,7,8,14,2,1,37,4,21,4,222,59,10,37,23,26,1,6,4,5,10,48,5,19,98,113,15,54,111,3,9,10,44,1,25,8,21,,1518.0,,,,,,,,
2021-07,2,80,10,22,3,38,46,11,3,12,0,5,0,34,17,113,116,20,6,10,5,9,19,24,0,30,6,30,3,231,72,11,13,23,25,0,3,2,12,5,16,6,11,76,77,12,62,114,4,6,103,9,1,1,9,33,,1609.0,,,,,,,,
2021-08,2,91,15,30,7,42,34,7,8,14,3,2,0,50,20,95,119,19,1,14,7,7,16,18,3,27,3,19,7,187,47,6,24,16,40,0,2,7,8,4,58,5,20,136,176,9,57,138,6,17,47,16,0,12,10,34,,1760.0,,,,,,,,
2021-09,2,89,9,16,3,28,27,7,9,8,2,4,0,36,14,78,96,12,0,11,7,6,10,14,3,23,4,15,9,169,36,4,9,20,50,0,2,12,6,1,45,3,8,71,45,11,45,82,4,2,18,5,6,5,7,26,,1232.0,,,,,,,,
2021-10,2,92,6,10,10,32,41,7,12,9,3,4,1,34,15,58,54,16,1,14,10,2,5,1,4,36,7,13,8,119,25,8,44,16,35,0,3,4,8,5,55,8,31,75,110,10,43,97,6,5,12,47,0,20,0,14,,1305.0,,,,,,,,
2021-11,2,93,14,11,1,16,38,8,11,13,5,2,5,17,11,59,67,9,2,8,7,4,8,5,2,20,3,10,6,99,25,4,12,7,58,0,3,8,12,11,38,7,8,31,21,4,18,37,3,2,13,1,1,5,0,55,,938.0,,,,,,,,
2021-12,2,112,9,2,3,22,43,17,6,21,0,2,6,22,9,47,71,4,4,9,4,3,13,3,8,26,9,3,2,94,18,3,12,7,30,0,2,7,8,7,42,0,17,30,34,3,20,14,2,8,9,13,0,4,0,29,,893.0,,,,,,,,
2022-01,2,111,6,6,1,22,34,16,16,48,3,4,15,8,11,32,99,8,0,9,5,22,4,2,6,18,5,2,2,33,9,2,1,17,21,0,0,2,9,0,24,2,52,6,6,9,17,8,0,3,3,6,1,2,0,2,,750.0,,,,,,,,
2022-02,2,131,7,5,1,20,37,13,4,27,2,5,25,4,4,33,80,11,2,7,7,10,4,15,3,84,4,4,2,55,16,8,20,10,32,1,0,7,7,2,76,2,9,1,1,74,7,0,3,3,11,19,0,8,0,1,,924.0,,,,,,,,
2022-03,2,104,1,54,3,19,36,4,2,46,1,2,9,21,23,52,134,9,5,7,9,10,6,5,3,239,6,6,5,82,32,12,13,21,156,0,1,12,14,5,38,3,44,18,26,12,38,15,3,14,14,23,2,5,0,12,,1436.0,,,,,,,,
2022-04,2,112,16,103,1,17,31,8,1,6,3,2,2,21,4,56,93,10,0,11,8,2,5,1,2,277,1,7,3,112,22,17,21,16,26,3,0,10,7,10,63,5,33,15,19,21,30,31,3,3,8,19,1,7,0,11,,1316.0,,,,,,,,
2022-05,2,82,21,78,9,21,49,5,7,13,4,2,6,31,10,74,97,24,5,10,12,3,7,0,2,219,0,15,9,129,37,35,46,25,15,0,4,2,11,11,60,6,42,21,26,8,36,75,6,6,24,50,2,8,11,38,,1549.0,,,,,,,,
2022-06,2,83,7,37,4,14,55,18,3,6,3,1,0,20,13,57,119,17,3,3,5,1,11,0,6,147,8,12,10,151,38,17,15,14,69,1,7,6,15,6,63,7,66,66,58,19,39,111,7,7,23,12,1,1,13,39,,1534.0,,,,,,,,
2022-07,2,130,3,32,2,21,41,18,2,11,7,4,0,31,12,62,92,11,3,6,7,3,17,2,4,99,4,12,11,141,29,12,28,22,31,1,1,5,12,9,56,7,13,103,64,33,52,111,4,9,12,18,0,10,14,29,,1473.0,,,,,,,,
2022-08,2,131,14,23,6,26,45,12,4,18,4,4,2,56,24,87,144,13,7,9,11,2,13,0,4,63,3,22,5,224,36,15,24,18,28,1,1,15,8,3,58,28,22,114,136,30,50,105,2,6,14,8,0,4,6,34,,1742.0,,,,,,,,
2022-09,2,94,13,9,10,32,46,19,3,16,4,1,0,27,11,81,48,6,2,14,3,4,13,11,3,25,7,11,2,146,34,12,39,6,24,1,3,7,20,4,44,12,14,97,59,10,44,66,2,7,29,82,9,265,7,20,,1578.0,,,,,,,,
2022-10,2,73,12,16,2,18,25,13,1,3,3,0,3,50,11,42,103,13,2,10,7,0,7,3,2,39,0,16,7,101,16,7,19,13,28,2,0,6,7,5,41,4,36,58,25,22,24,53,3,8,10,7,1,6,1,27,,1011.0,,,,,,,,
2022-11,2,84,14,13,1,20,30,13,3,12,1,0,0,20,11,50,79,14,1,13,9,8,4,1,5,35,4,4,5,76,10,0,10,7,28,4,1,15,11,24,52,6,20,74,62,4,28,47,0,7,12,7,2,2,0,64,,1027.0,,,,,,,,
2022-12,2,90,10,20,1,12,34,11,4,17,1,0,5,13,8,41,81,6,2,7,7,7,4,5,1,65,9,3,6,70,16,1,9,6,15,1,3,2,9,8,37,2,7,13,3,5,11,13,1,6,9,9,0,6,0,16,,748.0,,,,,,,,
2023-01,2,106,14,10,2,20,34,8,1,16,2,4,1,15,7,45,95,9,0,10,7,6,11,0,3,90,10,2,6,57,15,5,10,17,12,4,2,4,9,8,42,2,12,9,3,3,11,0,2,3,12,19,0,4,0,3,,802.0,,,,,,,,
2023-02,2,109,10,21,2,15,29,13,5,24,3,1,0,33,12,41,62,9,1,6,5,5,5,0,8,128,10,6,4,43,13,4,31,11,18,0,0,4,16,11,56,5,14,22,13,8,18,200,1,4,14,49,1,9,0,2,,1134.0,,,,,,,,
2023-03,2,125,14,69,2,25,33,14,4,11,3,2,0,18,14,68,58,6,1,11,11,2,8,1,4,235,5,4,5,78,23,3,36,15,18,1,2,5,12,11,31,3,35,13,13,26,25,10,0,4,8,10,1,3,0,6,,1145.0,,,,,,,,
2023-04,2,109,13,42,1,18,33,18,5,17,5,1,1,30,17,72,41,8,2,6,16,6,3,0,3,67,7,6,8,126,33,13,12,9,15,0,1,2,4,9,21,3,9,31,23,25,23,59,1,7,9,8,3,3,0,17,,1021.0,,,,,,,,
2023-05,2,157,18,41,0,25,41,5,7,10,4,6,4,35,13,113,68,11,0,8,18,0,1,0,8,69,2,9,6,119,24,10,9,13,12,0,1,4,10,5,19,5,9,24,23,29,33,102,6,7,15,4,0,1,6,30,,1199.0,,,,,,,,
2023-06,2,132,12,25,0,19,42,18,7,9,9,2,0,25,19,76,70,18,0,7,10,10,13,3,3,55,2,13,6,134,33,8,13,15,11,0,0,2,8,12,57,2,43,48,45,17,41,101,3,10,16,1,1,4,12,31,,1273.0,,,,,,,,
2023-07,2,89,8,22,5,28,35,15,3,14,4,2,1,28,15,71,85,12,2,22,12,2,2,3,6,52,4,4,6,144,30,12,48,25,12,0,6,11,5,5,51,3,14,105,92,25,54,89,6,4,23,52,1,25,8,22,,1424.0,,,,,,,,
2023-08,2,118,4,27,2,30,51,18,6,7,1,3,0,55,15,88,113,9,4,8,13,2,15,2,9,71,4,12,5,164,41,16,12,27,42,0,1,5,7,11,43,4,39,68,47,7,43,145,5,11,20,9,0,6,3,32,,1500.0,,,,,,,,
2023-09,2,102,5,23,1,20,38,10,7,6,4,2,3,57,19,56,61,19,3,7,7,5,13,7,11,34,5,22,7,113,18,14,7,12,30,0,0,1,5,7,32,11,27,40,55,11,39,158,7,6,17,12,2,3,4,25,,1210.0,,,,,,,,
2023-10,2,120,4,12,5,25,35,7,5,17,1,1,0,28,7,56,60,5,5,5,14,2,5,4,12,39,3,21,8,112,34,11,8,7,22,0,2,0,10,3,22,4,28,43,48,15,32,222,2,11,13,12,0,6,1,23,,1197.0,,,,,,,,
2023-11,2,115,7,9,0,16,33,14,5,7,2,3,1,30,18,52,70,5,2,10,7,1,1,1,2,93,9,4,6,83,20,4,10,3,19,5,4,5,5,12,50,4,33,31,8,6,20,182,1,6,20,2,3,1,0,66,,1126.0,,,,,,,,
2023-12,2,103,6,16,1,17,35,10,7,19,3,2,1,26,7,47,47,9,4,6,9,3,0,3,8,43,8,5,4,82,18,2,17,11,12,2,0,4,8,7,20,1,24,12,16,9,13,123,1,3,19,14,3,3,0,13,,886.0,,,,,,,,
2024-01,2,114,5,20,4,17,36,15,9,29,1,4,0,15,9,56,37,6,0,9,10,19,7,3,6,80,12,3,9,54,15,9,15,21,18,2,3,1,1,4,55,3,16,26,13,1,16,153,1,5,21,28,3,2,0,5,,1026.0,,,,,,,,
2024-02,2,142,14,38,0,28,33,10,7,39,1,3,1,42,15,80,54,6,3,3,15,18,6,3,3,171,2,27,4,80,34,9,9,12,19,0,0,1,6,7,38,3,26,17,8,28,21,120,0,2,23,6,3,5,0,11,,1256.0,,,,,,,,
2024-03,2,161,16,23,3,27,18,6,5,20,2,0,7,21,10,69,45,8,0,9,6,2,6,1,7,117,2,9,2,78,32,4,22,18,21,0,1,6,13,13,65,6,54,29,22,28,23,143,3,7,18,38,0,6,0,13,,1265.0,,,,,,,,
2024-04,2,139,8,43,2,29,47,15,4,6,2,2,1,35,13,70,42,12,3,12,14,1,1,0,2,116,4,9,5,92,25,10,14,28,27,0,0,4,7,7,39,6,39,37,29,12,36,209,1,5,35,28,2,6,1,23,,1359.0,,,,,,,,
2024-05,2,147,3,37,4,33,63,14,7,13,5,2,0,34,12,101,52,12,1,8,15,4,9,4,7,98,3,16,6,121,38,16,22,26,12,0,3,8,11,7,39,6,63,202,191,61,82,126,6,12,16,35,2,4,11,48,,1878.0,,,,,,,,
2024-06,2,150,13,35,4,32,33,9,7,10,5,2,1,37,13,77,74,15,1,8,9,5,8,17,14,82,5,21,2,157,42,10,13,21,37,0,1,7,16,14,41,2,32,118,89,24,73,73,5,9,21,24,1,3,10,45,,1577.0,,,,,,,,
2024-07,2,121,5,43,6,25,40,16,6,32,1,1,0,55,15,121,81,15,1,12,8,3,3,2,2,100,5,4,4,133,33,19,66,31,50,0,0,5,11,9,40,8,27,118,141,33,65,64,4,2,16,50,1,15,13,46,,1727.0,,,,,,,,
2024-08,2,125,5,12,4,25,32,9,9,21,2,0,0,64,26,111,87,15,3,10,12,3,3,8,1,27,3,12,6,145,22,9,33,19,23,1,1,3,10,7,15,1,31,82,85,8,61,141,2,5,11,22,1,10,12,32,,1427.0,,,,,,,,
2024-09,2,131,5,15,2,29,47,9,7,14,2,1,1,44,14,87,46,6,2,7,7,7,18,6,8,25,3,14,4,145,41,9,10,24,35,2,6,2,18,8,51,4,33,58,52,43,43,15,1,5,11,7,1,4,6,36,,1231.0,,,,,,,,
2024-10,2,102,8,13,1,24,45,12,10,31,1,4,1,51,17,74,34,8,1,6,19,6,3,14,2,34,1,13,4,86,17,6,6,15,15,1,0,3,10,8,58,7,29,55,87,6,32,142,2,4,14,6,2,3,2,47,,1202.0,,,,,,,,
2024-11,2,81,15,5,1,21,27,9,9,15,2,0,1,28,10,51,67,11,4,9,13,5,2,6,4,12,3,9,3,143,20,5,18,6,31,1,0,3,5,16,61,4,42,51,48,2,17,158,1,4,14,13,1,3,0,46,,1136.0,,,,,,,,
2024-12,2,84,4,13,3,29,23,13,3,10,2,3,1,22,4,56,59,8,3,11,7,8,6,11,1,16,7,6,7,53,18,2,18,4,13,0,4,6,11,8,39,4,23,23,29,0,21,162,0,1,9,2,1,4,0,32,,907.0,,,,,,,,
2025-01,2,113,8,9,3,15,28,13,6,43,0,6,1,13,12,55,84,2,3,4,14,36,4,1,8,102,10,9,3,39,21,0,12,22,22,1,0,7,5,3,38,5,30,8,7,1,10,201,1,4,18,39,0,7,0,3,,1109.0,,,,,,,,
2025-02,2,127,4,10,1,9,20,16,7,26,0,3,2,18,8,54,55,5,3,10,8,7,8,0,7,122,1,5,3,39,17,7,13,19,17,0,2,1,5,7,23,2,18,9,12,25,16,104,0,2,11,6,4,5,0,3,,906.0,,,,,,,,
2025-03,2,128,5,33,2,30,23,5,6,26,0,0,2,23,30,84,58,17,0,6,11,2,9,0,4,61,6,3,9,75,26,9,9,21,28,1,4,1,3,11,38,3,89,25,39,12,25,102,2,5,18,19,1,8,0,20,,1177.0,,,,,,,,
2025-04,2,139,12,44,3,33,25,14,8,9,6,1,3,25,15,94,50,5,1,10,21,4,9,2,5,76,4,8,4,93,31,8,32,10,25,0,2,4,11,6,33,5,21,25,21,38,30,87,2,7,8,35,0,7,1,41,,1213.0,,,,,,,,
2025-05,2,111,8,47,1,24,32,15,6,5,4,4,1,34,21,94,73,8,1,4,13,1,8,0,6,127,2,20,6,103,33,10,18,15,25,1,1,4,12,6,33,16,36,156,176,10,53,16,2,7,9,14,1,5,4,55,,1497.0,,,,,,,,
2025-06,2,117,2,28,1,25,27,9,6,6,17,0,0,27,28,92,34,13,1,15,6,1,15,29,5,126,8,17,6,120,44,9,10,13,17,5,2,6,10,3,37,7,59,119,93,16,59,20,1,3,18,16,1,1,14,58,,1422.0,,,,,,,,
2025-07,2,146,10,23,4,36,42,20,5,11,11,1,1,56,20,123,74,17,1,11,12,1,16,1,4,85,10,12,11,150,47,11,32,16,17,0,0,6,10,4,45,7,51,76,86,32,49,30,3,3,105,22,1,13,16,60,,1656.0,,,,,,,,
2025-08,2,120,13,26,5,30,51,18,11,8,10,2,0,65,22,112,54,15,2,13,17,3,16,4,4,58,4,13,9,112,45,8,35,16,12,1,3,7,4,6,35,4,32,89,85,9,63,66,5,3,71,45,0,28,13,54,,1556.0,,,,,,,,
2025-09,2,106,15,12,5,31,47,11,4,29,9,3,8,52,21,91,39,14,0,15,13,1,13,31,7,14,0,14,7,123,52,4,8,19,25,0,0,2,14,5,52,2,55,50,38,11,45,15,6,6,49,11,3,5,8,23,,1243.0,,,,,,,,
2025-10,2,109,13,6,3,28,40,14,3,21,23,0,0,62,27,88,40,16,2,19,12,5,17,6,4,19,9,15,10,100,34,4,20,12,25,1,0,6,12,5,32,1,42,54,44,5,39,37,3,7,39,19,2,7,4,39,,1204.0,,,,,,,,
2025-11,2,119,7,5,0,23,36,8,5,8,11,1,2,39,16,55,43,9,0,9,4,0,5,5,1,15,5,2,5,52,21,4,23,5,27,1,0,23,3,8,35,9,26,37,43,6,16,56,0,4,24,5,1,2,0,89,,958.0,,,,,,,,
2025-12,2,100,9,3,1,20,24,8,2,12,10,2,0,17,15,47,32,5,4,18,4,4,1,3,3,46,6,8,6,34,22,5,9,3,27,0,2,5,7,5,23,2,38,12,8,1,7,54,0,5,23,14,0,3,0,12,,731.0,,,,,,,,
2019-01,3,4,3,1,0,6,17,10,0,0,0,3,0,0,0,0,0,0,0,0,0,0,4,0,3,6,0,0,4,0,0,4,3,17,15,0,0,0,2,0,12,0,0,0,0,2,2,2,0,0,19,2,0,0,0,0,,,141.0,,,,,,,
2019-02,3,6,8,4,3,5,35,8,0,0,0,2,0,0,3,6,3,1,0,1,2,0,3,0,2,82,2,0,4,1,4,5,22,9,19,0,0,0,0,1,46,1,5,0,1,2,5,5,2,0,35,10,1,0,0,0,,,354.0,,,,,,,
2019-03,3,37,14,24,2,6,34,5,0,15,5,10,2,3,14,8,37,2,1,5,12,1,4,9,2,123,0,2,4,25,11,7,17,7,51,0,4,6,4,4,55,2,32,4,2,3,5,14,4,1,43,26,2,1,0,12,,,723.0,,,,,,,
2019-04,3,25,11,9,1,5,38,4,7,16,2,4,2,3,19,10,24,7,2,2,7,0,4,0,2,59,1,14,4,46,14,7,21,7,40,0,4,6,5,4,45,2,21,7,7,9,8,20,3,3,17,35,3,1,0,23,,,640.0,,,,,,,
2019-05,3,26,12,20,1,12,54,5,3,2,4,4,3,10,28,19,30,7,2,4,6,5,3,0,4,85,6,10,7,50,21,7,26,7,31,0,0,2,3,2,84,2,17,6,3,20,8,61,3,2,19,35,0,2,3,28,,,814.0,,,,,,,
2019-06,3,14,8,17,7,6,30,8,0,7,6,4,2,8,30,11,187,9,0,1,3,1,8,2,2,84,3,12,7,49,12,7,49,7,40,2,0,4,7,5,107,7,59,18,11,22,11,63,1,6,4,43,1,9,6,29,,,1056.0,,,,,,,
2019-07,3,24,11,28,2,10,38,4,0,0,2,3,1,12,26,13,167,10,2,4,7,2,4,1,2,124,1,11,9,55,24,14,30,19,64,0,3,2,3,3,53,2,34,25,31,11,19,48,0,1,130,20,1,3,4,35,,,1152.0,,,,,,,
2019-08,3,17,13,18,5,9,25,6,3,12,2,7,0,13,31,11,179,10,0,7,7,1,2,0,7,99,1,13,12,73,21,5,16,6,39,0,5,4,4,5,43,1,27,31,20,9,20,70,2,4,49,14,1,0,6,21,,,1006.0,,,,,,,
2019-09,3,19,29,26,1,11,27,8,1,11,6,2,2,12,30,17,161,10,3,6,5,3,6,6,2,80,2,20,5,49,15,15,12,7,30,0,1,2,7,3,53,1,25,14,18,23,16,35,0,4,51,17,0,2,4,14,,,929.0,,,,,,,
2019-10,3,27,24,19,5,5,25,14,0,17,14,2,0,10,20,10,53,20,2,3,4,5,4,2,0,54,3,3,2,47,12,5,13,3,21,2,0,6,2,3,70,13,28,17,25,18,10,26,2,3,32,28,5,17,4,26,,,785.0,,,,,,,
2019-11,3,9,14,17,0,7,31,18,2,2,1,2,0,3,12,15,78,12,0,6,7,2,5,3,2,28,2,4,4,24,5,3,6,5,78,5,5,9,3,7,67,1,39,27,19,3,9,14,2,4,38,10,0,1,0,88,,,758.0,,,,,,,
2019-12,3,30,18,6,0,6,19,6,1,31,6,1,0,8,12,8,125,13,0,1,3,2,6,1,1,29,2,2,11,19,6,2,11,2,18,0,1,0,1,6,85,0,44,4,3,13,6,10,2,1,20,12,0,2,0,28,,,644.0,,,,,,,
2020-01,3,39,17,5,0,4,20,18,0,3,3,1,2,3,10,7,121,13,4,4,2,1,4,5,4,57,4,3,6,38,10,7,12,7,37,0,0,7,4,3,25,14,14,4,2,3,3,6,0,1,16,29,1,2,0,2,,,607.0,,,,,,,
2020-02,3,26,9,10,4,4,19,10,0,5,1,0,10,5,13,8,60,3,3,4,2,5,5,0,3,61,1,2,2,22,9,1,5,6,28,0,0,4,4,5,37,7,15,3,3,8,8,18,0,1,11,2,0,3,0,2,,,477.0,,,,,,,
2020-03,3,41,7,10,2,0,18,7,13,3,1,2,1,8,20,5,314,15,0,5,3,2,7,0,3,61,3,4,6,29,7,5,8,3,20,0,2,1,1,1,16,1,39,4,0,12,4,2,0,2,6,6,0,0,0,5,,,735.0,,,,,,,
2020-04,3,16,7,15,2,8,13,11,33,2,0,6,1,1,25,10,102,10,0,3,1,1,10,0,2,43,6,5,7,38,19,4,13,3,21,0,0,0,8,2,19,1,10,6,1,9,5,6,0,2,6,18,0,2,0,25,,,558.0,,,,,,,
2020-05,3,24,5,18,4,9,30,14,22,7,1,5,4,14,25,6,151,19,0,7,3,8,13,12,2,50,3,6,9,40,14,5,24,5,56,1,2,5,5,7,19,3,25,7,7,22,2,24,0,4,8,38,2,29,2,45,,,872.0,,,,,,,
2020-06,3,36,3,21,4,10,23,14,13,4,2,2,0,6,21,20,175,20,4,4,11,1,7,30,0,59,4,23,8,61,19,10,21,12,34,0,3,8,7,5,15,2,17,29,31,9,22,75,5,3,6,16,0,1,4,42,,,982.0,,,,,,,
2020-07,3,31,7,10,7,13,41,5,22,2,0,3,2,10,31,17,201,16,2,23,8,2,3,1,0,64,5,12,13,51,28,12,25,3,18,0,0,2,4,3,29,5,21,16,19,7,8,84,0,5,10,13,2,3,7,36,,,962.0,,,,,,,
2020-08,3,38,12,10,2,10,21,6,21,20,2,3,0,5,18,26,142,8,1,6,9,2,5,0,0,24,2,8,11,47,19,3,8,11,37,2,2,7,6,1,32,4,28,165,188,10,36,79,0,6,15,13,3,6,1,19,,,1160.0,,,,,,,
2020-09,3,30,7,6,1,3,29,4,12,9,0,1,0,9,16,8,239,3,2,1,9,3,4,8,4,30,2,5,8,66,17,9,7,7,22,0,0,0,5,2,31,3,10,45,31,4,11,39,0,7,48,9,2,0,2,26,,,856.0,,,,,,,
2020-10,3,18,4,7,6,10,22,4,15,19,3,4,3,13,19,14,99,7,3,2,8,2,4,5,0,24,1,11,7,69,8,4,4,1,16,0,1,2,3,2,14,1,18,19,4,7,8,20,0,5,12,17,0,0,0,32,,,601.0,,,,,,,
2020-11,3,28,0,4,3,4,19,2,13,5,2,1,1,11,20,9,188,3,2,3,8,1,7,4,0,16,2,3,5,41,18,4,5,5,17,0,0,7,6,2,15,3,13,12,6,6,5,8,0,2,6,2,1,2,0,81,,,631.0,,,,,,,
2020-12,3,29,3,3,0,12,34,18,21,14,3,0,2,6,16,12,570,4,0,14,7,1,1,0,3,25,8,4,6,36,12,4,3,4,21,0,0,9,2,4,33,7,13,1,3,3,2,5,1,5,7,7,0,1,0,18,,,1017.0,,,,,,,
2021-01,3,20,5,6,0,10,35,10,24,5,0,1,2,3,10,14,196,3,0,9,4,2,2,0,0,61,2,4,8,69,13,1,3,7,27,0,0,2,5,6,24,1,28,0,1,1,2,4,0,2,16,2,2,1,0,3,,,656.0,,,,,,,
2021-02,3,20,5,0,1,2,47,16,8,8,1,0,0,6,3,7,72,4,0,41,8,6,2,2,2,69,14,5,1,14,25,2,3,2,12,0,0,2,1,1,25,4,23,3,1,0,3,34,0,0,3,3,0,0,0,1,,,512.0,,,,,,,
2021-03,3,39,2,5,1,11,48,5,7,7,3,0,5,15,31,14,246,2,3,14,9,1,7,0,3,68,10,5,4,43,20,1,7,4,30,1,0,9,1,3,34,5,45,1,7,4,7,21,0,3,21,5,0,5,0,10,,,852.0,,,,,,,
2021-04,3,49,4,9,1,10,14,1,4,1,4,0,0,10,9,13,306,5,0,6,6,2,2,0,3,80,3,12,5,94,6,2,14,7,68,1,3,5,9,2,28,6,27,1,3,10,15,21,1,1,19,4,1,1,0,25,,,933.0,,,,,,,
2021-05,3,36,1,5,0,13,21,8,2,5,2,0,1,13,19,14,170,7,1,10,3,1,8,3,3,29,1,12,1,57,15,5,7,6,31,0,0,1,9,3,9,3,31,14,11,9,16,36,3,5,6,1,1,2,1,35,,,706.0,,,,,,,
2021-06,3,22,6,1,3,5,26,12,3,10,3,0,0,12,30,13,296,19,1,16,6,6,7,2,0,16,2,15,1,74,17,2,14,10,46,0,0,2,0,8,24,4,55,23,15,7,23,39,3,8,15,17,0,8,3,24,,,974.0,,,,,,,
2021-07,3,28,4,7,0,6,31,7,3,8,2,5,1,9,16,12,114,13,2,6,6,2,5,2,2,41,3,9,4,63,15,6,16,8,45,0,0,2,5,7,17,3,34,23,16,9,28,44,1,1,26,3,0,3,5,29,,,757.0,,,,,,,
2021-08,3,41,7,3,1,8,28,7,5,14,6,2,0,7,35,16,143,7,1,6,3,3,7,0,1,12,3,6,3,77,21,4,8,4,20,0,0,6,2,7,27,5,39,31,23,9,24,39,1,1,16,11,1,5,5,19,,,780.0,,,,,,,
2021-09,3,36,3,3,0,7,34,10,5,10,3,1,0,13,17,14,96,5,1,4,1,3,2,3,3,5,3,7,4,64,29,2,7,10,27,2,0,7,1,5,53,5,34,12,8,10,11,50,0,2,16,6,0,3,4,29,,,690.0,,,,,,,
2021-10,3,41,7,6,3,6,27,19,4,36,1,4,0,12,21,11,124,11,2,5,10,1,4,0,3,20,1,3,5,55,17,0,12,7,45,1,0,9,3,2,13,12,33,54,49,3,7,32,2,6,14,20,3,3,0,29,,,818.0,,,,,,,
2021-11,3,12,3,6,1,5,28,8,4,18,4,4,2,5,14,10,81,6,2,3,5,17,4,3,4,6,0,2,7,39,12,4,6,1,24,0,0,3,6,7,35,3,51,13,4,3,7,12,0,1,15,1,1,1,0,72,,,585.0,,,,,,,
2021-12,3,31,1,2,1,6,32,10,3,9,5,5,4,7,14,11,62,9,2,11,3,4,4,1,3,25,0,2,3,32,14,1,7,7,21,0,2,3,3,9,51,4,33,6,13,0,3,8,1,3,6,9,0,1,0,50,,,557.0,,,,,,,
2022-01,3,55,6,4,1,2,43,16,10,13,1,1,8,2,14,7,161,6,1,2,1,9,6,1,3,20,2,3,6,38,7,0,1,6,33,1,0,6,5,1,9,7,21,5,4,6,3,1,0,2,8,2,0,2,0,7,,,579.0,,,,,,,
2022-02,3,44,0,7,4,8,43,17,1,11,0,0,0,3,21,6,107,5,0,9,4,0,5,6,1,62,1,3,3,37,8,1,5,3,26,0,1,4,5,6,11,2,39,1,0,18,4,0,2,7,13,23,1,7,0,1,,,596.0,,,,,,,
2022-03,3,33,1,9,1,4,43,7,1,3,2,2,1,5,23,9,220,5,2,1,6,7,7,12,3,116,6,10,4,42,9,2,13,6,33,0,1,10,8,10,20,6,35,5,6,11,8,1,0,5,7,41,0,3,0,19,,,844.0,,,,,,,
2022-04,3,45,3,27,1,8,46,9,0,3,7,1,2,12,16,9,169,14,0,14,5,0,6,5,4,183,4,11,6,48,8,6,23,6,19,1,0,8,4,11,13,9,38,17,11,13,9,19,3,3,13,32,1,2,0,26,,,953.0,,,,,,,
2022-05,3,34,4,30,4,5,65,7,2,11,6,0,21,15,37,10,187,9,2,7,3,1,4,0,5,96,0,9,5,46,16,4,22,13,23,0,0,1,9,6,26,12,35,10,4,21,14,33,2,6,9,40,1,2,3,53,,,990.0,,,,,,,
2022-06,3,43,2,22,2,1,117,16,2,6,8,4,2,18,34,16,130,9,2,14,7,3,4,1,6,42,2,13,4,104,19,3,14,10,26,0,0,3,10,9,20,5,23,16,17,10,29,122,1,3,5,24,0,0,2,41,,,1046.0,,,,,,,
2022-07,3,49,4,12,2,3,205,7,1,7,6,2,3,12,26,20,153,16,3,11,8,2,3,0,5,36,1,14,4,77,34,2,12,17,18,2,1,5,2,9,20,1,36,38,26,10,35,74,4,3,13,11,0,2,17,32,,,1116.0,,,,,,,
2022-08,3,43,9,11,0,5,264,8,0,7,2,1,0,34,22,17,162,3,1,3,14,2,8,2,9,31,2,15,6,88,12,1,7,7,15,1,2,1,4,12,31,3,28,54,47,28,41,62,2,2,15,5,2,3,11,28,,,1193.0,,,,,,,
2022-09,3,40,9,17,8,6,268,11,0,25,5,1,1,13,22,13,146,14,1,4,5,3,6,5,3,35,2,7,4,78,14,10,9,11,49,0,4,5,5,6,22,4,25,17,23,11,27,31,1,6,90,25,1,50,7,24,,,1229.0,,,,,,,
2022-10,3,29,7,13,3,1,107,8,1,5,1,4,0,8,15,9,173,10,1,7,10,1,6,2,6,29,1,5,6,44,14,2,4,5,45,0,4,12,5,14,22,0,34,21,5,5,9,32,0,2,16,10,0,2,7,44,,,826.0,,,,,,,
2022-11,3,22,7,14,5,4,118,7,0,8,1,1,0,5,17,13,148,11,1,2,8,3,3,3,1,8,2,3,4,33,6,2,1,10,15,0,1,1,1,27,70,14,66,23,6,16,12,15,0,6,13,7,2,2,1,99,,,868.0,,,,,,,
2022-12,3,49,1,7,2,7,75,24,1,10,0,3,1,5,12,6,112,7,0,5,6,6,2,0,1,72,2,6,3,24,10,3,7,4,40,0,2,4,1,10,88,7,49,3,3,8,9,1,0,4,10,10,2,1,0,34,,,759.0,,,,,,,
2023-01,3,56,2,8,1,12,55,10,0,16,2,1,0,4,12,7,110,1,2,2,5,1,6,1,3,147,1,2,4,43,11,6,7,5,30,0,0,4,4,8,37,2,31,10,6,8,16,1,1,3,14,12,1,6,0,3,,,740.0,,,,,,,
2023-02,3,53,3,5,5,1,43,14,2,3,1,1,4,4,13,10,117,6,0,6,6,0,2,0,0,116,4,2,9,25,10,3,17,9,16,0,1,8,3,11,21,3,38,10,3,22,6,21,0,4,12,27,1,4,0,3,,,708.0,,,,,,,
2023-03,3,60,12,15,1,4,60,19,2,12,4,1,2,15,11,15,135,7,1,9,9,8,3,1,5,153,1,4,4,49,8,5,18,2,18,0,0,2,5,10,30,6,57,3,4,14,9,0,0,2,23,25,0,2,0,14,,,879.0,,,,,,,
2023-04,3,31,10,8,2,4,58,7,1,9,5,4,2,15,25,10,125,6,2,3,5,4,3,5,6,34,2,2,1,36,8,4,5,6,26,0,0,4,1,12,28,6,12,14,5,16,12,72,0,2,7,18,0,3,0,36,,,722.0,,,,,,,
2023-05,3,40,26,11,0,2,90,10,2,5,6,0,2,9,19,8,91,6,1,9,10,4,5,5,3,45,4,5,3,37,13,6,6,8,18,1,0,3,2,4,28,1,46,14,8,11,25,250,1,7,23,2,2,2,4,60,,,1003.0,,,,,,,
2023-06,3,47,12,7,1,7,128,10,1,1,0,0,4,19,33,7,124,10,2,9,9,5,12,7,1,22,5,9,6,62,22,3,8,6,27,2,2,3,11,8,51,0,23,28,11,21,40,125,0,11,28,12,2,4,7,35,,,1050.0,,,,,,,
2023-07,3,37,11,12,5,8,197,7,1,2,5,0,3,17,40,15,142,11,0,13,5,3,8,2,4,61,2,8,4,125,17,2,21,13,19,1,1,2,7,7,31,4,39,38,40,31,44,119,4,7,16,51,2,6,10,41,,,1321.0,,,,,,,
2023-08,3,51,12,2,2,11,262,17,3,22,3,2,3,24,34,13,145,11,1,8,9,4,7,20,2,28,2,13,14,65,28,4,14,22,28,1,0,2,3,9,33,6,18,27,28,118,41,179,3,7,10,33,2,1,16,25,,,1448.0,,,,,,,
2023-09,3,60,1,7,2,7,121,11,2,48,11,2,2,16,22,15,198,10,6,11,13,11,8,5,1,33,5,4,5,67,18,3,4,18,19,1,0,2,0,9,26,4,14,12,11,13,29,150,1,3,23,29,7,1,2,37,,,1140.0,,,,,,,
2023-10,3,38,11,10,0,8,119,13,2,5,6,3,3,14,33,6,182,15,0,5,6,4,1,4,3,30,8,11,6,63,15,3,7,13,15,0,2,2,4,6,25,6,50,16,9,27,23,199,2,7,20,6,1,0,13,42,,,1122.0,,,,,,,
2023-11,3,25,11,8,0,2,53,13,0,5,1,3,2,8,15,7,183,11,2,30,8,5,5,15,3,19,21,5,4,32,10,3,5,6,19,0,0,1,7,8,38,2,35,8,6,8,19,216,1,2,20,4,0,0,2,112,,,1028.0,,,,,,,
2023-12,3,27,0,7,1,2,58,11,3,6,3,4,3,6,30,6,110,5,0,4,6,0,2,3,2,61,4,9,2,42,13,3,9,6,15,0,1,3,4,15,14,3,10,4,2,5,5,229,2,6,25,20,4,2,0,42,,,859.0,,,,,,,
2024-01,3,30,7,7,2,4,64,29,0,22,6,2,2,7,22,9,85,9,2,32,3,6,5,10,5,75,3,6,4,48,17,3,3,4,29,0,1,1,3,15,37,1,31,8,10,9,6,177,0,5,24,35,1,1,0,9,,,936.0,,,,,,,
2024-02,3,66,5,23,1,10,54,16,1,23,7,3,8,10,14,12,202,9,2,5,4,1,6,4,2,174,2,3,1,30,13,3,3,10,25,1,1,4,7,13,27,3,20,12,3,3,8,207,0,6,29,16,1,0,0,16,,,1129.0,,,,,,,
2024-03,3,45,1,10,4,7,47,19,1,6,6,2,1,5,16,14,397,11,0,2,3,0,1,1,0,64,2,1,3,39,11,4,13,7,42,2,1,6,3,6,32,3,39,5,7,6,10,125,2,5,48,47,0,5,0,19,,,1156.0,,,,,,,
2024-04,3,43,10,7,0,9,40,18,4,2,1,3,5,14,14,18,167,10,0,3,6,1,3,1,5,44,5,14,12,89,11,0,13,12,41,1,0,4,6,13,23,7,34,4,10,19,25,109,0,2,58,40,1,1,0,40,,,1022.0,,,,,,,
2024-05,3,35,6,11,2,6,54,33,1,2,7,0,2,32,28,26,176,17,3,4,7,2,13,2,1,52,0,12,3,49,16,2,15,19,37,1,2,2,4,6,47,6,60,40,27,40,31,65,1,6,14,50,0,2,5,60,,,1144.0,,,,,,,
2024-06,3,59,3,9,1,7,43,11,3,23,1,0,6,14,38,19,180,4,2,3,1,4,8,6,5,20,8,6,5,54,9,2,14,6,22,2,2,8,5,12,73,3,62,42,37,20,40,37,0,3,14,36,1,3,12,62,,,1070.0,,,,,,,
2024-07,3,26,2,7,3,6,43,11,0,9,4,0,4,22,36,8,230,10,2,5,14,4,8,2,0,33,3,11,4,56,27,3,18,22,21,1,0,3,4,15,62,2,31,39,39,38,40,49,5,5,14,30,2,8,16,53,,,1110.0,,,,,,,
2024-08,3,32,14,7,2,6,34,13,2,4,7,4,3,16,39,18,151,9,0,6,7,0,7,4,5,23,5,12,6,57,29,1,12,24,32,0,0,3,6,12,35,9,49,19,17,30,32,72,5,7,16,7,1,0,18,32,,,961.0,,,,,,,
2024-09,3,50,3,6,4,4,33,9,2,2,2,5,1,22,30,9,153,9,0,14,7,3,9,4,5,37,6,12,8,68,21,4,10,11,28,1,0,5,7,3,54,12,46,15,15,40,19,25,0,7,12,7,0,1,5,32,,,897.0,,,,,,,
2024-10,3,37,1,1,0,4,48,14,6,8,1,2,2,18,7,13,168,8,2,4,12,2,4,2,3,22,2,13,6,54,10,3,7,11,30,0,1,11,10,6,42,5,37,20,20,17,14,26,3,10,35,9,0,1,4,45,,,841.0,,,,,,,
2024-11,3,46,12,2,0,1,23,11,4,1,2,4,6,8,15,11,107,11,5,4,6,3,4,1,4,26,2,13,4,36,14,0,5,16,18,0,1,4,3,12,50,4,38,2,10,12,8,83,2,4,13,5,0,3,0,85,,,764.0,,,,,,,
2024-12,3,23,3,1,1,7,27,15,1,7,2,1,4,8,16,10,99,3,1,9,6,3,3,7,1,24,0,6,5,36,9,4,4,7,11,1,1,6,4,9,21,1,35,2,3,7,1,38,0,3,13,5,0,5,0,55,,,574.0,,,,,,,
2025-01,3,48,4,1,1,4,55,34,4,16,6,2,3,7,14,12,73,6,2,8,3,19,7,2,0,50,7,4,3,28,11,1,4,15,21,1,0,3,1,12,42,6,49,1,2,6,4,56,3,3,15,38,0,3,0,6,,,726.0,,,,,,,
2025-02,3,53,9,4,0,3,36,10,0,12,5,1,9,12,15,7,117,8,0,3,8,3,9,11,8,39,1,6,6,20,9,2,6,2,12,3,1,3,1,2,42,6,45,1,2,21,3,73,0,7,15,4,0,0,0,1,,,676.0,,,,,,,
2025-03,3,62,11,9,1,5,50,13,2,24,2,3,6,8,20,12,130,11,2,4,3,4,12,1,4,72,6,7,5,39,14,1,5,13,17,3,1,5,2,13,45,11,31,5,5,9,8,128,2,3,19,19,0,2,0,24,,,913.0,,,,,,,
2025-04,3,40,0,21,1,4,48,17,3,0,8,3,3,10,27,10,147,9,0,11,4,1,16,2,3,113,1,12,8,44,15,4,7,14,38,0,0,1,6,16,19,13,103,14,5,13,8,130,1,0,6,45,0,1,0,54,,,1079.0,,,,,,,
2025-05,3,59,13,17,0,7,37,9,2,3,7,1,5,10,41,10,205,7,0,14,8,0,5,1,5,61,2,19,5,42,11,7,6,10,27,0,2,7,9,3,42,11,54,28,18,27,35,23,4,8,15,17,2,2,1,64,,,1028.0,,,,,,,
2025-06,3,40,12,8,3,12,34,15,1,1,2,0,0,12,42,17,185,4,0,14,17,1,7,30,3,64,7,16,3,59,13,0,6,9,18,1,4,2,6,11,38,8,56,30,34,29,31,79,0,10,18,24,1,3,14,76,,,1130.0,,,,,,,
2025-07,3,55,3,11,0,12,51,6,5,9,5,2,0,19,58,22,119,13,0,16,9,2,11,0,6,53,4,10,4,68,36,2,11,23,23,0,0,4,3,7,46,10,46,26,35,29,41,79,1,2,50,36,2,3,18,60,,,1166.0,,,,,,,
2025-08,3,42,0,8,6,11,53,21,5,5,7,5,1,25,47,23,163,10,1,13,10,1,9,2,4,22,3,15,8,58,32,4,19,12,24,1,5,13,8,5,36,6,69,19,22,25,21,54,0,5,87,32,1,7,13,55,,,1153.0,,,,,,,
2025-09,3,71,2,3,0,2,35,16,2,5,3,1,4,27,38,13,237,7,2,10,8,4,7,25,3,25,0,10,10,76,27,3,5,15,16,2,2,8,3,7,16,2,33,11,15,20,34,25,1,5,49,7,2,0,3,38,,,995.0,,,,,,,
2025-10,3,47,4,4,4,8,31,8,0,6,4,0,0,16,24,10,144,4,0,9,2,0,7,0,6,9,1,8,7,73,21,3,4,10,16,0,0,4,4,4,47,4,52,11,10,9,14,50,0,5,25,11,0,2,1,45,,,788.0,,,,,,,
2025-11,3,32,3,3,0,7,35,13,0,6,0,1,5,6,39,8,112,6,0,19,2,3,6,4,2,15,5,5,4,44,14,2,4,13,36,1,3,14,3,29,40,3,22,9,4,2,13,63,0,3,23,6,0,1,0,120,,,813.0,,,,,,,
2025-12,3,33,3,2,0,2,42,14,1,10,2,1,0,12,22,11,114,8,0,24,5,0,8,4,3,57,7,4,6,35,19,2,5,16,18,0,0,1,6,5,26,4,10,4,1,5,0,99,1,2,24,13,0,2,0,21,,,714.0,,,,,,,
2019-01,4,4,7,2,0,11,12,0,0,0,0,4,0,0,0,0,1,2,0,0,0,0,1,0,0,10,1,0,1,0,0,1,1,66,10,0,0,0,2,0,4,0,9,0,0,4,3,4,2,0,70,0,1,0,0,0,,,,233.0,,,,,,
2019-02,4,21,10,4,0,13,15,4,1,0,0,1,1,0,0,27,25,3,2,0,0,1,1,0,3,63,0,0,3,2,2,1,12,3,23,0,0,1,0,2,32,9,8,1,2,6,12,12,0,0,78,7,1,0,0,0,,,,412.0,,,,,,
2019-03,4,29,27,19,0,13,27,3,1,8,1,10,0,5,4,40,77,2,4,2,4,7,1,4,1,194,0,2,7,40,11,14,14,10,31,2,0,6,5,3,89,6,17,10,7,17,24,86,3,1,148,29,0,0,0,6,,,,1071.0,,,,,,
2019-04,4,23,18,16,0,18,35,0,4,22,0,0,1,5,6,38,79,8,2,3,13,2,12,4,0,55,1,7,2,37,11,10,12,6,21,0,0,5,3,4,61,6,34,7,7,27,22,20,2,1,53,20,0,1,0,23,,,,767.0,,,,,,
2019-05,4,25,25,19,3,11,7,1,1,11,0,1,3,12,4,37,70,6,0,3,7,2,9,4,1,86,12,7,1,39,9,12,32,10,21,0,3,5,4,8,100,10,23,17,11,15,25,37,2,3,34,52,1,8,3,31,,,,883.0,,,,,,
2019-06,4,32,21,26,2,14,20,3,1,13,1,3,0,14,16,34,287,11,3,5,7,4,12,17,1,110,4,16,2,60,10,8,26,12,16,2,7,5,6,2,74,11,44,32,31,15,24,85,0,4,16,36,1,15,5,46,,,,1272.0,,,,,,
2019-07,4,17,14,19,3,13,16,5,1,21,2,0,0,17,9,38,156,20,6,9,8,6,8,0,3,136,2,7,10,92,17,37,23,10,15,0,0,3,4,3,62,4,19,31,24,8,20,82,4,4,149,17,5,7,6,48,,,,1240.0,,,,,,
2019-08,4,29,28,23,1,29,19,1,0,22,1,1,0,27,6,67,250,14,2,6,16,12,9,1,0,149,5,13,2,72,11,19,16,16,20,0,1,6,4,0,125,2,29,26,31,17,30,71,0,1,101,24,0,4,9,35,,,,1403.0,,,,,,
2019-09,4,24,15,34,3,22,21,5,1,3,1,2,0,26,7,56,189,17,2,4,2,2,4,0,1,111,3,18,5,49,18,10,24,11,45,0,4,5,5,5,144,8,37,27,10,12,16,67,1,3,116,19,0,5,2,22,,,,1243.0,,,,,,
2019-10,4,34,36,35,0,22,25,3,3,13,0,0,0,12,3,46,101,15,1,2,3,7,2,6,3,77,5,8,3,41,4,15,26,17,31,0,3,1,7,5,135,1,38,26,37,20,18,55,3,3,67,38,1,12,2,36,,,,1107.0,,,,,,
2019-11,4,31,14,8,1,8,20,0,1,21,0,2,1,15,6,34,125,12,2,0,2,5,13,4,3,36,7,7,2,17,6,4,8,5,10,0,4,3,8,12,40,4,16,30,20,5,8,25,1,3,32,13,1,1,0,101,,,,757.0,,,,,,
2019-12,4,28,18,3,0,12,16,5,0,22,0,2,4,7,6,32,178,13,2,8,7,1,6,3,4,62,2,1,2,23,11,3,13,4,31,0,2,10,1,18,47,1,31,10,5,3,3,10,0,0,22,11,1,1,0,34,,,,739.0,,,,,,
2020-01,4,34,16,7,1,15,10,1,0,28,1,1,2,9,5,30,253,2,4,3,5,5,2,0,1,39,19,4,6,24,5,14,9,8,28,1,1,7,4,11,153,4,63,5,7,8,14,11,2,3,18,23,0,1,0,12,,,,939.0,,,,,,
2020-02,4,45,22,5,0,15,8,4,2,20,0,0,9,13,6,18,160,8,0,4,5,1,13,2,1,60,1,6,2,24,4,7,6,6,18,2,0,2,7,6,55,4,9,4,4,2,1,10,0,4,14,7,1,1,0,1,,,,629.0,,,,,,
2020-03,4,21,10,13,4,9,9,1,10,16,1,1,7,11,1,18,210,10,0,1,2,18,3,0,0,77,1,5,1,12,9,5,11,5,17,1,0,5,6,4,80,2,36,7,5,4,11,17,0,3,11,22,1,4,0,13,,,,751.0,,,,,,
2020-04,4,8,4,4,2,11,4,1,39,20,1,2,1,13,8,22,130,13,3,0,1,8,4,2,2,61,0,3,4,44,10,8,15,7,16,0,0,6,6,6,22,4,21,8,9,8,8,123,2,2,8,21,0,5,0,36,,,,766.0,,,,,,
2020-05,4,25,12,9,2,19,13,5,20,30,1,1,3,28,5,40,186,7,4,11,8,5,8,1,2,32,2,10,1,126,10,5,34,10,24,1,2,6,3,9,43,4,21,16,12,8,22,54,5,3,6,67,2,13,1,46,,,,1043.0,,,,,,
2020-06,4,33,10,14,4,21,16,4,10,16,0,2,4,21,9,56,186,11,0,5,6,1,3,2,3,27,0,13,3,132,12,8,29,14,54,0,5,7,5,13,17,0,12,41,52,13,31,120,1,10,13,49,0,4,4,46,,,,1172.0,,,,,,
2020-07,4,32,18,10,0,19,19,5,33,14,3,1,1,24,10,43,187,18,0,12,7,4,7,20,2,45,4,14,4,123,12,14,14,13,38,0,0,3,5,4,42,10,13,30,33,6,26,110,5,0,16,19,0,2,5,33,,,,1132.0,,,,,,
2020-08,4,25,19,9,0,30,15,2,22,15,0,2,11,12,7,46,142,5,5,9,6,13,9,4,2,29,4,8,2,80,12,16,13,15,22,0,1,9,4,3,79,6,38,169,196,17,45,81,1,6,12,19,2,2,8,39,,,,1348.0,,,,,,
2020-09,4,30,10,12,2,13,15,1,21,9,0,0,20,14,8,41,284,13,4,5,2,6,9,4,0,34,8,14,5,90,19,11,9,2,23,0,2,0,5,2,66,4,6,58,34,9,33,48,3,1,31,9,9,0,5,23,,,,1086.0,,,,,,
2020-10,4,35,11,11,1,18,11,0,9,16,0,0,43,25,15,24,76,10,1,6,11,2,3,8,1,22,4,21,2,79,22,2,14,8,14,1,4,4,4,4,81,3,14,37,30,7,23,35,0,1,12,8,1,0,0,57,,,,851.0,,,,,,
2020-11,4,31,6,11,0,17,8,2,23,12,3,0,47,13,9,29,109,8,3,9,6,1,19,3,1,14,1,34,4,55,11,3,5,9,3,0,0,4,3,12,18,5,28,11,19,3,9,41,3,4,11,17,0,0,0,111,,,,808.0,,,,,,
2020-12,4,22,11,4,2,16,14,6,18,28,1,1,59,9,6,23,421,8,1,4,2,9,0,2,1,48,10,16,5,45,11,3,6,2,39,0,0,1,6,1,23,2,15,7,5,3,5,9,4,2,14,17,2,1,0,17,,,,987.0,,,,,,
2021-01,4,34,6,34,0,27,4,1,20,10,0,4,15,3,3,26,118,5,4,4,3,7,6,1,2,86,11,7,1,36,14,0,1,7,28,1,4,4,6,2,11,3,16,2,0,3,1,8,2,3,8,3,0,0,0,3,,,,608.0,,,,,,
2021-02,4,21,6,1,1,10,19,10,3,20,1,3,0,6,3,15,39,2,9,57,3,33,2,1,1,38,57,4,2,15,25,5,0,1,41,0,1,3,2,0,59,10,4,3,8,1,2,7,0,1,10,7,1,1,0,0,,,,574.0,,,,,,
2021-03,4,75,5,11,0,24,10,1,9,16,1,0,0,12,5,43,99,7,6,19,3,3,3,1,1,79,26,2,4,90,22,0,5,8,28,0,2,6,2,9,50,9,29,13,9,10,17,39,2,2,20,5,1,2,0,14,,,,859.0,,,,,,
2021-04,4,51,6,9,0,22,14,7,2,61,0,0,0,15,4,36,199,6,1,8,7,4,9,2,1,68,5,9,3,87,25,6,6,10,42,3,0,4,5,4,36,6,13,11,8,22,17,43,0,4,21,12,0,2,0,38,,,,974.0,,,,,,
2021-05,4,23,3,12,1,19,9,1,1,5,1,0,1,12,9,42,146,9,2,4,9,0,5,1,1,31,2,20,1,77,17,5,0,7,17,0,1,3,2,4,28,5,27,29,34,26,22,67,0,3,6,4,1,0,1,37,,,,793.0,,,,,,
2021-06,4,24,6,5,2,33,12,4,3,15,0,0,2,18,9,59,164,12,2,8,7,0,8,3,2,22,7,16,3,130,14,10,10,7,16,0,0,0,9,7,40,2,10,39,48,15,36,73,1,5,10,38,0,7,5,31,,,,1009.0,,,,,,
2021-07,4,19,0,9,0,22,16,2,1,9,2,1,0,14,10,53,180,10,3,9,4,4,3,2,4,32,0,10,1,126,15,11,9,8,35,0,0,3,1,2,15,2,31,66,68,23,35,92,4,8,90,10,2,2,7,41,,,,1126.0,,,,,,
2021-08,4,35,3,6,0,17,15,6,4,7,0,2,0,24,8,48,128,9,3,2,10,3,5,2,5,15,7,10,2,93,9,6,2,7,25,0,1,5,5,1,31,14,23,62,52,23,29,87,3,5,40,3,0,1,0,31,,,,934.0,,,,,,
2021-09,4,45,0,3,0,16,15,0,9,17,3,0,1,32,5,38,104,13,3,3,8,19,10,15,5,20,2,10,3,103,15,5,3,12,27,0,2,2,3,6,14,1,27,31,23,19,23,60,8,6,17,4,1,0,3,32,,,,846.0,,,,,,
2021-10,4,31,12,9,0,20,19,0,7,2,2,0,1,14,5,37,102,4,2,13,6,2,14,5,2,22,1,7,1,82,12,6,18,6,26,1,0,7,2,3,58,1,21,42,37,7,17,58,2,3,17,37,0,4,0,40,,,,847.0,,,,,,
2021-11,4,45,9,6,0,9,18,2,4,6,0,2,0,12,4,22,126,8,1,8,11,4,6,1,0,29,1,9,1,34,10,3,0,6,32,0,1,7,5,9,13,9,17,21,10,25,9,22,0,1,11,5,0,0,0,84,,,,678.0,,,,,,
2021-12,4,44,2,1,0,14,9,2,3,11,1,0,5,14,2,27,85,9,1,6,10,0,1,2,0,12,4,2,1,43,9,3,5,7,17,0,1,1,7,16,37,20,17,23,20,2,7,13,0,3,4,8,1,0,0,64,,,,596.0,,,,,,
2022-01,4,32,1,1,1,21,12,10,2,24,0,3,1,2,2,24,121,10,1,4,7,4,6,7,0,36,4,7,2,21,9,3,1,4,17,0,0,2,8,1,19,18,22,8,6,7,15,1,0,1,13,10,0,1,0,6,,,,538.0,,,,,,
2022-02,4,34,8,1,1,11,9,4,3,40,1,0,2,4,1,23,48,6,2,12,5,5,1,14,0,96,5,2,2,11,9,9,6,2,10,0,0,1,4,1,36,0,22,2,0,211,4,0,0,0,12,29,1,2,0,0,,,,712.0,,,,,,
2022-03,4,38,4,17,3,21,12,5,0,5,1,3,1,15,8,32,178,7,2,3,6,2,3,0,0,191,2,4,2,47,18,4,9,9,40,0,1,3,6,13,66,8,25,10,15,13,11,20,0,0,21,17,1,3,0,7,,,,932.0,,,,,,
2022-04,4,40,4,36,1,19,18,2,0,7,1,0,1,10,5,24,92,9,4,6,10,0,4,0,1,217,1,5,1,51,5,15,14,9,9,1,2,3,5,19,20,1,27,19,7,12,14,25,1,3,5,28,0,5,0,25,,,,843.0,,,,,,
2022-05,4,40,3,46,0,19,19,2,1,12,2,2,3,15,2,33,91,5,0,6,5,1,1,4,3,111,2,12,6,57,18,9,19,9,20,0,1,4,11,10,33,8,27,17,20,9,18,52,2,1,11,28,0,4,0,34,,,,868.0,,,,,,
2022-06,4,52,2,16,2,18,16,6,2,12,2,1,1,22,7,43,78,6,1,13,8,5,5,2,0,60,5,11,4,91,14,14,7,12,27,1,7,3,3,7,65,11,32,69,44,7,30,108,4,3,20,16,1,1,3,39,,,,1039.0,,,,,,
2022-07,4,34,5,8,0,13,24,8,1,28,2,0,2,19,10,38,117,14,1,7,6,10,10,2,1,43,4,8,1,92,38,16,12,15,21,1,6,6,8,9,31,5,26,55,22,36,32,87,3,2,13,25,2,3,9,36,,,,1027.0,,,,,,
2022-08,4,48,3,3,1,19,21,4,0,9,5,0,1,30,8,39,166,9,1,2,3,1,6,0,0,46,3,15,2,123,9,11,7,18,22,1,2,4,5,5,39,3,18,107,93,14,42,97,6,3,14,7,1,1,1,31,,,,1129.0,,,,,,
2022-09,4,66,3,7,1,15,16,8,0,5,3,3,14,36,8,47,126,16,0,2,3,0,2,8,3,21,1,19,5,83,10,9,20,13,15,0,1,3,5,9,39,2,11,28,18,13,20,52,1,4,67,46,4,178,4,34,,,,1127.0,,,,,,
2022-10,4,33,7,15,1,12,12,4,2,2,1,0,0,26,3,32,109,13,3,9,10,4,3,2,0,35,1,10,2,64,6,3,9,8,18,2,1,4,4,6,37,3,10,16,14,16,21,52,4,3,16,5,2,5,2,36,,,,718.0,,,,,,
2022-11,4,21,10,11,0,8,12,9,2,3,1,3,0,11,3,17,133,4,2,6,6,3,6,0,1,11,8,8,1,43,1,5,7,11,5,0,5,8,4,31,79,7,9,38,28,9,19,25,1,3,20,3,1,1,0,99,,,,762.0,,,,,,
2022-12,4,40,7,4,1,7,7,2,0,11,2,1,0,3,6,21,114,4,0,9,8,1,4,1,0,99,0,1,5,31,2,7,4,10,6,0,1,8,8,10,35,1,34,11,9,12,8,10,0,3,12,12,0,3,0,33,,,,628.0,,,,,,
2023-01,4,64,8,12,0,12,13,3,5,8,0,3,3,7,3,16,90,4,1,4,5,2,1,6,1,90,3,2,4,37,5,6,8,11,13,0,2,7,1,14,63,4,9,9,6,12,23,0,1,2,8,6,1,3,0,6,,,,627.0,,,,,,
2023-02,4,42,8,10,1,19,20,5,1,9,0,1,7,8,4,25,66,14,1,4,11,3,14,21,1,124,0,2,4,41,5,12,21,6,9,1,0,1,1,6,69,0,13,5,6,6,8,9,1,3,10,39,0,5,0,1,,,,703.0,,,,,,
2023-03,4,51,10,17,2,13,17,4,3,3,0,1,2,4,7,34,59,11,1,7,6,0,31,1,4,181,1,3,1,41,9,6,15,7,8,0,2,7,5,9,35,4,9,4,4,9,9,11,1,0,6,20,0,4,0,11,,,,710.0,,,,,,
2023-04,4,38,4,6,0,7,11,1,0,5,2,2,3,12,10,20,105,13,0,5,12,2,32,1,1,64,1,9,1,58,6,2,7,1,9,0,0,1,4,14,59,9,24,14,6,17,16,48,1,4,12,6,0,1,4,34,,,,724.0,,,,,,
2023-05,4,37,3,10,2,11,6,2,1,13,0,0,1,13,14,34,92,7,2,3,6,0,12,3,1,41,6,10,3,92,15,7,2,4,12,0,0,4,3,9,35,3,19,18,7,14,30,68,5,4,34,2,2,4,8,62,,,,796.0,,,,,,
2023-06,4,32,8,14,1,22,24,4,1,2,0,1,1,42,16,38,71,7,1,2,7,0,34,2,2,29,0,9,0,107,9,7,7,7,5,0,0,1,8,5,23,1,11,48,27,20,29,109,4,2,29,12,0,1,5,63,,,,910.0,,,,,,
2023-07,4,36,1,19,2,23,16,0,1,10,0,2,2,23,12,41,72,4,1,2,7,0,5,4,0,63,2,8,0,118,12,14,14,13,7,0,0,7,2,7,43,7,11,72,75,29,41,64,9,4,24,40,0,18,2,69,,,,1058.0,,,,,,
2023-08,4,52,18,16,1,17,17,4,3,27,3,0,1,25,7,54,82,14,3,2,7,16,7,6,2,97,2,18,0,114,11,11,9,5,17,2,4,3,4,1,67,2,12,52,34,18,36,64,3,7,16,13,2,1,13,59,,,,1081.0,,,,,,
2023-09,4,55,4,12,1,12,18,0,5,21,1,2,3,23,11,41,39,12,0,7,9,0,8,3,2,69,5,15,3,77,12,8,11,11,28,0,0,5,8,7,36,3,27,24,25,9,34,34,1,6,16,13,3,1,8,42,,,,830.0,,,,,,
2023-10,4,49,6,9,0,10,8,0,2,9,1,1,2,23,7,40,63,5,2,3,8,8,2,3,6,30,6,8,2,56,5,4,3,13,12,2,4,4,8,4,56,7,30,44,21,7,26,44,1,8,7,8,2,1,1,46,,,,737.0,,,,,,
2023-11,4,43,5,7,1,9,11,5,2,3,1,3,1,22,16,28,91,10,3,12,5,4,7,1,1,71,13,8,2,57,5,6,10,7,13,0,2,0,4,10,66,8,38,14,6,4,14,87,0,0,23,5,0,3,0,138,,,,905.0,,,,,,
2023-12,4,54,0,7,2,5,7,1,0,16,1,5,4,11,9,28,42,5,3,6,6,3,4,0,1,49,6,3,5,37,5,2,9,4,12,0,0,1,5,19,26,0,9,14,6,8,6,13,1,0,25,18,0,1,0,28,,,,532.0,,,,,,
2024-01,4,31,6,10,0,16,17,10,2,19,2,1,3,12,4,34,53,7,3,14,3,10,5,0,2,119,6,5,2,33,7,2,9,11,23,0,0,3,7,6,34,8,46,2,14,5,6,0,2,5,14,41,0,2,0,8,,,,684.0,,,,,,
2024-02,4,51,6,23,1,9,17,12,3,17,0,1,5,16,3,32,55,12,1,6,8,1,4,0,3,175,1,3,0,52,6,9,6,7,18,0,1,0,4,5,33,3,29,7,4,8,11,0,0,4,17,3,1,2,0,18,,,,713.0,,,,,,
2024-03,4,48,6,14,3,14,9,4,0,3,1,1,4,23,4,30,128,18,2,4,9,0,7,1,0,137,3,10,5,46,3,8,16,4,20,0,0,21,4,6,38,2,21,17,16,6,21,3,1,1,65,29,0,3,0,39,,,,878.0,,,,,,
2024-04,4,62,9,12,0,22,10,5,5,8,1,0,0,12,7,40,97,7,2,3,6,0,3,0,1,106,0,8,4,63,10,8,10,9,29,0,0,2,3,8,56,3,16,24,18,28,26,7,6,4,54,26,0,1,1,51,,,,893.0,,,,,,
2024-05,4,52,9,21,3,23,16,3,6,4,1,3,0,21,20,39,66,14,5,10,10,1,9,4,4,59,5,22,1,73,11,5,18,16,36,0,3,5,4,5,37,2,32,72,84,54,47,76,2,4,8,26,2,2,8,98,,,,1161.0,,,,,,
2024-06,4,59,7,12,1,24,17,1,2,23,0,2,1,22,13,36,100,7,5,13,4,6,4,9,4,42,13,12,2,106,14,8,11,9,21,1,3,3,2,6,47,1,22,69,66,20,46,9,4,5,19,26,1,5,5,70,,,,1040.0,,,,,,
2024-07,4,79,2,17,2,17,12,1,1,7,0,1,1,18,7,31,120,9,1,6,6,16,1,8,0,59,2,17,3,130,15,5,29,38,36,0,2,4,3,8,40,7,26,112,61,32,51,5,1,1,21,21,0,6,8,85,,,,1191.0,,,,,,
2024-08,4,53,8,29,1,24,13,3,5,15,3,5,0,30,11,36,166,15,1,5,9,10,2,7,1,17,5,15,5,99,17,13,17,14,10,0,0,9,1,5,41,1,29,48,46,26,33,3,2,3,16,18,2,1,8,62,,,,1018.0,,,,,,
2024-09,4,51,6,10,0,11,23,4,4,18,0,0,1,37,15,51,86,5,2,5,3,3,8,1,5,39,1,22,5,86,12,10,9,18,24,0,5,4,1,10,53,12,35,39,38,16,29,6,1,7,23,11,1,2,1,54,,,,923.0,,,,,,
2024-10,4,59,5,6,0,19,24,12,0,11,1,3,4,28,13,44,64,7,5,6,1,4,7,3,2,18,6,5,5,91,7,9,8,7,20,1,0,1,5,3,9,1,52,43,46,9,25,8,1,5,38,9,0,1,9,66,,,,836.0,,,,,,
2024-11,4,47,7,5,0,14,38,3,2,12,1,2,2,17,8,21,64,5,0,6,7,0,8,3,2,26,6,7,0,55,8,7,9,5,8,0,0,0,6,8,35,4,29,16,22,9,13,62,2,3,14,9,0,3,0,120,,,,760.0,,,,,,
2024-12,4,37,1,1,0,15,23,6,5,14,0,0,5,9,14,20,113,10,1,7,4,10,6,3,1,15,6,6,10,34,6,1,4,4,11,2,3,2,1,3,40,9,27,12,14,7,6,20,1,4,11,6,0,3,0,58,,,,631.0,,,,,,
2025-01,4,48,4,7,1,18,18,6,1,8,0,2,1,8,10,28,72,1,1,7,4,9,2,4,2,52,10,2,0,38,6,0,7,5,12,2,0,3,2,2,45,1,40,6,5,8,2,6,0,1,30,41,1,7,0,3,,,,599.0,,,,,,
2025-02,4,46,1,7,0,11,13,4,1,8,0,3,3,8,4,25,85,2,0,3,0,2,5,1,2,60,6,8,2,26,5,2,5,3,11,1,2,2,7,4,40,3,27,5,6,3,12,121,0,2,12,4,0,1,0,2,,,,616.0,,,,,,
2025-03,4,59,7,14,1,23,10,5,3,9,1,2,4,16,7,41,87,13,0,3,9,5,1,0,2,153,3,5,3,39,11,13,2,13,41,3,3,7,5,5,10,4,23,19,18,7,11,182,0,0,11,13,0,1,0,29,,,,956.0,,,,,,
2025-04,4,57,2,18,3,24,12,0,1,11,0,2,2,9,7,49,85,5,1,6,7,6,2,1,4,64,2,7,3,74,7,6,5,7,25,0,1,3,2,4,32,9,45,13,22,6,12,137,0,8,11,19,0,2,0,68,,,,908.0,,,,,,
2025-05,4,55,1,25,0,21,21,1,7,4,0,1,2,23,4,48,109,15,1,6,8,1,8,2,2,51,4,8,4,69,17,2,12,12,14,3,2,12,8,7,15,8,39,89,116,28,41,21,1,4,8,20,0,1,4,100,,,,1085.0,,,,,,
2025-06,4,38,6,16,2,22,27,4,5,17,1,1,0,25,14,44,111,8,4,19,8,1,4,4,3,40,8,10,2,90,16,4,9,12,11,1,1,1,2,15,11,5,44,47,74,18,40,61,1,4,13,12,0,0,9,87,,,,1032.0,,,,,,
2025-07,4,59,2,11,0,24,25,7,4,16,3,2,0,38,12,54,106,12,2,9,1,3,1,0,2,30,6,13,4,103,29,12,10,12,8,1,3,2,3,2,36,5,26,61,68,48,48,70,2,5,35,24,1,5,18,64,,,,1147.0,,,,,,
2025-08,4,44,5,8,4,24,24,14,4,12,1,1,4,36,10,45,91,9,1,4,4,4,4,3,0,37,7,11,3,129,21,13,18,5,19,0,1,8,3,6,17,6,40,42,39,41,54,67,2,3,98,44,0,15,20,80,,,,1205.0,,,,,,
2025-09,4,80,2,13,0,14,21,5,1,10,4,0,4,42,23,47,109,4,2,6,9,6,2,7,1,26,5,13,6,115,26,5,6,15,14,2,2,4,1,8,37,8,22,39,43,7,35,42,1,5,63,16,4,2,8,59,,,,1051.0,,,,,,
2025-10,4,45,5,11,0,15,10,3,0,9,1,3,9,28,10,57,133,5,0,8,5,4,10,3,2,19,5,7,3,76,14,4,4,7,22,2,2,7,4,7,13,2,36,23,29,5,16,43,1,7,44,19,1,2,0,47,,,,847.0,,,,,,
2025-11,4,61,1,12,0,18,9,6,2,7,1,0,4,11,7,16,161,6,0,5,12,0,4,1,2,18,2,3,2,62,2,1,0,10,6,1,0,3,2,17,20,10,17,23,18,8,14,57,2,2,22,1,0,1,0,162,,,,832.0,,,,,,
2025-12,4,50,3,2,0,17,14,3,1,16,1,3,2,12,7,21,105,8,0,17,6,2,5,0,0,26,11,2,4,40,9,2,1,5,8,0,0,12,5,3,39,5,23,11,11,0,3,77,1,2,27,16,2,0,0,22,,,,662.0,,,,,,
2019-01,9,1,7,1,0,5,2,0,0,0,0,0,0,0,0,0,0,0,1,0,0,0,0,0,0,5,0,0,0,0,0,1,1,72,1,0,0,0,0,0,6,0,0,0,0,2,10,7,0,0,75,0,0,0,0,0,,,,,197.0,,,,,
2019-02,9,4,10,0,0,8,1,2,1,1,0,2,0,0,0,14,0,1,0,0,1,2,1,0,0,71,0,0,2,0,1,6,2,4,3,1,0,0,0,0,16,0,0,0,3,2,8,5,0,0,58,0,1,0,0,0,,,,,231.0,,,,,
2019-03,9,4,17,14,0,12,2,1,0,13,0,0,0,2,0,22,1,4,0,1,1,2,0,0,0,202,4,1,1,0,1,12,22,4,9,0,0,6,1,1,83,0,5,6,5,19,12,20,0,1,72,7,3,1,0,2,,,,,596.0,,,,,
2019-04,9,2,14,9,0,8,4,0,0,0,0,0,0,2,0,18,1,3,0,1,2,0,0,0,0,39,2,0,0,2,3,15,31,12,8,0,0,2,1,1,24,2,3,19,20,13,14,40,1,0,24,12,0,4,0,6,,,,,362.0,,,,,
2019-05,9,9,12,12,0,9,7,1,0,2,0,0,0,3,0,22,1,4,0,1,2,0,2,0,0,61,0,2,0,5,2,10,17,8,5,0,0,3,1,0,15,3,3,20,10,9,18,30,4,1,16,14,0,5,0,5,,,,,354.0,,,,,
2019-06,9,7,14,7,0,5,4,0,1,7,0,0,0,3,0,27,1,6,1,4,0,0,1,0,0,130,0,2,1,4,4,13,8,8,19,0,0,0,1,0,53,0,1,18,3,8,37,29,0,0,7,3,2,1,1,3,,,,,444.0,,,,,
2019-07,9,10,12,15,1,9,8,0,0,1,0,0,0,2,0,16,1,3,2,2,2,0,3,0,0,46,6,4,0,9,4,14,9,4,14,0,0,1,0,1,61,1,7,33,9,3,16,32,1,2,93,0,0,1,1,3,,,,,462.0,,,,,
2019-08,9,8,11,12,1,4,3,3,0,5,1,0,2,3,1,26,0,13,0,0,1,0,0,0,0,42,9,2,1,8,3,14,16,6,3,0,0,1,3,0,19,4,8,9,7,16,16,32,0,2,112,8,2,2,1,7,,,,,447.0,,,,,
2019-09,9,6,9,12,0,6,3,1,0,9,0,0,1,10,1,9,0,9,1,6,3,5,0,16,0,51,5,3,0,6,2,12,3,4,5,0,0,4,1,0,47,1,2,17,23,10,26,40,2,3,84,4,5,0,1,2,,,,,470.0,,,,,
2019-10,9,5,24,12,0,11,1,3,0,9,0,0,8,5,0,18,0,6,1,2,4,1,3,0,0,27,2,14,0,5,3,9,3,3,22,0,0,11,6,1,46,0,9,17,27,4,28,35,0,0,26,4,1,3,2,2,,,,,423.0,,,,,
2019-11,9,9,17,1,1,4,2,1,0,8,0,0,0,2,0,7,0,0,0,4,3,5,2,2,0,34,3,2,0,5,0,7,8,1,23,0,0,5,0,1,42,3,2,10,7,4,15,20,0,0,7,1,0,0,0,7,,,,,275.0,,,,,
2019-12,9,5,7,5,0,8,9,1,0,13,0,1,2,2,0,11,0,0,0,1,1,3,0,0,1,23,4,2,0,0,2,3,0,3,11,0,0,5,1,0,16,1,1,0,5,1,5,9,0,0,9,5,0,0,0,4,,,,,180.0,,,,,
2020-01,9,2,9,3,1,18,8,1,0,3,0,0,4,2,1,15,2,3,1,1,0,0,0,0,0,26,1,4,1,0,2,5,3,4,12,0,0,0,1,0,15,2,3,7,3,1,5,0,1,1,7,2,1,1,0,1,,,,,183.0,,,,,
2020-02,9,4,16,5,0,9,2,3,0,6,0,0,2,6,0,9,0,1,0,0,1,0,1,1,1,47,1,4,0,3,2,5,1,0,5,0,0,0,1,0,23,1,3,4,3,11,6,8,0,0,1,0,0,0,0,0,,,,,196.0,,,,,
2020-03,9,4,6,4,0,8,2,0,1,7,0,1,0,2,0,9,10,1,0,1,5,3,0,1,0,88,2,3,1,2,1,7,0,3,2,0,0,1,0,0,35,4,15,4,9,6,13,4,0,1,3,2,1,1,0,1,,,,,274.0,,,,,
2020-04,9,3,19,21,0,15,4,1,14,7,3,0,0,3,1,22,1,1,0,1,2,5,0,0,0,21,5,0,1,4,0,0,5,3,1,0,0,2,3,0,15,1,14,13,4,9,21,16,3,0,2,3,1,3,0,5,,,,,278.0,,,,,
2020-05,9,8,3,6,2,15,2,1,8,2,1,1,0,3,0,34,0,5,0,8,0,1,9,0,0,35,12,5,0,4,1,14,23,7,12,0,0,1,2,0,23,2,65,17,4,10,26,17,1,1,4,29,2,87,1,8,,,,,522.0,,,,,
2020-06,9,9,9,3,0,12,1,0,2,14,0,0,0,5,2,31,1,4,0,3,1,0,2,1,0,21,10,3,2,13,2,10,5,8,28,0,0,0,1,3,19,0,8,31,19,7,24,55,0,1,1,8,0,0,0,7,,,,,386.0,,,,,
2020-07,9,16,13,3,0,23,4,1,15,6,1,0,0,11,0,39,1,6,0,0,4,1,0,2,0,19,5,3,1,7,2,14,3,2,2,0,0,0,0,0,24,5,0,15,13,17,22,28,0,1,2,3,2,0,1,10,,,,,347.0,,,,,
2020-08,9,2,9,0,1,10,6,0,4,2,0,0,0,5,0,27,1,2,0,2,3,0,1,0,0,14,5,2,1,6,1,12,2,5,9,0,0,1,1,0,13,1,8,32,21,5,25,37,1,2,4,2,3,1,0,5,,,,,294.0,,,,,
2020-09,9,3,5,8,0,4,7,1,3,3,0,0,1,3,1,26,0,3,2,0,5,0,1,7,0,32,5,2,1,3,1,5,2,2,4,0,0,0,1,0,4,4,0,16,8,6,14,19,0,2,6,1,12,1,0,1,,,,,235.0,,,,,
2020-10,9,3,12,1,0,14,4,2,1,4,0,0,1,6,0,22,3,1,0,1,6,2,3,1,0,6,1,5,0,4,0,7,3,2,2,0,0,3,2,0,6,1,3,10,8,5,14,19,0,0,4,1,0,0,0,5,,,,,198.0,,,,,
2020-11,9,4,10,0,0,10,6,0,14,13,0,0,0,1,0,33,0,1,0,2,2,0,15,2,0,10,1,3,0,1,1,3,4,2,4,0,0,1,2,4,8,1,1,9,11,2,7,9,1,0,2,4,1,1,0,14,,,,,220.0,,,,,
2020-12,9,6,11,1,0,15,4,0,9,5,0,0,0,2,0,12,1,3,0,0,2,2,1,1,1,17,3,1,2,1,1,3,10,1,4,0,0,1,2,0,16,2,3,3,5,1,9,5,0,0,8,2,0,1,0,2,,,,,179.0,,,,,
2021-01,9,5,5,2,0,10,3,0,2,7,0,0,0,3,1,16,0,2,1,1,3,1,0,0,0,30,2,0,2,0,2,1,4,0,3,0,0,2,0,0,6,1,0,2,0,0,7,4,0,0,2,0,1,0,0,1,,,,,132.0,,,,,
2021-02,9,5,1,1,2,7,1,0,1,8,0,0,0,0,0,16,0,1,0,12,2,4,0,11,0,7,16,0,0,0,1,1,0,0,2,0,1,6,0,0,29,1,11,0,0,2,1,2,0,1,2,2,1,1,0,0,,,,,159.0,,,,,
2021-03,9,6,8,12,2,16,2,0,4,12,0,0,0,5,3,25,0,2,0,4,1,0,2,0,0,78,15,4,2,6,1,12,0,5,11,0,0,6,1,1,93,3,13,12,7,4,15,7,1,1,1,2,0,2,0,2,,,,,409.0,,,,,
2021-04,9,6,15,5,0,14,3,0,1,9,0,0,0,2,0,21,4,2,1,1,16,1,1,0,0,27,0,0,4,6,0,10,2,4,11,0,0,1,1,0,27,6,2,8,9,7,12,12,0,0,6,0,0,0,0,6,,,,,263.0,,,,,
2021-05,9,9,6,5,0,10,1,0,1,4,1,0,0,5,1,21,3,5,3,2,2,0,3,0,0,9,0,3,0,5,3,9,4,6,3,1,0,0,1,1,12,1,4,11,13,11,18,12,0,0,2,2,1,1,1,10,,,,,226.0,,,,,
2021-06,9,7,5,2,1,19,6,0,0,12,3,0,0,1,0,22,0,2,5,6,2,1,3,0,0,59,18,1,1,7,0,20,4,2,5,0,0,0,1,0,20,2,16,21,6,10,31,31,0,1,6,4,0,2,1,11,,,,,377.0,,,,,
2021-07,9,7,4,4,1,49,2,1,0,9,1,0,0,6,1,24,2,3,8,2,2,0,1,1,0,21,7,1,0,24,2,4,6,4,8,0,0,0,1,1,34,3,6,20,27,3,24,26,0,2,52,3,0,1,0,4,,,,,412.0,,,,,
2021-08,9,10,1,4,0,12,3,1,0,5,0,0,0,5,2,28,0,1,2,3,4,0,1,1,0,21,6,2,0,19,3,1,4,2,23,1,0,1,0,2,25,3,7,38,23,7,23,27,1,0,27,2,2,1,1,5,,,,,360.0,,,,,
2021-09,9,6,2,5,1,8,5,0,3,5,0,2,1,8,0,21,0,3,3,0,0,1,4,0,0,25,9,3,1,27,2,4,9,31,5,0,1,1,0,0,10,2,11,13,3,4,19,26,0,1,5,3,0,1,0,4,,,,,298.0,,,,,
2021-10,9,3,4,7,0,11,4,0,2,5,0,0,0,4,0,25,0,4,1,0,1,1,0,0,0,29,9,2,0,13,1,3,16,61,2,0,0,0,1,0,44,1,8,21,13,4,19,23,2,1,4,5,1,4,0,0,,,,,359.0,,,,,
2021-11,9,4,1,2,1,9,1,0,0,3,0,0,0,6,1,24,0,0,2,3,0,1,2,0,0,47,5,2,1,7,1,0,5,34,3,0,0,1,1,0,35,0,9,8,5,1,9,18,1,4,2,0,0,0,0,5,,,,,264.0,,,,,
2021-12,9,11,6,1,0,8,0,0,4,22,0,0,0,3,1,17,1,1,0,4,3,0,0,0,0,25,4,0,0,8,1,1,1,33,4,0,0,5,1,0,9,1,4,9,12,2,10,7,2,0,4,2,1,1,0,2,,,,,231.0,,,,,
2022-01,9,9,3,0,0,7,2,0,2,15,0,0,0,2,0,14,1,2,1,1,4,1,0,0,0,9,12,0,2,3,0,0,2,8,8,0,0,2,0,0,13,1,3,2,1,3,6,2,0,0,7,3,1,0,0,0,,,,,152.0,,,,,
2022-02,9,4,10,3,1,3,2,0,2,9,0,0,0,0,0,8,2,1,0,1,0,0,0,8,0,36,4,6,1,4,0,1,3,3,6,0,0,2,0,0,35,1,3,1,3,4,8,0,0,0,2,2,1,2,0,0,,,,,182.0,,,,,
2022-03,9,8,2,18,0,9,3,0,0,2,0,0,0,2,0,11,1,1,0,0,0,0,2,0,0,99,2,0,0,13,0,8,2,7,2,0,0,1,0,0,32,1,1,11,4,6,22,0,3,0,3,0,0,0,0,1,,,,,277.0,,,,,
2022-04,9,6,4,18,1,9,4,1,2,2,1,0,0,7,0,22,0,3,0,0,2,0,1,0,0,127,2,1,1,10,0,3,3,7,2,0,0,2,0,1,27,0,2,10,7,21,13,14,2,0,5,5,0,1,0,2,,,,,351.0,,,,,
2022-05,9,7,1,18,0,11,2,0,0,10,0,0,1,6,0,14,1,1,0,0,5,1,3,3,0,86,5,2,0,15,1,10,13,10,4,0,0,0,1,1,18,2,11,6,9,28,22,24,2,1,2,4,1,2,2,4,,,,,370.0,,,,,
2022-06,9,2,2,8,0,13,4,1,1,6,0,0,0,5,2,27,4,4,1,0,4,2,1,0,0,26,13,4,0,6,2,13,2,10,1,0,0,3,1,0,32,0,7,19,17,10,22,27,2,0,3,3,0,1,1,7,,,,,319.0,,,,,
2022-07,9,6,2,2,0,11,12,0,1,3,0,0,0,3,2,24,1,2,0,2,3,0,1,0,0,15,4,1,1,13,2,2,2,4,4,0,0,0,0,0,62,0,5,45,41,12,19,26,0,0,2,2,1,5,2,3,,,,,348.0,,,,,
2022-08,9,7,5,4,1,10,9,0,4,12,1,0,1,6,2,30,5,6,2,0,2,0,1,0,0,4,1,2,1,28,4,6,1,3,3,2,2,4,0,1,33,3,3,65,42,13,25,35,1,0,2,5,0,1,0,5,,,,,403.0,,,,,
2022-09,9,6,2,5,0,8,6,1,1,9,0,0,2,4,1,24,1,1,2,2,3,0,0,2,1,21,3,0,1,22,1,6,3,3,1,0,0,1,2,0,45,3,5,17,10,14,17,34,0,0,8,4,5,0,1,3,,,,,311.0,,,,,
2022-10,9,2,2,3,0,11,2,0,2,13,0,0,0,6,0,22,5,1,1,3,3,0,0,0,0,10,2,0,0,26,1,7,3,4,0,0,0,2,0,0,12,5,2,16,7,13,9,16,0,0,3,1,0,0,0,4,,,,,219.0,,,,,
2022-11,9,2,6,1,0,10,2,0,0,7,0,0,0,6,0,17,2,1,1,1,0,0,0,1,0,30,1,2,1,17,1,2,5,4,1,0,0,1,0,1,54,3,12,14,14,5,9,8,1,1,3,0,0,0,2,10,,,,,259.0,,,,,
2022-12,9,9,2,4,0,13,0,0,2,8,0,0,0,1,0,10,7,1,1,2,2,2,0,3,1,11,3,0,1,8,1,0,1,1,1,0,0,0,0,0,10,1,3,1,3,5,4,5,0,0,2,4,1,0,0,2,,,,,136.0,,,,,
2023-01,9,10,5,2,1,21,1,0,0,14,0,0,0,3,0,17,0,2,1,2,1,1,1,0,0,14,4,1,0,9,0,6,2,8,0,0,0,1,1,0,28,3,2,2,7,16,5,0,0,0,2,2,0,1,0,0,,,,,196.0,,,,,
2023-02,9,9,8,6,1,26,3,0,1,4,0,0,0,5,0,9,3,0,0,2,2,0,0,0,0,59,2,3,0,13,0,2,6,3,6,0,0,0,0,1,20,1,14,5,2,2,4,8,0,1,2,3,0,3,0,0,,,,,239.0,,,,,
2023-03,9,8,11,8,2,17,0,0,0,3,0,0,0,4,0,21,0,0,2,1,1,0,0,0,0,83,4,0,0,25,0,6,7,8,2,0,2,0,0,2,17,2,6,1,2,11,5,0,0,0,1,1,0,2,0,0,,,,,265.0,,,,,
2023-04,9,4,8,9,1,10,3,0,0,3,0,0,0,2,0,13,1,4,1,0,0,0,0,0,0,35,1,3,0,17,0,2,5,4,3,0,0,4,1,2,13,4,19,8,5,18,24,6,0,1,4,1,0,0,0,4,,,,,243.0,,,,,
2023-05,9,8,12,12,2,13,1,0,2,3,1,0,0,3,0,28,1,0,0,5,2,0,2,0,0,20,1,5,0,29,3,2,7,4,2,0,0,2,2,0,10,1,7,14,1,11,21,6,0,1,6,1,0,1,1,8,,,,,261.0,,,,,
2023-06,9,7,6,4,0,11,7,0,0,6,1,0,0,6,1,23,4,3,1,1,4,0,1,0,0,17,1,1,0,63,2,2,6,6,0,0,0,0,1,1,9,1,11,14,10,31,37,6,0,0,5,7,0,1,0,1,,,,,319.0,,,,,
2023-07,9,4,3,3,2,10,4,0,2,3,0,0,0,14,0,29,5,1,0,5,0,0,1,0,0,28,4,2,1,43,1,16,10,5,4,0,1,2,3,1,14,3,34,33,21,18,27,0,0,2,10,8,1,3,0,5,,,,,386.0,,,,,
2023-08,9,8,8,2,0,18,1,0,2,11,0,0,0,6,1,31,2,2,0,6,0,1,1,0,0,36,1,2,0,50,2,6,2,4,3,0,1,11,1,2,12,1,5,11,11,11,25,1,0,2,6,4,3,2,2,1,,,,,318.0,,,,,
2023-09,9,5,9,9,0,10,3,0,1,4,1,0,0,4,0,31,1,0,2,0,0,1,0,0,0,16,2,2,0,26,0,4,5,6,3,0,0,1,0,0,15,0,3,16,13,9,17,1,0,2,7,9,5,0,5,2,,,,,250.0,,,,,
2023-10,9,5,10,6,0,3,2,0,1,14,0,0,1,6,0,15,2,3,16,1,2,4,0,0,0,9,0,2,1,17,1,1,2,5,2,0,0,3,2,0,15,1,9,22,5,4,13,1,0,3,5,5,1,1,1,4,,,,,226.0,,,,,
2023-11,9,14,3,6,2,3,3,1,0,2,0,0,0,7,1,19,1,1,0,0,0,2,0,0,0,44,0,0,0,10,0,0,2,0,4,0,0,0,1,2,5,1,6,3,7,3,8,1,0,0,2,0,0,0,0,8,,,,,172.0,,,,,
2023-12,9,5,2,1,0,6,2,0,0,3,0,0,1,3,1,11,0,1,1,1,0,3,0,1,0,10,5,0,0,4,1,3,4,0,2,0,0,1,1,0,10,2,3,5,3,20,7,3,0,2,5,2,0,2,0,3,,,,,140.0,,,,,
2024-01,9,8,8,9,0,15,0,1,1,5,0,0,0,2,1,19,2,2,2,2,1,0,0,1,0,28,2,0,0,2,0,3,9,9,1,0,0,1,0,0,36,0,3,5,8,93,8,1,0,0,7,4,0,2,0,0,,,,,301.0,,,,,
2024-02,9,8,7,7,0,3,1,0,1,6,0,1,0,2,1,14,2,8,1,1,0,0,0,0,0,45,1,0,0,7,2,5,0,5,4,0,0,1,0,1,13,4,6,2,4,17,9,0,1,0,10,0,1,1,0,0,,,,,202.0,,,,,
2024-03,9,4,8,2,2,8,3,0,0,4,0,0,0,3,1,23,4,0,1,3,2,0,0,0,0,42,1,0,0,6,2,1,1,6,3,0,0,2,1,0,13,5,3,7,10,12,16,55,1,0,10,1,0,0,0,1,,,,,267.0,,,,,
2024-04,9,7,10,10,2,9,2,0,0,2,0,1,1,2,0,28,4,3,1,0,3,4,0,3,1,46,0,0,0,10,1,3,4,4,3,0,0,0,0,3,23,2,18,5,5,15,21,73,2,2,11,4,1,0,0,2,,,,,351.0,,,,,
2024-05,9,5,7,11,1,11,2,0,0,5,0,0,0,3,1,25,3,2,1,1,5,2,2,0,0,41,1,4,0,13,0,5,5,8,3,0,0,3,0,0,26,1,34,56,43,27,38,46,0,0,6,5,0,3,0,11,,,,,466.0,,,,,
2024-06,9,5,2,14,1,9,2,0,1,1,0,0,0,6,1,19,0,2,6,0,3,0,0,0,0,42,1,0,1,41,2,2,3,1,5,0,0,2,0,0,10,5,47,20,18,17,33,32,0,1,7,1,0,1,1,3,,,,,368.0,,,,,
2024-07,9,4,2,16,0,7,4,0,1,9,0,0,0,3,0,28,1,1,4,2,1,0,0,0,0,53,4,4,0,35,0,4,8,7,4,0,0,0,3,2,33,0,40,29,14,11,16,32,0,0,8,4,1,1,0,4,,,,,400.0,,,,,
2024-08,9,11,0,8,0,9,3,1,0,1,1,0,0,5,2,31,6,1,1,0,1,0,0,0,0,23,7,2,0,26,3,11,5,3,3,0,0,5,0,1,12,2,24,22,24,5,27,36,1,1,2,1,0,1,0,4,,,,,332.0,,,,,
2024-09,9,7,5,4,0,7,3,0,0,4,0,0,7,6,1,24,1,0,2,0,3,1,0,0,0,14,2,8,2,15,0,2,2,6,3,0,0,6,0,0,34,3,43,18,11,9,17,28,0,0,5,0,1,0,1,1,,,,,306.0,,,,,
2024-10,9,8,2,3,0,21,1,0,0,7,0,1,0,6,0,21,3,3,0,0,0,4,1,0,0,6,1,1,0,11,0,4,1,4,1,0,0,0,2,0,18,1,13,9,13,45,23,48,4,3,5,2,1,2,0,8,,,,,307.0,,,,,
2024-11,9,8,5,2,0,6,0,0,0,1,0,0,0,4,0,22,6,0,1,1,0,0,0,1,0,18,0,0,1,5,2,3,5,4,1,0,0,0,0,2,20,1,13,10,12,8,16,54,0,1,4,2,0,1,0,10,,,,,250.0,,,,,
2024-12,9,13,5,2,0,12,2,1,1,6,1,0,0,4,1,20,3,1,0,2,1,6,0,0,0,13,0,0,1,5,2,3,0,3,3,0,0,3,1,3,4,2,11,4,6,3,5,50,0,1,5,3,0,3,0,4,,,,,219.0,,,,,
2025-01,9,10,1,3,1,15,1,1,0,23,0,1,0,3,0,19,0,5,0,1,0,6,0,0,1,31,5,0,0,6,2,2,6,3,3,0,0,0,0,0,14,1,11,3,2,0,8,110,3,0,5,6,0,0,0,0,,,,,312.0,,,,,
2025-02,9,17,1,3,0,10,1,1,0,17,0,0,0,2,1,13,1,3,1,0,0,2,1,0,0,33,2,3,1,3,3,3,2,1,0,0,0,7,1,1,3,0,9,0,4,1,6,67,2,0,6,1,0,0,0,0,,,,,233.0,,,,,
2025-03,9,15,1,33,1,17,2,2,0,3,0,0,0,3,0,27,8,2,0,7,3,2,2,2,0,60,1,2,0,9,0,3,1,2,1,0,0,1,0,0,15,0,9,4,9,4,17,25,0,0,7,1,0,1,0,1,,,,,303.0,,,,,
2025-04,9,10,6,19,0,18,2,0,0,8,0,0,0,4,2,23,1,3,0,1,0,0,1,0,0,98,3,6,0,8,0,4,6,6,4,0,0,1,0,0,16,1,10,12,12,15,13,1,0,0,1,3,5,3,0,2,,,,,328.0,,,,,
2025-05,9,12,3,23,0,26,6,0,0,3,0,0,0,3,0,19,12,3,9,2,3,4,1,0,0,41,1,3,0,4,0,4,2,5,5,0,0,3,0,1,25,4,14,29,38,9,41,1,0,1,3,2,1,0,0,11,,,,,377.0,,,,,
2025-06,9,10,6,19,0,28,4,4,0,13,0,0,0,5,1,25,2,2,1,1,2,3,1,0,1,34,1,2,0,16,2,8,0,7,3,0,0,1,1,1,23,1,6,21,30,11,27,0,13,0,4,3,0,1,3,5,,,,,352.0,,,,,
2025-07,9,10,0,11,0,16,6,2,0,7,0,0,0,4,2,29,7,2,0,1,5,0,2,1,1,26,4,1,2,20,3,7,4,6,3,0,0,0,1,1,4,3,10,14,15,8,26,0,1,0,13,2,0,1,1,7,,,,,289.0,,,,,
2025-08,9,9,0,9,0,15,4,11,0,5,0,0,0,7,1,34,3,1,1,3,4,2,0,0,0,30,3,5,0,15,6,4,4,5,3,0,0,2,2,0,25,2,19,27,31,15,26,7,1,3,21,4,0,3,6,3,,,,,381.0,,,,,
2025-09,9,13,7,8,0,34,1,0,1,4,1,0,0,14,2,29,3,2,0,0,0,0,5,0,0,15,1,1,0,16,6,4,0,4,3,0,0,0,0,1,26,5,8,9,10,16,26,8,0,1,51,0,1,4,1,2,,,,,343.0,,,,,
2025-10,9,13,7,7,0,18,2,0,1,4,0,0,0,5,0,22,5,2,0,3,1,8,2,5,0,5,2,7,0,13,0,3,3,7,0,0,0,1,0,0,13,2,14,7,5,11,16,2,0,0,33,0,0,2,0,8,,,,,259.0,,,,,
2025-11,9,10,11,6,0,16,2,0,1,2,0,0,0,3,0,22,10,1,1,0,1,1,3,0,0,23,0,0,0,9,3,0,0,1,2,0,0,0,1,0,18,2,7,5,12,5,6,0,0,0,6,1,0,0,0,6,,,,,197.0,,,,,
2025-12,9,6,1,0,0,13,0,1,1,6,0,0,0,4,2,15,5,1,0,2,0,0,0,0,0,6,2,0,0,4,0,1,1,1,4,0,0,2,0,0,5,3,5,1,12,1,5,0,0,1,13,1,0,4,0,1,,,,,130.0,,,,,
2019-01,10,6,36,3,0,22,2,0,0,2,0,1,0,0,0,0,0,0,0,0,0,0,2,0,4,15,0,0,0,0,0,9,3,219,12,0,0,0,0,0,25,0,4,0,0,2,10,11,1,0,202,0,3,0,0,0,,,,,,594.0,,,,
2019-02,10,16,38,12,1,18,8,2,0,7,0,2,0,1,0,57,0,1,2,2,3,0,0,0,1,123,0,0,1,2,1,13,8,13,7,0,0,4,3,0,144,2,2,1,0,3,12,23,1,0,187,3,5,0,0,0,,,,,,729.0,,,,
2019-03,10,20,51,25,1,28,10,0,0,34,0,2,0,7,2,71,19,10,1,4,5,1,5,3,1,415,5,10,3,21,11,40,22,15,21,0,2,7,2,2,152,4,21,26,9,21,41,49,2,0,208,5,3,2,0,6,,,,,,1425.0,,,,
2019-04,10,20,37,23,3,25,10,0,0,17,0,1,3,10,2,92,7,8,7,12,8,2,1,2,2,181,15,3,1,34,13,35,32,19,30,0,1,4,3,5,122,11,33,49,29,29,42,47,4,3,97,13,0,5,0,5,,,,,,1157.0,,,,
2019-05,10,30,29,41,3,41,24,1,0,22,0,0,2,23,5,105,8,17,3,8,12,0,5,1,0,225,15,6,1,27,13,56,53,27,17,4,1,13,4,1,129,2,26,54,27,18,65,75,5,8,38,28,1,3,3,13,,,,,,1338.0,,,,
2019-06,10,29,35,21,6,40,11,1,1,9,1,2,1,36,2,97,11,13,6,15,7,1,5,9,2,234,7,12,0,44,18,35,17,22,55,1,0,10,5,6,75,6,22,89,36,21,80,118,3,3,41,6,0,4,29,26,,,,,,1386.0,,,,
2019-07,10,38,49,20,4,24,14,3,1,17,0,1,3,42,7,128,10,17,2,12,8,1,5,5,3,170,9,13,5,80,14,52,20,15,20,1,0,4,5,4,131,2,12,85,38,51,56,119,7,4,228,4,4,3,22,22,,,,,,1614.0,,,,
2019-08,10,45,46,13,5,21,14,2,0,13,1,0,1,25,9,139,12,12,1,5,7,0,9,4,1,141,7,13,4,92,18,31,20,21,33,1,0,6,4,2,146,4,14,67,37,13,65,162,1,1,279,15,3,5,20,19,,,,,,1629.0,,,,
2019-09,10,31,54,25,4,22,14,0,0,22,2,1,3,42,5,106,11,19,2,9,10,13,2,11,0,156,9,22,2,88,10,27,19,18,39,0,2,8,4,1,142,7,28,75,33,19,54,117,0,4,247,11,15,3,24,12,,,,,,1604.0,,,,
2019-10,10,35,64,32,4,26,9,3,0,36,0,0,5,27,0,71,15,11,2,8,14,2,1,0,0,106,7,13,1,51,7,22,20,10,45,1,4,7,3,2,166,5,53,56,38,24,46,94,1,3,65,19,4,5,5,16,,,,,,1264.0,,,,
2019-11,10,35,41,12,2,21,6,2,0,20,0,0,7,21,0,48,13,10,3,9,7,4,1,1,0,81,8,25,0,27,2,8,12,3,103,0,0,14,9,13,105,13,21,32,22,2,20,28,0,4,25,13,2,1,0,38,,,,,,894.0,,,,
2019-12,10,53,26,7,1,25,6,0,0,20,0,1,17,13,2,36,22,5,0,6,13,0,6,4,3,120,5,19,3,14,3,11,8,5,52,1,1,5,4,14,108,7,30,20,3,2,11,26,0,5,23,9,4,1,0,8,,,,,,788.0,,,,
2020-01,10,60,30,2,1,43,4,1,2,20,0,0,5,16,0,44,20,2,2,8,16,3,2,0,3,116,15,7,2,22,5,14,12,24,43,0,0,2,3,2,139,9,18,6,16,5,19,15,0,3,18,10,0,7,0,1,,,,,,817.0,,,,
2020-02,10,35,22,5,2,19,7,0,0,23,0,0,5,14,2,46,17,1,4,3,8,4,1,0,2,79,8,8,2,23,6,10,5,11,35,2,0,7,5,1,77,3,12,3,5,13,24,13,2,3,17,2,1,1,0,0,,,,,,598.0,,,,
2020-03,10,29,25,12,3,41,8,1,9,14,0,2,0,16,2,57,11,3,1,12,3,1,8,1,0,210,6,16,0,47,4,10,9,9,41,0,0,7,2,3,96,7,40,10,5,24,34,35,1,3,17,6,2,2,0,2,,,,,,907.0,,,,
2020-04,10,16,18,9,3,33,14,1,20,10,1,1,1,17,6,65,6,6,3,10,4,0,7,1,0,138,12,6,3,46,10,15,14,17,25,0,0,4,2,4,65,5,27,46,11,18,24,51,2,6,13,17,1,4,0,18,,,,,,856.0,,,,
2020-05,10,26,23,19,18,27,21,6,9,23,2,0,0,27,1,128,17,14,3,11,5,0,8,0,1,54,26,19,2,104,9,28,53,17,105,0,0,3,3,4,99,4,18,61,13,31,52,82,5,4,10,77,4,224,7,31,,,,,,1538.0,,,,
2020-06,10,30,19,6,3,34,13,2,11,12,0,0,0,21,5,129,18,9,4,15,5,1,10,0,1,35,29,14,1,105,11,31,16,14,92,1,2,3,5,6,134,7,19,128,83,29,60,183,2,8,6,12,3,8,2,20,,,,,,1417.0,,,,
2020-07,10,36,33,11,2,53,15,4,11,19,0,2,2,23,6,141,16,8,3,9,4,2,5,1,1,55,12,11,3,114,4,24,9,14,61,1,7,9,2,8,97,4,26,82,52,28,47,131,4,3,13,4,2,2,3,15,,,,,,1254.0,,,,
2020-08,10,30,35,5,1,44,9,1,12,29,0,0,1,17,3,131,6,13,5,11,9,5,5,0,0,51,18,9,1,82,20,26,13,20,55,0,0,4,4,1,113,6,19,227,227,13,63,102,1,4,11,3,1,1,5,14,,,,,,1486.0,,,,
2020-09,10,46,16,14,4,35,6,0,4,58,2,0,1,27,3,95,12,9,6,8,7,8,6,11,1,39,23,7,1,118,75,13,10,23,18,0,2,3,8,1,106,12,11,68,41,16,39,79,1,3,13,5,10,1,0,13,,,,,,1138.0,,,,
2020-10,10,39,24,9,5,40,12,2,9,12,0,0,1,21,5,108,9,8,5,7,8,4,3,2,0,24,4,11,4,70,19,16,9,13,19,2,4,2,5,2,156,7,23,68,40,12,26,68,1,2,7,4,0,2,0,16,,,,,,969.0,,,,
2020-11,10,37,28,3,2,33,4,1,12,45,0,0,0,15,2,72,7,10,1,8,6,3,8,3,3,21,10,5,1,63,4,14,8,9,21,1,0,6,2,6,90,8,19,41,37,5,37,44,0,10,6,8,0,0,0,34,,,,,,813.0,,,,
2020-12,10,25,15,11,3,55,13,0,20,48,1,2,1,8,3,60,14,5,1,8,6,3,2,2,1,80,16,4,0,45,1,11,10,6,30,0,0,5,3,3,57,3,9,15,3,5,14,22,6,1,6,9,1,5,0,7,,,,,,684.0,,,,
2021-01,10,31,16,4,0,41,5,0,21,52,0,0,2,0,4,55,9,3,2,9,6,7,4,1,0,95,8,1,1,36,7,9,5,10,24,0,0,4,4,1,54,4,11,4,3,9,23,16,2,2,9,5,3,0,0,0,,,,,,622.0,,,,
2021-02,10,55,13,1,2,42,7,1,4,10,0,0,0,3,4,35,0,5,1,39,4,6,2,0,3,21,63,3,0,9,9,13,8,3,22,0,0,2,1,0,74,6,13,2,3,3,8,9,0,2,3,6,0,13,0,0,,,,,,533.0,,,,
2021-03,10,62,15,23,6,64,12,3,7,28,0,0,1,9,2,76,8,14,3,17,0,2,4,0,0,166,46,10,2,66,11,30,6,19,16,0,0,5,0,3,279,9,23,14,26,15,38,41,3,2,13,6,2,2,0,4,,,,,,1213.0,,,,
2021-04,10,50,16,12,3,39,10,0,4,17,1,0,3,36,2,89,27,10,1,9,4,5,2,1,0,104,25,8,12,80,9,28,7,23,43,1,16,3,1,6,48,5,10,45,19,22,47,51,2,3,14,8,2,3,0,7,,,,,,993.0,,,,
2021-05,10,22,2,12,1,36,17,2,5,21,1,1,0,24,8,69,12,7,6,4,8,1,8,2,1,51,17,9,8,84,22,17,7,20,19,1,0,10,6,4,64,1,9,40,27,21,43,75,0,1,8,11,3,1,4,22,,,,,,875.0,,,,
2021-06,10,46,5,6,8,48,15,2,1,15,0,0,1,28,5,113,14,16,11,17,8,0,3,2,1,76,70,11,4,155,12,35,32,21,35,0,0,8,1,4,50,7,43,84,61,32,65,109,6,2,5,26,1,19,7,17,,,,,,1363.0,,,,
2021-07,10,30,9,14,8,35,24,0,6,25,2,0,1,25,3,106,25,15,3,19,6,1,10,3,1,92,25,14,0,185,17,34,20,19,51,0,1,5,6,2,58,1,33,71,91,21,61,110,2,2,137,11,0,10,3,19,,,,,,1472.0,,,,
2021-08,10,61,14,6,4,45,16,2,5,22,3,0,1,24,8,87,22,10,3,15,3,3,13,6,2,76,10,14,1,122,9,24,19,25,27,1,0,0,3,4,118,6,31,220,156,50,97,145,4,3,62,6,1,1,4,20,,,,,,1634.0,,,,
2021-09,10,42,11,18,3,31,12,0,1,47,1,0,0,16,5,95,24,10,10,10,6,2,14,14,1,73,20,10,4,150,3,33,12,20,29,0,0,7,2,5,50,5,13,61,27,25,46,99,0,2,27,6,7,4,3,17,,,,,,1133.0,,,,
2021-10,10,44,12,13,5,30,9,3,5,42,1,0,1,22,2,77,21,19,1,8,6,5,3,2,1,48,22,9,5,119,4,16,31,13,11,0,1,2,3,1,91,6,20,51,46,12,39,75,4,2,8,26,1,5,0,15,,,,,,1018.0,,,,
2021-11,10,26,3,4,1,34,8,0,1,41,0,3,0,23,1,81,14,5,3,10,5,1,6,4,1,70,11,7,1,66,3,6,8,11,27,2,1,6,3,10,49,5,13,27,18,7,28,32,2,1,11,12,1,2,0,23,,,,,,738.0,,,,
2021-12,10,32,6,3,1,17,9,1,3,81,0,1,0,14,2,64,10,2,2,10,7,16,5,23,9,61,12,7,2,52,3,8,6,5,26,0,1,7,5,5,53,12,5,36,31,4,30,21,0,2,11,14,1,2,0,8,,,,,,748.0,,,,
2022-01,10,40,9,1,3,41,6,2,9,62,1,1,2,10,0,56,17,5,2,22,4,18,4,3,2,37,24,2,0,30,3,8,5,3,18,1,1,4,4,2,19,5,15,6,5,6,8,15,5,0,11,6,1,1,0,0,,,,,,565.0,,,,
2022-02,10,39,5,4,3,34,1,0,1,21,0,0,3,11,4,51,17,6,0,12,6,3,5,1,2,102,15,10,3,25,4,12,9,9,21,0,0,0,1,4,61,9,21,8,6,3,9,0,3,2,13,5,1,5,0,0,,,,,,590.0,,,,
2022-03,10,41,6,23,4,28,12,2,1,13,1,0,0,21,2,72,24,10,4,9,8,1,5,0,2,295,20,18,3,55,11,21,8,17,17,0,0,5,4,1,83,8,28,26,15,23,44,2,1,5,5,11,0,6,0,8,,,,,,1029.0,,,,
2022-04,10,43,5,47,2,30,5,0,0,14,1,1,1,27,3,64,18,4,2,9,3,5,6,2,1,407,28,19,4,98,5,32,9,15,11,0,2,5,4,5,58,7,6,32,10,44,54,35,3,3,12,13,0,2,0,7,,,,,,1223.0,,,,
2022-05,10,36,12,27,4,34,14,3,2,15,1,1,1,19,3,101,25,10,2,11,12,2,13,0,0,199,15,40,4,89,14,27,29,27,8,1,0,8,10,5,49,3,17,41,29,68,62,65,4,3,9,18,0,4,5,22,,,,,,1223.0,,,,
2022-06,10,34,8,20,2,40,28,4,3,22,1,0,1,31,6,88,15,8,4,7,17,0,2,3,2,104,21,13,3,136,13,28,19,20,5,1,0,7,4,5,80,3,15,106,64,46,49,126,5,1,24,15,0,2,7,20,,,,,,1288.0,,,,
2022-07,10,32,9,11,2,29,12,3,1,36,1,0,11,23,2,104,17,16,2,12,9,3,11,2,5,77,27,11,0,141,8,29,7,21,7,0,0,4,3,4,119,4,13,192,102,41,73,113,4,2,16,11,1,2,4,19,,,,,,1408.0,,,,
2022-08,10,60,22,14,1,30,20,3,0,16,3,2,8,32,2,92,25,9,3,8,11,0,9,0,1,70,22,16,2,171,14,24,7,14,14,0,1,4,7,4,107,15,19,101,53,44,49,101,1,4,15,2,1,1,8,18,,,,,,1280.0,,,,
2022-09,10,42,7,5,7,25,10,3,1,32,0,0,26,32,5,67,16,8,5,7,9,2,15,7,1,47,8,27,3,91,10,20,10,16,15,0,2,9,3,3,112,3,11,75,27,43,50,58,1,3,21,9,9,5,3,14,,,,,,1040.0,,,,
2022-10,10,38,13,10,1,23,12,1,2,17,0,0,10,16,3,58,19,6,3,10,12,2,7,0,1,46,7,7,1,84,5,7,15,11,25,1,2,2,2,1,70,4,14,36,35,25,45,54,0,4,10,5,1,2,0,24,,,,,,809.0,,,,
2022-11,10,48,18,4,1,21,15,3,3,26,0,0,8,12,2,53,12,6,1,16,5,3,1,7,1,41,8,1,1,51,3,6,19,6,11,0,0,5,1,5,66,11,25,53,31,19,32,26,1,2,7,3,0,0,0,27,,,,,,727.0,,,,
2022-12,10,32,9,2,1,24,9,3,1,39,0,0,1,6,0,38,17,4,1,16,6,7,5,11,1,60,10,1,0,42,1,8,13,3,6,0,1,3,3,3,45,4,7,12,6,135,12,16,1,1,7,10,3,3,0,5,,,,,,654.0,,,,
2023-01,10,37,16,8,2,55,7,1,2,31,0,0,6,10,3,63,35,4,3,5,3,5,3,1,2,126,12,3,2,37,21,12,9,19,13,1,3,7,5,4,50,2,23,9,7,21,11,0,1,0,19,12,0,3,0,3,,,,,,737.0,,,,
2023-02,10,45,10,20,1,38,7,2,3,34,0,1,3,13,1,56,41,6,3,8,6,5,2,2,0,154,4,2,2,42,7,16,19,13,14,0,1,7,6,6,81,8,11,10,12,13,20,16,0,1,5,29,1,18,0,3,,,,,,828.0,,,,
2023-03,10,47,9,46,2,70,7,0,5,12,2,0,2,27,4,45,27,3,2,19,3,2,9,0,0,212,3,3,0,47,6,13,8,10,12,0,1,3,4,3,48,10,18,12,8,15,39,14,3,2,9,9,3,4,0,3,,,,,,865.0,,,,
2023-04,10,47,23,18,2,43,9,2,1,19,0,0,17,11,3,54,21,5,1,15,6,2,2,4,0,142,9,7,0,69,5,13,11,12,14,1,0,9,6,9,37,7,13,39,28,28,56,45,1,1,16,14,2,8,2,14,,,,,,923.0,,,,
2023-05,10,37,15,17,1,116,14,0,2,15,0,0,8,23,4,102,31,8,7,13,9,1,9,2,0,126,8,9,1,110,7,12,14,16,11,1,0,3,6,4,51,7,19,22,15,32,53,65,3,8,26,3,1,1,0,24,,,,,,1092.0,,,,
2023-06,10,46,10,11,2,35,20,1,2,11,0,0,7,34,3,78,33,12,4,5,6,2,11,0,1,81,18,12,2,136,6,28,18,18,7,1,2,10,4,4,100,5,26,105,42,71,59,130,2,6,29,4,1,4,5,22,,,,,,1292.0,,,,
2023-07,10,50,9,12,7,43,11,2,2,17,1,1,4,27,4,118,47,10,3,14,2,0,5,3,3,108,7,2,1,120,19,23,20,18,7,2,0,6,3,7,59,5,16,128,80,35,65,85,1,5,37,26,1,30,4,17,,,,,,1332.0,,,,
2023-08,10,47,15,15,1,47,12,3,2,29,1,0,1,28,2,111,16,11,8,13,9,7,6,3,0,81,12,9,1,166,10,18,13,23,19,0,1,10,5,4,75,3,33,82,56,18,55,62,0,2,19,22,1,3,6,16,,,,,,1212.0,,,,
2023-09,10,55,7,15,3,30,11,3,1,35,1,0,1,47,0,100,25,6,4,5,1,4,6,11,1,43,7,10,4,115,10,14,11,12,9,0,0,3,3,3,36,4,39,49,19,22,36,81,4,9,34,17,3,6,3,9,,,,,,987.0,,,,
2023-10,10,50,13,13,1,32,11,2,3,31,2,0,5,11,1,69,24,9,1,6,5,3,7,5,1,38,6,4,1,59,9,13,6,7,12,2,0,10,4,4,45,4,15,51,15,35,45,103,2,4,12,8,5,0,1,21,,,,,,846.0,,,,
2023-11,10,44,14,5,1,43,5,1,2,45,0,0,2,13,1,58,13,4,3,8,7,2,3,2,2,41,10,2,0,42,1,5,9,9,9,0,1,4,4,10,75,1,24,22,7,6,23,80,0,0,19,9,0,0,2,27,,,,,,720.0,,,,
2023-12,10,31,15,12,2,30,8,2,2,10,0,1,4,9,1,51,21,11,1,8,7,0,5,1,0,47,6,5,0,23,4,2,9,6,10,0,0,12,5,6,35,1,22,4,2,7,12,95,1,2,17,5,1,6,0,8,,,,,,585.0,,,,
2024-01,10,45,15,8,1,53,10,3,0,46,0,0,3,12,1,75,32,6,4,17,7,12,2,2,1,70,11,5,0,36,2,4,9,11,17,0,0,11,5,3,73,5,32,9,23,10,21,77,0,1,28,28,0,17,0,3,,,,,,866.0,,,,
2024-02,10,64,29,14,3,68,5,1,0,14,2,0,3,31,5,63,9,9,2,12,7,3,9,0,1,172,3,2,0,29,6,13,9,12,12,0,0,0,4,5,47,1,29,12,13,14,28,103,0,1,15,7,0,4,0,6,,,,,,901.0,,,,
2024-03,10,55,18,11,1,34,6,5,5,11,0,1,1,15,0,70,31,7,2,13,8,3,7,0,2,140,9,4,1,44,3,9,23,15,15,0,2,3,6,4,52,4,23,16,16,19,38,53,8,2,32,17,3,4,0,11,,,,,,882.0,,,,
2024-04,10,67,8,26,2,52,12,2,0,14,0,1,5,16,2,90,22,12,1,8,12,1,14,2,1,104,9,11,1,65,2,9,25,21,10,0,0,6,4,3,26,1,19,52,21,30,50,5,4,6,26,21,0,2,0,11,,,,,,914.0,,,,
2024-05,10,58,20,19,4,46,18,2,1,12,1,0,3,23,1,80,18,11,3,6,12,2,16,0,1,109,8,11,1,75,6,17,20,21,17,0,2,6,1,4,76,8,52,140,122,24,103,3,3,4,22,18,1,4,12,40,,,,,,1287.0,,,,
2024-06,10,65,19,13,1,34,11,2,1,24,3,1,0,33,3,101,10,9,50,9,7,4,9,6,4,75,6,6,2,124,4,15,12,18,13,1,2,14,3,4,98,1,35,118,138,19,77,6,1,3,16,12,52,1,16,31,,,,,,1342.0,,,,
2024-07,10,69,5,11,1,44,19,3,8,12,1,0,0,38,5,141,9,12,9,21,10,2,8,3,2,106,10,16,0,128,6,11,23,17,8,1,3,3,6,5,71,6,30,146,83,13,67,17,2,6,12,20,3,7,9,24,,,,,,1292.0,,,,
2024-08,10,46,6,16,1,45,12,1,4,13,2,0,1,44,3,112,18,13,8,11,6,0,3,1,3,136,10,13,2,119,5,8,7,17,15,1,2,14,5,5,42,3,25,70,90,28,54,69,9,3,23,10,1,2,9,21,,,,,,1187.0,,,,
2024-09,10,48,3,14,0,56,6,3,6,17,0,0,2,40,4,101,29,7,6,13,8,2,4,7,1,70,9,11,0,109,7,11,7,8,12,0,1,4,5,3,57,3,35,63,49,20,51,18,3,0,19,2,1,1,3,22,,,,,,981.0,,,,
2024-10,10,52,4,14,0,57,12,5,3,15,1,0,0,27,2,113,24,13,4,2,4,6,3,3,2,92,10,14,0,79,9,9,6,16,10,0,0,5,4,2,41,7,14,38,61,15,40,86,3,3,24,5,2,2,2,19,,,,,,984.0,,,,
2024-11,10,53,14,12,0,61,4,0,3,17,0,2,6,25,3,86,10,16,2,10,3,0,2,2,2,65,9,4,0,47,4,12,5,11,9,0,0,9,8,11,49,6,21,24,22,12,26,86,1,3,12,12,1,9,0,24,,,,,,835.0,,,,
2024-12,10,62,4,11,1,44,3,0,2,51,1,0,1,15,0,88,9,3,3,12,5,5,5,3,1,64,9,5,2,35,2,6,7,3,10,0,0,1,1,7,31,4,17,9,12,9,17,60,1,1,17,9,1,8,0,13,,,,,,690.0,,,,
2025-01,10,57,13,4,1,47,5,2,1,50,0,0,0,5,1,68,9,7,4,7,1,20,8,2,5,79,15,1,0,25,3,6,10,8,11,0,0,16,2,0,77,5,36,3,4,3,12,52,5,0,35,29,2,10,0,1,,,,,,767.0,,,,
2025-02,10,46,12,3,0,25,8,1,1,22,0,1,2,12,0,57,15,9,1,10,6,0,6,2,0,122,1,5,1,15,5,8,4,11,6,1,0,3,4,1,29,5,19,4,11,14,25,94,5,1,24,2,1,4,0,0,,,,,,664.0,,,,
2025-03,10,74,26,34,1,77,8,3,1,20,2,0,1,14,1,101,18,7,3,9,3,5,10,3,2,152,5,14,2,32,1,8,5,6,6,0,0,10,5,4,84,6,63,23,29,9,41,36,3,0,23,8,3,7,0,12,,,,,,1020.0,,,,
2025-04,10,47,14,23,0,65,13,1,1,16,0,0,1,26,5,82,34,13,5,9,3,3,11,1,1,180,5,5,0,69,5,11,16,25,18,1,4,2,6,4,40,2,22,33,26,19,49,3,1,6,17,12,0,7,0,18,,,,,,980.0,,,,
2025-05,10,49,10,20,2,61,9,3,2,4,0,0,1,30,4,104,11,9,2,12,4,1,6,1,1,184,9,12,0,77,9,13,9,20,13,0,0,3,4,3,45,13,29,282,237,40,66,4,1,3,7,8,1,1,5,44,,,,,,1488.0,,,,
2025-06,10,42,11,19,2,107,13,4,1,13,2,0,3,27,4,99,19,6,6,15,6,2,15,0,1,162,5,8,0,118,8,9,9,15,13,0,2,1,6,7,44,4,54,98,76,70,54,14,4,2,23,4,1,3,2,35,,,,,,1268.0,,,,
2025-07,10,60,2,20,1,123,15,5,2,24,2,1,2,20,4,150,41,13,5,19,10,5,14,3,1,147,6,7,1,141,26,21,10,20,10,0,2,10,6,10,45,10,18,71,66,20,71,7,2,6,44,7,0,6,8,34,,,,,,1374.0,,,,
2025-08,10,94,16,23,3,91,5,2,2,18,3,0,0,41,5,138,28,11,6,18,9,0,6,4,2,82,14,18,3,123,17,24,8,13,17,2,2,2,6,4,54,2,26,80,68,24,57,27,1,0,67,13,2,7,4,38,,,,,,1330.0,,,,
2025-09,10,73,4,13,0,112,18,1,1,17,1,0,1,43,4,119,22,8,1,9,7,1,7,7,2,61,8,15,1,113,12,11,8,11,7,0,0,7,7,2,71,5,50,64,30,54,38,10,2,6,101,8,3,1,4,22,,,,,,1203.0,,,,
2025-10,10,56,5,23,0,108,10,1,1,40,0,1,4,19,5,84,22,11,16,7,9,15,8,13,0,64,6,9,4,100,5,11,8,13,9,0,0,6,4,4,66,6,24,40,22,13,31,17,3,4,92,11,6,5,1,15,,,,,,1057.0,,,,
2025-11,10,50,13,9,0,81,6,2,0,21,0,0,2,25,3,73,15,5,1,10,4,6,2,1,0,33,8,4,2,61,3,4,7,6,8,0,0,9,6,13,58,13,34,15,17,14,17,20,5,1,36,4,3,3,0,50,,,,,,783.0,,,,
2025-12,10,77,10,0,0,60,12,3,0,40,1,1,0,13,0,66,15,4,7,15,5,18,2,2,0,18,11,2,0,29,1,5,4,1,16,0,1,9,3,5,38,7,20,8,11,2,6,3,3,1,27,16,1,2,0,10,,,,,,611.0,,,,
2019-01,11,5,20,9,0,10,4,2,0,2,0,0,0,0,0,0,0,0,0,0,0,0,3,0,1,27,0,0,4,0,0,3,1,70,11,0,0,0,2,1,33,0,0,0,0,4,2,10,1,0,93,0,1,1,0,0,,,,,,,320.0,,,
2019-02,11,4,30,3,2,8,10,0,0,2,0,1,0,1,1,35,0,4,0,0,0,0,3,0,0,94,2,1,0,3,0,10,9,11,13,0,0,1,0,0,40,1,1,1,0,3,11,18,0,0,94,2,3,0,0,0,,,,,,,422.0,,,
2019-03,11,34,27,12,2,15,14,0,0,15,1,0,1,8,1,32,35,9,4,5,1,1,2,1,2,171,5,6,2,26,8,24,4,6,14,2,2,3,0,1,66,5,15,3,9,2,20,28,0,2,118,4,4,2,0,2,,,,,,,776.0,,,
2019-04,11,15,40,17,4,15,7,0,4,10,0,1,1,9,2,46,21,8,3,9,7,0,5,1,4,102,3,6,0,51,7,12,19,10,26,0,2,11,2,6,42,2,16,16,12,11,28,29,0,0,40,7,1,7,0,13,,,,,,,710.0,,,
2019-05,11,20,35,16,8,24,14,1,1,8,2,2,0,9,3,44,13,17,0,7,1,0,7,0,2,110,7,10,1,60,18,18,25,14,30,0,1,5,8,6,65,0,12,15,9,20,38,56,5,3,15,24,0,2,14,28,,,,,,,853.0,,,
2019-06,11,33,33,19,3,20,16,2,6,3,2,2,0,11,1,56,15,9,1,5,2,0,6,0,1,140,4,9,1,83,21,24,24,17,24,0,1,2,4,11,82,1,33,26,24,17,36,115,2,4,6,16,0,1,15,18,,,,,,,1007.0,,,
2019-07,11,42,45,16,3,13,14,0,0,11,2,2,0,23,3,79,26,12,6,6,4,0,9,1,2,125,3,9,1,104,17,21,11,9,39,0,1,4,8,4,85,0,27,42,9,9,25,83,5,2,118,6,0,2,8,19,,,,,,,1115.0,,,
2019-08,11,30,37,17,1,22,9,0,0,12,1,1,0,22,2,58,17,10,4,6,7,1,4,1,5,144,7,11,7,114,13,20,8,12,39,1,0,6,10,5,105,3,16,22,20,12,38,84,3,4,68,6,0,1,7,22,,,,,,,1075.0,,,
2019-09,11,38,44,21,1,11,9,0,0,23,4,2,0,25,2,50,25,13,3,2,10,1,1,3,0,181,2,10,2,90,12,17,15,16,40,0,0,4,5,3,81,1,8,34,21,7,20,70,0,4,180,9,8,2,4,22,,,,,,,1156.0,,,
2019-10,11,31,54,28,2,7,9,1,1,20,1,1,2,32,6,37,37,13,2,4,3,22,2,0,2,95,2,15,1,66,2,23,8,8,73,1,2,0,4,4,75,3,21,16,12,6,29,84,3,2,32,7,2,2,6,26,,,,,,,947.0,,,
2019-11,11,29,43,8,1,4,9,5,1,13,0,0,5,13,5,33,30,6,1,6,3,1,2,0,0,66,5,3,4,52,1,7,5,7,42,0,0,1,5,11,52,3,41,6,17,4,13,26,2,2,28,4,0,0,0,82,,,,,,,707.0,,,
2019-12,11,33,39,8,1,13,7,1,0,13,0,0,0,11,0,26,28,11,0,9,3,6,1,0,0,125,4,5,1,21,4,10,4,5,19,0,0,3,3,5,48,2,19,6,17,3,5,12,1,1,17,1,1,1,0,20,,,,,,,573.0,,,
2020-01,11,32,28,2,1,21,4,2,2,12,0,0,2,9,0,35,70,4,1,2,3,1,1,0,1,82,5,5,0,35,3,12,7,15,27,0,1,5,4,1,71,0,14,3,5,7,9,12,1,3,11,5,1,4,0,5,,,,,,,586.0,,,
2020-02,11,25,23,4,1,10,8,2,1,8,0,0,4,8,1,25,59,10,0,6,3,3,4,1,1,103,8,10,1,18,4,16,1,7,47,0,2,5,6,0,28,2,17,4,3,14,8,17,1,1,9,1,0,0,0,1,,,,,,,541.0,,,
2020-03,11,24,18,6,1,7,3,1,6,7,2,0,1,16,3,22,38,1,2,8,3,1,5,0,3,104,0,10,1,50,8,7,8,4,20,1,1,4,3,3,44,4,18,10,9,8,16,29,1,1,12,2,0,5,0,3,,,,,,,564.0,,,
2020-04,11,8,15,15,2,11,5,2,29,12,4,8,1,6,2,39,22,10,2,4,2,2,4,5,2,120,9,3,3,76,4,10,6,15,15,0,0,4,5,2,46,3,15,17,9,8,15,27,3,2,7,1,1,2,0,19,,,,,,,659.0,,,
2020-05,11,24,17,10,10,25,16,2,17,3,0,0,1,21,7,51,21,6,1,9,6,2,8,1,1,58,4,24,2,126,11,15,30,20,39,0,0,1,4,9,30,8,29,23,12,6,39,53,2,4,5,15,0,52,4,34,,,,,,,918.0,,,
2020-06,11,36,23,13,5,26,4,2,10,6,0,1,1,13,8,73,25,8,0,11,5,0,2,3,1,33,8,5,0,142,16,13,27,9,43,1,0,2,4,4,39,2,16,43,62,17,42,112,2,3,9,11,1,2,5,36,,,,,,,985.0,,,
2020-07,11,35,14,11,5,29,13,1,17,21,0,0,1,16,2,85,24,11,1,9,1,10,2,1,2,25,6,13,2,221,11,10,17,15,67,0,2,1,2,4,46,0,21,28,17,12,36,100,7,4,4,12,0,1,5,23,,,,,,,1023.0,,,
2020-08,11,51,26,11,1,17,10,0,8,26,0,1,2,8,4,67,25,10,7,4,5,1,6,1,1,19,9,8,1,187,6,8,9,15,31,0,0,5,0,9,155,12,21,118,81,14,37,96,5,5,7,15,0,3,7,25,,,,,,,1200.0,,,
2020-09,11,69,13,9,2,24,15,1,5,20,1,0,0,14,7,55,11,8,1,8,5,1,3,15,2,22,2,7,0,179,56,8,6,16,72,1,3,0,4,3,67,1,15,31,33,13,25,56,2,2,7,1,7,1,3,27,,,,,,,959.0,,,
2020-10,11,32,13,8,0,15,13,0,5,16,1,0,4,18,3,43,19,7,1,4,3,4,4,0,0,19,10,17,0,114,9,9,8,10,25,0,0,2,3,1,63,6,22,33,18,3,21,37,0,1,4,4,3,9,0,34,,,,,,,698.0,,,
2020-11,11,32,15,1,1,12,8,3,18,7,2,1,2,6,2,50,21,11,0,2,5,3,3,1,0,14,2,8,0,80,6,9,4,5,28,0,1,0,1,7,29,7,19,17,18,0,18,30,2,1,2,0,0,0,0,71,,,,,,,585.0,,,
2020-12,11,26,11,3,0,20,5,1,14,18,0,0,0,9,1,39,31,3,3,10,3,0,2,0,0,41,1,2,0,72,8,5,4,5,14,1,2,2,2,1,51,1,12,3,3,0,9,5,5,1,4,1,1,1,0,10,,,,,,,466.0,,,
2021-01,11,21,10,3,0,28,10,2,10,24,0,4,1,5,5,50,16,3,4,6,3,7,3,4,0,70,5,1,0,61,10,4,6,24,20,2,0,4,1,1,28,1,5,3,0,2,7,4,0,0,6,0,0,2,0,3,,,,,,,489.0,,,
2021-02,11,16,4,2,2,19,9,2,1,20,1,0,1,8,0,27,12,1,1,59,2,8,2,1,3,44,60,0,1,29,6,8,2,3,30,0,0,2,3,1,28,4,18,4,3,1,1,9,0,0,3,5,0,1,0,0,,,,,,,467.0,,,
2021-03,11,29,4,13,2,42,13,3,11,14,2,0,1,13,1,51,30,3,0,14,4,3,5,0,0,145,26,1,2,119,11,15,8,19,26,0,2,1,4,0,74,4,37,12,19,9,18,28,2,2,7,5,0,6,0,15,,,,,,,875.0,,,
2021-04,11,36,3,18,2,24,4,2,5,19,0,0,0,14,2,46,54,5,7,8,4,11,3,5,0,54,9,4,0,108,4,10,2,16,38,0,0,5,1,6,32,6,10,13,8,15,15,25,1,5,7,10,1,1,0,29,,,,,,,707.0,,,
2021-05,11,35,3,4,0,13,14,4,2,3,0,0,1,11,3,44,28,10,1,3,6,1,8,0,1,40,9,3,1,143,49,18,9,18,24,0,3,7,6,6,43,8,11,21,17,4,22,61,3,3,5,1,1,4,5,30,,,,,,,770.0,,,
2021-06,11,46,6,4,10,27,6,3,1,7,0,2,1,5,6,56,28,12,6,10,6,1,3,0,0,31,8,9,1,174,59,9,26,16,18,0,1,4,3,5,37,1,23,45,48,5,31,73,1,1,2,23,0,13,8,32,,,,,,,953.0,,,
2021-07,11,40,7,10,4,26,13,3,0,4,2,0,1,22,4,95,27,16,0,9,3,0,2,0,2,82,9,4,1,187,109,19,19,25,19,0,2,5,2,8,38,4,28,47,44,11,34,63,2,1,122,5,1,11,6,28,,,,,,,1226.0,,,
2021-08,11,43,5,6,0,21,8,3,0,18,4,0,1,33,11,64,82,8,2,16,4,0,1,8,1,58,8,5,0,127,16,7,9,14,23,0,0,2,4,7,46,4,26,132,77,17,44,65,2,0,45,4,1,1,5,29,,,,,,,1117.0,,,
2021-09,11,33,7,10,0,14,12,5,6,12,1,1,2,13,3,46,47,6,3,5,6,1,3,1,1,37,6,12,1,107,12,18,8,20,28,2,0,2,4,8,42,3,17,23,4,6,22,55,0,5,9,7,20,3,4,26,,,,,,,749.0,,,
2021-10,11,31,7,11,3,13,10,4,3,4,1,1,0,13,6,37,46,4,3,6,2,1,0,3,2,26,5,5,2,109,5,10,10,11,9,0,0,3,0,3,31,4,25,46,23,8,19,50,1,3,5,23,0,1,0,25,,,,,,,673.0,,,
2021-11,11,39,8,5,0,15,10,2,3,10,0,0,0,9,4,43,36,8,2,1,3,0,5,1,1,44,6,0,2,57,3,4,0,5,13,0,0,1,0,11,46,3,5,11,5,4,18,29,3,2,9,2,0,0,0,45,,,,,,,533.0,,,
2021-12,11,31,1,4,0,20,8,1,2,9,0,0,1,3,2,38,28,10,3,10,2,0,8,0,1,25,2,0,2,40,5,3,6,4,28,1,0,2,1,6,17,4,36,17,6,0,5,9,1,1,8,5,0,3,0,16,,,,,,,435.0,,,
2022-01,11,28,5,1,0,23,7,1,3,28,0,1,1,3,4,44,37,5,0,12,1,2,1,3,1,65,11,3,2,26,4,3,1,7,10,0,0,3,5,1,14,3,15,5,4,4,9,0,1,0,5,10,1,3,0,2,,,,,,,428.0,,,
2022-02,11,29,2,1,6,10,4,4,3,24,0,0,0,8,1,34,20,2,1,4,5,0,3,0,1,91,8,0,0,23,3,14,2,7,12,0,0,5,4,2,38,5,22,0,4,1,4,0,4,2,4,9,0,5,0,1,,,,,,,432.0,,,
2022-03,11,44,4,28,3,16,3,3,0,36,0,2,0,18,5,41,32,4,2,7,7,3,2,1,2,156,7,5,0,65,12,7,8,8,19,0,0,6,6,3,70,4,24,24,13,17,28,0,5,3,3,16,4,4,0,7,,,,,,,787.0,,,
2022-04,11,50,4,38,4,11,12,4,0,13,1,1,3,9,5,32,46,3,1,4,11,0,3,1,2,161,1,2,4,56,9,8,14,21,12,0,1,5,3,6,45,5,15,9,9,21,29,34,1,2,7,23,1,1,0,14,,,,,,,777.0,,,
2022-05,11,45,6,22,4,24,9,3,1,9,0,1,0,13,5,53,51,4,0,13,7,2,1,0,0,96,3,7,1,81,22,6,18,9,7,0,0,2,3,7,43,3,14,16,12,12,36,48,6,1,8,20,0,4,7,38,,,,,,,803.0,,,
2022-06,11,38,5,10,5,29,9,3,1,13,1,0,0,7,9,53,78,6,2,19,8,2,5,1,1,67,4,4,1,109,7,20,10,12,6,1,4,7,5,5,47,3,16,66,38,17,49,87,6,5,8,7,0,0,10,24,,,,,,,950.0,,,
2022-07,11,49,4,8,2,16,15,2,1,6,3,1,3,14,5,65,45,14,0,8,6,0,3,0,1,63,5,13,0,131,14,17,12,13,6,2,0,6,5,7,47,5,19,84,47,31,23,80,1,2,7,7,0,0,6,33,,,,,,,957.0,,,
2022-08,11,42,5,12,3,25,14,1,1,12,1,3,1,21,3,74,45,8,3,15,5,1,3,4,0,41,2,7,3,135,14,10,6,11,11,0,1,4,4,5,40,2,17,66,52,21,26,64,9,3,9,5,2,0,8,24,,,,,,,904.0,,,
2022-09,11,29,2,4,4,18,15,1,2,8,0,0,3,28,3,50,50,2,1,3,2,0,11,5,1,32,1,37,3,113,5,18,21,14,5,0,2,4,5,4,62,5,26,60,20,32,34,58,2,4,24,5,1,59,4,18,,,,,,,920.0,,,
2022-10,11,29,5,4,4,12,9,5,0,13,1,0,0,20,6,39,38,7,0,6,5,2,8,2,1,26,3,21,1,89,9,19,19,11,36,0,1,2,4,6,52,3,34,21,16,11,12,28,1,6,7,5,1,1,0,26,,,,,,,687.0,,,
2022-11,11,42,6,1,0,10,11,2,1,22,0,0,1,11,5,44,25,2,2,9,3,3,3,1,0,34,2,1,1,44,3,13,8,4,3,2,2,5,6,17,50,6,9,37,28,3,12,11,5,1,6,2,5,2,1,54,,,,,,,581.0,,,
2022-12,11,50,1,3,0,13,6,4,0,1,0,0,3,4,2,32,37,6,0,11,4,2,2,2,1,41,8,11,0,31,3,4,7,2,5,1,0,2,1,7,32,2,27,7,10,2,6,8,2,3,9,0,0,2,0,15,,,,,,,432.0,,,
2023-01,11,44,8,5,2,19,9,0,1,17,1,1,0,4,4,28,42,3,1,5,5,5,0,1,1,70,2,0,1,45,13,7,9,3,9,1,1,1,0,1,29,3,22,1,5,21,9,0,1,2,6,19,0,1,0,3,,,,,,,491.0,,,
2023-02,11,27,6,8,4,19,8,2,3,9,0,1,1,6,0,33,25,4,5,4,3,5,1,0,0,81,0,1,1,32,3,12,30,15,4,0,2,4,3,6,27,6,22,5,9,15,15,15,1,5,10,17,0,4,0,0,,,,,,,519.0,,,
2023-03,11,34,8,26,1,19,11,4,1,8,0,1,0,8,6,28,42,2,1,9,4,2,6,2,0,85,0,5,1,70,8,19,12,9,5,0,3,1,4,10,36,2,19,6,1,8,13,0,0,2,3,7,0,3,0,6,,,,,,,561.0,,,
2023-04,11,42,2,12,4,10,6,6,0,4,2,0,0,16,2,46,27,2,2,2,5,1,0,1,0,63,4,4,3,52,1,16,15,30,2,0,0,2,2,9,27,2,18,16,6,19,28,2,1,1,8,2,0,2,0,19,,,,,,,546.0,,,
2023-05,11,23,2,16,1,26,7,2,1,5,2,0,2,18,10,43,45,5,3,2,3,4,8,1,1,46,3,9,0,118,6,17,8,15,13,0,0,6,6,4,13,3,27,14,15,21,32,4,4,2,13,1,0,2,4,35,,,,,,,671.0,,,
2023-06,11,51,8,14,1,20,7,0,2,5,1,0,0,14,9,45,31,6,9,6,6,0,7,0,0,26,4,10,1,120,6,11,9,7,4,0,0,1,6,6,27,3,20,36,38,31,32,10,0,2,12,5,0,3,4,26,,,,,,,702.0,,,
2023-07,11,24,7,7,8,23,12,3,1,8,2,0,0,17,11,61,25,6,3,7,4,3,2,4,1,47,3,4,2,106,3,16,36,14,7,0,0,3,2,3,35,4,20,91,81,8,40,15,0,3,19,25,1,137,6,52,,,,,,,1022.0,,,
2023-08,11,44,14,4,2,18,7,6,1,8,1,1,0,20,3,77,20,7,1,6,6,3,5,5,6,46,6,6,0,124,17,16,7,16,7,0,0,4,0,1,42,4,24,45,34,46,33,32,0,5,4,15,0,3,2,30,,,,,,,834.0,,,
2023-09,11,43,7,9,0,16,2,2,0,10,0,2,0,14,5,39,21,8,6,2,6,4,4,3,0,41,3,5,1,99,8,10,3,6,6,0,2,2,5,2,17,5,22,16,18,17,28,63,0,3,10,8,1,0,1,30,,,,,,,635.0,,,
2023-10,11,41,13,7,0,11,8,2,1,18,0,1,0,20,2,51,28,4,9,4,7,7,7,5,1,36,4,2,0,69,10,16,9,7,2,0,0,5,4,5,31,5,22,22,23,10,22,60,1,2,10,2,0,3,0,35,,,,,,,664.0,,,
2023-11,11,37,6,8,0,20,6,1,1,6,0,0,0,7,5,56,47,4,2,10,3,7,3,2,2,23,2,3,1,82,4,1,10,4,15,0,0,5,4,6,24,4,16,9,2,2,13,49,0,3,10,0,1,3,0,66,,,,,,,595.0,,,
2023-12,11,47,11,2,0,9,4,1,0,8,1,2,1,14,2,41,37,5,4,6,5,7,4,2,1,21,0,4,0,56,2,9,4,8,12,0,1,5,0,6,27,3,31,8,1,4,11,87,3,1,7,3,1,1,0,14,,,,,,,544.0,,,
2024-01,11,48,11,3,3,18,6,4,6,40,0,2,1,8,1,31,33,10,2,6,2,17,0,6,3,49,2,0,1,52,2,11,10,11,8,0,0,2,1,3,56,2,24,21,16,5,16,68,0,1,12,13,2,5,0,5,,,,,,,659.0,,,
2024-02,11,32,7,10,3,18,7,2,3,16,2,0,1,8,2,40,39,3,3,5,3,1,2,0,0,66,4,5,2,44,4,15,7,5,20,0,0,2,1,6,21,4,29,14,11,1,14,57,1,1,11,5,0,2,0,3,,,,,,,562.0,,,
2024-03,11,28,4,9,4,17,8,1,0,8,2,1,0,11,2,48,34,7,1,3,7,1,6,0,1,57,0,3,2,62,6,7,18,8,16,0,0,5,10,3,30,4,28,10,11,9,19,31,0,1,15,12,1,4,0,8,,,,,,,583.0,,,
2024-04,11,45,6,12,1,19,11,1,3,9,0,0,1,12,2,51,24,8,0,9,2,1,6,0,3,57,4,15,0,46,2,12,14,15,15,0,0,5,8,3,14,4,33,18,17,32,25,2,0,6,21,8,2,0,1,17,,,,,,,622.0,,,
2024-05,11,49,8,15,2,26,8,5,0,5,5,0,2,26,6,55,24,4,1,4,8,4,1,1,4,58,8,16,1,90,9,7,16,16,8,0,0,2,9,4,17,8,22,93,97,16,46,0,1,4,6,19,0,2,11,47,,,,,,,896.0,,,
2024-06,11,77,7,5,7,20,8,5,1,1,1,0,0,15,2,68,26,6,2,13,4,0,4,3,3,90,5,2,0,108,7,18,7,14,12,0,0,5,0,2,16,4,39,125,111,65,54,3,5,3,3,11,23,2,4,37,,,,,,,1053.0,,,
2024-07,11,47,3,15,11,32,5,2,8,13,0,1,0,14,6,65,37,4,2,4,4,3,3,0,0,112,6,7,2,106,1,8,19,25,11,0,2,3,4,4,33,4,31,83,68,49,54,1,2,1,11,10,0,4,9,30,,,,,,,979.0,,,
2024-08,11,49,4,12,1,34,10,2,0,11,0,0,0,19,2,75,23,4,4,12,9,1,2,2,1,83,2,7,0,103,7,9,12,16,8,1,0,1,4,2,37,3,34,30,44,42,23,14,2,5,13,6,2,0,6,26,,,,,,,819.0,,,
2024-09,11,62,2,14,1,29,9,0,2,15,0,0,1,17,7,56,21,11,5,1,3,2,3,25,2,65,2,14,0,91,2,4,4,9,12,0,0,4,3,5,42,2,20,28,46,22,26,2,0,1,10,12,0,2,7,22,,,,,,,745.0,,,
2024-10,11,50,12,12,1,38,7,3,3,6,0,1,1,25,8,80,29,8,1,9,7,0,11,3,3,33,3,12,0,92,4,8,9,16,6,0,2,9,0,3,16,5,27,25,47,38,29,1,0,2,9,2,2,0,1,21,,,,,,,740.0,,,
2024-11,11,52,7,7,1,24,7,0,3,5,0,1,0,9,1,47,33,7,3,4,4,3,6,0,1,31,2,3,0,74,1,6,2,4,7,0,1,3,2,5,10,3,30,14,19,8,9,5,1,1,12,3,0,0,0,48,,,,,,,529.0,,,
2024-12,11,52,3,5,0,22,2,1,1,38,0,0,0,6,2,32,24,1,1,6,0,1,1,1,1,35,3,2,0,42,3,4,4,3,4,0,0,3,3,2,36,3,27,7,10,38,7,43,1,0,12,14,0,0,0,29,,,,,,,535.0,,,
2025-01,11,64,4,4,3,20,6,1,3,38,0,0,0,7,3,31,41,2,3,7,3,10,1,1,0,28,4,0,2,38,4,6,5,5,11,0,0,1,0,1,14,3,23,3,7,2,11,113,0,0,41,23,0,6,0,2,,,,,,,605.0,,,
2025-02,11,62,5,6,1,23,11,2,3,15,0,0,1,5,2,24,15,5,2,2,1,3,3,0,0,81,1,13,1,41,5,5,3,4,4,0,0,0,4,5,16,3,29,6,11,29,8,97,2,1,13,1,0,5,0,1,,,,,,,580.0,,,
2025-03,11,57,7,22,1,30,13,0,3,4,1,2,1,12,5,35,24,8,1,2,3,4,3,1,0,62,3,2,1,65,6,7,0,13,9,3,1,1,3,6,16,5,25,9,21,34,16,227,0,0,9,4,0,6,0,6,,,,,,,799.0,,,
2025-04,11,34,3,21,4,48,15,4,3,10,0,0,0,7,4,58,35,4,0,5,4,0,6,12,1,87,1,8,0,62,8,14,9,14,13,0,1,3,1,8,20,3,22,13,7,48,22,172,2,3,13,12,0,3,0,23,,,,,,,870.0,,,
2025-05,11,35,7,24,2,34,21,0,3,5,1,0,1,15,4,47,43,10,1,4,10,1,6,1,1,104,2,5,1,92,5,7,11,8,11,1,1,4,6,4,27,4,30,170,152,87,50,49,1,1,6,5,0,3,3,50,,,,,,,1176.0,,,
2025-06,11,53,3,13,4,39,11,1,1,5,0,0,0,19,5,71,29,9,1,21,7,0,4,0,1,79,1,2,3,127,21,8,15,10,10,1,0,1,2,2,16,2,17,92,39,63,39,67,3,3,8,5,0,1,19,42,,,,,,,995.0,,,
2025-07,11,59,0,9,1,39,12,0,1,11,1,0,0,24,9,73,46,5,3,10,1,1,5,2,2,89,2,16,2,129,36,6,18,9,18,0,1,7,1,3,16,1,38,123,48,9,37,26,4,1,19,8,1,1,14,41,,,,,,,1038.0,,,
2025-08,11,50,2,4,4,30,12,1,1,10,1,0,0,20,6,64,38,7,1,4,6,2,4,3,0,47,7,8,3,153,27,7,10,18,18,0,1,3,2,0,19,2,41,69,33,13,31,75,2,2,33,10,0,3,9,38,,,,,,,954.0,,,
2025-09,11,64,5,3,0,18,9,2,4,14,0,0,0,18,1,52,29,1,19,5,1,3,5,1,1,36,5,8,3,108,8,11,6,8,20,0,0,2,3,0,18,7,42,28,14,7,23,17,0,2,60,9,1,0,6,27,,,,,,,734.0,,,
2025-10,11,47,3,11,4,21,6,5,3,4,0,3,0,22,1,69,47,2,1,2,3,0,6,2,1,24,3,16,1,151,5,7,7,2,9,0,1,1,2,4,33,5,29,24,21,5,25,42,1,5,37,4,0,0,3,30,,,,,,,760.0,,,
2025-11,11,49,5,4,0,56,7,2,5,4,0,0,0,10,7,43,48,3,1,9,8,0,2,0,3,12,2,2,1,69,6,3,2,11,9,0,0,3,2,8,17,1,19,16,16,12,14,91,0,1,28,2,0,0,0,63,,,,,,,676.0,,,
2025-12,11,41,6,3,0,27,5,2,2,46,1,0,0,6,6,32,32,3,5,3,7,3,2,1,3,9,7,3,2,24,2,2,2,1,2,0,2,0,5,1,24,2,23,5,6,0,8,71,2,4,11,10,0,0,0,9,,,,,,,473.0,,,
2019-01,12,2,17,0,0,7,2,2,0,1,0,0,0,0,0,0,0,2,1,0,0,0,1,0,1,19,0,0,1,0,0,2,0,88,11,0,0,0,7,0,12,1,2,0,0,2,5,10,0,0,110,1,0,0,0,0,,,,,,,,307.0,,
2019-02,12,1,8,1,0,4,4,1,0,5,0,1,0,0,0,33,0,0,0,1,1,0,1,0,0,80,1,0,1,2,1,2,7,8,7,0,0,2,1,0,58,2,1,1,0,3,11,9,0,0,115,1,2,0,0,0,,,,,,,,376.0,,
2019-03,12,7,13,4,0,14,2,0,0,8,0,1,0,9,2,41,23,4,0,7,0,4,3,8,0,170,5,6,0,15,7,15,11,12,20,0,0,4,0,2,99,6,10,15,9,8,17,20,1,4,138,1,4,3,0,5,,,,,,,,757.0,,
2019-04,12,13,24,10,1,9,3,0,0,5,1,3,0,7,1,43,10,5,1,3,3,1,2,0,1,130,3,7,1,16,9,17,23,16,15,0,0,1,3,2,88,6,9,34,28,29,38,38,1,0,51,19,0,2,0,15,,,,,,,,747.0,,
2019-05,12,13,25,13,6,12,7,2,1,8,0,1,0,14,0,49,26,6,0,3,3,1,3,0,0,164,11,10,0,21,4,12,43,6,17,0,0,2,1,5,75,7,5,55,27,14,47,52,0,3,25,37,2,13,6,18,,,,,,,,875.0,,
2019-06,12,17,25,7,0,16,7,2,1,9,1,3,0,23,5,66,20,5,0,3,1,1,2,4,1,234,4,9,2,36,2,18,28,12,33,0,1,4,5,2,128,8,18,48,23,7,48,86,3,1,18,9,0,1,7,26,,,,,,,,1040.0,,
2019-07,12,27,20,4,1,13,2,2,0,5,0,1,0,24,3,76,23,5,3,8,4,1,5,2,0,152,3,14,0,46,5,14,7,11,11,1,0,3,2,2,75,4,21,53,25,33,30,101,0,1,131,18,1,0,16,26,,,,,,,,1035.0,,
2019-08,12,21,28,7,2,12,3,0,1,4,1,1,0,31,2,78,26,6,0,5,2,0,1,1,2,155,10,17,0,73,5,7,28,11,7,0,3,0,1,1,74,3,47,58,29,13,46,69,0,3,130,15,1,5,15,23,,,,,,,,1083.0,,
2019-09,12,22,17,5,0,19,9,0,0,8,0,0,2,15,3,55,18,5,2,8,1,1,0,3,0,157,2,18,1,47,6,9,12,11,4,0,0,3,3,3,103,5,9,35,27,7,29,76,0,1,133,11,4,3,3,23,,,,,,,,938.0,,
2019-10,12,15,23,10,1,15,16,0,2,22,0,0,0,25,0,41,19,9,3,3,6,2,3,3,0,150,5,7,0,29,6,4,13,10,10,0,0,3,3,2,102,6,8,34,31,10,23,32,0,0,50,15,1,1,12,32,,,,,,,,817.0,,
2019-11,12,17,21,5,0,7,3,4,3,12,0,0,0,13,0,24,14,8,0,6,3,3,3,1,2,48,2,4,0,12,5,3,6,2,28,0,0,3,1,4,30,4,5,22,30,1,9,33,1,0,31,7,0,2,0,92,,,,,,,,534.0,,
2019-12,12,13,16,4,1,13,0,0,2,30,0,0,3,14,1,33,16,4,5,14,4,8,1,4,1,78,7,20,0,15,2,6,15,3,21,0,0,3,2,0,41,6,16,22,5,5,5,11,0,0,21,5,0,2,0,26,,,,,,,,524.0,,
2020-01,12,18,17,1,0,17,9,0,0,6,0,0,9,19,0,37,14,3,1,13,1,3,0,0,0,62,17,12,0,11,3,10,9,9,6,0,0,2,5,1,35,3,31,4,3,5,11,17,0,3,15,7,1,4,0,3,,,,,,,,457.0,,
2020-02,12,12,13,0,1,5,4,0,0,7,0,0,1,18,1,27,12,1,1,5,6,1,3,3,0,68,5,18,0,11,5,4,3,0,14,0,0,2,1,2,80,7,5,7,3,11,16,7,0,2,14,0,1,0,0,1,,,,,,,,408.0,,
2020-03,12,8,12,3,1,6,4,0,4,5,0,1,1,11,1,29,15,4,2,5,6,0,3,0,1,67,5,37,0,12,3,18,3,4,15,1,0,1,3,5,81,1,1,9,8,6,18,26,0,8,9,7,1,3,0,6,,,,,,,,480.0,,
2020-04,12,14,7,4,1,14,7,0,3,2,0,1,3,6,3,34,24,6,0,4,5,0,4,0,0,70,9,26,1,22,5,1,9,9,8,1,0,2,4,2,32,5,16,28,1,13,23,50,0,4,4,8,1,1,0,33,,,,,,,,530.0,,
2020-05,12,19,14,5,4,16,10,2,5,7,0,0,3,15,1,59,9,7,0,9,5,1,4,1,0,36,10,18,2,53,5,6,55,12,44,0,0,4,4,3,32,4,34,53,18,11,34,49,1,4,6,36,0,363,0,49,,,,,,,,1142.0,,
2020-06,12,9,7,4,2,26,7,3,2,6,0,3,0,26,4,75,13,12,2,7,7,0,3,0,0,50,6,22,1,58,6,16,17,17,66,1,0,2,2,8,45,1,11,85,28,18,48,82,1,2,3,9,0,5,2,37,,,,,,,,867.0,,
2020-07,12,20,7,3,1,28,6,2,5,11,0,0,1,16,4,96,6,6,8,7,3,4,2,2,1,59,5,19,1,61,10,7,10,12,94,0,0,3,5,3,57,4,9,62,27,23,30,76,0,2,5,6,0,4,2,33,,,,,,,,868.0,,
2020-08,12,18,5,10,3,22,10,1,4,15,0,1,2,21,3,66,22,4,1,7,1,1,3,12,0,45,6,11,2,75,7,9,9,11,22,0,0,4,1,8,117,10,38,223,180,11,55,69,0,2,17,4,1,2,6,35,,,,,,,,1212.0,,
2020-09,12,23,5,0,1,18,1,0,3,18,0,1,0,13,3,72,9,3,5,1,4,3,1,8,0,39,13,7,0,56,4,6,3,8,18,0,0,1,2,1,78,6,30,60,45,11,40,65,1,1,12,5,14,0,1,21,,,,,,,,740.0,,
2020-10,12,12,5,2,1,19,3,2,1,10,0,0,2,28,1,50,16,4,2,7,5,1,2,0,0,24,8,10,1,30,4,13,12,2,7,0,0,1,2,2,56,8,14,28,29,9,25,38,0,4,7,3,0,1,0,27,,,,,,,,538.0,,
2020-11,12,18,2,1,0,21,5,0,6,13,1,0,3,10,3,43,13,3,0,9,4,0,0,1,1,16,11,16,0,21,2,3,4,5,9,0,0,1,2,7,33,4,4,21,26,5,17,27,2,4,3,4,0,1,0,64,,,,,,,,469.0,,
2020-12,12,7,2,0,0,18,1,1,5,8,0,0,0,14,1,49,39,2,2,12,0,0,1,0,0,25,7,1,0,11,3,3,1,5,10,0,1,0,0,3,18,4,26,7,12,5,11,13,0,0,11,0,1,1,0,9,,,,,,,,350.0,,
2021-01,12,6,5,1,0,31,3,0,2,15,0,1,0,4,1,35,10,1,1,1,2,2,1,0,1,50,13,10,1,11,2,0,3,8,26,0,0,2,1,1,21,1,31,3,4,11,7,8,0,2,3,1,0,4,0,1,,,,,,,,348.0,,
2021-02,12,17,1,0,0,17,6,0,0,11,0,0,0,3,0,23,6,1,5,22,3,11,1,2,0,43,48,2,0,5,2,0,4,1,17,0,0,3,2,0,22,0,25,1,5,1,6,11,1,0,2,2,1,0,0,0,,,,,,,,333.0,,
2021-03,12,17,4,8,1,40,4,0,1,22,0,0,1,16,1,61,41,8,1,10,5,1,1,0,0,92,19,4,1,25,2,6,0,15,16,0,0,2,0,2,46,9,38,17,14,10,22,30,0,1,10,7,0,1,0,11,,,,,,,,643.0,,
2021-04,12,9,2,6,0,20,8,0,3,9,0,0,2,16,3,41,43,5,2,3,8,0,8,1,1,65,6,9,0,41,5,5,2,12,10,0,0,2,3,2,12,4,10,23,8,30,24,21,0,0,8,1,2,2,0,21,,,,,,,,518.0,,
2021-05,12,14,8,2,0,12,7,0,2,9,0,1,0,17,1,42,9,11,0,5,4,1,9,0,2,24,8,7,0,65,12,4,1,7,12,0,0,4,2,4,16,5,12,49,24,16,41,41,1,1,5,2,0,0,3,45,,,,,,,,567.0,,
2021-06,12,20,6,3,5,19,4,1,0,8,1,0,1,19,3,62,13,5,3,12,4,4,3,7,0,62,45,8,0,64,7,10,15,6,15,0,0,1,6,1,34,8,11,60,39,11,53,127,3,1,5,16,2,8,0,27,,,,,,,,848.0,,
2021-07,12,16,1,5,0,20,6,2,1,7,2,1,3,26,1,65,48,4,1,8,5,1,5,0,2,60,14,9,0,101,9,11,9,17,20,0,0,0,1,5,37,4,13,41,47,9,36,63,0,3,94,5,1,3,4,41,,,,,,,,887.0,,
2021-08,12,15,3,3,0,22,7,2,0,19,0,0,1,23,2,60,60,4,1,5,5,4,4,0,0,73,13,6,4,86,7,7,4,14,12,0,0,1,0,1,28,8,10,133,102,11,40,53,0,0,49,12,1,2,0,43,,,,,,,,960.0,,
2021-09,12,19,3,2,0,10,6,1,2,10,0,0,1,25,8,45,34,10,3,7,5,2,4,3,1,35,8,7,1,67,7,2,4,7,17,2,0,2,1,2,28,1,6,35,22,14,42,42,1,4,15,6,11,0,1,36,,,,,,,,627.0,,
2021-10,12,15,3,4,1,9,6,1,1,7,0,0,1,21,1,34,38,4,0,2,3,0,7,0,0,39,8,7,2,54,4,5,13,5,17,0,0,2,2,2,100,5,27,37,37,12,27,30,2,0,11,16,1,1,0,24,,,,,,,,648.0,,
2021-11,12,11,7,3,0,10,4,1,1,8,0,0,1,12,2,40,24,4,0,4,2,1,5,0,0,39,4,3,0,22,6,5,8,2,11,0,0,0,1,5,38,3,10,23,10,10,19,23,0,1,8,3,0,2,0,39,,,,,,,,435.0,,
2021-12,12,12,4,19,0,13,2,0,4,7,0,0,6,9,3,25,14,2,0,14,0,0,14,1,1,49,8,0,1,21,9,2,14,7,9,0,0,2,1,2,26,5,16,14,23,1,13,15,0,1,5,2,0,1,0,27,,,,,,,,424.0,,
2022-01,12,19,2,1,2,11,8,0,1,23,0,1,1,2,0,25,32,0,1,1,2,1,2,4,0,18,5,7,3,7,4,2,4,3,28,0,0,3,3,0,20,8,6,9,5,4,9,0,0,0,8,2,1,1,0,0,,,,,,,,299.0,,
2022-02,12,25,0,0,4,9,5,0,1,27,1,0,1,12,2,12,13,4,2,3,0,4,1,2,1,77,8,6,2,8,5,1,4,10,1,0,0,4,3,0,68,2,9,2,8,10,5,1,1,0,5,8,0,4,0,5,,,,,,,,386.0,,
2022-03,12,15,1,9,6,17,1,1,0,12,0,1,0,12,3,35,15,3,3,2,4,0,0,0,2,200,5,8,0,38,6,19,12,18,11,0,1,4,2,1,59,8,20,13,12,14,17,0,4,0,6,16,0,4,0,13,,,,,,,,653.0,,
2022-04,12,16,5,10,5,10,2,0,1,13,0,0,2,16,0,37,24,7,3,7,1,0,5,0,0,278,5,3,0,22,2,5,8,18,6,0,0,2,3,6,17,7,20,25,15,20,30,31,0,6,9,20,1,1,0,23,,,,,,,,747.0,,
2022-05,12,14,5,9,4,16,6,3,2,8,0,1,1,13,0,37,23,4,0,5,7,0,2,0,2,161,5,4,2,32,8,10,15,12,3,0,0,3,3,2,22,1,19,39,31,21,25,62,2,2,7,11,0,4,1,40,,,,,,,,709.0,,
2022-06,12,11,7,10,1,28,5,3,2,4,0,0,0,31,2,63,19,5,0,18,8,0,3,0,5,85,9,8,0,42,6,11,4,12,4,0,0,2,4,1,40,4,134,47,47,19,43,87,1,5,9,2,0,0,1,49,,,,,,,,901.0,,
2022-07,12,19,7,7,2,17,3,2,1,13,1,0,1,28,3,45,27,2,1,16,10,1,9,1,2,99,12,10,0,46,6,9,9,13,9,0,1,0,3,1,67,5,82,159,79,24,44,76,0,1,7,14,1,2,4,48,,,,,,,,1049.0,,
2022-08,12,9,0,11,5,9,2,1,0,7,1,0,3,22,2,46,20,8,1,5,17,1,2,1,6,39,1,16,0,50,5,4,9,8,13,2,2,1,2,2,43,9,15,56,54,20,35,57,0,3,7,4,1,2,0,34,,,,,,,,673.0,,
2022-09,12,10,6,6,2,14,4,1,0,9,1,1,2,33,1,38,26,3,2,8,5,0,4,2,1,28,4,38,1,47,6,5,13,12,3,2,2,2,1,1,39,5,31,73,36,13,30,62,2,6,11,10,1,149,1,18,,,,,,,,831.0,,
2022-10,12,15,6,3,0,14,4,0,1,6,0,0,0,26,8,37,34,6,1,1,6,0,0,0,0,36,7,20,1,25,2,3,8,6,15,0,0,6,0,3,36,3,11,36,19,11,22,66,0,1,7,3,2,2,1,27,,,,,,,,547.0,,
2022-11,12,10,6,0,0,11,5,4,0,20,1,0,0,9,1,34,8,4,12,4,5,13,2,1,0,11,5,5,0,14,3,4,8,0,3,0,0,2,1,8,49,6,6,34,27,5,24,21,1,5,10,4,0,2,2,50,,,,,,,,460.0,,
2022-12,12,19,4,6,1,4,4,0,2,8,0,0,2,20,1,25,18,1,0,5,1,2,3,2,0,13,6,9,0,6,4,6,4,3,8,0,0,1,1,6,27,5,15,7,5,4,10,3,0,2,8,6,0,4,0,12,,,,,,,,303.0,,
2023-01,12,20,1,3,1,15,2,0,1,10,0,0,0,3,2,23,14,3,2,9,2,9,4,0,0,56,3,6,0,6,14,5,3,4,10,0,0,2,3,2,22,3,14,10,8,4,10,9,0,1,8,4,0,2,0,2,,,,,,,,335.0,,
2023-02,12,17,4,2,1,22,9,0,0,6,0,0,2,9,3,19,23,5,0,4,4,2,0,1,0,109,2,9,0,20,2,7,10,4,14,2,0,11,3,2,41,3,6,3,4,4,9,5,1,0,1,14,0,0,0,3,,,,,,,,422.0,,
2023-03,12,23,8,21,2,18,8,1,2,4,1,0,2,15,6,39,34,2,0,1,5,0,3,0,0,80,5,6,0,17,5,4,7,6,6,0,0,4,2,1,45,4,20,7,3,14,17,1,1,1,10,3,0,1,0,5,,,,,,,,470.0,,
2023-04,12,19,4,10,0,19,7,1,1,7,1,0,1,11,1,27,21,6,1,0,4,1,4,0,1,81,4,10,2,23,4,6,6,5,13,0,0,4,1,2,45,12,32,35,17,12,16,4,0,3,6,1,1,0,0,15,,,,,,,,507.0,,
2023-05,12,21,3,8,1,11,5,2,1,6,0,0,1,4,4,55,14,3,0,6,2,0,5,0,1,79,6,11,0,43,10,7,8,9,3,1,0,1,0,6,54,8,10,20,14,39,27,5,0,1,14,3,0,1,1,45,,,,,,,,579.0,,
2023-06,12,19,3,13,1,9,6324,1,0,6,0,1,1,19,2,48,9,9,2,13,2,0,4,0,0,96,1,4,0,51,3,7,6,13,3,0,0,1,2,3,35,3,6,46,41,23,30,9,0,2,7,3,0,0,2,26,,,,,,,,6909.0,,
2023-07,12,17,5,4,6,22,5,0,1,11,1,0,0,18,6,47,6,5,0,12,3,1,1,1,1,43,1,9,0,58,3,5,22,12,8,0,0,4,2,4,42,5,15,108,80,10,40,1,1,0,15,31,0,85,1,38,,,,,,,,816.0,,
2023-08,12,23,4,1,1,18,5,1,0,5,0,0,1,12,2,58,11,8,2,8,1,7,5,0,2,44,4,14,0,81,4,6,6,8,9,0,0,5,5,7,32,8,18,42,40,38,25,12,3,1,6,4,0,6,4,44,,,,,,,,651.0,,
2023-09,12,18,5,10,2,10,4,0,1,10,0,0,0,10,5,48,7,4,3,3,3,1,4,0,1,28,1,7,1,55,10,9,5,6,17,0,0,3,4,3,26,3,22,34,40,27,27,15,2,1,10,6,12,1,3,20,,,,,,,,547.0,,
2023-10,12,19,6,7,1,14,7,0,0,5,0,0,0,13,0,34,10,6,1,5,3,0,2,1,0,25,3,7,0,33,5,12,4,4,5,1,0,8,0,5,19,4,13,24,46,2,23,1,1,5,3,3,2,1,7,46,,,,,,,,446.0,,
2023-11,12,23,4,5,1,8,5,0,0,11,0,0,0,20,1,27,17,4,0,6,2,1,0,4,1,54,3,3,0,30,4,4,6,5,14,1,0,0,5,8,24,5,56,13,6,54,11,12,1,3,4,2,1,0,0,80,,,,,,,,549.0,,
2023-12,12,23,1,4,0,6,3,0,0,15,0,1,5,8,2,27,18,4,1,6,2,4,0,0,0,28,2,2,0,21,4,6,18,2,4,0,0,4,1,7,11,3,17,4,16,7,7,0,1,3,13,13,1,0,0,15,,,,,,,,340.0,,
2024-01,12,13,6,6,1,8,2,1,0,8,0,0,0,1,3,29,24,6,1,6,1,3,3,0,1,65,1,7,0,9,3,10,8,5,7,2,0,1,0,6,29,5,8,15,19,25,11,0,0,2,7,16,0,5,0,3,,,,,,,,392.0,,
2024-02,12,19,9,9,1,16,4,0,0,8,0,1,1,36,1,31,31,8,0,4,2,0,4,1,0,68,3,4,0,22,13,4,14,5,5,0,0,0,2,3,20,19,33,7,5,59,17,3,2,0,6,8,1,1,0,6,,,,,,,,516.0,,
2024-03,12,15,4,3,0,7,3,0,4,2,0,0,1,36,0,48,29,7,0,1,3,0,2,1,0,113,0,5,1,23,9,10,6,15,14,0,0,2,1,11,13,0,17,17,21,23,25,57,1,2,16,14,1,1,0,13,,,,,,,,597.0,,
2024-04,12,17,2,4,1,18,13,1,0,9,0,0,1,8,2,37,16,6,2,3,8,1,7,0,1,95,1,7,0,31,1,7,11,19,11,0,0,1,6,8,17,8,27,20,20,48,34,67,1,3,15,15,0,4,0,27,,,,,,,,661.0,,
2024-05,12,11,5,7,0,23,19,1,1,1,0,0,1,27,0,65,15,13,1,5,2,2,4,0,1,77,4,17,0,65,8,12,6,16,3,0,0,1,0,3,34,4,5,121,124,20,51,47,9,4,7,10,1,1,5,57,,,,,,,,916.0,,
2024-06,12,15,7,17,0,16,11,0,1,21,1,0,0,18,2,53,20,7,0,7,4,2,6,0,0,78,4,7,1,48,1,8,3,30,9,0,0,1,1,6,40,5,22,123,104,11,62,19,3,1,7,13,1,0,7,48,,,,,,,,871.0,,
2024-07,12,19,5,7,2,21,9,2,3,7,1,1,0,21,5,87,36,3,3,6,9,0,5,1,1,76,2,8,0,71,9,7,15,13,9,0,0,1,1,5,42,4,18,151,109,16,47,17,4,1,9,19,0,5,5,40,,,,,,,,958.0,,
2024-08,12,26,2,11,0,27,10,0,2,10,1,0,0,11,1,62,22,8,5,6,1,0,0,5,1,24,3,4,0,68,4,7,8,15,17,0,0,9,1,4,17,1,40,40,54,83,34,65,5,0,4,2,1,0,4,23,,,,,,,,748.0,,
2024-09,12,20,3,1,0,16,6,0,3,22,0,0,0,33,4,69,20,4,6,4,2,5,6,7,1,54,4,10,0,59,5,11,8,16,9,1,2,0,1,7,34,1,53,35,62,7,32,18,2,1,5,5,3,0,2,22,,,,,,,,701.0,,
2024-10,12,18,5,1,0,18,7,1,0,9,1,1,0,23,3,60,25,3,4,0,4,3,1,2,0,33,1,13,0,48,4,4,6,17,5,0,0,3,0,2,11,4,25,26,34,7,24,50,0,2,12,1,8,0,0,35,,,,,,,,564.0,,
2024-11,12,18,9,4,0,13,6,0,0,4,0,0,8,14,2,39,20,8,1,6,3,1,1,1,2,38,3,9,0,22,3,4,5,7,7,0,0,1,5,11,46,3,17,23,28,11,18,42,1,3,8,4,1,1,0,66,,,,,,,,547.0,,
2024-12,12,11,10,2,0,13,3,1,1,37,0,0,2,5,3,34,19,9,2,14,5,2,2,10,2,67,11,10,0,17,1,3,1,7,8,1,0,9,3,4,14,2,24,4,18,36,7,11,0,2,28,16,2,2,0,28,,,,,,,,523.0,,
2025-01,12,23,3,5,0,17,4,2,0,44,1,1,0,23,0,39,9,2,2,7,3,5,1,7,3,84,2,9,0,12,1,4,8,18,3,0,0,1,0,4,33,4,22,2,5,8,11,34,0,0,126,15,4,8,0,0,,,,,,,,619.0,,
2025-02,12,24,3,0,0,10,4,0,1,29,2,1,0,7,3,26,15,5,1,4,3,1,1,2,0,96,3,7,0,13,0,2,4,10,5,0,0,5,0,7,27,0,214,2,3,1,15,8,1,0,30,2,1,3,0,2,,,,,,,,603.0,,
2025-03,12,17,10,14,0,20,3,0,3,6,0,1,0,19,5,22,19,8,1,2,6,2,1,2,0,76,0,8,0,17,5,2,2,9,9,0,1,1,2,5,35,1,54,14,19,27,17,1,1,2,16,6,0,5,0,9,,,,,,,,505.0,,
2025-04,12,21,2,8,0,18,5,1,0,9,0,0,0,14,1,46,26,4,1,2,3,0,2,2,2,149,4,4,0,23,5,4,4,8,8,1,0,3,1,4,21,1,26,30,32,40,25,2,2,1,11,6,0,1,0,23,,,,,,,,606.0,,
2025-05,12,19,8,2,1,13,12,0,2,7,1,0,0,14,2,38,5,5,3,10,2,2,1,1,1,53,3,8,0,39,2,1,6,3,9,0,0,2,3,2,17,6,42,117,128,64,37,3,2,0,12,1,0,0,3,52,,,,,,,,764.0,,
2025-06,12,19,5,6,1,30,7,1,0,5,0,0,0,16,1,60,8,14,0,12,9,1,3,0,0,110,3,11,0,49,10,10,5,12,7,0,0,1,1,6,12,7,41,79,76,31,50,0,2,3,41,10,0,3,5,45,,,,,,,,828.0,,
2025-07,12,30,2,10,1,24,7,0,1,12,0,0,0,27,3,91,8,19,2,16,3,6,0,1,0,127,6,3,1,57,5,9,16,21,20,0,0,1,1,5,49,4,30,129,74,22,52,9,1,1,16,8,1,3,4,60,,,,,,,,998.0,,
2025-08,12,26,7,12,0,20,7,0,0,16,0,0,0,14,7,57,10,7,4,6,8,3,2,1,1,50,5,12,2,58,11,8,3,6,12,0,0,2,0,6,31,2,18,78,59,10,38,0,0,0,37,8,0,4,14,46,,,,,,,,728.0,,
2025-09,12,29,1,2,1,25,10,1,0,13,1,0,2,17,1,40,20,6,1,6,8,2,5,1,0,26,5,17,1,58,4,6,6,8,9,0,0,2,2,5,11,3,20,30,34,25,26,13,1,3,56,11,5,0,12,27,,,,,,,,618.0,,
2025-10,12,22,4,5,2,30,2,0,3,12,0,0,0,36,4,45,19,7,0,3,4,4,4,3,1,28,4,13,0,27,2,5,6,9,6,1,0,2,0,5,33,5,29,38,46,12,37,13,1,3,31,22,1,0,0,36,,,,,,,,625.0,,
2025-11,12,13,0,3,0,40,1,0,0,8,1,1,0,11,0,44,5,4,5,5,2,5,4,0,1,34,5,18,0,18,2,2,2,3,6,0,0,0,1,13,16,4,19,14,19,6,20,22,0,6,24,5,0,0,0,94,,,,,,,,506.0,,
2025-12,12,22,2,1,0,16,3,1,0,15,1,1,0,14,1,24,8,4,0,3,4,10,3,1,0,24,4,18,1,7,4,1,3,2,4,0,0,1,2,11,22,2,16,8,11,0,5,22,0,1,15,2,0,0,0,14,,,,,,,,334.0,,
2019-01,13,2,14,9,0,2,2,1,0,2,0,0,0,0,0,0,0,0,0,0,0,0,1,0,3,5,0,0,3,0,0,0,1,58,6,0,0,0,1,0,14,0,0,0,0,0,2,3,0,0,33,0,0,0,0,0,,,,,,,,,162.0,
2019-02,13,0,13,5,2,5,3,0,0,4,0,2,0,0,0,14,0,1,0,0,1,0,0,0,0,80,0,0,0,0,0,4,6,7,2,0,0,1,0,0,35,1,3,0,0,1,9,7,0,0,41,2,1,0,0,0,,,,,,,,,250.0,
2019-03,13,19,9,19,3,8,1,0,1,13,0,0,1,2,1,16,5,1,0,4,1,1,1,1,1,123,5,1,0,4,2,4,7,4,10,0,2,1,1,7,27,4,9,3,9,2,10,11,1,3,46,9,0,0,0,1,,,,,,,,,414.0,
2019-04,13,22,10,19,1,7,8,1,0,11,1,1,2,8,3,32,9,1,1,1,0,0,3,0,0,44,5,4,3,13,3,5,10,7,15,0,0,3,1,4,51,4,7,6,6,3,9,14,2,0,16,13,0,1,0,10,,,,,,,,,400.0,
2019-05,13,8,25,25,2,8,5,0,1,5,0,0,0,18,5,30,15,4,4,2,6,3,6,12,1,88,3,7,4,33,8,8,25,12,7,0,1,2,2,3,81,1,11,22,17,10,12,23,0,1,6,19,0,3,3,8,,,,,,,,,605.0,
2019-06,13,12,19,11,2,6,7,2,3,3,0,2,0,6,1,21,52,8,3,3,3,13,12,1,0,93,0,12,6,21,8,6,13,15,25,0,0,3,4,2,59,4,26,22,19,6,12,38,0,1,7,9,0,1,5,15,,,,,,,,,622.0,
2019-07,13,16,18,4,1,13,7,1,1,10,0,0,3,35,2,35,47,4,1,6,2,0,3,1,0,81,1,8,2,24,6,3,11,6,5,0,0,2,4,2,34,3,45,37,12,8,13,49,0,2,70,4,0,1,7,15,,,,,,,,,665.0,
2019-08,13,22,17,14,1,5,8,0,0,15,0,1,2,11,3,34,85,7,1,2,4,3,3,1,0,51,8,4,2,39,10,9,12,6,23,0,0,1,4,0,86,4,28,14,3,9,19,43,2,0,73,7,0,1,5,10,,,,,,,,,712.0,
2019-09,13,11,14,18,4,10,4,0,0,8,1,0,1,8,3,24,49,4,0,0,1,1,3,3,1,59,1,4,1,24,9,7,10,7,20,0,0,0,5,1,67,1,18,14,14,6,17,35,1,1,56,5,6,1,9,6,,,,,,,,,573.0,
2019-10,13,6,24,21,1,6,10,3,0,11,0,0,0,27,5,27,37,3,3,1,3,1,1,0,0,49,3,2,2,18,5,2,7,3,9,0,0,0,3,0,36,4,18,12,18,1,11,27,2,1,24,9,0,2,0,10,,,,,,,,,468.0,
2019-11,13,17,21,7,1,8,4,1,1,4,0,0,1,10,8,21,60,2,1,0,0,1,0,0,0,26,0,8,2,6,3,1,4,1,31,0,0,1,4,6,54,1,8,10,11,0,7,10,0,2,18,6,0,1,0,29,,,,,,,,,418.0,
2019-12,13,9,9,7,1,4,3,1,0,4,0,0,10,8,6,19,71,3,2,6,4,0,4,0,0,56,1,23,0,8,6,6,2,2,16,0,0,0,0,2,53,1,9,1,1,1,5,16,1,0,7,4,0,2,0,12,,,,,,,,,406.0,
2020-01,13,16,16,5,0,8,10,3,0,2,0,2,15,4,11,20,113,3,0,6,2,2,1,0,1,65,4,2,1,7,3,0,4,7,11,0,0,4,5,0,88,5,19,6,1,1,1,6,0,2,5,4,0,4,0,2,,,,,,,,,497.0,
2020-02,13,13,6,3,0,5,2,1,2,4,0,0,3,12,2,17,28,1,0,0,2,0,0,0,1,48,1,1,1,5,2,1,3,2,12,0,0,5,4,0,12,2,18,3,3,6,2,4,0,0,2,0,0,1,0,0,,,,,,,,,240.0,
2020-03,13,19,12,3,0,2,6,2,6,1,0,1,2,8,1,10,78,1,1,0,8,0,3,0,0,53,3,13,2,12,11,0,8,3,14,1,0,0,4,5,28,1,14,5,2,2,3,17,1,3,4,6,1,5,0,4,,,,,,,,,389.0,
2020-04,13,5,6,6,0,9,2,3,15,4,0,0,1,10,2,22,58,2,0,8,0,1,0,0,1,30,1,21,1,17,13,1,6,4,7,0,0,4,2,2,14,0,24,11,3,4,14,40,0,2,2,7,0,2,0,3,,,,,,,,,390.0,
2020-05,13,13,8,5,1,10,11,0,5,6,0,0,6,18,4,24,44,8,2,6,1,1,5,0,1,26,1,12,1,29,5,8,22,9,28,0,2,6,3,3,46,1,27,13,3,6,15,27,2,1,1,25,0,11,1,18,,,,,,,,,531.0,
2020-06,13,24,9,9,1,8,4,2,3,12,0,0,3,15,2,31,15,4,0,5,0,0,12,0,2,29,4,21,2,26,5,2,18,7,39,1,0,0,1,12,24,4,18,35,17,5,14,36,1,7,1,6,0,4,7,17,,,,,,,,,524.0,
2020-07,13,31,13,4,2,11,5,2,12,3,0,0,1,13,2,37,27,7,0,5,4,2,4,0,0,35,7,5,3,44,8,6,6,7,14,2,0,2,1,3,30,0,29,19,13,7,14,48,1,2,3,8,0,1,5,15,,,,,,,,,523.0,
2020-08,13,27,8,4,0,8,12,4,5,22,0,0,0,9,6,26,56,6,0,7,5,4,3,4,0,26,3,4,2,26,23,3,7,11,9,0,4,3,2,1,38,3,56,143,123,9,30,44,0,1,6,6,0,1,5,9,,,,,,,,,814.0,
2020-09,13,17,12,3,0,10,14,2,9,26,0,0,0,12,6,43,46,3,4,2,2,1,4,0,1,7,5,8,2,38,7,1,7,2,37,0,1,2,4,3,43,3,12,19,18,6,15,63,0,0,12,4,0,0,0,10,,,,,,,,,546.0,
2020-10,13,20,7,6,3,9,14,4,10,23,2,1,1,10,7,29,12,6,0,3,3,3,1,1,0,11,3,11,1,25,5,0,5,7,39,0,0,1,1,5,47,1,13,18,6,5,8,14,1,3,2,5,0,0,0,7,,,,,,,,,419.0,
2020-11,13,16,6,3,0,8,10,1,14,11,0,0,1,11,4,20,42,5,1,1,0,3,1,0,0,6,6,11,1,17,11,3,4,1,11,0,0,1,4,3,26,6,5,10,10,1,6,16,0,3,4,2,0,2,0,44,,,,,,,,,372.0,
2020-12,13,12,5,2,0,11,5,1,6,8,3,0,1,3,4,13,122,1,0,6,3,0,1,1,0,2,1,3,1,11,6,0,2,5,27,1,1,3,4,2,20,1,8,6,1,3,5,3,0,0,1,3,0,1,0,4,,,,,,,,,333.0,
2021-01,13,18,6,6,1,12,6,2,6,2,0,0,1,4,1,17,67,5,0,2,1,1,6,0,0,62,6,3,0,5,4,1,3,10,17,0,1,1,1,0,13,5,20,1,2,2,2,4,1,0,0,2,0,0,0,0,,,,,,,,,330.0,
2021-02,13,19,2,3,1,5,6,3,5,4,0,0,9,1,0,11,13,3,1,15,1,6,0,3,0,9,6,2,0,1,6,0,3,0,4,0,0,0,1,0,14,2,16,0,2,1,2,6,1,1,2,2,0,1,0,0,,,,,,,,,193.0,
2021-03,13,25,2,18,4,15,13,2,1,7,0,0,0,16,7,30,35,2,0,2,3,1,1,0,0,39,13,2,1,22,26,4,2,5,5,0,1,3,1,2,12,1,28,10,11,0,9,16,0,0,6,0,0,0,0,5,,,,,,,,,408.0,
2021-04,13,23,8,5,0,14,8,1,0,6,2,0,1,8,3,18,72,6,0,2,3,0,0,1,0,35,2,2,0,29,20,4,1,10,19,0,0,5,1,9,16,1,14,10,3,9,11,11,1,0,4,1,1,1,0,11,,,,,,,,,412.0,
2021-05,13,18,3,7,1,14,9,3,3,2,0,0,0,9,3,32,26,7,0,4,3,0,2,0,1,40,3,9,3,15,13,3,3,5,16,0,0,3,1,11,20,1,23,14,5,8,21,26,2,1,2,1,1,0,2,15,,,,,,,,,414.0,
2021-06,13,11,7,5,6,18,6,1,2,10,0,0,1,11,7,28,54,6,1,4,0,0,26,0,0,46,16,9,2,28,10,2,7,10,23,0,0,1,2,3,8,8,21,33,12,3,30,32,0,3,2,9,1,8,0,14,,,,,,,,,547.0,
2021-07,13,13,0,8,2,12,6,0,1,11,0,0,0,11,2,32,29,5,1,2,3,1,5,0,0,62,11,7,2,36,6,0,3,2,28,1,1,4,3,3,17,0,17,21,16,50,23,45,2,0,27,2,0,2,7,11,,,,,,,,,553.0,
2021-08,13,19,2,6,2,13,13,1,1,6,0,0,1,9,8,30,35,7,2,5,2,0,5,2,0,38,2,3,3,45,18,2,3,5,15,0,1,1,2,4,17,0,10,34,29,18,31,44,0,3,18,0,1,3,1,10,,,,,,,,,530.0,
2021-09,13,46,4,9,1,6,6,2,7,12,0,0,0,10,7,18,32,3,1,2,6,1,6,12,0,11,7,8,3,30,9,1,4,7,8,1,0,4,1,4,26,6,21,20,12,3,14,28,3,4,5,4,2,0,2,12,,,,,,,,,451.0,
2021-10,13,16,2,5,0,10,8,4,3,7,0,0,2,6,8,25,25,2,1,0,3,0,3,1,1,32,2,4,0,16,9,2,6,7,12,0,0,0,1,0,12,3,22,20,17,2,6,15,4,0,4,15,0,5,0,10,,,,,,,,,358.0,
2021-11,13,15,5,0,0,6,1,0,2,5,2,1,1,8,3,20,33,0,1,2,2,0,3,0,0,18,3,2,4,14,6,1,1,1,7,0,0,5,2,2,48,7,25,10,6,0,11,14,0,0,3,1,0,1,0,28,,,,,,,,,330.0,
2021-12,13,35,4,2,0,7,2,3,0,8,0,0,1,12,3,14,8,1,0,9,2,0,1,0,1,20,3,1,0,10,3,3,2,3,14,0,0,2,2,2,10,3,18,5,7,0,6,4,0,0,3,2,0,1,0,13,,,,,,,,,250.0,
2022-01,13,15,1,1,1,8,5,1,4,20,1,0,4,4,5,14,7,1,0,2,0,2,2,0,1,25,4,0,0,8,2,0,0,2,13,0,0,1,0,1,2,0,6,4,7,1,6,1,1,1,4,3,2,1,0,0,,,,,,,,,194.0,
2022-02,13,29,0,1,1,5,6,0,4,2,0,0,3,3,3,12,25,1,0,4,1,1,0,0,0,67,2,2,2,3,4,1,1,4,9,0,0,0,1,0,46,0,24,3,1,2,2,1,0,0,1,2,0,4,0,0,,,,,,,,,283.0,
2022-03,13,27,6,17,0,9,6,2,1,16,1,0,0,5,1,22,27,1,1,1,9,0,1,3,1,87,3,0,5,15,4,4,2,4,15,2,0,3,4,3,29,0,20,6,11,5,10,0,1,2,2,5,0,2,0,4,,,,,,,,,405.0,
2022-04,13,27,1,31,0,4,9,2,0,7,2,1,1,9,3,20,28,3,0,3,0,1,4,0,0,157,3,3,1,19,7,1,3,9,5,0,0,2,5,2,23,2,15,12,4,4,16,14,2,1,0,11,0,1,0,12,,,,,,,,,490.0,
2022-05,13,28,7,29,1,8,11,4,0,6,1,0,2,4,2,23,30,6,1,5,1,0,6,1,2,62,3,9,0,20,10,2,9,10,5,0,0,2,3,2,20,2,31,14,10,9,13,22,2,1,5,13,0,1,2,12,,,,,,,,,472.0,
2022-06,13,25,4,36,0,3,8,3,4,7,0,1,1,2,1,14,31,7,1,0,6,1,9,3,0,114,1,9,0,28,9,4,5,4,3,0,3,1,5,5,17,1,39,21,25,14,21,45,1,0,6,7,1,0,4,18,,,,,,,,,578.0,
2022-07,13,32,1,15,1,7,16,1,1,15,0,0,0,2,1,22,28,8,0,4,9,0,1,0,0,38,1,3,2,36,13,3,3,9,7,1,0,2,0,2,20,3,41,26,10,29,19,40,3,0,7,5,1,0,4,16,,,,,,,,,508.0,
2022-08,13,36,6,10,1,4,15,1,2,23,1,0,0,7,4,25,38,6,1,0,3,0,4,24,1,14,2,4,1,52,10,2,4,6,8,0,4,0,2,0,18,0,41,27,16,6,12,41,0,3,9,11,1,0,2,9,,,,,,,,,517.0,
2022-09,13,21,9,5,2,11,10,1,1,12,0,0,0,12,4,26,40,4,5,1,0,1,1,1,0,6,1,7,0,18,4,1,7,11,9,0,0,1,4,0,28,1,25,26,15,9,16,23,1,0,6,11,0,66,1,6,,,,,,,,,470.0,
2022-10,13,24,3,5,0,6,9,4,0,13,0,0,0,10,3,26,29,1,3,0,3,2,3,0,0,9,0,18,1,23,2,0,4,10,7,0,1,0,4,1,41,2,19,13,14,9,9,20,2,0,2,6,2,3,1,9,,,,,,,,,376.0,
2022-11,13,32,6,3,0,4,5,1,0,1,0,0,1,6,2,17,41,3,0,4,2,2,2,0,0,9,0,10,3,14,2,4,0,2,7,0,0,2,2,7,40,3,9,18,31,0,9,6,0,1,8,3,0,0,0,29,,,,,,,,,351.0,
2022-12,13,18,17,2,0,10,14,1,0,5,3,0,3,5,5,22,47,3,1,4,2,0,3,0,1,7,4,22,0,13,1,0,0,3,6,1,0,7,3,7,35,1,17,9,1,0,1,4,2,2,4,1,2,2,1,8,,,,,,,,,330.0,
2023-01,13,33,0,2,1,22,4,2,1,11,0,0,2,18,4,29,19,0,1,1,2,0,0,0,0,28,2,24,1,14,4,4,4,5,7,0,0,0,1,5,36,5,26,2,5,3,6,2,0,0,3,5,0,1,0,2,,,,,,,,,347.0,
2023-02,13,31,1,6,0,11,4,4,0,10,1,0,0,4,2,17,23,1,1,2,2,1,0,0,1,46,0,20,5,11,9,2,8,10,2,0,0,2,5,1,22,4,18,6,5,0,8,4,0,0,2,10,0,4,0,3,,,,,,,,,329.0,
2023-03,13,25,6,10,0,11,4,2,1,9,0,0,0,4,4,12,61,3,2,0,3,2,1,0,1,65,1,11,1,18,3,3,1,0,6,0,0,3,1,4,21,3,16,2,1,7,16,0,1,2,3,2,0,4,0,5,,,,,,,,,361.0,
2023-04,13,16,0,9,0,9,5,2,3,11,0,0,0,3,3,17,26,3,0,4,1,1,2,0,1,60,2,0,0,14,6,4,0,3,5,0,0,1,1,5,7,3,20,14,8,6,9,26,0,0,3,0,1,0,0,14,,,,,,,,,328.0,
2023-05,13,18,2,7,0,10,20,8,4,5,0,0,0,23,1,19,13,4,0,4,0,0,3,1,2,32,1,11,1,34,5,1,1,7,5,0,0,1,2,2,12,3,15,15,4,17,11,106,2,2,4,3,0,0,5,26,,,,,,,,,472.0,
2023-06,13,20,7,11,0,12,7,2,0,5,0,0,1,21,3,28,32,10,2,5,6,0,1,1,1,20,3,13,0,31,10,4,4,14,12,1,1,2,4,4,16,4,27,16,25,15,26,87,0,3,9,2,1,0,1,14,,,,,,,,,544.0,
2023-07,13,27,2,8,1,9,12,2,0,7,0,0,1,10,4,32,33,8,1,4,2,5,2,1,0,44,2,2,0,59,3,5,4,9,10,0,0,3,3,3,30,7,26,42,33,7,24,57,1,2,6,12,1,13,3,26,,,,,,,,,608.0,
2023-08,13,27,1,6,1,11,17,1,0,6,0,0,1,13,7,27,28,8,2,0,3,0,4,0,0,50,1,4,2,56,8,2,0,5,7,0,0,0,8,0,25,2,26,30,26,5,22,61,0,3,6,6,0,2,3,19,,,,,,,,,542.0,
2023-09,13,17,2,13,1,5,18,1,1,14,2,0,0,10,6,24,25,2,0,2,4,0,2,4,0,31,4,10,0,49,9,4,4,10,10,0,0,0,2,9,6,0,13,21,10,5,40,80,0,0,5,2,2,2,1,8,,,,,,,,,490.0,
2023-10,13,16,0,11,1,9,8,0,27,13,0,0,1,14,6,27,37,3,0,1,6,0,0,0,1,26,1,2,1,45,7,5,2,5,3,0,1,3,0,13,26,3,5,20,13,2,9,75,0,1,8,5,0,0,1,15,,,,,,,,,478.0,
2023-11,13,20,0,5,0,6,15,1,0,7,0,0,0,12,6,22,26,3,1,7,1,1,1,3,0,16,1,3,0,20,5,4,2,0,5,0,0,0,2,11,18,1,46,8,7,1,6,72,0,2,8,5,0,0,0,39,,,,,,,,,419.0,
2023-12,13,20,0,10,0,3,16,4,2,9,1,0,0,8,5,12,15,3,1,3,2,3,2,1,0,20,0,2,3,25,5,3,7,5,3,0,0,0,3,4,10,1,18,6,10,1,9,88,0,2,6,3,0,1,0,4,,,,,,,,,359.0,
2024-01,13,44,2,9,0,9,23,1,1,10,0,2,0,8,1,16,19,2,1,2,3,3,0,1,1,68,4,8,2,24,2,2,4,2,7,1,0,2,3,3,29,2,10,8,9,6,5,14,0,0,9,6,0,1,0,3,,,,,,,,,392.0,
2024-02,13,38,4,10,0,6,36,0,0,6,1,0,0,7,3,14,7,1,0,3,3,1,0,0,0,52,3,1,2,20,6,1,5,3,15,0,0,1,1,9,20,4,10,6,3,3,7,0,1,0,7,1,1,0,0,2,,,,,,,,,324.0,
2024-03,13,45,3,12,1,8,11,3,0,8,1,1,0,8,1,24,26,6,2,3,1,0,2,0,1,79,1,3,2,11,12,3,11,5,23,0,0,1,3,20,24,5,12,3,9,11,13,0,1,2,8,6,0,2,0,7,,,,,,,,,444.0,
2024-04,13,24,6,18,0,6,11,1,0,6,0,0,1,13,6,21,10,3,0,2,8,0,0,0,0,49,0,3,1,24,7,5,7,11,14,0,0,5,2,13,15,1,9,11,9,7,15,0,0,0,11,14,0,2,0,14,,,,,,,,,385.0,
2024-05,13,30,4,11,2,12,9,2,0,0,1,0,1,14,9,30,19,4,0,5,4,1,3,0,1,38,3,26,0,44,21,1,4,9,9,0,0,7,3,14,36,0,10,48,62,11,30,2,2,4,6,4,0,0,2,32,,,,,,,,,590.0,
2024-06,13,19,5,4,0,9,8,1,1,11,0,1,0,14,3,23,20,10,1,7,3,0,2,1,0,60,3,4,1,37,9,3,4,7,3,0,0,0,4,2,22,3,32,35,57,9,28,1,1,2,6,17,0,0,7,22,,,,,,,,,522.0,
2024-07,13,34,2,8,4,11,2,3,0,25,1,1,2,13,11,45,25,6,4,3,1,0,1,1,1,58,2,13,2,54,7,12,13,11,5,1,1,1,1,1,22,0,9,61,45,3,30,2,0,4,8,10,0,2,2,20,,,,,,,,,604.0,
2024-08,13,29,4,8,0,9,5,0,9,8,3,0,3,19,4,36,72,4,2,4,2,0,2,1,1,51,2,7,2,39,9,8,5,10,5,0,0,7,5,7,14,1,20,15,22,7,6,1,0,3,7,3,0,1,2,12,,,,,,,,,496.0,
2024-09,13,29,4,7,3,10,6,2,4,8,2,0,0,37,7,32,40,16,4,6,6,3,2,3,0,65,0,14,0,42,9,4,1,7,12,0,0,4,4,3,24,3,24,19,21,12,19,0,0,5,2,2,0,2,2,9,,,,,,,,,540.0,
2024-10,13,19,4,4,0,24,28,2,2,5,3,1,1,40,6,38,24,5,2,3,6,0,2,0,1,28,2,17,2,35,10,6,5,9,15,1,1,0,6,11,19,2,18,16,9,7,12,1,1,1,2,1,1,0,0,17,,,,,,,,,475.0,
2024-11,13,22,7,5,1,6,2,4,4,1,0,1,1,10,13,23,15,7,0,5,2,0,1,0,1,31,2,3,1,17,8,4,4,4,4,0,2,7,0,5,19,1,14,13,9,5,3,0,0,3,1,1,0,1,0,34,,,,,,,,,327.0,
2024-12,13,29,3,4,1,10,5,5,1,8,1,1,0,4,4,14,29,4,0,5,3,0,1,1,2,17,3,3,2,13,5,1,3,2,4,0,0,2,3,1,5,2,25,3,5,1,3,0,0,0,6,3,0,0,0,16,,,,,,,,,263.0,
2025-01,13,28,1,1,0,8,10,1,0,14,0,0,0,5,1,18,11,2,0,1,1,5,1,11,0,52,4,2,1,7,5,1,0,6,6,0,0,0,0,1,16,1,24,2,2,0,0,0,0,2,65,4,0,7,0,1,,,,,,,,,328.0,
2025-02,13,32,1,7,0,4,4,1,1,14,1,0,1,8,3,16,32,5,1,1,6,0,3,2,0,95,2,2,1,17,5,4,1,2,4,0,0,1,4,0,18,1,11,2,4,2,4,1,0,0,10,0,2,3,0,0,,,,,,,,,339.0,
2025-03,13,36,1,20,0,10,1,0,2,6,0,1,0,13,3,36,44,9,0,0,3,0,0,0,1,112,0,1,0,23,6,5,8,3,12,0,0,1,2,4,13,1,38,10,18,2,13,2,1,0,10,1,0,4,0,15,,,,,,,,,491.0,
2025-04,13,39,2,23,0,9,7,0,1,6,1,0,0,13,5,28,16,8,0,2,1,0,5,0,0,118,1,6,0,17,11,5,6,4,6,0,0,0,2,1,10,3,9,10,8,0,11,0,1,0,4,2,0,3,0,14,,,,,,,,,418.0,
2025-05,13,33,1,19,1,9,4,2,0,8,2,1,2,21,2,32,61,7,0,2,1,0,3,0,1,37,3,7,1,41,9,4,4,10,13,1,0,1,0,3,25,4,28,59,92,26,22,0,0,3,4,7,0,2,1,40,,,,,,,,,659.0,
2025-06,13,31,2,30,0,14,6,1,0,9,1,0,0,22,8,28,29,10,0,1,1,0,1,0,0,42,6,6,1,49,10,4,3,4,1,0,0,2,1,2,14,6,46,21,21,2,18,0,5,2,2,5,0,1,2,25,,,,,,,,,495.0,
2025-07,13,29,3,7,1,9,7,2,1,4,1,0,1,22,4,43,24,5,0,8,7,0,3,1,0,26,1,8,3,50,12,0,6,9,7,0,1,2,4,3,14,3,31,14,22,6,26,0,0,0,26,3,0,2,0,19,,,,,,,,,480.0,
2025-08,13,51,7,14,3,14,8,2,0,4,1,0,0,12,7,31,30,7,2,7,8,4,1,0,1,40,1,7,1,37,8,1,5,5,11,0,1,2,2,5,22,3,19,16,16,1,18,0,1,0,14,9,0,6,2,18,,,,,,,,,485.0,
2025-09,13,30,5,6,1,6,9,3,1,8,1,0,1,16,6,25,13,2,0,3,10,0,1,0,1,40,0,5,1,64,20,4,3,10,6,0,0,0,0,1,11,1,31,20,9,4,12,4,1,0,14,4,0,1,1,20,,,,,,,,,435.0,
2025-10,13,39,5,7,0,10,6,0,4,7,0,1,1,28,7,27,37,4,1,1,0,2,5,1,0,37,1,7,1,43,6,2,3,8,4,0,0,1,8,1,13,0,16,14,18,4,16,10,0,3,8,4,0,0,1,13,,,,,,,,,435.0,
2025-11,13,21,3,2,0,10,3,2,2,3,1,0,3,11,4,25,41,4,1,1,3,0,0,0,0,12,2,3,1,18,7,3,1,2,4,0,0,0,2,7,29,2,15,10,1,3,8,13,1,1,9,0,0,1,0,40,,,,,,,,,335.0,
2025-12,13,17,1,3,1,5,3,1,1,15,0,0,2,9,2,13,14,3,0,5,0,1,0,0,4,29,4,2,0,11,5,1,2,2,4,0,0,1,5,3,24,2,23,1,15,0,4,0,0,0,7,6,0,2,0,5,,,,,,,,,258.0,
2019-01,14,4,33,16,0,12,17,10,0,0,0,2,0,0,0,0,0,0,0,0,0,0,2,0,2,28,0,0,1,0,0,3,5,63,5,0,0,0,2,0,6,0,2,0,0,5,6,13,0,0,68,4,0,0,0,0,,,,,,,,,,309.0
2019-02,14,15,32,20,2,13,14,5,0,0,1,0,0,1,1,32,6,3,2,0,0,0,3,0,1,127,2,1,2,2,0,5,12,1,20,0,0,2,0,1,49,0,2,2,0,8,9,14,2,0,75,8,1,0,0,0,,,,,,,,,,496.0
2019-03,14,44,37,60,2,23,27,8,1,17,0,4,0,7,8,53,58,4,6,2,3,10,5,0,2,254,15,8,4,29,11,7,25,6,32,0,2,7,5,5,58,1,31,12,5,14,19,42,4,5,83,16,2,6,0,7,,,,,,,,,,1096.0
2019-04,14,38,29,36,1,18,15,3,2,10,1,3,0,12,9,48,59,9,2,4,5,4,3,0,4,141,3,2,2,39,11,12,25,12,26,0,2,7,8,1,62,5,50,10,21,18,15,24,2,3,28,12,2,8,0,16,,,,,,,,,,882.0
2019-05,14,38,24,57,2,21,40,4,2,11,0,2,0,10,16,59,75,5,4,1,7,0,2,0,1,156,6,17,2,57,13,8,38,9,41,1,1,2,11,1,70,2,19,22,11,29,18,54,8,4,14,45,2,10,1,36,,,,,,,,,,1089.0
2019-06,14,42,32,56,0,9,26,3,3,8,0,1,0,20,10,52,220,9,1,6,7,2,5,0,1,169,14,8,3,60,19,11,29,17,47,2,5,2,9,5,91,2,5,40,41,16,26,90,3,7,19,14,0,5,9,45,,,,,,,,,,1326.0
2019-07,14,28,31,43,2,18,20,4,3,16,1,2,0,26,7,51,151,8,3,11,2,2,5,3,1,166,5,18,3,96,19,15,10,11,28,1,3,0,6,2,53,1,26,49,34,16,39,115,5,6,113,13,1,5,3,45,,,,,,,,,,1345.0
2019-08,14,32,52,16,1,18,25,3,4,19,5,2,1,20,8,68,325,12,2,16,16,6,11,0,2,137,32,21,5,95,19,13,20,16,42,0,4,4,6,5,86,2,29,27,19,6,42,60,4,8,137,9,0,4,7,42,,,,,,,,,,1565.0
2019-09,14,41,53,40,1,15,37,9,4,15,1,3,0,27,17,58,160,26,1,2,4,0,8,3,2,163,11,12,2,63,19,7,12,3,39,0,0,4,17,3,128,6,18,20,15,9,24,59,6,4,85,5,0,6,3,39,,,,,,,,,,1309.0
2019-10,14,28,30,40,2,25,26,6,1,18,2,2,1,18,11,47,114,2,5,5,7,1,1,3,0,95,8,2,5,55,9,18,15,11,23,0,1,1,9,5,100,8,10,13,36,5,14,53,4,4,25,39,1,10,7,36,,,,,,,,,,1017.0
2019-11,14,43,26,20,4,11,21,7,0,18,0,1,0,11,13,35,199,13,4,1,1,2,3,1,1,49,11,3,1,21,7,8,5,4,33,1,1,3,5,6,50,1,12,12,16,8,4,22,4,2,22,2,0,7,0,78,,,,,,,,,,833.0
2019-12,14,52,19,31,0,16,11,6,0,20,0,0,1,11,7,37,177,7,1,6,1,12,3,1,5,66,22,6,2,17,4,6,13,4,36,0,1,4,11,0,61,1,29,4,4,3,11,18,1,4,12,7,0,7,0,30,,,,,,,,,,808.0
2020-01,14,47,30,29,2,31,25,4,1,9,0,1,6,7,7,38,548,11,0,14,11,2,1,0,3,120,28,5,2,29,21,3,12,5,47,0,1,3,8,2,73,1,18,17,3,6,10,12,1,1,9,12,0,4,0,0,,,,,,,,,,1280.0
2020-02,14,66,34,21,1,16,20,6,0,12,0,1,2,4,3,34,281,4,5,4,4,6,4,0,1,99,18,9,1,34,16,6,10,4,45,1,4,1,8,5,25,3,26,5,0,6,3,11,2,7,11,6,0,0,0,2,,,,,,,,,,897.0
2020-03,14,42,28,24,1,18,13,3,14,10,3,4,2,17,10,61,381,12,0,8,4,3,5,3,2,82,7,25,3,31,19,5,10,1,23,3,6,5,6,1,41,12,8,4,2,3,6,20,1,6,6,8,1,3,0,2,,,,,,,,,,1018.0
2020-04,14,14,11,36,6,8,13,3,53,9,0,5,1,15,7,40,210,5,2,15,5,0,4,0,1,75,10,43,1,49,10,5,13,4,17,1,5,2,5,14,24,2,6,6,3,4,12,14,2,9,5,7,0,11,0,18,,,,,,,,,,840.0
2020-05,14,31,32,46,11,33,18,0,23,6,1,1,2,28,21,64,294,11,1,12,8,20,6,0,0,56,18,39,2,63,18,9,39,8,16,1,2,1,6,11,58,1,17,21,9,10,22,113,2,5,6,54,0,22,3,38,,,,,,,,,,1339.0
2020-06,14,47,24,20,6,22,13,4,16,18,1,1,1,15,12,70,182,13,1,7,6,1,2,3,1,36,20,24,1,96,15,5,22,9,76,3,5,7,5,1,78,2,10,28,65,8,25,121,0,4,3,20,0,1,8,52,,,,,,,,,,1236.0
2020-07,14,49,25,37,2,30,23,3,12,10,1,0,0,32,17,94,210,7,0,25,8,3,10,13,2,49,43,15,4,131,16,5,8,4,58,0,5,3,6,10,121,4,13,28,32,12,19,105,3,8,9,14,0,1,6,37,,,,,,,,,,1382.0
2020-08,14,36,18,14,2,24,23,6,9,25,0,1,0,25,14,97,168,5,4,8,4,1,7,1,5,46,24,12,4,106,14,11,8,7,59,1,7,2,5,6,83,11,5,212,216,6,53,90,1,10,16,11,1,4,2,38,,,,,,,,,,1568.0
2020-09,14,26,15,14,1,26,22,6,6,10,2,2,0,24,6,50,250,12,9,7,7,4,2,6,6,29,30,15,3,90,29,2,11,5,45,1,9,7,8,3,103,1,8,26,27,8,28,56,3,6,15,8,1,4,2,25,,,,,,,,,,1121.0
2020-10,14,42,15,12,0,19,24,8,9,8,1,0,0,25,15,54,181,8,3,3,8,2,5,0,4,26,15,18,0,66,14,2,9,3,43,1,1,8,4,9,35,1,9,18,12,5,8,32,1,0,3,4,1,2,0,32,,,,,,,,,,828.0
2020-11,14,39,26,20,1,23,22,8,18,27,0,0,7,10,8,42,195,5,3,2,8,7,2,1,0,42,17,10,1,40,7,2,12,1,51,0,2,5,8,7,56,4,7,19,23,1,13,27,1,4,2,2,0,2,0,110,,,,,,,,,,950.0
2020-12,14,39,8,17,0,18,26,4,15,11,0,1,0,18,11,50,567,7,1,9,7,2,0,1,4,23,15,1,2,56,15,5,6,3,53,0,1,5,3,3,41,2,7,4,11,3,7,12,0,0,5,7,1,3,0,16,,,,,,,,,,1126.0
2021-01,14,25,9,27,0,30,16,4,26,14,0,1,1,8,4,68,153,4,4,16,1,0,1,0,4,83,31,2,6,30,9,2,10,5,39,0,6,3,4,3,25,3,10,5,0,11,4,8,0,0,5,3,1,9,0,4,,,,,,,,,,737.0
2021-02,14,40,4,6,1,12,35,10,5,11,1,1,0,4,3,37,76,2,1,39,1,6,2,8,5,61,17,1,4,11,47,5,4,1,36,0,0,4,2,1,38,1,15,0,2,7,3,26,0,1,5,3,1,2,0,0,,,,,,,,,,608.0
2021-03,14,74,7,24,0,32,18,2,11,24,0,1,0,12,14,50,181,4,0,7,3,3,10,3,4,129,25,7,1,62,24,7,14,5,41,3,2,5,2,13,48,8,3,13,5,8,13,26,0,2,23,5,0,5,0,27,,,,,,,,,,1010.0
2021-04,14,38,4,17,1,21,22,9,10,11,1,0,0,15,10,60,201,14,2,6,7,3,10,0,2,81,10,2,0,81,14,4,9,8,37,0,3,0,3,3,20,4,6,8,14,19,12,25,2,2,14,2,0,2,0,34,,,,,,,,,,883.0
2021-05,14,50,7,32,0,24,13,4,1,16,0,2,2,28,9,59,85,4,2,10,7,2,13,0,5,50,12,10,0,74,15,5,5,5,32,0,1,2,9,1,13,1,20,19,28,16,24,43,3,6,10,3,0,2,5,53,,,,,,,,,,842.0
2021-06,14,46,1,10,1,27,19,5,3,11,0,1,0,8,10,51,124,7,3,11,3,3,16,2,3,66,7,9,2,111,14,4,27,6,46,0,0,4,0,2,19,3,5,44,56,18,37,65,2,4,6,41,0,16,1,55,,,,,,,,,,1035.0
2021-07,14,42,6,30,3,37,32,7,3,10,2,1,2,12,7,95,86,5,3,11,3,2,3,1,2,88,4,6,3,110,18,4,13,27,32,3,8,6,7,4,12,0,19,47,44,14,30,69,1,1,89,6,0,6,5,52,,,,,,,,,,1133.0
2021-08,14,29,5,17,0,25,34,9,4,19,2,1,0,29,22,65,135,8,1,6,4,2,5,3,3,24,6,14,6,90,17,4,15,3,45,0,2,5,3,4,66,7,18,44,56,8,24,69,3,9,32,9,0,6,2,62,,,,,,,,,,1081.0
2021-09,14,40,8,14,2,32,15,7,11,13,0,1,0,32,30,72,75,6,8,6,5,3,5,16,3,48,4,6,1,82,11,7,9,6,30,1,3,0,3,3,35,2,16,29,24,6,31,52,4,2,20,3,5,1,1,51,,,,,,,,,,900.0
2021-10,14,34,9,11,1,18,20,7,3,11,1,0,2,14,7,49,91,11,3,11,9,3,8,1,0,29,1,11,3,58,14,1,20,5,48,1,4,5,8,3,80,5,17,28,33,4,24,32,1,1,10,32,0,8,0,39,,,,,,,,,,849.0
2021-11,14,33,17,14,0,23,16,6,4,8,0,3,3,16,12,43,75,3,2,10,3,2,5,1,3,32,6,9,2,66,8,3,2,5,29,1,4,2,2,4,48,0,24,9,10,3,5,16,3,0,9,2,0,2,0,84,,,,,,,,,,692.0
2021-12,14,42,10,10,3,24,16,5,8,6,1,0,0,8,10,45,42,6,2,9,0,2,1,0,0,28,8,2,0,49,12,4,6,3,21,0,1,7,6,3,34,2,17,20,20,4,12,8,1,0,5,2,0,2,0,49,,,,,,,,,,576.0
2022-01,14,63,3,1,0,23,10,5,12,17,0,0,0,6,8,45,92,3,1,12,2,12,1,0,5,25,5,3,4,36,9,1,0,6,16,0,3,8,5,1,12,2,15,1,2,1,3,1,2,1,10,2,0,0,0,3,,,,,,,,,,498.0
2022-02,14,54,6,3,0,17,18,8,7,5,1,2,0,5,10,46,52,2,3,17,7,0,4,0,4,111,7,5,2,31,5,5,10,4,19,1,1,4,7,2,66,2,28,7,4,3,13,0,2,1,8,13,0,7,0,0,,,,,,,,,,639.0
2022-03,14,65,13,62,1,14,12,4,1,12,2,1,0,12,18,65,107,4,4,9,12,2,10,0,8,174,5,5,3,73,17,12,12,6,20,0,4,3,9,4,32,2,12,9,6,10,17,0,6,1,9,23,0,11,0,21,,,,,,,,,,944.0
2022-04,14,55,11,65,2,13,21,11,4,9,0,1,1,20,9,49,100,9,2,8,1,1,2,0,3,221,2,8,3,87,8,11,13,10,8,0,9,5,2,2,61,6,20,12,19,16,20,32,8,2,10,24,0,3,0,19,,,,,,,,,,1038.0
2022-05,14,55,11,59,3,13,20,9,4,10,0,1,0,15,17,54,129,13,1,7,6,1,1,1,3,159,3,15,2,87,16,13,23,9,24,2,1,7,8,4,34,2,43,14,14,24,34,58,0,2,15,38,1,8,3,54,,,,,,,,,,1150.0
2022-06,14,54,5,27,0,20,23,6,0,12,0,0,0,16,28,65,70,8,2,10,7,4,9,0,1,106,5,13,0,92,19,5,16,8,8,0,1,3,5,2,42,3,16,98,75,24,53,99,8,6,11,9,0,0,7,55,,,,,,,,,,1156.0
2022-07,14,52,8,24,1,25,20,6,2,21,2,2,1,17,12,56,79,7,4,16,5,6,3,0,2,72,2,13,3,91,30,14,9,14,7,0,0,4,10,1,53,3,17,43,78,13,41,67,6,1,10,7,0,4,8,64,,,,,,,,,,1056.0
2022-08,14,68,8,12,1,17,20,5,6,22,3,2,3,17,14,57,113,11,5,13,3,2,7,2,1,29,0,14,4,103,33,10,5,3,19,0,2,4,7,0,57,2,18,38,45,3,18,60,1,4,16,5,0,1,5,58,,,,,,,,,,976.0
2022-09,14,55,5,15,3,22,26,12,6,23,5,1,0,22,16,71,169,11,4,9,6,2,9,5,2,41,1,26,1,83,27,17,28,7,18,0,0,3,3,3,44,3,18,41,32,15,17,43,4,4,38,50,0,206,3,49,,,,,,,,,,1324.0
2022-10,14,38,6,13,2,16,20,3,3,17,1,1,1,23,20,38,205,14,2,5,5,4,4,1,1,11,3,20,5,80,14,11,9,7,8,0,2,6,7,5,24,1,25,9,13,21,15,37,2,7,7,14,1,7,1,65,,,,,,,,,,880.0
2022-11,14,70,16,13,1,8,12,7,2,15,1,2,0,8,6,40,102,6,1,12,3,1,8,1,2,21,0,3,2,39,19,2,3,2,8,0,0,8,7,14,39,10,4,55,55,61,14,27,2,2,12,1,0,2,1,113,,,,,,,,,,863.0
2022-12,14,56,2,2,2,10,13,5,1,26,1,2,0,9,10,25,293,8,2,16,7,28,7,5,7,27,5,6,5,27,9,1,9,1,16,1,1,1,2,1,37,3,34,1,5,25,4,8,1,5,11,10,0,5,0,26,,,,,,,,,,824.0
2023-01,14,74,6,12,0,16,13,10,5,13,0,0,1,7,16,37,126,7,0,10,8,1,4,1,1,61,7,14,2,31,8,11,8,6,9,1,1,2,2,3,47,3,54,13,4,21,4,3,1,4,12,12,1,6,0,7,,,,,,,,,,726.0
2023-02,14,58,6,25,2,13,18,6,4,10,2,0,1,13,11,25,105,5,4,13,6,3,6,0,5,119,3,6,4,28,9,6,22,7,19,0,3,2,4,2,49,2,25,9,5,9,10,3,2,7,5,45,1,11,0,4,,,,,,,,,,762.0
2023-03,14,77,8,44,1,23,22,5,5,25,0,1,2,8,12,92,260,8,0,6,6,5,6,1,3,90,1,8,1,32,10,8,14,8,16,1,8,5,3,2,26,2,17,4,1,10,16,1,0,4,10,23,0,1,0,18,,,,,,,,,,960.0
2023-04,14,55,14,25,1,13,16,6,3,6,0,1,0,6,10,42,117,4,3,8,9,0,5,0,5,60,1,6,4,64,16,4,7,5,18,0,1,5,3,4,37,3,10,14,20,18,24,2,1,2,9,6,0,3,0,56,,,,,,,,,,752.0
2023-05,14,66,1,23,0,14,25,2,4,22,4,2,0,10,14,46,140,11,5,8,5,1,9,0,1,80,7,5,4,84,22,3,7,10,16,0,1,5,3,7,12,5,8,10,9,34,23,7,3,5,12,11,0,1,0,88,,,,,,,,,,895.0
2023-06,14,62,13,17,0,20,31,4,2,10,1,3,2,11,11,51,123,13,2,7,7,3,11,0,5,105,3,8,1,75,16,9,6,10,23,1,0,5,2,3,25,2,8,36,37,45,34,12,4,3,20,15,0,4,2,80,,,,,,,,,,1003.0
2023-07,14,38,1,21,5,21,26,8,1,8,3,3,1,20,20,64,54,12,3,7,10,1,1,1,2,105,3,2,3,92,18,2,16,9,15,0,0,4,4,2,31,3,15,76,78,3,46,1,1,1,18,44,0,60,2,121,,,,,,,,,,1106.0
2023-08,14,71,8,13,2,16,23,11,7,23,1,2,1,20,29,64,109,16,4,12,9,0,6,7,4,66,7,10,4,96,32,1,13,9,25,1,0,3,8,1,46,1,12,40,61,17,37,17,5,3,10,18,0,3,4,86,,,,,,,,,,1094.0
2023-09,14,58,5,25,0,17,26,8,4,18,1,2,0,16,19,50,65,11,5,13,9,3,7,1,5,25,2,6,4,81,20,3,9,2,12,0,1,2,4,1,13,2,11,16,44,4,35,17,3,5,14,15,0,2,1,70,,,,,,,,,,792.0
2023-10,14,58,4,17,0,18,26,11,1,6,0,1,0,21,13,40,87,2,1,9,6,0,6,0,2,44,3,4,3,69,22,10,5,15,26,0,1,4,4,4,30,2,9,29,26,6,27,1,2,4,10,8,0,1,0,113,,,,,,,,,,811.0
2023-11,14,64,3,15,0,19,16,1,4,4,1,2,3,11,11,40,93,2,5,36,8,4,5,0,1,21,0,1,3,46,16,3,2,7,29,1,4,3,3,4,20,8,17,9,11,10,16,5,0,6,10,0,0,5,1,179,,,,,,,,,,788.0
2023-12,14,69,0,19,1,24,22,3,1,5,1,2,3,3,30,46,107,10,1,15,8,2,4,2,3,21,2,1,1,31,12,6,8,6,50,1,3,1,6,5,22,11,55,10,8,6,13,2,2,3,8,7,1,1,0,51,,,,,,,,,,735.0
2024-01,14,101,7,17,0,18,24,9,2,27,1,3,1,3,9,36,89,6,4,9,4,10,2,0,1,65,1,6,3,29,13,5,11,8,30,0,0,1,3,6,24,7,20,6,16,1,11,1,4,4,16,36,1,11,0,9,,,,,,,,,,731.0
2024-02,14,68,7,38,2,19,14,7,7,21,1,1,0,22,10,54,111,2,2,2,5,4,6,0,3,116,5,3,5,26,13,5,4,5,24,0,3,4,4,3,22,2,19,11,6,26,3,29,4,2,12,17,1,4,0,17,,,,,,,,,,801.0
2024-03,14,76,7,25,0,28,20,3,8,25,2,1,1,23,15,62,89,6,1,12,5,2,5,0,2,93,3,10,4,41,16,6,16,19,23,0,0,5,4,8,45,1,10,10,15,11,17,2,4,5,33,31,0,1,0,49,,,,,,,,,,900.0
2024-04,14,76,9,32,2,17,13,3,3,12,0,2,0,19,12,38,66,5,3,9,4,1,6,2,2,74,4,9,4,48,12,8,14,9,18,0,1,1,5,6,27,2,3,21,21,151,46,32,1,5,45,17,0,4,1,95,,,,,,,,,,1020.0
2024-05,14,64,7,22,1,18,20,6,5,2,2,0,1,10,12,85,45,9,3,12,8,4,7,0,1,74,3,22,1,77,22,5,21,11,15,0,3,5,2,4,63,2,6,96,107,14,72,49,2,4,8,18,1,4,5,152,,,,,,,,,,1212.0
2024-06,14,75,6,20,1,24,24,12,3,9,1,4,2,24,14,64,101,12,4,12,5,7,10,0,3,95,3,17,1,64,16,5,14,8,22,1,0,5,6,2,43,7,30,126,146,29,44,37,3,6,8,26,0,6,4,131,,,,,,,,,,1342.0
2024-07,14,63,2,19,4,24,17,2,3,7,3,0,0,16,21,71,105,16,1,9,3,0,3,0,1,120,3,12,4,115,12,9,13,9,25,0,4,2,2,2,43,17,14,219,135,19,62,28,3,4,23,22,0,6,3,126,,,,,,,,,,1446.0
2024-08,14,51,5,23,1,29,25,3,0,3,4,0,0,32,19,82,85,10,3,13,5,0,4,3,6,74,6,15,4,90,18,9,3,29,11,0,1,3,5,3,13,1,17,60,52,25,40,61,6,8,17,1,0,0,4,90,,,,,,,,,,1072.0
2024-09,14,69,3,24,1,15,17,4,1,20,4,1,0,28,18,72,93,5,3,5,1,0,2,1,1,74,3,13,2,78,18,9,7,7,16,2,6,9,5,2,52,2,13,29,45,8,29,28,1,6,15,10,1,6,3,81,,,,,,,,,,968.0
2024-10,14,71,2,13,2,28,11,5,2,13,0,1,1,29,18,76,80,8,1,10,7,0,7,3,0,48,6,5,0,84,12,4,4,6,24,1,3,2,6,3,9,10,13,34,43,23,32,58,12,1,20,2,0,2,0,118,,,,,,,,,,973.0
2024-11,14,50,4,11,4,16,23,7,7,12,0,1,3,7,15,42,108,7,1,5,2,10,3,3,2,44,2,5,2,78,10,3,17,1,30,1,5,9,6,3,21,6,15,15,17,4,13,92,2,1,16,9,0,7,0,148,,,,,,,,,,925.0
2024-12,14,55,5,10,1,19,16,3,1,22,0,0,2,20,14,31,105,5,2,8,6,6,2,0,1,62,4,1,3,56,16,1,5,3,18,0,2,1,5,3,11,0,20,3,13,4,10,103,1,1,19,13,0,2,0,65,,,,,,,,,,779.0
2025-01,14,68,4,13,2,17,15,8,2,54,1,1,0,9,17,52,58,5,2,11,3,26,9,3,0,57,7,8,2,55,12,7,0,9,21,0,0,5,7,3,35,8,27,3,0,6,3,90,3,0,73,41,0,13,0,10,,,,,,,,,,885.0
2025-02,14,74,3,7,0,18,16,6,5,11,0,1,3,7,12,35,95,13,3,6,2,1,6,6,2,90,2,3,2,51,16,7,1,2,18,1,0,4,8,3,24,0,11,4,7,32,11,74,1,5,15,5,0,4,0,6,,,,,,,,,,739.0
2025-03,14,101,3,74,1,21,19,5,3,24,3,0,0,29,19,59,76,2,2,7,7,9,6,0,3,119,3,5,6,48,17,6,9,7,21,1,1,4,6,5,28,2,13,14,25,4,28,73,1,3,11,30,0,10,0,42,,,,,,,,,,1015.0
2025-04,14,47,9,40,4,11,18,7,3,15,3,2,0,15,17,39,132,5,1,17,13,5,6,2,2,146,2,9,5,70,14,8,13,11,33,0,0,2,8,1,41,0,12,16,13,14,18,120,2,4,13,20,0,4,0,90,,,,,,,,,,1102.0
2025-05,14,36,6,40,0,18,15,6,6,3,5,0,1,17,16,70,102,14,2,8,4,2,3,0,5,144,2,22,5,66,22,8,11,9,28,2,6,11,12,2,38,5,19,144,211,19,58,23,2,3,3,3,0,2,4,133,,,,,,,,,,1396.0
2025-06,14,49,14,37,1,24,21,7,5,7,0,0,0,27,14,57,152,9,4,21,6,2,5,0,2,138,4,11,2,102,14,10,4,4,26,0,2,5,2,5,32,4,5,77,96,19,41,18,3,4,17,12,0,4,3,132,,,,,,,,,,1260.0
2025-07,14,68,4,47,2,19,23,7,5,13,2,0,0,23,15,84,95,12,2,21,10,1,3,1,5,101,6,6,3,111,25,10,11,12,28,0,3,1,5,10,28,3,15,34,60,11,32,28,1,2,38,11,0,4,2,127,,,,,,,,,,1190.0
2025-08,14,56,7,35,0,23,15,7,6,11,2,2,0,37,30,58,117,9,4,9,7,7,6,0,5,83,4,21,3,118,26,8,13,5,55,1,0,5,5,11,41,0,16,35,49,20,29,22,14,2,55,29,1,19,11,120,,,,,,,,,,1274.0
2025-09,14,64,5,32,2,18,17,7,3,11,1,1,0,26,18,67,119,6,3,10,2,3,7,1,4,61,1,13,2,112,18,4,5,5,61,0,2,1,6,29,5,1,9,26,37,32,30,18,1,4,60,6,1,1,7,78,,,,,,,,,,1063.0
2025-10,14,59,6,24,3,20,17,4,4,8,2,0,1,22,20,65,125,7,1,8,3,9,9,0,3,46,4,15,2,96,15,7,8,7,31,2,1,10,5,10,12,2,14,28,27,14,27,14,0,2,26,11,0,2,5,87,,,,,,,,,,950.0
2025-11,14,46,3,20,0,16,10,1,2,7,0,1,2,3,17,37,103,12,1,6,6,1,4,0,2,34,4,1,5,63,18,0,1,4,14,0,0,0,4,9,16,5,9,12,17,8,9,61,1,0,13,2,0,0,0,170,,,,,,,,,,780.0
2025-12,14,52,4,7,0,13,20,6,1,25,0,3,5,18,11,39,109,3,3,11,2,3,3,1,1,23,7,1,2,25,13,2,3,3,20,0,1,5,9,1,32,4,12,2,8,6,9,99,2,2,18,11,1,6,0,24,,,,,,,,,,691.0
2019-01,76,0,0,2,0,0,0,0,0,0,0,2,0,0,0,0,0,0,0,0,0,0,0,0,0,1,0,0,2,0,0,0,0,12,8,0,0,0,2,0,4,0,0,0,0,0,0,1,0,0,13,0,0,0,0,0,,,,,,,,,,
2019-02,76,7,1,2,0,3,4,1,0,0,0,0,0,0,0,3,0,0,0,0,0,0,0,0,0,20,1,1,0,0,0,7,1,2,0,0,0,0,2,0,7,0,1,0,1,1,2,0,0,0,12,0,1,0,0,0,,,,,,,,,,
2019-03,76,3,1,8,1,2,1,0,0,4,0,0,0,9,1,5,3,1,1,0,0,0,1,2,0,76,0,1,3,0,0,18,4,2,8,0,0,1,0,0,23,0,1,2,1,1,0,3,0,0,11,0,1,1,0,1,,,,,,,,,,
2019-04,76,2,0,2,1,1,5,3,0,3,0,1,0,1,0,6,4,3,0,0,0,0,2,0,0,34,2,4,2,0,0,11,4,2,14,0,0,1,1,1,18,2,5,4,0,2,0,2,0,0,4,2,0,0,0,1,,,,,,,,,,
2019-05,76,7,0,6,1,3,6,1,0,0,0,0,0,6,0,7,0,2,1,1,0,0,1,0,0,12,0,5,0,0,1,16,2,0,7,0,0,0,0,0,5,0,4,2,0,2,3,4,0,1,2,2,0,0,0,2,,,,,,,,,,
2019-06,76,4,0,1,0,2,3,1,1,0,0,5,0,10,1,7,1,0,0,0,1,0,2,1,0,24,0,5,4,1,1,5,4,2,24,0,0,0,1,0,6,2,7,4,3,0,4,9,0,2,1,0,0,0,3,0,,,,,,,,,,
2019-07,76,4,1,1,1,1,6,2,0,1,0,2,0,31,0,13,4,1,0,0,1,0,2,0,0,28,1,6,6,0,1,15,3,3,12,0,0,2,1,0,8,2,5,9,2,1,4,6,0,1,13,0,0,0,1,0,,,,,,,,,,
2019-08,76,4,0,2,0,7,14,2,1,3,0,2,0,3,1,9,4,5,0,0,1,2,0,0,0,36,1,3,1,0,1,11,3,2,2,0,0,0,2,0,20,1,11,3,0,3,3,9,0,0,21,3,0,0,3,0,,,,,,,,,,
2019-09,76,6,0,5,2,1,11,1,0,4,0,0,1,6,1,5,0,1,0,0,2,1,1,2,0,39,0,0,0,1,1,7,2,2,1,0,0,2,0,0,17,0,5,2,2,1,3,5,0,1,20,2,2,0,2,0,,,,,,,,,,
2019-10,76,7,0,5,2,0,6,0,1,1,0,1,0,12,0,4,0,1,0,1,0,3,1,0,1,25,0,19,0,0,0,4,1,2,1,0,0,3,0,0,31,6,6,4,2,0,3,13,0,1,13,2,0,0,0,0,,,,,,,,,,
2019-11,76,3,0,4,0,2,2,0,0,1,0,2,0,10,0,4,0,1,0,1,0,1,3,0,1,15,4,2,0,0,1,3,0,1,6,0,0,9,0,1,23,7,2,5,2,0,2,1,0,1,5,0,0,0,0,0,,,,,,,,,,
2019-12,76,4,0,4,0,3,3,0,0,2,0,0,1,5,0,5,1,2,0,0,0,0,0,0,0,10,1,9,1,0,0,2,0,1,5,0,0,0,0,4,20,4,6,2,0,0,1,1,0,2,3,1,0,0,0,0,,,,,,,,,,
2020-01,76,8,1,1,0,4,3,1,0,0,0,0,0,3,0,3,2,4,0,0,1,0,1,0,0,11,0,1,3,1,2,1,0,4,9,0,0,0,2,0,13,6,7,0,1,1,2,2,0,0,1,1,0,0,0,0,,,,,,,,,,
2020-02,76,8,0,0,0,1,2,1,1,1,0,0,0,1,0,4,2,0,0,2,3,0,0,0,0,14,2,2,2,1,1,2,0,0,7,0,0,1,2,1,18,3,5,0,0,0,1,0,0,0,2,0,0,0,0,0,,,,,,,,,,
2020-03,76,1,0,0,0,1,0,2,4,1,0,0,1,1,0,3,0,0,1,1,1,1,1,0,0,10,1,3,3,0,1,2,1,0,0,0,0,5,2,1,28,0,8,0,1,1,2,2,0,0,0,1,0,0,0,0,,,,,,,,,,
2020-04,76,0,1,2,0,5,4,2,15,2,0,0,0,9,2,10,0,3,0,0,0,0,0,0,0,34,0,0,0,1,1,2,1,1,2,0,0,1,0,0,9,5,7,2,0,1,6,1,0,1,0,2,0,0,0,0,,,,,,,,,,
2020-05,76,0,3,1,0,2,2,4,5,0,0,2,0,1,1,9,2,1,1,0,5,0,1,0,0,6,1,2,1,1,1,2,4,0,6,0,0,1,1,3,5,2,0,12,0,1,7,6,0,1,2,4,0,3,3,0,,,,,,,,,,
2020-06,76,2,0,4,0,2,3,1,2,5,0,0,0,9,0,10,1,1,0,0,0,1,0,1,0,5,0,2,0,0,1,1,7,1,0,0,2,0,0,1,16,2,2,14,5,2,7,8,0,1,0,0,0,0,0,1,,,,,,,,,,
2020-07,76,9,0,2,0,7,1,1,10,6,0,1,0,3,2,11,1,2,0,1,0,1,0,1,0,6,0,2,1,2,2,5,1,1,1,0,0,0,0,0,10,3,5,4,3,1,4,7,0,1,0,1,1,0,1,1,,,,,,,,,,
2020-08,76,16,0,1,0,1,3,0,3,1,0,0,0,3,0,7,2,1,2,0,1,1,0,1,0,5,2,3,2,0,2,0,4,2,11,0,0,0,1,0,10,0,5,10,4,0,3,7,0,0,0,1,0,0,3,2,,,,,,,,,,
2020-09,76,13,0,1,2,2,2,1,2,3,0,0,1,10,1,5,7,1,0,0,1,0,0,0,0,16,0,0,0,1,1,1,1,0,1,0,0,1,2,0,15,5,2,4,5,0,5,3,0,1,3,2,1,0,1,1,,,,,,,,,,
2020-10,76,8,0,3,0,3,7,0,7,6,0,0,1,8,0,11,2,1,0,0,1,1,0,1,0,4,3,3,0,0,0,1,1,0,3,0,0,0,1,0,9,1,0,2,1,0,2,6,0,0,1,0,0,0,0,0,,,,,,,,,,
2020-11,76,8,0,0,0,1,3,0,8,1,1,0,0,8,0,3,3,0,0,1,1,1,0,0,2,5,2,1,0,0,0,0,0,0,4,0,1,3,2,1,7,3,6,9,1,0,2,5,0,2,0,0,0,0,0,3,,,,,,,,,,
2020-12,76,0,0,2,0,3,2,0,6,3,0,0,0,3,0,4,0,0,0,0,0,0,0,1,0,19,3,1,1,0,0,0,1,2,7,1,0,1,0,1,4,1,5,0,0,1,0,1,0,0,1,0,0,0,0,0,,,,,,,,,,
2021-01,76,16,0,1,0,3,1,0,3,1,0,0,0,4,0,2,4,1,0,0,0,0,1,2,2,11,1,3,0,0,1,0,0,0,0,0,0,2,1,1,3,0,1,0,0,0,1,0,0,0,2,0,0,0,0,0,,,,,,,,,,
2021-02,76,6,0,2,1,2,2,1,2,4,0,0,0,1,0,3,3,0,0,6,0,0,1,0,0,32,2,1,1,0,1,0,0,0,12,0,0,0,2,0,13,1,5,0,0,0,0,0,0,0,0,1,0,0,0,0,,,,,,,,,,
2021-03,76,5,1,0,0,3,5,1,3,5,0,0,1,11,0,6,1,1,0,1,0,0,0,0,2,21,2,3,0,1,1,2,1,2,6,0,0,3,0,0,17,6,9,1,1,2,2,1,0,0,0,0,0,0,0,0,,,,,,,,,,
2021-04,76,9,1,0,2,1,3,5,0,2,0,1,0,3,0,4,1,0,0,0,3,0,0,1,0,17,1,3,0,2,0,0,1,3,3,0,1,0,2,2,6,4,3,6,0,1,1,2,0,0,1,1,0,0,0,1,,,,,,,,,,
2021-05,76,11,0,0,0,4,2,2,2,2,1,2,1,12,0,4,5,0,0,1,1,0,1,0,0,6,2,2,0,11,0,3,0,1,0,0,0,0,0,1,12,7,3,0,2,0,7,4,0,0,0,1,0,0,1,1,,,,,,,,,,
2021-06,76,19,0,0,0,8,3,0,1,2,0,1,0,19,2,12,5,0,0,1,0,0,0,2,0,8,2,7,0,8,4,4,2,5,5,0,0,4,0,0,12,1,10,1,3,2,9,6,0,0,1,4,0,0,0,0,,,,,,,,,,
2021-07,76,16,0,1,1,2,10,1,0,0,0,1,0,8,0,3,11,0,0,0,0,0,0,0,0,25,1,3,0,1,0,2,2,0,1,0,0,2,0,2,13,6,12,6,3,0,4,5,0,1,17,1,0,0,0,1,,,,,,,,,,
2021-08,76,9,0,6,1,6,8,3,5,3,0,0,1,5,0,8,1,1,0,1,2,0,0,0,0,20,1,0,0,1,4,1,4,0,0,0,0,0,0,1,8,4,5,4,3,3,5,3,0,0,4,0,0,0,0,0,,,,,,,,,,
2021-09,76,11,0,5,0,3,2,0,5,4,0,0,0,15,0,6,0,0,0,1,0,0,0,3,0,7,3,5,1,1,3,1,1,0,12,0,0,2,0,0,10,3,6,0,1,0,1,3,0,1,1,0,0,1,0,0,,,,,,,,,,
2021-10,76,10,1,1,0,4,8,6,12,2,0,0,0,7,3,5,4,0,0,2,2,1,0,0,0,7,0,6,1,1,5,3,3,2,6,0,0,1,0,0,26,1,3,2,1,0,1,9,0,0,1,2,0,0,0,2,,,,,,,,,,
2021-11,76,4,0,0,0,3,7,1,4,2,0,1,1,6,1,5,2,0,0,2,5,0,1,0,1,14,1,4,3,1,2,1,2,1,4,0,0,3,1,0,6,3,2,1,3,0,0,3,0,2,0,0,0,0,0,0,,,,,,,,,,
2021-12,76,6,1,1,0,4,5,0,7,0,1,0,2,0,1,7,4,0,0,1,1,0,0,0,0,6,1,0,0,0,1,0,2,0,0,0,0,3,1,0,8,2,5,1,1,0,1,1,0,2,0,0,0,0,0,0,,,,,,,,,,
2022-01,76,12,0,0,0,2,1,2,7,0,0,0,0,5,0,2,2,1,0,3,0,0,0,0,0,9,0,5,1,0,0,0,0,0,1,0,0,1,5,0,3,3,2,0,1,0,3,0,0,1,2,0,0,0,0,0,,,,,,,,,,
2022-02,76,18,0,0,0,1,2,0,7,2,0,1,0,3,0,1,0,0,0,1,2,1,0,0,0,16,0,3,1,2,0,4,0,0,0,0,0,1,2,0,4,3,3,0,0,0,1,0,0,2,0,1,0,0,0,0,,,,,,,,,,
2022-03,76,11,0,1,0,6,4,1,0,2,0,1,0,7,1,6,7,1,0,0,3,0,0,1,0,33,1,6,1,1,1,5,0,2,1,0,0,0,0,0,21,3,6,3,0,1,3,0,0,1,0,0,0,0,0,0,,,,,,,,,,
2022-04,76,10,2,5,0,5,2,0,0,1,0,2,0,5,0,7,2,1,0,0,0,0,0,0,1,45,0,2,0,2,2,8,1,4,5,0,1,2,1,0,9,2,12,1,1,0,4,2,0,0,1,0,0,0,0,0,,,,,,,,,,
2022-05,76,22,0,7,2,4,7,3,0,2,1,1,0,8,0,11,6,4,0,4,4,0,2,0,1,27,1,2,5,2,0,3,2,6,3,0,0,1,2,1,14,10,17,4,0,2,3,6,0,0,1,5,0,1,1,2,,,,,,,,,,
2022-06,76,17,1,4,1,9,3,2,1,1,1,1,0,22,0,5,0,0,2,2,3,0,1,0,0,34,0,6,1,2,1,0,1,1,1,0,0,0,2,0,27,2,5,16,9,0,2,6,0,0,4,0,0,2,0,2,,,,,,,,,,
2022-07,76,7,0,2,0,6,3,3,0,1,0,0,0,13,1,10,6,2,0,6,0,1,1,0,0,16,0,2,0,2,3,6,2,2,0,0,0,0,0,0,28,1,5,8,4,1,8,7,0,1,0,2,0,0,0,0,,,,,,,,,,
2022-08,76,5,0,2,0,3,2,2,1,1,0,0,0,5,1,11,0,2,0,1,2,0,0,0,0,8,0,6,2,1,1,11,3,4,2,0,0,3,5,0,15,4,7,3,2,0,2,3,0,0,2,0,0,0,0,2,,,,,,,,,,
2022-09,76,4,1,1,3,1,3,0,0,0,0,0,0,3,1,4,2,2,0,1,0,0,2,0,0,12,0,3,2,1,3,3,1,0,1,0,0,0,4,1,9,1,15,5,1,0,5,1,0,0,2,1,0,0,0,2,,,,,,,,,,
2022-10,76,3,0,2,0,2,2,1,1,0,1,0,7,7,0,10,2,0,1,1,0,0,1,0,0,8,2,7,0,5,0,2,1,1,0,0,0,2,0,1,9,4,3,0,3,1,0,6,0,1,0,0,0,0,0,1,,,,,,,,,,
2022-11,76,10,0,0,0,2,6,2,0,0,1,0,0,16,0,3,5,0,0,1,0,2,1,0,0,3,3,2,0,1,0,1,1,0,2,0,0,3,0,0,11,0,7,3,3,0,1,1,1,1,2,0,0,0,0,1,,,,,,,,,,
2022-12,76,8,0,0,0,5,3,1,0,0,0,1,0,0,0,6,7,1,0,0,0,0,0,1,0,2,4,0,0,0,0,0,0,0,2,0,0,4,1,0,5,2,2,1,1,1,0,2,0,0,1,0,0,0,0,0,,,,,,,,,,
2023-01,76,9,0,1,0,5,3,0,0,5,0,1,0,2,0,4,3,0,0,1,0,1,1,2,2,4,0,2,1,0,0,1,1,0,3,0,0,0,0,0,3,5,11,0,1,1,2,0,0,0,1,0,0,0,0,0,,,,,,,,,,
2023-02,76,13,0,2,0,5,3,4,0,4,0,1,0,3,0,4,0,0,0,0,0,0,0,0,0,19,0,0,1,0,1,1,3,0,5,0,0,1,0,0,18,5,3,0,0,0,4,0,0,0,1,5,0,0,0,0,,,,,,,,,,
2023-03,76,7,0,0,0,4,3,2,1,0,0,2,3,3,1,3,1,1,1,1,0,0,1,0,0,36,0,1,0,3,1,1,6,0,5,0,0,0,1,1,17,3,3,3,1,0,3,0,0,2,0,1,0,0,0,0,,,,,,,,,,
2023-04,76,14,0,0,0,2,2,0,1,0,0,0,0,3,0,8,5,0,0,1,0,0,0,0,0,20,1,2,0,0,0,2,0,0,2,0,0,2,0,0,10,3,3,5,0,0,2,0,0,0,3,0,0,0,0,0,,,,,,,,,,
2023-05,76,23,0,2,0,2,4,5,0,1,0,1,0,2,2,12,4,0,0,2,1,0,1,0,0,16,0,2,6,1,4,4,1,2,1,0,0,2,1,1,7,2,5,2,0,3,1,1,0,0,2,0,0,0,0,1,,,,,,,,,,
2023-06,76,25,0,2,1,5,10,0,0,0,0,0,0,12,2,9,7,0,0,0,3,0,1,0,1,17,0,4,4,0,1,3,6,3,1,0,0,1,4,1,4,0,6,2,3,3,3,1,0,0,1,0,0,0,0,2,,,,,,,,,,
2023-07,76,16,0,7,0,5,6,1,3,0,0,0,0,2,0,12,5,3,0,2,3,0,1,0,0,20,1,10,0,1,0,5,2,2,3,0,0,0,1,1,9,1,5,7,4,1,7,0,0,2,5,2,0,1,0,0,,,,,,,,,,
2023-08,76,17,0,6,0,3,12,2,0,1,1,2,0,0,0,8,4,1,0,0,2,0,1,0,0,21,1,8,1,4,0,6,0,1,3,0,0,0,0,0,13,3,8,3,3,0,6,0,1,2,0,1,0,0,1,0,,,,,,,,,,
2023-09,76,14,0,6,1,5,4,3,1,1,0,1,0,9,1,8,0,1,0,1,0,0,0,1,0,5,2,4,4,1,0,2,1,1,2,0,0,0,0,0,4,2,1,2,0,1,4,3,0,0,0,0,0,0,0,4,,,,,,,,,,
2023-10,76,6,0,16,0,3,5,0,2,0,0,0,0,10,0,6,7,6,0,1,4,0,0,0,0,7,2,4,1,10,0,1,3,0,5,0,0,0,2,0,8,4,2,0,0,2,3,0,0,0,0,0,0,0,0,2,,,,,,,,,,
2023-11,76,16,0,4,0,1,4,1,0,0,0,1,0,5,1,1,10,1,0,0,0,0,0,0,0,9,0,2,2,1,1,0,1,1,2,0,0,1,0,1,2,0,9,1,0,0,1,1,0,0,2,0,0,0,0,1,,,,,,,,,,
2023-12,76,18,0,1,0,4,1,0,0,0,0,1,2,2,0,3,0,4,0,0,0,0,0,0,0,9,1,1,4,0,0,0,1,2,1,0,0,0,2,0,2,0,14,1,1,0,0,0,0,0,1,0,0,0,0,0,,,,,,,,,,
2024-01,76,30,0,1,0,1,4,0,0,1,0,0,0,5,1,7,7,0,0,0,0,1,1,0,0,20,0,2,2,0,1,0,2,0,0,0,0,0,1,0,3,3,5,0,0,0,0,0,0,0,1,0,0,0,0,0,,,,,,,,,,
2024-02,76,42,0,4,0,1,0,0,0,0,0,1,0,2,3,5,3,1,0,1,0,0,0,1,1,28,0,0,4,0,1,1,0,0,5,0,0,0,1,1,22,2,7,1,4,2,1,0,0,0,2,1,0,0,0,0,,,,,,,,,,
2024-03,76,40,0,2,0,0,6,1,1,2,0,1,0,11,0,5,4,0,0,0,1,0,0,0,0,9,1,0,2,2,2,3,4,1,0,0,0,2,1,0,2,2,10,3,0,2,0,0,0,0,0,0,0,0,0,0,,,,,,,,,,
2024-04,76,20,0,2,0,1,1,1,1,1,0,0,0,2,0,6,5,2,0,1,0,0,0,0,0,74,1,3,3,2,0,2,3,3,4,0,0,0,1,0,3,2,8,0,1,2,6,1,0,0,3,1,0,0,0,0,,,,,,,,,,
2024-05,76,34,0,2,0,1,5,2,1,1,0,0,0,11,0,7,4,0,0,1,1,0,2,0,0,13,0,6,0,1,4,1,0,1,2,0,0,1,2,0,11,2,8,2,7,2,5,12,1,0,0,0,0,0,0,0,,,,,,,,,,
2024-06,76,52,0,4,2,1,3,3,0,2,0,0,0,2,1,5,11,0,3,1,1,0,0,1,0,19,0,2,1,4,1,5,3,1,0,0,0,0,0,0,16,3,4,5,5,0,5,26,0,0,0,0,0,0,1,0,,,,,,,,,,
2024-07,76,23,0,1,0,7,3,1,0,5,0,1,0,2,0,11,3,1,0,1,0,0,1,0,1,8,0,8,1,8,2,4,1,2,3,0,0,4,2,0,8,5,5,37,50,0,15,10,0,0,1,0,0,3,0,0,,,,,,,,,,
2024-08,76,32,0,3,0,7,1,0,1,0,1,1,0,5,1,8,2,2,0,0,0,0,0,0,12,10,0,3,5,2,0,2,0,1,7,0,0,1,1,0,10,4,4,4,6,1,1,64,0,1,0,1,0,0,0,0,,,,,,,,,,
2024-09,76,16,1,5,0,6,3,1,0,1,0,1,0,3,4,13,3,0,0,2,1,0,2,1,0,10,0,1,1,3,2,1,1,1,2,0,0,0,1,1,11,4,9,2,6,5,5,7,1,1,1,1,0,1,0,0,,,,,,,,,,
2024-10,76,43,0,3,0,5,7,1,1,8,0,1,0,5,1,3,1,0,0,1,5,0,0,5,0,11,0,1,1,2,6,3,6,2,1,0,0,0,0,2,9,4,4,3,2,0,3,0,0,1,1,0,0,0,0,0,,,,,,,,,,
2024-11,76,33,0,1,0,2,0,0,0,3,1,0,0,4,1,6,0,0,2,0,2,5,1,0,0,7,0,4,1,1,2,0,1,0,4,0,0,0,1,0,8,5,14,5,1,0,4,0,0,0,2,0,0,0,0,0,,,,,,,,,,
2024-12,76,30,0,0,0,1,3,0,1,1,0,1,0,4,0,6,6,0,0,2,0,0,0,0,0,2,0,3,3,3,1,0,0,2,2,0,0,0,2,0,7,1,6,0,1,0,1,0,0,0,0,1,0,1,0,0,,,,,,,,,,
2025-01,76,93,0,0,0,3,6,0,0,4,0,2,0,3,0,4,0,0,0,0,1,0,0,0,0,21,0,0,0,1,3,2,2,1,0,0,0,0,0,0,5,3,3,0,0,0,0,0,0,0,0,1,0,0,0,0,,,,,,,,,,
2025-02,76,35,0,0,0,3,2,2,0,7,0,2,2,1,0,3,1,0,0,5,1,1,1,1,1,31,1,0,0,0,1,5,3,0,3,0,0,0,1,0,5,1,1,0,1,2,0,19,0,0,3,1,0,1,0,0,,,,,,,,,,
2025-03,76,28,0,0,0,3,3,2,1,5,0,0,0,3,1,11,3,0,0,1,0,0,1,0,0,14,1,2,1,2,0,1,3,1,2,0,0,1,0,0,29,3,1,1,1,0,4,49,0,0,0,0,0,0,0,0,,,,,,,,,,
2025-04,76,40,1,4,0,5,2,2,0,1,0,1,1,2,0,7,5,3,0,1,0,1,1,0,0,22,0,2,5,2,0,2,2,3,1,0,0,0,1,0,1,0,9,0,0,1,5,40,0,0,2,2,0,0,0,0,,,,,,,,,,
2025-05,76,26,0,7,1,4,2,1,0,1,0,0,1,14,0,9,3,0,1,0,0,1,1,0,1,29,0,3,0,2,3,1,3,2,6,0,0,0,2,1,15,1,17,4,3,1,3,4,1,0,1,0,0,0,2,2,,,,,,,,,,
2025-06,76,27,0,4,0,4,7,0,2,1,1,2,0,8,0,6,6,1,0,1,0,0,1,0,1,23,1,8,0,5,0,1,3,1,2,0,0,1,0,1,10,2,6,7,4,0,3,12,0,1,0,3,0,0,1,1,,,,,,,,,,
2025-07,76,36,0,2,0,3,13,0,0,1,0,0,0,2,1,9,5,4,1,2,4,0,0,2,0,18,2,3,6,7,2,2,4,1,1,0,0,1,1,1,14,0,1,1,3,0,2,5,0,1,6,1,1,1,0,0,,,,,,,,,,
2025-08,76,21,0,1,1,4,4,1,0,1,0,0,1,13,1,7,2,0,2,2,0,0,1,0,0,8,0,6,0,1,2,1,0,0,1,0,0,0,4,1,6,5,1,5,4,10,2,16,0,1,6,2,1,0,0,1,,,,,,,,,,
2025-09,76,29,0,2,0,0,3,2,0,5,0,0,0,4,2,8,0,1,1,0,1,0,1,0,0,15,0,5,3,6,1,1,2,0,6,0,0,0,0,0,15,3,2,6,1,0,2,1,0,1,3,2,2,0,1,1,,,,,,,,,,
2025-10,76,23,0,4,0,4,5,4,1,0,0,0,1,5,1,5,7,2,0,0,0,0,1,1,1,11,3,0,2,3,3,0,4,2,0,0,0,1,1,0,26,1,4,10,2,0,1,9,0,0,4,0,0,1,0,0,,,,,,,,,,
2025-11,76,25,0,3,0,0,4,1,2,1,0,2,0,4,4,4,4,4,1,2,0,1,0,0,0,6,1,7,1,1,1,0,2,1,1,0,0,2,0,1,6,5,6,1,1,0,0,36,0,0,1,1,0,0,0,0,,,,,,,,,,
2025-12,76,8,0,0,0,0,3,3,2,2,0,1,0,0,0,7,10,0,0,0,0,1,0,0,1,13,3,1,4,0,1,1,0,0,0,0,0,0,0,0,10,0,0,0,0,0,0,33,0,1,2,3,0,0,0,0,,,,,,,,,,
2019-01,77,3,16,1,1,9,26,5,0,2,0,3,0,0,0,0,0,0,0,0,0,0,1,0,3,18,1,0,3,0,0,1,6,53,6,0,0,0,5,0,1,0,2,0,0,10,2,9,0,0,62,3,1,0,0,0,,,,,,,,,,
2019-02,77,10,12,30,1,6,27,7,1,0,0,6,0,0,0,13,2,1,2,0,2,0,6,1,1,174,0,0,5,4,2,3,11,6,9,0,0,0,1,0,79,4,10,5,0,2,6,13,3,0,71,3,1,0,0,1,,,,,,,,,,
2019-03,77,37,13,36,4,9,38,0,1,7,0,8,0,5,7,12,32,8,1,1,3,2,3,1,4,222,3,5,17,45,12,7,16,6,57,0,6,8,3,7,78,12,39,10,5,30,25,44,3,5,98,17,9,5,0,8,,,,,,,,,,
2019-04,77,49,17,56,0,9,29,3,1,19,2,3,1,16,4,19,31,10,0,1,7,2,5,2,2,125,2,4,6,56,7,9,23,6,35,1,0,5,4,1,37,3,36,15,6,30,11,18,0,3,38,36,1,0,0,31,,,,,,,,,,
2019-05,77,50,21,48,2,7,31,2,2,10,0,1,0,9,9,16,46,20,0,5,8,0,4,0,1,128,0,9,6,54,8,10,29,12,47,0,0,2,2,5,48,5,58,23,29,14,28,59,3,0,36,31,0,2,2,27,,,,,,,,,,
2019-06,77,46,22,39,2,12,28,4,0,4,1,1,0,5,10,13,168,14,2,3,11,3,2,4,2,170,1,13,4,62,11,16,43,11,39,0,3,6,5,4,134,11,12,21,35,15,55,120,2,6,21,33,4,6,1,45,,,,,,,,,,
2019-07,77,39,33,32,3,14,31,6,1,5,0,4,0,4,24,15,169,17,0,8,8,0,1,6,3,133,1,12,3,84,11,11,24,13,48,0,3,3,5,4,64,9,29,42,26,15,29,56,1,2,189,7,0,1,6,41,,,,,,,,,,
2019-08,77,36,33,30,3,17,38,4,1,12,1,3,0,17,21,18,160,8,1,4,12,0,3,4,0,110,4,5,12,84,14,11,14,13,37,0,3,1,2,5,70,3,47,33,20,8,27,77,2,6,105,7,0,2,2,25,,,,,,,,,,
2019-09,77,30,27,52,0,12,35,12,0,6,4,7,1,14,17,26,225,15,0,3,8,0,3,2,2,136,1,17,8,66,14,7,12,20,20,0,2,5,8,3,85,3,29,27,12,44,22,56,2,4,138,13,6,6,6,36,,,,,,,,,,
2019-10,77,46,39,60,1,15,28,8,0,19,0,2,0,8,15,19,87,26,4,3,12,3,2,1,6,101,1,16,3,66,6,14,23,8,101,1,3,9,5,5,93,6,33,21,74,13,22,54,0,4,42,23,1,12,1,33,,,,,,,,,,
2019-11,77,53,29,15,1,6,24,1,6,8,2,0,0,10,7,13,102,24,0,4,8,1,2,6,3,33,3,3,0,43,2,4,7,2,42,2,2,5,2,1,111,8,43,67,32,7,12,20,1,7,32,7,0,2,0,106,,,,,,,,,,
2019-12,77,40,28,15,2,7,31,7,1,6,2,3,0,5,3,18,162,23,1,3,2,0,4,3,4,76,4,0,5,18,2,2,13,3,21,0,0,3,9,3,53,9,19,5,7,17,6,34,2,2,19,6,1,0,0,42,,,,,,,,,,
2020-01,77,34,38,17,4,19,40,6,0,4,0,1,4,3,12,25,248,10,1,1,5,1,1,1,2,157,6,1,2,28,4,4,11,6,71,0,4,3,3,2,183,9,37,7,2,9,7,19,0,1,19,10,2,7,0,4,,,,,,,,,,
2020-02,77,57,20,27,1,9,23,2,3,4,2,0,0,11,10,13,112,5,3,4,8,22,10,1,4,87,0,1,8,32,8,6,8,6,11,0,0,3,6,1,55,2,31,5,0,4,4,10,1,1,12,1,0,1,0,2,,,,,,,,,,
2020-03,77,32,5,16,3,5,27,7,14,4,1,3,0,9,4,13,189,7,0,1,3,0,7,1,8,50,1,3,3,32,13,2,6,2,19,0,0,3,2,3,39,0,27,5,8,18,4,13,0,1,12,6,0,2,0,12,,,,,,,,,,
2020-04,77,15,22,15,3,9,27,7,33,2,0,7,0,3,7,8,92,18,0,1,6,0,5,0,3,63,0,4,1,28,9,3,11,1,47,1,8,8,5,4,29,4,26,11,5,3,7,28,1,2,4,13,1,4,0,28,,,,,,,,,,
2020-05,77,25,7,23,10,11,21,9,15,6,4,4,3,15,8,14,104,18,2,7,3,1,12,0,2,81,4,12,4,64,8,10,23,7,17,2,1,5,4,1,49,3,21,14,7,26,21,53,1,2,11,34,0,21,3,48,,,,,,,,,,
2020-06,77,25,11,33,2,16,18,2,29,9,1,1,0,11,16,26,216,25,1,8,9,4,2,3,1,90,4,4,8,67,14,18,13,14,72,2,2,3,3,9,86,1,35,69,45,7,25,88,2,3,9,17,1,4,4,52,,,,,,,,,,
2020-07,77,55,11,24,3,11,18,6,36,9,2,3,0,8,9,36,135,14,5,9,9,1,3,1,0,68,1,12,7,108,20,11,34,4,19,1,1,2,4,4,48,6,33,47,22,19,17,144,5,2,11,7,0,1,8,52,,,,,,,,,,
2020-08,77,64,6,25,3,21,27,8,31,20,3,2,2,12,8,32,176,9,2,2,13,4,4,3,0,48,1,6,12,80,26,5,5,5,25,0,0,1,8,9,69,9,19,187,140,13,20,81,1,4,11,12,3,0,8,45,,,,,,,,,,
2020-09,77,46,7,20,0,14,27,5,17,7,0,3,0,13,12,16,289,12,1,7,5,0,4,22,3,35,2,3,5,64,11,8,10,14,21,0,0,0,8,0,48,5,32,40,30,5,15,61,5,5,30,13,2,1,1,36,,,,,,,,,,
2020-10,77,27,3,20,1,13,15,5,20,2,1,3,0,17,5,28,202,5,0,2,3,4,5,4,4,47,5,6,3,50,12,3,6,5,21,0,2,5,1,3,70,4,17,23,25,12,33,43,1,5,7,6,0,1,0,36,,,,,,,,,,
2020-11,77,37,12,9,0,13,21,9,24,2,0,1,3,3,5,18,163,9,1,9,8,1,5,2,2,22,1,8,4,32,12,3,3,5,20,0,2,4,3,7,36,5,19,15,17,43,8,68,1,4,8,2,2,1,0,108,,,,,,,,,,
2020-12,77,30,2,10,2,15,15,2,21,6,0,5,4,4,5,22,662,5,0,3,4,2,2,3,2,24,4,3,4,29,11,3,2,3,23,0,2,1,4,3,18,4,60,3,3,3,12,13,1,3,8,10,0,0,0,26,,,,,,,,,,
2021-01,77,35,2,9,1,10,14,7,21,3,0,3,0,3,5,29,238,4,1,0,5,6,5,0,1,29,4,1,2,32,10,4,3,7,49,0,0,1,1,1,19,15,80,5,3,5,8,5,0,2,5,1,1,0,0,2,,,,,,,,,,
2021-02,77,24,2,1,0,8,32,9,10,3,0,0,0,3,6,9,53,5,0,16,2,15,0,1,2,120,16,1,4,7,11,3,1,1,25,1,0,0,2,0,30,9,15,3,2,8,2,12,1,1,4,2,0,1,0,1,,,,,,,,,,
2021-03,77,66,3,40,3,24,24,7,12,31,3,5,0,16,8,42,153,4,2,13,3,1,14,1,5,80,8,3,6,40,13,8,5,12,49,2,2,3,1,1,45,2,30,7,9,12,10,14,2,0,23,7,0,4,0,27,,,,,,,,,,
2021-04,77,36,3,9,0,17,22,6,6,17,4,1,1,6,4,34,227,9,1,1,10,2,17,2,2,54,6,7,4,55,7,5,4,9,47,1,0,2,0,0,26,11,41,9,11,31,16,27,0,0,25,8,0,7,0,24,,,,,,,,,,
2021-05,77,25,3,12,1,20,25,5,4,23,0,3,3,8,13,19,148,6,1,1,2,8,5,10,2,30,1,7,6,85,16,3,2,11,29,0,0,2,4,4,27,5,38,23,25,21,18,42,0,3,8,4,0,0,2,39,,,,,,,,,,
2021-06,77,34,3,9,6,12,20,5,2,11,2,1,0,13,9,24,148,16,1,8,6,4,8,10,1,43,1,11,12,72,12,10,19,8,15,0,0,0,3,3,41,6,33,61,42,10,37,69,4,2,7,20,0,10,4,34,,,,,,,,,,
2021-07,77,28,2,18,3,16,33,10,2,4,0,1,0,17,8,33,126,12,1,10,3,4,9,2,2,76,5,8,5,68,13,11,9,6,13,0,2,0,7,2,12,2,33,22,15,30,27,54,0,1,30,8,0,3,14,42,,,,,,,,,,
2021-08,77,30,6,6,4,9,33,9,4,8,1,1,0,16,14,23,131,3,2,3,5,2,7,3,1,30,6,7,5,64,28,8,19,9,24,0,0,3,3,3,65,9,43,98,71,13,37,74,4,7,15,14,0,20,2,28,,,,,,,,,,
2021-09,77,41,1,12,3,18,25,4,14,8,2,0,0,19,11,26,116,13,0,11,5,5,14,13,2,22,2,6,7,68,14,6,8,1,118,0,0,0,3,2,38,3,59,20,20,9,12,63,3,7,22,6,2,4,4,33,,,,,,,,,,
2021-10,77,34,2,11,5,15,36,9,10,39,0,2,0,8,14,17,100,4,4,4,11,1,3,4,6,18,2,3,5,51,10,0,18,9,44,1,2,1,5,2,80,27,45,52,53,8,12,43,3,4,11,33,1,2,0,30,,,,,,,,,,
2021-11,77,43,5,5,0,9,28,7,2,9,1,1,1,9,7,10,118,10,1,5,4,0,3,10,1,24,0,7,0,44,8,3,4,2,36,0,2,2,1,3,39,8,33,13,13,29,6,21,1,1,15,7,2,0,0,88,,,,,,,,,,
2021-12,77,40,6,8,1,8,22,10,16,10,0,4,2,12,5,17,87,8,1,10,5,6,6,3,1,15,1,1,9,30,10,2,3,9,94,1,0,2,1,9,34,7,23,18,22,3,6,11,0,5,12,9,1,4,0,65,,,,,,,,,,
2022-01,77,63,1,2,0,9,36,5,11,14,0,0,22,7,4,21,176,3,1,1,7,5,4,4,2,34,0,3,8,27,9,2,5,5,22,1,1,1,2,3,11,10,36,3,4,18,10,1,1,1,12,1,0,2,0,4,,,,,,,,,,
2022-02,77,60,1,5,0,6,21,9,2,21,3,2,1,1,5,7,99,4,0,1,8,1,6,3,2,108,1,0,8,21,13,7,8,5,24,0,1,4,0,1,43,6,34,1,6,138,7,0,0,0,9,25,0,1,0,2,,,,,,,,,,
2022-03,77,63,7,31,0,9,20,9,6,5,1,1,2,9,4,26,135,5,2,5,9,1,5,0,0,122,1,1,7,37,10,6,15,17,58,2,2,2,4,5,66,5,52,9,9,27,8,0,0,3,7,15,2,1,0,23,,,,,,,,,,
2022-04,77,49,7,54,4,15,27,14,1,4,1,2,0,8,8,24,134,9,4,1,5,6,9,0,1,215,4,4,3,46,9,21,14,14,14,2,2,8,2,2,14,6,47,5,12,27,14,13,1,0,6,23,2,1,0,31,,,,,,,,,,
2022-05,77,67,7,54,12,12,25,13,3,5,3,1,1,14,7,16,180,11,3,4,5,0,5,1,2,181,2,5,4,61,10,8,27,14,19,1,0,7,2,5,33,17,49,19,15,18,17,42,0,4,10,23,0,4,0,47,,,,,,,,,,
2022-06,77,47,4,29,3,8,35,9,0,6,0,3,0,10,21,23,81,15,2,9,20,0,2,1,3,142,2,9,8,76,13,12,10,4,31,2,0,6,9,2,52,3,34,31,21,9,28,66,1,0,9,10,1,2,7,46,,,,,,,,,,
2022-07,77,43,7,20,0,10,35,8,2,17,2,0,0,15,10,18,163,7,1,2,9,1,3,0,0,49,5,9,8,80,16,4,6,14,27,1,2,8,4,1,42,3,73,57,29,12,38,70,1,1,19,7,1,4,5,39,,,,,,,,,,
2022-08,77,53,3,6,0,14,29,9,2,4,1,1,1,19,12,25,248,10,2,7,12,2,1,3,1,23,1,10,6,74,19,3,8,9,29,1,3,4,3,0,54,5,87,61,27,12,23,44,4,8,10,7,1,0,8,36,,,,,,,,,,
2022-09,77,40,3,14,15,16,31,19,2,4,1,0,0,15,11,25,152,6,1,6,5,1,8,5,4,31,7,13,4,84,12,9,27,12,18,4,0,6,5,3,116,8,88,53,10,9,24,36,3,6,72,42,0,382,3,24,,,,,,,,,,
2022-10,77,43,4,12,2,9,35,7,2,4,0,2,1,12,7,20,115,6,2,1,8,0,12,0,2,12,7,6,6,51,6,10,11,12,40,1,0,3,7,7,38,1,50,22,11,13,11,31,2,4,22,12,0,10,0,52,,,,,,,,,,
2022-11,77,27,1,1,0,5,24,7,2,2,3,3,1,16,14,17,142,7,0,2,5,0,11,3,1,22,4,1,5,31,11,9,4,5,27,1,2,7,6,15,49,5,33,36,19,24,13,16,3,1,17,1,2,1,0,105,,,,,,,,,,
2022-12,77,18,1,15,0,7,43,22,3,7,1,2,1,4,13,13,62,11,0,8,5,4,28,3,1,70,1,2,5,21,4,4,2,3,18,1,0,3,3,4,22,8,34,3,1,1,4,5,0,1,18,5,0,3,0,39,,,,,,,,,,
2023-01,77,56,3,16,0,16,26,13,3,11,6,1,1,5,9,18,74,6,0,3,16,2,6,4,5,90,8,2,8,31,10,4,2,11,14,0,1,2,4,1,56,5,73,1,1,5,5,0,2,5,13,10,2,1,0,5,,,,,,,,,,
2023-02,77,34,3,18,6,4,39,11,1,15,1,0,1,6,4,15,124,1,0,2,6,2,8,6,1,137,0,3,6,20,6,8,14,7,7,0,0,4,3,1,38,5,49,2,7,6,9,28,2,1,14,32,0,7,0,5,,,,,,,,,,
2023-03,77,47,10,28,1,7,34,20,0,8,3,0,1,6,13,13,127,2,2,4,10,2,3,1,1,151,1,4,9,36,17,8,7,9,15,3,0,10,3,6,16,11,54,4,1,25,10,15,2,2,15,19,0,2,0,14,,,,,,,,,,
2023-04,77,44,2,23,0,66,36,7,2,5,1,0,1,7,9,58,91,5,3,3,6,3,15,1,2,57,5,3,6,47,9,5,5,2,16,0,2,0,4,8,12,5,21,8,5,23,15,45,1,5,10,5,0,0,0,48,,,,,,,,,,
2023-05,77,69,24,31,0,16,40,14,1,7,3,3,0,8,16,19,101,13,1,5,5,2,11,0,1,45,6,7,7,47,10,15,7,11,15,1,1,0,2,5,45,5,49,11,5,21,21,107,0,5,23,5,0,1,3,63,,,,,,,,,,
2023-06,77,59,6,16,0,12,31,15,2,6,1,1,1,21,16,20,78,15,0,10,15,0,6,2,4,42,1,22,4,65,21,6,8,15,15,0,1,2,7,3,50,2,20,21,35,26,51,108,2,2,22,16,0,4,1,45,,,,,,,,,,
2023-07,77,67,3,22,7,12,45,14,4,3,4,0,0,13,13,21,116,12,1,7,11,3,2,0,3,44,3,7,6,88,12,10,9,21,30,1,3,0,4,6,29,6,50,92,47,19,46,52,1,1,23,51,0,10,5,57,,,,,,,,,,
2023-08,77,64,6,11,7,15,35,17,1,21,1,1,0,29,17,25,91,22,0,6,12,18,8,7,5,35,4,9,6,68,16,8,12,17,9,0,1,3,4,2,61,4,22,35,34,42,48,104,3,0,12,14,1,6,9,55,,,,,,,,,,
2023-09,77,57,6,6,0,15,34,6,8,7,7,1,0,21,17,15,57,13,2,7,15,1,8,10,3,29,0,3,0,88,10,2,8,30,10,1,1,1,6,7,15,0,65,26,39,24,37,101,1,2,22,18,1,1,19,42,,,,,,,,,,
2023-10,77,45,7,14,2,8,43,15,6,5,2,3,0,8,12,20,97,14,2,5,8,1,4,2,2,22,1,4,4,76,14,7,13,16,13,1,5,3,2,4,14,14,17,27,38,23,49,96,3,5,11,14,0,0,6,46,,,,,,,,,,
2023-11,77,56,0,6,1,2,29,10,1,5,3,3,0,8,10,20,74,24,3,7,16,3,6,5,2,36,1,2,7,22,12,4,10,5,15,0,1,8,0,14,45,1,48,16,4,10,15,122,3,5,11,1,2,1,0,132,,,,,,,,,,
2023-12,77,51,4,11,1,10,29,7,3,6,3,3,0,18,12,20,112,19,1,5,9,0,2,1,0,44,3,7,0,31,28,6,15,7,14,1,0,7,7,5,7,8,16,7,7,4,9,89,5,1,20,24,3,1,0,56,,,,,,,,,,
2024-01,77,52,5,17,4,8,43,31,9,3,2,3,0,13,13,16,197,28,1,19,4,6,1,6,1,124,8,3,7,32,12,5,17,9,22,1,1,6,8,3,42,8,30,12,25,7,11,84,2,1,19,24,2,6,0,8,,,,,,,,,,
2024-02,77,65,6,25,2,6,45,15,5,28,3,0,6,18,11,10,133,23,0,2,8,8,3,1,1,217,1,2,3,37,25,2,2,12,20,2,3,9,3,4,25,8,28,6,5,6,12,95,2,5,28,14,1,5,0,24,,,,,,,,,,
2024-03,77,68,8,18,6,5,29,7,4,8,3,2,1,6,17,17,412,29,0,10,11,0,5,6,0,92,4,8,0,22,18,4,11,19,28,0,3,3,3,10,35,6,40,10,8,11,18,77,2,2,51,29,2,2,0,38,,,,,,,,,,
2024-04,77,43,3,27,6,9,28,5,5,15,4,1,3,15,13,29,196,30,0,5,9,0,8,3,4,103,6,8,4,47,29,9,9,14,20,0,0,2,2,7,21,3,20,14,8,27,21,110,1,4,60,36,0,3,3,61,,,,,,,,,,
2024-05,77,62,6,24,1,15,27,19,5,6,6,1,0,21,15,22,124,31,0,10,10,3,5,2,4,44,3,17,3,42,31,7,13,15,24,5,2,4,3,8,13,6,41,86,68,17,53,65,6,3,15,25,0,10,10,80,,,,,,,,,,
2024-06,77,71,11,19,3,6,29,9,4,11,4,0,0,14,24,19,235,26,1,5,12,0,7,5,3,72,2,11,11,54,34,10,5,23,31,2,3,7,2,6,24,6,21,57,54,24,46,64,2,6,16,16,2,0,9,68,,,,,,,,,,
2024-07,77,68,4,14,5,20,17,22,2,5,9,2,0,14,25,21,176,29,1,11,12,0,7,3,0,82,3,4,3,63,40,19,13,18,30,0,0,1,1,2,16,2,33,81,40,10,29,23,3,2,20,21,0,6,11,52,,,,,,,,,,
2024-08,77,35,1,16,1,28,30,14,2,7,5,2,0,11,27,32,151,31,2,8,6,3,7,5,3,26,4,9,6,63,36,12,7,19,22,0,0,1,4,5,22,11,26,40,49,15,33,69,1,9,13,14,2,6,21,51,,,,,,,,,,
2024-09,77,63,2,9,2,11,32,17,5,12,1,5,1,54,23,18,134,21,3,3,8,10,1,24,1,27,5,10,5,43,38,4,12,9,12,0,5,3,2,3,37,10,31,18,34,19,21,7,1,6,15,17,3,3,1,36,,,,,,,,,,
2024-10,77,50,2,8,2,17,26,10,0,6,4,1,5,26,19,13,119,29,3,1,21,0,6,3,0,26,1,14,5,44,18,10,1,18,26,1,0,1,3,3,35,4,39,29,49,17,29,49,0,7,21,2,1,0,3,67,,,,,,,,,,
2024-11,77,42,11,2,1,14,13,2,3,5,2,0,1,8,14,25,126,17,0,6,2,6,1,5,0,29,7,8,3,25,17,4,6,16,16,0,0,6,3,10,13,8,48,18,12,30,12,85,0,1,17,11,3,1,0,98,,,,,,,,,,
2024-12,77,52,1,7,1,13,18,16,1,8,1,4,2,1,13,13,129,14,1,5,5,1,4,4,2,21,0,3,3,27,26,3,8,11,15,3,3,5,2,6,14,3,81,1,13,3,6,101,0,2,9,14,0,2,0,87,,,,,,,,,,
2025-01,77,48,0,11,2,10,32,11,7,18,0,4,8,6,9,14,67,32,0,9,5,8,3,1,2,98,5,2,3,16,20,10,4,4,15,1,0,3,4,2,26,5,20,6,2,1,2,135,1,1,21,33,0,3,0,11,,,,,,,,,,
2025-02,77,33,3,3,1,17,16,6,5,16,2,2,13,4,12,22,77,19,0,5,2,5,10,24,4,129,3,7,10,22,23,14,4,25,9,0,2,1,4,6,12,3,10,7,6,11,11,147,0,0,8,6,3,2,0,6,,,,,,,,,,
2025-03,77,72,0,26,1,17,19,10,7,14,1,3,2,9,19,21,92,28,1,6,1,2,6,1,0,76,2,9,1,28,34,14,7,5,25,0,1,0,3,6,3,4,44,13,12,5,11,160,1,0,22,21,1,4,0,48,,,,,,,,,,
2025-04,77,56,1,37,4,12,22,15,5,8,1,2,6,11,29,20,82,11,0,8,3,0,0,3,0,98,2,9,8,37,20,8,13,17,21,0,0,3,3,7,18,9,35,5,19,25,19,129,0,2,20,21,1,1,0,71,,,,,,,,,,
2025-05,77,80,9,12,0,10,22,9,3,9,10,4,11,3,19,16,87,9,1,8,10,3,3,0,3,86,2,13,5,46,13,6,11,12,32,0,3,3,5,6,30,8,36,72,89,24,48,34,1,2,12,22,1,2,0,102,,,,,,,,,,
2025-06,77,46,2,16,0,12,36,19,3,9,3,1,3,19,24,33,116,14,1,8,3,3,2,9,1,66,2,8,7,61,33,11,6,7,23,0,1,5,2,4,19,5,67,65,53,23,51,36,1,4,15,25,2,1,6,63,,,,,,,,,,
2025-07,77,54,0,16,2,13,23,4,3,24,4,1,8,12,30,28,122,13,1,13,7,6,2,1,1,52,6,9,6,72,31,4,19,14,29,2,3,8,3,5,24,7,24,35,41,12,43,54,4,0,55,32,3,5,14,78,,,,,,,,,,
2025-08,77,61,6,7,3,13,37,23,2,11,8,2,1,23,21,29,140,12,2,8,9,5,2,13,1,29,2,23,10,66,23,8,18,10,18,3,0,4,0,7,29,5,34,39,54,11,43,88,7,4,75,39,2,22,12,60,,,,,,,,,,
2025-09,77,59,7,16,2,15,41,17,3,5,4,2,1,22,25,28,82,12,3,1,10,0,14,4,2,33,4,15,6,53,27,7,5,16,15,1,5,2,4,3,39,5,48,18,21,36,44,22,3,6,54,7,1,3,9,51,,,,,,,,,,
2025-10,77,44,9,8,1,3,27,11,2,6,5,3,1,15,23,19,102,11,1,6,2,5,6,1,3,27,4,11,3,49,20,6,1,7,31,0,1,3,7,4,49,3,39,15,14,8,24,46,1,10,63,9,3,1,1,49,,,,,,,,,,
2025-11,77,24,2,11,2,13,23,16,0,5,0,0,2,4,11,15,88,14,0,6,6,1,5,4,2,23,1,2,5,25,19,2,2,5,21,4,6,9,2,14,37,3,27,6,12,7,11,69,1,5,51,11,0,1,0,165,,,,,,,,,,
2025-12,77,47,2,1,1,8,46,24,2,5,2,1,0,8,22,15,82,8,1,17,5,1,3,4,2,45,13,9,4,22,21,5,2,2,13,2,2,3,1,2,42,5,61,7,7,0,8,72,0,6,39,7,0,1,0,25,,,,,,,,,,
