YEAR_MONTH,COMMUNITY_AREA,Abandoned Vehicle Complaint,Alley Light Out Complaint,Alley Pothole Complaint,Alley Sewer Inspection Request,Blue Recycling Cart,Building Violation,Buildings - Plumbing Violation,Business Complaints,Check for Leak,Clean Vacant Lot Request,Consumer Fraud Complaint,Coyote Interaction Complaint,Dead Animal Pick-Up Request,Fly Dumping Complaint,Garbage Cart Maintenance,Graffiti Removal Request,Inspect Public Way Request,Low Water Pressure Complaint,Missed Garbage Pick-Up Complaint,No Building Permit and Construction Violation,No Water Complaint,Nuisance Animal Complaint,Open Fire Hydrant Complaint,Pet Wellness Check Request,Pothole in Street Complaint,Recycling Pick Up,Report an Injured Animal,Restaurant Complaint,Rodent Baiting/Rat Complaint,Sanitation Code Violation,Sewer Cave-In Inspection Request,Sewer Cleaning Inspection Request,Sidewalk Inspection Request,Sign Repair Request - All Other Signs,Sign Repair Request - Do Not Enter Sign,Sign Repair Request - One Way Sign,Sign Repair Request - Stop Sign,Stray Animal Complaint,Street Cleaning Request,Street Light Out Complaint,Street Light Pole Damage Complaint,Traffic Signal Out Complaint,Tree Debris Clean-Up Request,Tree Emergency,Tree Planting Request,Tree Removal Inspection,Tree Trim Request (NO LONGER BEING ACCEPTED),Vacant/Abandoned Building Complaint,Vicious Animal Complaint,Water Lead Test Kit Request,Water On Street Complaint,Water Quality Concern,Water in Basement Complaint,Weed Removal Request,Yard Waste Pick-Up Request
2019-01,0,361,1724,290,14,857,701,513,20,45,5,126,0,0,9,10,4,55,60,1,16,5,129,5,170,1079,82,0,215,0,16,158,245,4195,647,1,1,1,262,4,1169,17,262,2,0,187,389,568,124,0,3108,61,51,7,0,0
2019-01,1,8,20,2,0,3,39,10,1,0,0,2,0,0,0,0,0,1,0,0,0,0,1,0,0,5,1,0,1,0,0,4,5,17,10,0,0,0,0,0,4,0,2,0,0,3,2,10,1,0,23,2,0,0,0,0
2019-01,2,11,11,4,1,5,29,8,1,0,0,5,0,0,0,0,0,0,2,0,1,0,1,0,2,14,0,0,5,0,4,2,5,193,9,0,0,0,4,0,36,0,4,0,0,10,7,19,1,0,64,0,0,0,0,0
2019-01,3,4,3,1,0,6,17,10,0,0,0,3,0,0,0,0,0,0,0,0,0,0,4,0,3,6,0,0,4,0,0,4,3,17,15,0,0,0,2,0,12,0,0,0,0,2,2,2,0,0,19,2,0,0,0,0
2019-01,4,4,7,2,0,11,12,0,0,0,0,4,0,0,0,0,1,2,0,0,0,0,1,0,0,10,1,0,1,0,0,1,1,66,10,0,0,0,2,0,4,0,9,0,0,4,3,4,2,0,70,0,1,0,0,0
2019-01,5,9,17,3,0,10,11,1,0,0,0,1,0,0,0,0,0,3,0,0,0,0,2,0,0,21,1,0,6,0,0,4,6,64,20,0,0,0,0,0,17,0,1,0,0,6,1,19,0,0,68,1,2,0,0,0
2019-01,6,0,38,6,0,17,41,6,0,0,0,3,0,0,0,0,0,0,1,0,0,0,3,0,1,30,2,0,14,0,0,3,6,53,33,0,0,0,0,0,27,0,6,0,0,1,0,35,1,0,41,6,1,0,0,0
2019-01,7,2,31,4,0,10,28,2,0,1,0,1,0,0,0,1,0,1,2,0,1,0,2,0,2,24,2,0,6,0,0,4,4,67,28,0,0,0,5,0,21,0,9,0,0,3,2,9,0,0,24,2,2,1,0,0
2019-01,8,2,7,5,0,7,20,18,2,1,0,5,0,0,0,0,0,2,0,0,0,0,0,0,1,8,0,0,17,0,0,5,5,61,41,0,0,1,1,1,18,2,9,0,0,0,0,2,0,0,13,2,0,0,0,0
2019-01,9,1,7,1,0,5,2,0,0,0,0,0,0,0,0,0,0,0,1,0,0,0,0,0,0,5,0,0,0,0,0,1,1,72,1,0,0,0,0,0,6,0,0,0,0,2,10,7,0,0,75,0,0,0,0,0
2019-01,10,6,36,3,0,22,2,0,0,2,0,1,0,0,0,0,0,0,0,0,0,0,2,0,4,15,0,0,0,0,0,9,3,219,12,0,0,0,0,0,25,0,4,0,0,2,10,11,1,0,202,0,3,0,0,0
2019-01,11,5,20,9,0,10,4,2,0,2,0,0,0,0,0,0,0,0,0,0,0,0,3,0,1,27,0,0,4,0,0,3,1,70,11,0,0,0,2,1,33,0,0,0,0,4,2,10,1,0,93,0,1,1,0,0
2019-01,12,2,17,0,0,7,2,2,0,1,0,0,0,0,0,0,0,2,1,0,0,0,1,0,1,19,0,0,1,0,0,2,0,88,11,0,0,0,7,0,12,1,2,0,0,2,5,10,0,0,110,1,0,0,0,0
2019-01,13,2,14,9,0,2,2,1,0,2,0,0,0,0,0,0,0,0,0,0,0,0,1,0,3,5,0,0,3,0,0,0,1,58,6,0,0,0,1,0,14,0,0,0,0,0,2,3,0,0,33,0,0,0,0,0
2019-01,14,4,33,16,0,12,17,10,0,0,0,2,0,0,0,0,0,0,0,0,0,0,2,0,2,28,0,0,1,0,0,3,5,63,5,0,0,0,2,0,6,0,2,0,0,5,6,13,0,0,68,4,0,0,0,0
2019-01,15,11,72,17,1,26,13,2,1,2,0,4,0,0,0,4,0,5,1,0,0,0,1,0,0,32,0,0,4,0,1,4,2,141,20,0,0,0,6,0,29,0,2,0,0,6,24,13,0,0,153,1,2,0,0,0
2019-01,16,13,24,21,1,16,16,2,1,0,0,1,0,0,0,0,0,0,4,0,0,0,4,0,2,38,0,0,4,0,0,3,7,75,8,0,0,0,5,0,25,0,11,0,0,8,4,21,1,0,95,1,3,0,0,0
2019-01,17,6,51,9,1,16,13,0,1,5,0,2,0,0,0,4,1,1,1,0,0,0,4,0,1,36,0,0,5,0,0,2,2,132,32,0,0,0,2,0,19,0,1,0,0,3,23,17,0,0,127,2,1,0,0,0
2019-01,18,3,7,3,0,3,6,0,0,0,0,0,0,0,0,0,0,1,0,0,0,0,0,0,1,24,0,0,0,0,0,1,1,47,3,0,0,0,1,0,6,0,1,0,0,1,4,4,0,0,19,0,2,0,0,0
2019-01,19,13,58,12,2,22,33,9,2,0,0,2,0,0,0,0,1,2,0,0,0,0,4,0,6,52,0,0,1,0,0,1,5,138,18,0,0,0,9,0,14,0,4,0,0,2,11,10,0,0,55,1,0,0,0,0
2019-01,20,2,4,4,0,6,11,0,0,0,0,0,0,0,0,0,0,3,0,0,0,0,1,0,1,17,0,0,0,0,0,1,2,27,5,0,0,0,0,0,1,0,1,0,0,1,3,3,0,0,19,1,0,0,0,0
2019-01,21,4,37,8,0,9,21,6,0,0,0,1,0,0,0,1,0,0,0,0,1,0,3,0,1,11,1,0,1,0,0,1,6,42,22,0,0,0,4,0,23,0,8,0,0,24,6,17,0,0,42,1,1,0,0,0
2019-01,22,11,37,11,0,32,42,5,0,1,0,4,0,0,0,0,0,2,4,0,0,0,4,0,1,19,0,0,3,0,1,8,6,82,35,0,0,0,2,0,15,1,5,0,0,10,6,14,3,0,74,1,2,0,0,0
2019-01,23,4,16,3,0,17,25,10,2,0,1,1,0,0,2,0,0,1,2,0,0,1,6,0,7,17,0,0,1,0,6,0,8,21,6,0,0,0,4,1,31,0,3,0,0,5,6,8,0,0,31,1,0,0,0,0
2019-01,24,26,49,23,1,53,23,8,0,2,0,5,0,0,0,0,0,0,2,1,0,0,6,0,2,37,0,0,10,0,0,2,6,107,20,0,0,0,0,0,30,2,5,0,0,10,8,41,0,0,51,1,0,0,0,0
2019-01,25,16,87,17,0,41,82,26,1,2,0,2,0,0,0,0,0,1,1,0,0,1,7,0,10,31,2,0,6,0,0,3,3,123,16,0,0,0,16,0,69,1,5,0,0,4,6,16,1,0,84,2,4,0,0,0
2019-01,26,1,10,1,0,8,17,3,0,0,0,1,0,0,0,0,0,1,1,0,0,0,2,0,1,7,0,0,0,0,0,3,1,5,2,0,0,0,5,0,17,0,1,0,0,0,1,3,0,0,3,0,0,0,0,0
2019-01,27,0,8,0,0,3,16,6,0,0,3,0,0,0,0,0,0,0,0,0,0,0,1,0,3,6,0,0,0,0,0,2,0,7,1,0,0,0,2,0,18,0,4,0,0,0,0,3,0,0,3,0,0,0,0,0
2019-01,28,2,13,6,0,8,32,9,0,0,0,3,0,0,0,0,0,3,0,0,1,0,1,2,0,52,1,0,12,0,0,4,4,39,20,0,0,0,7,0,44,0,27,0,0,2,1,6,0,0,17,3,0,0,0,0
2019-01,29,5,16,4,0,8,23,21,0,0,0,2,0,0,0,0,0,0,0,0,0,0,0,0,4,14,0,0,3,0,0,3,3,13,10,0,0,0,6,0,15,0,14,0,0,0,5,3,0,0,11,0,0,1,0,0
2019-01,30,14,28,11,0,19,13,6,2,0,0,4,0,0,0,0,1,0,2,0,0,0,3,0,12,21,0,0,4,0,0,6,0,21,6,0,0,0,9,0,16,0,6,0,0,4,7,2,4,0,32,1,1,0,0,0
2019-01,31,8,19,5,0,14,9,5,0,0,0,2,0,0,0,0,0,0,0,0,0,0,0,0,3,37,8,0,3,0,0,6,1,22,6,0,0,0,4,0,12,0,9,0,0,3,1,4,0,0,7,0,1,0,0,0
2019-01,32,1,3,1,0,0,9,1,0,1,0,8,0,0,0,0,0,1,0,0,0,0,1,1,1,0,0,0,15,0,0,1,1,12,12,0,1,0,1,1,16,0,10,0,0,0,0,0,0,0,4,0,0,0,0,0
2019-01,33,1,1,0,0,4,2,6,0,0,0,3,0,0,0,0,0,0,0,0,0,0,0,0,1,2,0,0,3,0,0,1,1,0,10,1,0,0,0,0,7,0,5,0,0,0,0,1,0,0,6,1,0,0,0,0
2019-01,34,3,9,1,0,4,1,1,0,0,0,2,0,0,0,0,0,1,0,0,0,0,0,0,0,4,2,0,5,0,0,0,0,6,2,0,0,0,0,0,5,0,3,0,0,0,0,3,0,0,2,0,0,0,0,0
2019-01,35,5,3,2,1,2,1,3,0,0,0,1,0,0,0,0,0,0,0,0,0,0,1,1,0,1,0,0,2,0,0,0,3,9,1,0,0,0,1,0,3,0,5,0,0,1,2,1,0,0,2,1,2,0,0,0
2019-01,36,0,2,0,0,1,0,4,0,0,0,0,0,0,0,0,0,0,0,0,0,0,0,0,0,7,0,0,0,0,0,1,0,3,0,0,0,0,0,0,2,1,0,0,0,0,1,4,0,0,1,0,0,0,0,0
2019-01,37,0,0,0,0,1,0,1,0,1,0,1,0,0,0,0,0,0,0,0,0,0,0,0,1,2,0,0,0,0,0,0,0,2,0,0,0,0,1,0,2,0,3,0,0,0,1,1,2,0,0,0,0,0,0,0
2019-01,38,1,5,1,0,8,3,13,0,0,0,1,0,0,0,0,0,0,0,0,1,0,0,0,0,2,1,0,1,0,0,1,23,6,2,0,0,0,1,0,3,0,1,0,0,0,1,3,1,0,5,0,0,0,0,0
2019-01,39,3,3,0,0,3,1,8,0,0,0,0,0,0,0,0,0,0,0,0,1,0,0,0,0,5,4,0,0,0,0,2,1,14,2,0,0,0,7,0,2,0,1,0,0,0,0,4,0,0,5,0,0,0,0,0
2019-01,40,0,3,1,0,2,0,21,0,1,0,0,0,0,0,0,0,0,0,0,0,1,2,0,1,0,0,0,0,0,0,0,2,1,1,0,0,0,0,0,1,0,2,0,0,0,1,0,1,0,3,1,0,0,0,0
2019-01,41,2,5,1,1,3,1,3,0,1,0,3,0,0,0,0,0,1,0,0,1,0,0,0,1,41,11,0,7,0,0,3,6,20,14,0,0,0,5,0,14,0,6,0,0,0,0,1,0,0,31,0,1,0,0,0
2019-01,42,3,29,2,0,10,2,13,0,0,0,0,0,0,0,0,0,0,1,0,0,0,1,0,3,7,4,0,1,0,0,0,1,7,8,0,0,0,0,0,13,0,2,0,0,0,0,2,2,0,9,0,0,0,0,0
2019-01,43,3,17,1,1,6,1,51,0,0,0,2,0,0,0,0,0,0,0,0,1,0,3,0,7,4,8,0,5,0,2,0,6,42,12,0,0,0,3,0,18,2,3,0,0,1,6,4,3,0,23,0,0,0,0,0
2019-01,44,3,32,2,0,7,2,23,0,1,0,0,0,0,0,0,0,2,0,0,2,1,2,0,0,6,1,0,1,0,0,1,3,115,4,0,0,0,8,0,13,0,1,0,0,3,3,8,3,0,30,0,2,0,0,0
2019-01,45,1,4,2,0,10,0,0,0,0,0,1,0,0,0,0,0,0,0,0,0,0,1,0,1,2,0,0,1,0,0,2,0,42,0,0,0,0,4,0,5,0,1,0,0,0,3,3,1,0,22,0,0,0,0,0
2019-01,46,3,30,0,0,17,3,16,0,2,0,2,0,0,1,0,0,0,0,0,3,0,2,0,5,2,0,0,5,0,0,0,5,36,1,0,0,0,8,0,32,0,2,0,0,2,5,8,4,0,22,1,0,0,0,0
2019-01,47,3,0,0,0,3,0,1,0,0,0,1,0,0,0,0,0,0,0,0,0,0,0,0,0,1,0,0,0,0,0,0,0,3,0,0,0,0,0,0,0,0,0,0,0,0,1,1,0,0,6,0,0,0,0,0
2019-01,48,4,9,0,0,5,0,5,0,0,0,0,0,0,0,0,0,0,1,0,0,0,0,0,0,3,0,0,1,0,0,0,3,68,1,0,0,0,2,0,4,1,1,0,0,1,4,4,1,0,27,1,0,0,0,0
2019-01,49,1,75,1,0,24,2,8,1,3,0,3,0,0,0,0,0,0,1,0,0,0,7,0,3,16,2,0,2,0,0,4,12,120,11,0,0,0,2,0,56,2,2,1,0,2,8,13,16,0,60,1,4,0,0,0
2019-01,50,0,4,1,0,4,0,0,1,0,0,2,0,0,0,0,0,3,1,0,0,0,0,0,4,2,0,0,0,0,0,1,0,16,3,0,0,0,3,0,3,0,1,0,0,0,0,1,1,0,4,0,0,0,0,0
2019-01,51,0,16,0,0,11,0,1,0,0,0,0,0,0,1,0,0,0,1,0,0,0,0,0,1,3,0,0,4,0,1,4,3,19,1,0,0,0,3,0,11,0,1,0,0,0,5,3,3,0,23,2,1,0,0,0
2019-01,52,6,39,2,0,19,0,2,0,0,0,0,0,0,0,0,0,1,0,0,0,0,3,0,0,8,1,0,0,0,0,0,5,83,10,0,0,0,1,0,11,0,4,0,0,4,5,13,1,0,33,1,0,0,0,0
2019-01,53,2,43,3,0,19,4,6,0,0,1,2,0,0,4,0,0,2,7,0,0,0,2,0,3,26,0,0,2,0,0,0,3,65,3,0,0,0,7,0,37,2,1,1,0,0,6,7,7,0,41,2,0,1,0,0
2019-01,54,0,0,0,0,1,0,2,0,0,0,0,0,0,0,0,0,0,0,0,0,0,0,0,0,1,0,0,0,0,0,0,0,1,0,0,0,0,1,0,8,0,0,0,0,0,1,0,0,0,2,0,0,0,0,0
2019-01,55,0,12,1,0,9,1,0,0,0,0,0,0,0,0,0,0,0,1,0,0,0,0,0,1,13,0,0,0,0,0,1,3,27,5,0,0,0,0,0,10,0,0,0,0,1,5,10,0,0,18,0,0,0,0,0
2019-01,56,5,58,1,0,21,1,0,0,1,0,2,0,0,0,0,0,0,1,0,0,0,3,1,0,9,0,0,1,0,0,7,4,143,1,0,0,0,4,0,25,0,1,0,0,4,41,0,0,0,126,0,0,0,0,0
2019-01,57,2,16,1,0,7,0,0,0,0,0,0,0,0,0,0,0,1,1,0,0,0,0,0,4,9,0,0,0,0,0,5,2,14,10,0,0,0,0,0,3,0,0,0,0,2,4,1,0,0,9,0,0,0,0,0
2019-01,58,3,31,1,0,11,0,2,0,1,0,4,0,0,0,0,0,0,2,0,0,0,0,0,5,14,0,0,1,0,0,4,0,13,10,0,0,0,3,0,6,0,3,0,0,0,4,7,1,0,15,0,0,0,0,0
2019-01,59,1,8,1,0,4,1,2,1,0,0,0,0,0,0,0,0,0,0,0,0,0,2,0,0,6,1,0,3,0,0,1,0,12,6,0,0,0,2,0,3,0,3,0,0,0,4,8,0,0,9,0,1,0,0,0
2019-01,60,7,11,4,0,8,0,4,0,0,0,5,0,0,0,0,0,0,0,0,1,1,0,0,1,8,2,0,0,0,0,1,0,39,7,0,0,0,1,0,15,0,4,0,0,2,6,9,1,0,32,0,2,0,0,0
2019-01,61,5,17,2,1,16,3,9,0,2,0,1,0,0,0,0,0,2,0,0,0,0,4,0,4,17,2,0,1,0,0,2,6,24,4,0,0,0,7,0,15,0,5,0,0,0,5,9,6,0,19,0,0,0,0,0
2019-01,62,4,24,2,0,5,0,0,0,1,0,0,0,0,0,0,0,0,0,0,0,0,1,0,3,9,0,0,1,0,0,1,0,29,1,0,0,0,0,0,4,0,1,0,0,6,0,2,1,0,14,1,0,0,0,0
2019-01,63,11,16,10,0,11,0,5,0,0,0,0,0,0,0,0,0,0,2,0,0,0,1,0,5,12,1,0,1,0,0,1,0,18,6,0,0,0,5,0,2,0,3,0,0,0,5,2,0,0,11,0,0,0,0,0
2019-01,64,6,50,0,0,11,1,1,0,2,0,0,0,0,0,0,0,0,3,0,1,0,0,0,2,8,0,0,2,0,0,3,7,54,1,0,0,0,0,0,9,0,3,0,0,2,19,0,0,0,81,1,1,0,0,0
2019-01,65,11,41,3,0,11,0,1,0,0,0,1,0,0,0,0,0,0,1,0,0,0,2,0,7,12,0,0,2,0,0,2,11,78,1,0,0,0,4,0,4,0,1,0,0,0,8,2,2,0,43,1,1,0,0,0
2019-01,66,11,59,5,0,22,1,18,0,1,0,5,0,0,0,0,0,2,5,0,0,0,4,0,9,29,3,0,1,0,0,0,6,62,8,0,0,0,8,0,18,0,2,0,0,0,17,9,4,0,23,1,0,0,0,0
2019-01,67,6,23,1,0,22,8,14,0,0,0,0,0,0,0,0,0,1,0,0,0,0,2,0,1,8,4,0,1,0,0,1,3,15,0,0,0,0,4,0,17,0,3,0,0,0,4,2,13,0,26,0,0,1,0,0
2019-01,68,5,8,0,0,7,1,18,0,0,0,1,0,0,0,0,0,1,0,0,0,0,1,0,2,6,3,0,2,0,0,0,5,18,4,0,0,0,9,0,11,0,2,0,0,3,0,2,12,0,11,0,0,0,0,0
2019-01,69,3,24,3,0,15,0,19,1,0,0,1,0,0,0,0,0,0,0,0,0,0,2,0,4,4,7,0,7,0,0,1,2,67,10,0,0,0,5,0,19,0,3,0,0,2,5,12,9,0,26,3,0,2,0,0
2019-01,70,13,43,3,0,17,1,0,0,0,0,1,0,0,0,0,0,2,0,0,0,0,4,0,4,8,0,0,1,0,0,7,1,137,3,0,0,0,7,0,14,0,1,0,0,1,11,15,2,0,69,0,1,0,0,0
2019-01,71,13,40,3,0,22,4,25,2,2,0,3,0,0,0,0,0,2,2,0,0,0,2,0,4,21,5,0,3,0,0,1,1,105,2,0,0,0,14,0,27,1,5,0,0,3,3,9,7,0,75,3,2,0,0,0
2019-01,72,1,28,1,0,11,0,0,0,1,0,0,0,0,0,0,0,0,2,0,0,0,2,0,0,1,0,0,2,0,0,0,0,128,9,0,0,0,1,0,6,0,3,0,0,8,8,5,0,0,108,0,2,0,0,0
2019-01,73,4,28,2,0,14,0,8,0,1,0,1,0,0,1,0,0,1,1,0,0,0,2,0,2,13,0,0,2,0,1,0,4,108,2,0,0,0,8,0,37,1,2,0,0,0,6,6,2,0,53,0,1,0,0,0
2019-01,74,1,14,0,0,4,0,0,0,0,0,1,0,0,0,0,0,0,0,0,0,0,0,0,2,13,0,0,1,0,0,2,2,121,3,0,0,0,0,0,14,0,0,0,0,0,5,12,0,0,111,0,1,0,0,0
2019-01,75,2,28,2,2,8,0,5,0,0,0,2,0,0,0,0,0,1,2,0,1,0,1,0,0,27,0,0,3,0,0,1,1,78,0,0,0,0,7,0,20,0,5,0,0,2,6,12,2,0,67,1,1,0,0,0
2019-01,76,0,0,2,0,0,0,0,0,0,0,2,0,0,0,0,0,0,0,0,0,0,0,0,0,1,0,0,2,0,0,0,0,12,8,0,0,0,2,0,4,0,0,0,0,0,0,1,0,0,13,0,0,0,0,0
2019-01,77,3,16,1,1,9,26,5,0,2,0,3,0,0,0,0,0,0,0,0,0,0,1,0,3,18,1,0,3,0,0,1,6,53,6,0,0,0,5,0,1,0,2,0,0,10,2,9,0,0,62,3,1,0,0,0
2019-02,0,1048,1567,465,75,848,1130,841,50,256,49,140,3,29,134,2256,230,175,131,73,122,47,134,28,106,9230,214,27,226,170,217,368,582,405,818,5,13,36,203,30,5732,67,327,138,29,323,774,876,247,16,3579,209,95,46,0,15
2019-02,1,36,10,7,2,5,37,15,0,3,0,0,0,0,0,8,0,0,1,0,2,0,0,0,1,162,0,0,2,5,2,6,6,3,14,0,0,0,3,0,51,2,2,0,0,12,5,7,0,0,33,5,1,0,0,0
2019-02,2,40,19,13,4,10,26,10,1,5,0,4,0,2,0,38,5,2,2,0,0,0,3,1,0,261,4,0,4,3,1,7,17,10,9,0,0,0,1,1,58,2,4,2,1,5,18,24,0,0,89,2,1,0,0,0
2019-02,3,6,8,4,3,5,35,8,0,0,0,2,0,0,3,6,3,1,0,1,2,0,3,0,2,82,2,0,4,1,4,5,22,9,19,0,0,0,0,1,46,1,5,0,1,2,5,5,2,0,35,10,1,0,0,0
2019-02,4,21,10,4,0,13,15,4,1,0,0,1,1,0,0,27,25,3,2,0,0,1,1,0,3,63,0,0,3,2,2,1,12,3,23,0,0,1,0,2,32,9,8,1,2,6,12,12,0,0,78,7,1,0,0,0
2019-02,5,16,18,9,1,10,14,2,0,6,0,1,0,0,0,22,22,3,0,0,5,0,4,0,2,122,1,0,3,2,0,4,22,11,19,0,1,0,2,0,99,1,2,1,0,8,2,24,0,0,79,12,1,0,0,1
2019-02,6,9,12,9,3,14,40,11,0,3,3,4,1,0,1,32,4,1,1,2,3,0,3,0,3,231,2,0,8,11,6,2,9,11,19,0,0,1,4,0,59,0,21,2,1,6,14,21,2,0,91,13,4,0,0,1
2019-02,7,10,26,12,3,7,26,9,0,3,0,3,0,0,1,13,2,6,3,1,2,0,0,0,1,305,1,0,8,4,1,3,18,6,29,0,0,0,4,0,65,0,8,2,2,5,5,21,1,0,65,8,0,0,0,1
2019-02,8,13,5,8,2,2,25,11,0,1,0,6,0,0,3,11,1,4,0,0,4,4,1,0,2,270,1,0,17,1,1,1,1,12,45,0,0,0,2,3,75,1,11,0,0,4,3,3,0,0,10,1,2,1,0,1
2019-02,9,4,10,0,0,8,1,2,1,1,0,2,0,0,0,14,0,1,0,0,1,2,1,0,0,71,0,0,2,0,1,6,2,4,3,1,0,0,0,0,16,0,0,0,3,2,8,5,0,0,58,0,1,0,0,0
2019-02,10,16,38,12,1,18,8,2,0,7,0,2,0,1,0,57,0,1,2,2,3,0,0,0,1,123,0,0,1,2,1,13,8,13,7,0,0,4,3,0,144,2,2,1,0,3,12,23,1,0,187,3,5,0,0,0
2019-02,11,4,30,3,2,8,10,0,0,2,0,1,0,1,1,35,0,4,0,0,0,0,3,0,0,94,2,1,0,3,0,10,9,11,13,0,0,1,0,0,40,1,1,1,0,3,11,18,0,0,94,2,3,0,0,0
2019-02,12,1,8,1,0,4,4,1,0,5,0,1,0,0,0,33,0,0,0,1,1,0,1,0,0,80,1,0,1,2,1,2,7,8,7,0,0,2,1,0,58,2,1,1,0,3,11,9,0,0,115,1,2,0,0,0
2019-02,13,0,13,5,2,5,3,0,0,4,0,2,0,0,0,14,0,1,0,0,1,0,0,0,0,80,0,0,0,0,0,4,6,7,2,0,0,1,0,0,35,1,3,0,0,1,9,7,0,0,41,2,1,0,0,0
2019-02,14,15,32,20,2,13,14,5,0,0,1,0,0,1,1,32,6,3,2,0,0,0,3,0,1,127,2,1,2,2,0,5,12,1,20,0,0,2,0,1,49,0,2,2,0,8,9,14,2,0,75,8,1,0,0,0
2019-02,15,41,56,24,1,29,24,8,2,6,0,3,0,3,1,67,1,7,3,4,2,1,5,0,2,179,2,0,4,5,6,6,12,16,12,0,0,3,0,0,140,3,4,1,0,8,33,20,0,0,158,1,2,0,0,1
2019-02,16,27,28,12,1,28,25,4,0,2,0,0,0,0,3,43,3,7,4,0,3,1,0,0,0,310,10,0,1,3,1,11,10,6,18,0,1,0,1,0,88,0,4,2,0,6,9,20,3,0,122,0,2,1,0,1
2019-02,17,13,27,11,3,19,27,3,1,5,0,2,0,0,1,38,0,5,1,1,2,1,3,0,1,180,2,0,2,7,0,13,6,7,32,0,0,0,1,0,84,1,0,0,1,15,18,28,2,1,110,1,1,0,0,0
2019-02,18,2,10,5,1,3,1,3,1,1,0,0,0,0,0,7,0,3,1,0,0,0,1,0,0,71,1,0,0,0,0,4,7,2,3,0,0,0,1,0,26,0,1,0,0,0,7,4,2,0,19,0,1,0,0,0
2019-02,19,26,68,26,4,30,21,4,2,5,0,2,0,1,2,76,4,6,7,2,1,0,2,0,5,446,2,0,2,6,3,20,13,7,20,0,0,0,2,0,69,1,9,1,1,2,24,27,0,0,41,3,1,2,0,1
2019-02,20,10,7,21,0,10,17,2,2,2,0,0,0,0,1,16,1,4,3,0,0,0,0,0,0,50,1,0,1,5,3,1,5,2,10,0,0,0,1,0,26,0,3,0,0,4,6,9,0,0,19,0,0,0,0,0
2019-02,21,27,25,10,0,7,13,1,0,3,0,1,0,0,0,41,8,0,2,0,2,0,3,0,1,86,10,0,2,1,2,1,15,4,8,0,0,0,1,0,47,1,8,2,1,7,8,20,0,0,52,7,0,0,0,0
2019-02,22,31,29,20,2,31,43,12,2,3,0,4,0,1,3,51,6,2,3,4,7,0,4,0,4,247,2,4,6,3,7,17,31,9,32,1,0,1,3,2,140,3,9,1,0,61,16,22,4,1,119,6,3,0,0,0
2019-02,23,35,18,4,0,20,39,37,5,7,2,3,0,0,8,63,3,2,1,3,1,0,3,1,6,130,1,2,4,1,10,5,16,4,1,0,0,1,2,0,82,1,1,0,0,3,10,20,8,1,31,4,2,1,0,1
2019-02,24,37,35,11,1,35,44,11,1,2,2,7,0,0,6,55,12,13,6,15,2,0,4,1,2,381,11,0,7,6,14,14,18,16,26,0,0,3,3,0,142,1,15,1,0,91,25,67,7,0,74,8,1,0,0,0
2019-02,25,34,71,20,2,37,54,47,0,7,0,5,0,0,9,103,2,6,8,0,4,0,12,0,3,277,1,1,2,6,8,3,24,6,4,0,0,0,10,1,168,0,4,1,1,7,18,35,9,3,111,7,6,0,0,0
2019-02,26,4,2,4,0,9,11,24,3,4,4,0,0,1,5,36,0,1,0,0,1,0,0,0,0,42,0,1,2,1,4,3,1,0,2,0,0,0,1,3,44,0,3,0,1,2,7,5,4,0,6,4,0,1,0,0
2019-02,27,9,8,4,0,11,19,9,2,4,9,0,0,1,8,39,2,1,2,0,2,0,2,0,1,105,0,0,1,6,3,2,0,1,5,0,0,0,3,1,81,1,7,2,0,1,3,2,5,0,11,8,0,0,0,0
2019-02,28,17,11,6,0,7,21,18,1,3,3,14,0,0,4,13,1,5,0,1,3,5,1,1,0,345,4,1,19,1,7,10,3,13,30,0,6,4,3,3,100,1,27,1,0,0,9,1,2,1,30,1,1,1,0,0
2019-02,29,26,15,3,0,8,26,24,0,1,1,0,1,0,3,44,3,1,2,2,5,0,2,0,4,145,1,1,4,1,5,2,4,4,3,0,0,0,4,0,100,1,4,1,2,0,1,4,5,0,17,3,1,0,0,0
2019-02,30,32,27,14,0,13,35,9,3,4,0,1,0,0,2,60,24,1,3,0,1,2,4,0,10,259,2,0,5,7,2,5,8,3,13,0,0,0,6,0,57,1,8,4,1,1,11,10,3,1,18,2,0,1,0,0
2019-02,31,29,9,3,0,15,20,11,0,1,1,2,0,0,5,28,11,1,0,0,4,1,4,0,4,209,7,0,5,1,5,4,6,9,17,0,0,0,1,1,100,0,4,0,0,2,3,4,0,0,20,0,0,0,0,0
2019-02,32,0,1,2,0,0,11,1,3,2,1,7,0,1,0,0,2,0,0,0,1,0,0,1,2,122,0,0,18,0,1,1,2,6,20,0,0,0,0,4,90,1,21,0,0,2,0,1,2,0,7,0,0,0,0,0
2019-02,33,3,1,1,0,0,7,1,0,1,0,1,0,0,0,3,3,3,0,0,1,0,4,0,0,48,0,0,8,1,1,2,0,2,30,0,0,0,0,0,25,0,5,0,0,1,0,0,0,0,5,0,0,0,0,0
2019-02,34,3,4,1,0,4,2,2,0,0,1,0,0,0,0,11,1,0,0,0,0,0,0,0,1,32,2,0,2,2,4,1,2,0,5,0,0,0,1,0,19,1,4,1,0,0,1,2,0,0,4,1,0,0,0,0
2019-02,35,5,5,1,0,4,6,6,0,0,0,1,0,0,0,4,1,2,1,1,0,0,1,0,1,15,2,0,0,0,3,2,0,0,3,0,0,0,1,0,47,0,2,0,0,2,0,1,0,0,6,0,0,0,0,0
2019-02,36,2,3,0,0,3,5,4,0,0,0,0,0,0,0,2,0,2,0,0,0,0,0,0,0,11,0,0,0,0,0,0,0,1,3,1,0,0,2,0,29,1,0,0,0,0,1,0,0,0,1,1,0,0,0,0
2019-02,37,0,0,0,0,1,3,1,0,0,2,0,0,0,1,5,0,0,0,1,0,0,0,0,0,6,0,0,1,1,0,2,3,1,0,0,0,0,0,0,14,0,0,0,0,0,0,1,3,0,3,0,0,0,0,0
2019-02,38,15,11,1,0,12,20,26,0,2,1,1,0,1,1,17,0,1,2,1,1,0,0,0,0,28,3,0,2,3,4,2,5,2,3,0,0,0,5,2,66,1,3,1,0,0,2,3,0,0,5,6,1,1,0,0
2019-02,39,13,4,1,1,2,6,12,1,0,0,0,0,0,0,10,0,1,0,0,1,0,3,0,0,25,1,0,1,0,0,2,2,1,2,0,0,0,1,0,29,0,2,1,0,1,1,4,0,0,9,1,0,0,0,0
2019-02,40,0,4,1,1,1,11,20,0,3,0,0,0,0,1,3,0,0,0,1,0,0,2,0,0,8,0,0,3,0,3,1,1,0,2,0,0,0,3,0,26,0,2,2,1,0,0,1,3,1,0,1,0,0,0,0
2019-02,41,6,2,2,0,8,7,9,0,1,0,0,0,0,0,13,0,4,0,0,0,0,0,2,0,47,11,0,12,0,1,0,7,3,10,0,0,0,4,0,34,1,3,2,1,0,2,1,0,0,34,5,0,1,0,0
2019-02,42,7,24,2,0,8,21,22,0,3,0,2,0,0,2,21,0,2,2,4,0,0,2,0,1,28,7,1,1,2,6,3,4,0,5,0,1,1,3,0,79,0,4,3,0,1,6,7,7,0,5,6,0,0,0,1
2019-02,43,15,32,2,3,12,56,100,1,5,0,3,0,1,8,57,0,3,2,2,4,1,1,0,2,160,18,2,5,2,16,4,18,1,9,0,0,0,5,0,94,0,5,2,0,1,13,5,11,0,22,7,0,0,0,0
2019-02,44,5,43,2,2,3,15,33,1,6,1,2,0,2,2,21,0,3,4,3,1,2,1,0,0,125,4,1,4,1,7,3,6,4,2,0,0,0,6,0,79,0,2,5,3,1,12,13,18,0,39,1,3,1,0,0
2019-02,45,2,9,0,0,9,0,2,0,5,0,0,0,0,2,27,0,0,4,1,0,4,0,1,2,43,1,0,4,0,2,0,2,3,1,0,0,0,1,0,61,1,0,0,0,0,9,5,1,0,22,1,0,1,0,0
2019-02,46,3,19,2,5,11,15,20,0,14,0,1,0,3,4,27,2,2,4,0,0,0,1,0,3,42,2,0,1,0,12,0,10,4,6,0,0,0,5,0,151,0,2,4,0,2,20,11,7,0,23,9,1,0,0,0
2019-02,47,4,3,0,0,0,0,0,0,0,0,0,0,0,0,8,0,0,1,1,0,0,1,0,0,13,1,0,0,0,2,0,1,0,0,0,0,0,2,0,11,1,0,0,0,0,4,3,2,0,3,1,0,0,0,0
2019-02,48,3,19,0,0,12,5,3,0,2,0,4,0,0,1,27,0,4,1,1,0,0,0,0,0,46,2,0,1,1,2,3,5,9,4,0,0,0,0,1,100,2,0,0,0,0,7,9,9,0,47,1,1,1,0,0
2019-02,49,21,55,9,2,22,19,18,0,14,0,3,0,0,7,62,0,1,5,2,1,1,4,1,4,141,7,1,8,2,3,8,12,8,7,0,0,0,6,0,177,0,3,9,1,0,28,30,19,1,69,0,5,2,0,1
2019-02,50,2,9,2,0,3,3,3,0,1,0,2,0,1,2,11,0,1,0,0,2,2,1,1,0,40,0,0,1,0,0,3,2,0,2,0,0,0,0,0,21,0,0,0,0,0,4,3,2,0,16,1,0,0,0,0
2019-02,51,1,15,3,0,5,2,0,0,0,1,1,0,0,0,26,1,6,2,1,2,0,1,0,0,127,1,0,1,0,2,0,4,3,18,0,0,0,3,0,60,0,0,2,0,0,4,12,1,0,22,1,1,2,0,0
2019-02,52,17,39,2,0,13,0,1,0,1,0,0,0,0,1,28,0,0,0,0,0,1,1,0,1,171,2,0,1,0,1,5,8,13,0,0,0,0,2,0,120,0,7,0,0,0,18,17,0,0,31,2,0,3,0,0
2019-02,53,7,20,9,4,21,12,17,0,9,1,1,0,1,4,28,0,3,3,3,0,0,3,0,2,157,2,0,0,1,6,6,11,10,2,0,0,1,15,0,167,0,0,2,0,0,19,9,16,0,41,1,2,5,0,0
2019-02,54,0,1,1,0,1,1,3,0,1,0,0,0,0,0,2,0,0,3,1,0,0,0,0,0,30,4,0,0,0,1,3,1,0,0,0,0,0,1,0,23,1,0,0,0,0,0,0,0,0,1,0,0,0,0,0
2019-02,55,0,28,0,0,4,1,2,0,0,0,0,0,0,0,10,0,0,1,0,0,1,0,0,0,81,2,0,0,0,1,4,5,7,3,0,0,0,3,0,58,1,1,0,0,0,7,4,0,0,28,0,2,0,0,0
2019-02,56,37,34,2,1,23,4,2,0,2,1,0,0,0,2,55,5,2,0,0,0,0,3,0,4,138,1,0,0,8,1,20,13,16,17,2,1,0,2,0,136,1,0,1,0,4,43,23,0,0,134,6,1,5,0,0
2019-02,57,11,4,0,0,7,3,0,0,2,0,0,0,0,0,10,15,3,2,1,0,0,1,0,0,50,0,0,0,1,0,2,1,3,13,0,0,1,0,0,28,1,1,4,1,1,8,6,1,0,15,1,1,0,0,0
2019-02,58,18,18,4,1,12,8,4,1,3,0,1,0,0,0,36,16,0,4,0,1,1,4,0,2,59,0,0,1,4,0,12,5,0,44,0,0,1,5,0,42,0,1,0,0,0,8,9,2,2,19,2,1,1,0,0
2019-02,59,14,13,1,0,4,1,3,0,1,0,3,0,0,0,11,11,0,0,0,3,0,1,1,1,52,2,0,0,0,1,3,0,1,7,0,0,1,0,0,34,0,5,0,0,2,4,7,3,1,13,1,2,0,0,0
2019-02,60,10,16,5,1,14,5,1,0,0,0,1,0,1,0,26,1,0,1,0,2,0,2,0,1,65,11,0,1,0,0,5,1,2,8,0,1,0,2,0,49,0,10,1,0,1,5,16,1,0,37,0,0,0,0,0
2019-02,61,13,26,5,0,19,14,21,1,2,0,4,0,0,3,44,3,5,1,1,2,1,1,0,1,82,6,0,2,3,5,8,3,5,10,0,0,0,4,0,89,1,9,6,0,0,7,12,11,0,27,3,2,0,0,0
2019-02,62,19,17,1,0,10,1,1,1,2,0,0,0,0,1,22,3,0,0,1,0,0,1,2,2,36,0,0,0,1,3,5,2,4,7,0,0,0,2,0,43,1,1,1,0,1,8,0,1,0,19,0,2,0,0,1
2019-02,63,27,12,17,0,16,5,1,3,8,0,0,0,0,2,39,6,0,3,0,4,0,2,0,0,64,2,1,4,2,3,6,5,5,23,0,0,0,2,0,29,0,3,2,0,1,12,6,0,0,14,3,0,3,0,0
2019-02,64,23,48,1,1,8,1,3,0,2,0,1,0,0,1,19,0,1,0,0,1,0,3,0,2,37,0,0,3,6,2,7,10,8,5,0,0,0,0,0,69,0,3,0,0,2,7,4,1,0,83,0,4,2,0,0
2019-02,65,18,31,4,2,15,6,2,0,5,0,2,0,0,0,31,3,0,1,0,4,0,0,2,2,55,1,0,0,2,1,7,16,16,7,0,0,0,1,1,68,0,1,0,0,2,10,1,0,0,32,3,1,0,0,0
2019-02,66,41,49,8,3,14,15,21,2,8,0,2,0,1,2,80,5,2,3,0,1,2,1,10,4,142,3,4,0,3,2,3,8,11,6,0,0,0,8,0,118,0,1,2,0,2,21,12,12,1,38,1,0,1,0,1
2019-02,67,5,17,4,0,20,15,32,1,8,2,3,0,1,2,51,0,2,2,1,1,7,2,0,0,91,7,3,0,6,5,7,8,1,9,0,0,0,9,0,99,1,1,3,0,0,14,15,10,1,26,2,2,2,0,0
2019-02,68,5,17,4,0,8,22,24,0,2,4,1,0,1,4,24,0,2,4,1,1,0,0,0,0,57,6,0,3,3,3,3,5,0,8,0,0,0,3,1,75,2,6,2,0,1,11,13,13,0,19,0,2,3,0,0
2019-02,69,12,31,4,3,15,30,51,0,4,5,7,0,3,3,33,0,4,2,2,4,2,1,1,0,91,5,0,6,4,5,1,9,10,5,0,0,2,7,1,142,2,6,4,0,1,12,15,9,0,22,2,2,1,0,1
2019-02,70,25,52,2,2,13,5,3,5,9,0,1,0,0,2,76,1,3,2,0,4,1,1,0,1,153,2,0,0,2,0,6,13,7,10,0,0,2,8,0,122,2,1,6,0,2,28,14,1,0,90,0,2,1,0,1
2019-02,71,6,46,11,0,16,21,46,0,9,2,4,0,0,0,85,0,6,3,1,5,1,2,0,4,204,11,0,2,1,4,2,8,2,7,0,0,2,7,0,156,0,6,9,1,7,18,22,7,0,56,1,1,0,0,0
2019-02,72,9,12,2,0,13,2,0,0,6,0,0,0,0,0,18,0,4,3,1,1,1,1,1,0,148,4,0,0,0,0,1,5,2,6,0,0,0,3,0,80,0,0,16,1,2,18,12,0,0,116,1,2,0,0,0
2019-02,73,10,47,3,0,6,6,2,1,4,1,1,0,0,3,17,0,5,3,2,2,1,3,0,2,165,2,1,1,5,2,4,11,2,5,0,2,1,3,1,184,2,2,2,1,0,12,14,7,1,48,4,1,1,0,0
2019-02,74,3,9,1,1,6,6,0,0,3,0,1,0,0,0,3,0,0,0,0,4,0,0,0,0,106,1,0,0,0,0,1,1,4,3,0,0,0,0,0,53,0,1,3,0,0,11,14,1,0,139,0,3,0,0,0
2019-02,75,0,19,5,1,7,3,3,0,6,0,0,0,0,2,15,0,2,1,0,2,0,0,0,1,162,4,0,2,1,0,10,5,2,7,0,0,0,2,0,129,2,11,7,0,2,19,15,1,0,98,1,3,1,0,0
2019-02,76,7,1,2,0,3,4,1,0,0,0,0,0,0,0,3,0,0,0,0,0,0,0,0,0,20,1,1,0,0,0,7,1,2,0,0,0,0,2,0,7,0,1,0,1,1,2,0,0,0,12,0,1,0,0,0
2019-02,77,10,12,30,1,6,27,7,1,0,0,6,0,0,0,13,2,1,2,0,2,0,6,1,1,174,0,0,5,4,2,3,11,6,9,0,0,0,1,0,79,4,10,5,0,2,6,13,3,0,71,3,1,0,0,1
2019-03,0,2432,2454,1354,105,1303,1597,331,83,1244,375,209,75,644,611,3576,3244,499,140,336,370,419,232,353,168,14660,576,382,316,2299,1052,874,943,733,2228,51,189,441,755,363,8265,391,1785,764,347,385,1176,1758,499,421,3965,659,154,327,0,196
2019-03,1,60,16,22,4,11,38,9,1,14,0,6,0,4,3,13,31,3,1,0,8,5,5,1,5,91,1,1,1,28,20,13,17,8,11,1,0,6,6,2,55,4,33,9,1,6,5,13,0,3,51,15,1,3,0,2
2019-03,2,72,37,52,3,17,39,1,2,29,2,8,1,14,14,70,45,9,1,3,5,3,5,2,1,455,0,2,17,61,30,20,27,14,34,1,0,5,3,3,91,7,20,23,15,14,23,57,2,2,151,15,4,4,0,6
2019-03,3,37,14,24,2,6,34,5,0,15,5,10,2,3,14,8,37,2,1,5,12,1,4,9,2,123,0,2,4,25,11,7,17,7,51,0,4,6,4,4,55,2,32,4,2,3,5,14,4,1,43,26,2,1,0,12
2019-03,4,29,27,19,0,13,27,3,1,8,1,10,0,5,4,40,77,2,4,2,4,7,1,4,1,194,0,2,7,40,11,14,14,10,31,2,0,6,5,3,89,6,17,10,7,17,24,86,3,1,148,29,0,0,0,6
2019-03,5,17,22,28,1,15,16,0,1,29,1,10,3,1,4,28,266,22,1,6,5,2,1,5,1,183,2,6,0,18,6,8,18,16,42,2,3,9,8,7,109,5,39,4,4,7,8,44,2,1,108,14,1,1,0,6
2019-03,6,65,31,39,1,23,32,5,4,8,1,7,3,11,6,34,96,22,3,5,11,10,4,3,2,355,2,5,9,117,19,23,28,15,235,2,25,22,2,6,115,10,68,11,3,12,5,61,5,0,61,27,0,3,0,14
2019-03,7,20,21,14,1,18,14,7,1,24,1,3,0,10,5,34,69,31,1,6,7,13,0,0,0,360,2,2,6,54,35,24,19,7,47,0,2,11,3,5,37,7,48,2,5,16,21,73,1,3,36,20,0,9,0,9
2019-03,8,19,2,4,0,6,23,0,1,6,3,10,1,2,6,12,74,19,1,2,20,2,0,4,2,325,1,3,32,7,9,27,10,18,64,0,2,4,5,8,88,19,82,1,2,1,7,6,2,2,29,7,0,3,0,3
2019-03,9,4,17,14,0,12,2,1,0,13,0,0,0,2,0,22,1,4,0,1,1,2,0,0,0,202,4,1,1,0,1,12,22,4,9,0,0,6,1,1,83,0,5,6,5,19,12,20,0,1,72,7,3,1,0,2
2019-03,10,20,51,25,1,28,10,0,0,34,0,2,0,7,2,71,19,10,1,4,5,1,5,3,1,415,5,10,3,21,11,40,22,15,21,0,2,7,2,2,152,4,21,26,9,21,41,49,2,0,208,5,3,2,0,6
2019-03,11,34,27,12,2,15,14,0,0,15,1,0,1,8,1,32,35,9,4,5,1,1,2,1,2,171,5,6,2,26,8,24,4,6,14,2,2,3,0,1,66,5,15,3,9,2,20,28,0,2,118,4,4,2,0,2
2019-03,12,7,13,4,0,14,2,0,0,8,0,1,0,9,2,41,23,4,0,7,0,4,3,8,0,170,5,6,0,15,7,15,11,12,20,0,0,4,0,2,99,6,10,15,9,8,17,20,1,4,138,1,4,3,0,5
2019-03,13,19,9,19,3,8,1,0,1,13,0,0,1,2,1,16,5,1,0,4,1,1,1,1,1,123,5,1,0,4,2,4,7,4,10,0,2,1,1,7,27,4,9,3,9,2,10,11,1,3,46,9,0,0,0,1
2019-03,14,44,37,60,2,23,27,8,1,17,0,4,0,7,8,53,58,4,6,2,3,10,5,0,2,254,15,8,4,29,11,7,25,6,32,0,2,7,5,5,58,1,31,12,5,14,19,42,4,5,83,16,2,6,0,7
2019-03,15,89,95,71,5,44,65,4,1,63,1,7,1,12,6,72,73,12,3,8,6,5,6,19,7,425,14,6,6,90,20,41,29,13,118,1,17,25,11,3,169,16,44,9,12,38,34,54,6,2,200,25,2,9,0,6
2019-03,16,89,57,53,2,33,33,4,2,37,1,5,0,8,10,94,86,5,5,7,5,9,8,0,3,532,29,4,11,101,11,15,36,21,33,3,5,9,1,11,92,5,23,15,2,15,23,51,5,6,155,19,4,6,0,12
2019-03,17,69,58,48,4,35,32,7,0,32,2,0,1,11,3,74,27,5,0,7,6,4,2,0,1,247,15,7,1,39,1,21,14,15,39,2,4,8,3,4,163,10,16,11,8,4,49,49,0,6,111,11,0,8,0,6
2019-03,18,29,19,13,0,3,7,1,2,1,0,3,0,3,2,14,3,6,0,2,1,3,2,1,0,112,2,3,0,10,2,9,5,2,14,0,0,2,4,1,26,0,1,3,1,3,5,19,0,7,16,4,1,1,0,0
2019-03,19,90,81,78,2,42,35,7,2,37,1,4,1,18,7,96,42,6,4,8,2,5,10,0,2,386,10,3,4,91,28,22,33,13,55,1,2,2,27,4,111,4,34,13,7,3,39,36,5,4,61,13,2,9,0,2
2019-03,20,42,26,36,1,19,10,2,1,49,4,1,0,4,7,38,8,9,2,1,1,6,3,1,0,93,4,4,1,9,10,3,6,2,15,0,6,5,2,1,56,1,8,4,4,3,7,16,4,1,15,9,0,0,0,1
2019-03,21,51,38,53,1,32,18,3,1,16,2,7,0,3,4,62,145,9,2,10,3,1,0,0,2,156,30,5,8,41,13,8,18,2,22,0,2,2,3,5,51,7,15,0,1,18,21,15,2,2,53,9,2,2,0,5
2019-03,22,75,29,72,1,45,40,8,1,28,7,11,0,13,15,72,133,37,2,6,14,18,10,4,14,376,46,3,9,122,45,17,20,14,72,1,5,5,4,9,136,8,44,19,5,17,19,35,3,1,120,10,1,1,0,14
2019-03,23,74,19,46,2,41,44,9,3,22,19,1,1,11,24,118,24,9,7,8,9,1,9,3,9,235,10,3,7,68,35,14,16,10,30,1,1,5,23,9,103,3,37,5,5,3,21,16,13,9,42,9,0,6,0,4
2019-03,24,69,48,47,4,54,57,3,1,39,9,10,1,13,18,89,155,21,7,21,23,9,5,3,10,471,43,7,10,104,27,18,30,21,66,1,2,17,11,15,217,14,51,13,6,15,20,23,12,1,78,30,3,5,0,13
2019-03,25,85,133,49,4,41,60,15,3,31,27,3,1,30,34,172,22,14,14,13,22,29,10,2,3,479,19,30,2,68,53,20,31,7,25,1,6,6,47,13,264,25,38,25,12,3,38,40,19,21,94,29,4,19,0,0
2019-03,26,18,5,12,0,12,14,7,0,7,14,2,0,5,12,52,1,2,0,12,1,4,0,0,0,62,3,2,0,15,8,6,7,0,9,0,0,2,6,4,84,2,23,3,4,0,5,3,11,7,8,3,0,5,0,0
2019-03,27,19,16,3,0,13,21,1,0,7,24,2,1,5,28,60,8,2,0,2,8,1,8,1,1,68,1,1,1,25,24,3,8,1,13,0,2,2,4,9,84,12,13,19,1,2,5,5,5,6,8,3,1,0,0,0
2019-03,28,23,18,15,0,29,29,3,3,17,4,4,0,4,4,38,49,14,1,12,3,2,1,9,1,627,9,3,23,33,27,15,15,13,133,0,0,19,5,21,164,11,146,5,5,3,6,10,8,2,20,6,0,2,0,3
2019-03,29,21,30,12,2,15,34,14,2,19,32,1,2,11,29,87,21,3,1,11,10,7,2,21,0,172,8,10,3,46,32,9,12,3,21,0,3,7,16,6,98,9,22,9,2,1,3,31,16,11,8,8,0,3,0,0
2019-03,30,71,65,43,5,20,27,6,4,21,10,2,0,14,14,95,269,5,5,4,9,8,5,8,10,342,1,6,3,47,13,8,8,4,26,1,1,16,22,4,100,10,45,4,4,5,20,18,7,15,21,5,1,3,0,0
2019-03,31,52,16,6,1,22,14,2,1,20,5,3,0,2,15,32,199,9,1,3,4,17,1,1,0,198,11,2,3,12,4,7,7,8,29,2,1,6,5,7,118,2,38,2,2,3,7,5,3,0,10,3,1,2,0,2
2019-03,32,4,2,7,1,0,12,0,1,0,3,4,3,7,3,1,58,15,0,0,2,0,1,3,3,234,0,2,12,2,7,7,2,8,22,2,3,1,0,6,51,5,62,2,3,0,3,1,0,0,10,2,7,0,0,0
2019-03,33,5,1,2,1,0,18,2,0,4,2,0,0,1,1,5,17,3,1,1,5,1,2,2,2,107,1,4,7,4,3,3,3,2,38,0,0,1,2,1,18,0,11,6,1,0,0,1,1,0,2,0,0,1,0,0
2019-03,34,9,9,4,0,0,2,0,0,4,1,2,0,1,3,12,14,1,0,1,0,2,0,2,0,51,5,2,5,10,2,2,1,1,5,0,0,0,2,2,65,0,16,0,1,0,0,3,0,2,5,0,0,0,0,0
2019-03,35,7,2,3,0,6,5,2,0,0,5,0,1,3,2,4,8,9,0,2,2,2,0,0,0,29,0,1,4,4,4,8,7,1,21,0,0,4,7,0,48,2,10,3,1,0,1,3,2,0,5,4,1,0,0,0
2019-03,36,0,8,0,1,1,1,1,0,0,0,0,0,1,0,2,0,1,0,0,0,0,0,0,0,16,0,0,0,2,1,3,3,1,1,1,2,0,2,0,7,3,1,0,0,0,0,4,1,0,0,2,0,0,0,0
2019-03,37,1,13,0,0,2,6,0,0,3,3,0,0,0,4,9,2,0,0,2,0,0,1,0,1,17,0,1,0,14,4,0,3,0,1,3,2,2,2,1,26,2,7,1,0,0,1,1,3,1,2,0,0,1,0,1
2019-03,38,25,28,6,1,9,11,5,0,7,24,1,0,12,4,17,3,3,2,2,1,16,3,0,0,74,5,7,0,17,9,6,12,3,10,0,3,5,5,9,91,5,23,7,3,2,4,23,4,3,2,3,3,4,0,0
2019-03,39,5,9,3,1,5,18,2,0,2,1,3,0,2,2,10,1,2,0,0,0,5,1,8,1,61,2,1,1,9,3,2,4,2,4,0,0,0,1,4,20,2,7,2,3,1,2,6,2,1,8,2,1,1,0,1
2019-03,40,5,3,2,0,1,8,1,2,5,5,0,2,6,6,12,6,0,0,0,0,4,0,1,2,26,0,2,2,7,10,2,4,0,9,0,0,0,4,5,92,7,7,3,0,0,0,2,3,1,1,4,0,1,0,0
2019-03,41,16,4,1,0,5,10,3,1,4,1,2,1,3,7,10,4,2,1,6,1,0,0,4,1,115,7,1,10,5,3,7,9,3,21,0,0,3,2,3,48,2,4,4,1,1,1,8,2,1,54,6,0,2,0,1
2019-03,42,19,20,5,1,16,22,8,1,7,12,1,8,9,12,36,0,4,1,5,1,14,5,4,1,93,8,5,2,7,22,5,7,0,16,0,0,6,8,7,85,2,11,8,5,2,8,5,19,4,18,17,1,3,0,0
2019-03,43,37,39,11,3,18,79,38,0,14,14,1,25,16,16,69,0,11,6,10,8,11,4,22,0,191,20,14,6,36,52,4,15,3,57,4,12,14,22,14,151,3,12,21,8,1,17,17,12,23,31,18,3,14,0,0
2019-03,44,25,69,11,0,13,48,20,0,27,4,8,0,23,9,54,1,16,1,9,5,10,3,2,5,211,14,8,4,17,26,8,10,2,5,0,1,7,26,11,250,7,30,12,8,3,23,37,23,17,48,4,1,6,0,2
2019-03,45,8,14,3,0,13,6,0,1,8,1,2,0,4,2,31,0,3,0,2,1,5,0,0,1,41,5,0,2,6,3,2,3,2,22,0,2,4,10,1,107,4,6,7,2,0,6,11,0,6,18,2,1,1,0,0
2019-03,46,19,37,3,3,13,18,8,1,8,4,0,1,22,10,60,9,0,2,3,7,7,2,3,4,105,6,7,3,11,16,16,11,3,21,0,4,6,16,3,101,5,6,20,4,3,11,23,23,14,28,7,0,5,0,0
2019-03,47,3,2,1,0,1,2,0,0,1,1,1,0,0,4,4,0,1,0,0,1,0,1,0,0,25,0,1,0,5,2,0,2,0,5,0,0,0,4,0,9,0,1,4,0,0,1,0,6,1,2,1,0,0,0,0
2019-03,48,5,32,4,0,13,5,0,0,8,0,3,0,6,2,24,4,4,2,0,2,5,2,1,2,98,8,3,4,3,5,3,3,9,4,0,0,1,6,2,127,2,6,9,6,3,20,24,4,6,46,5,0,5,0,1
2019-03,49,39,82,13,2,33,41,6,12,21,17,1,1,23,14,127,2,5,4,12,11,18,5,1,3,275,12,16,7,26,32,15,9,16,7,1,2,8,37,6,261,5,9,48,11,3,40,37,31,20,74,13,5,8,0,2
2019-03,50,2,11,1,3,6,4,1,0,1,0,0,2,2,0,9,0,2,4,2,0,1,0,0,0,31,1,2,1,9,2,1,5,1,6,0,0,3,6,1,39,0,1,6,2,1,4,9,3,6,24,0,1,2,0,1
2019-03,51,6,9,13,1,6,12,0,1,15,0,0,1,5,4,26,6,2,0,3,2,4,3,1,1,146,5,8,1,7,2,6,17,2,9,0,0,3,12,5,43,4,18,16,2,0,10,7,6,6,20,8,0,5,0,1
2019-03,52,16,44,15,2,41,18,2,1,10,0,0,0,5,4,36,23,6,1,3,1,4,4,0,4,128,9,1,1,2,4,5,25,7,9,0,0,0,3,1,145,2,16,3,2,2,11,19,3,4,36,6,1,7,0,2
2019-03,53,30,42,6,3,17,17,6,3,15,13,1,0,19,12,66,6,6,3,6,2,6,7,0,9,116,16,14,1,15,30,11,11,13,11,0,1,18,28,10,233,5,7,29,6,1,37,23,17,20,52,2,3,4,0,1
2019-03,54,1,0,0,0,0,2,1,1,0,0,0,1,3,2,3,0,0,0,1,0,0,0,0,0,24,14,1,0,3,1,1,3,0,0,0,0,2,5,0,52,0,4,1,0,0,2,1,0,4,1,1,0,3,0,1
2019-03,55,8,44,5,1,7,5,0,0,2,0,0,0,0,0,16,8,0,0,0,2,1,1,5,1,78,2,0,0,2,0,6,9,2,12,1,0,1,1,0,135,2,9,3,4,1,6,6,0,0,21,5,2,3,0,0
2019-03,56,48,66,13,0,47,7,3,0,28,0,2,0,8,2,74,19,6,3,9,4,4,4,26,1,252,2,7,3,61,11,39,10,50,38,2,4,3,11,4,125,5,15,7,2,1,22,21,1,1,108,5,5,14,0,1
2019-03,57,34,3,3,1,3,5,0,1,2,2,1,0,1,1,13,85,2,1,0,5,0,0,0,0,54,1,4,1,10,6,5,1,1,16,0,2,4,3,0,25,0,10,6,1,0,4,16,1,1,21,0,0,0,0,1
2019-03,58,54,33,11,2,14,17,1,2,14,0,2,0,11,8,42,120,3,2,2,10,2,3,23,4,202,0,3,0,25,8,13,21,6,40,0,3,6,10,2,59,1,19,3,1,2,19,27,0,3,21,5,0,3,0,0
2019-03,59,35,30,2,2,10,6,1,0,6,0,0,1,8,8,21,213,2,1,2,4,0,0,0,1,83,1,3,0,9,3,5,13,2,19,0,2,7,2,2,64,0,26,0,1,4,3,8,0,1,28,3,0,2,0,0
2019-03,60,37,17,7,0,12,17,2,0,13,0,0,0,9,4,28,91,2,3,1,7,1,2,0,1,91,6,1,4,27,4,5,9,11,24,0,1,8,6,3,135,5,19,5,10,3,15,24,6,1,66,7,1,1,0,1
2019-03,61,54,60,9,1,22,32,8,1,36,11,1,1,10,14,63,38,5,2,4,3,13,1,58,4,220,7,5,4,41,14,21,17,6,12,0,4,8,17,6,441,8,29,12,13,2,15,23,7,18,17,11,34,12,0,1
2019-03,62,21,37,0,0,13,6,0,0,13,0,0,0,7,2,26,30,1,0,3,3,0,0,5,1,126,2,0,1,11,5,5,3,24,10,1,0,3,2,0,32,4,5,3,0,1,2,9,2,2,20,1,1,2,0,0
2019-03,63,55,24,27,0,19,13,1,5,12,0,0,0,3,9,61,175,5,0,0,2,2,6,0,3,116,1,9,3,34,18,7,8,5,88,2,6,16,26,3,38,6,16,1,4,2,13,11,4,7,12,6,0,7,0,0
2019-03,64,34,69,5,1,16,8,0,0,21,0,0,0,11,0,59,18,4,0,3,0,4,1,0,2,189,2,2,1,74,3,18,7,87,17,1,0,0,5,1,101,5,15,2,2,3,9,5,3,0,55,5,2,4,0,0
2019-03,65,48,66,9,1,16,21,1,2,24,1,2,0,2,4,43,23,4,0,3,2,1,3,3,2,271,1,1,2,37,10,13,12,96,27,2,2,4,10,0,116,3,21,5,1,1,5,8,1,4,32,2,1,4,0,2
2019-03,66,69,67,24,4,27,48,8,0,31,3,3,0,19,21,111,62,11,4,4,13,5,7,5,3,131,4,15,2,47,22,8,14,7,31,2,1,8,40,13,253,7,25,10,4,5,39,65,12,16,36,14,2,6,0,3
2019-03,67,15,44,7,0,18,32,4,3,56,12,3,1,9,27,93,5,7,2,1,9,6,9,15,0,140,22,6,4,74,32,9,10,4,44,0,0,7,33,7,130,9,26,19,10,0,31,38,40,17,22,12,1,10,0,1
2019-03,68,15,23,5,1,9,23,12,0,6,21,1,0,14,27,43,10,3,1,2,4,15,6,4,3,81,8,12,4,38,33,13,8,0,5,2,6,14,17,5,142,1,15,6,4,4,15,20,31,16,9,11,1,9,0,3
2019-03,69,24,44,6,1,14,38,20,0,9,18,3,1,21,17,61,7,3,0,6,15,12,5,11,2,132,13,15,5,28,30,11,14,7,35,2,8,3,23,12,187,4,58,24,12,0,21,34,34,13,40,10,3,10,0,1
2019-03,70,48,66,4,6,20,14,4,2,26,4,0,1,10,5,104,36,7,5,4,1,0,3,0,0,210,4,4,2,32,10,25,13,7,21,0,1,5,9,3,173,8,22,24,3,6,33,31,2,6,82,11,5,3,0,3
2019-03,71,38,81,22,0,36,53,11,0,36,6,6,0,22,14,123,1,8,4,15,12,15,7,8,8,254,18,19,3,55,28,12,25,8,33,0,6,4,28,8,201,1,18,16,11,4,48,40,28,22,82,15,3,14,0,0
2019-03,72,10,17,10,1,16,4,2,0,8,1,2,0,7,1,50,2,3,1,5,3,3,2,1,0,273,16,2,0,5,3,13,6,10,5,0,0,0,9,2,155,4,17,39,8,7,28,22,0,3,141,5,2,7,0,2
2019-03,73,22,44,10,1,16,14,10,0,11,3,3,0,11,9,63,1,3,1,9,4,15,3,14,4,229,10,3,4,27,16,10,10,10,21,1,2,3,32,9,170,6,28,30,6,2,42,53,5,9,55,7,2,11,0,2
2019-03,74,10,10,4,0,15,4,0,0,21,0,2,1,6,0,47,0,1,0,1,0,2,1,4,1,289,9,1,0,15,1,10,6,4,8,0,0,2,3,1,101,3,18,9,4,1,15,10,1,0,103,3,2,2,0,1
2019-03,75,13,38,20,0,14,7,2,1,15,5,3,2,16,5,52,0,4,2,4,2,10,2,0,0,325,4,9,2,15,6,10,2,8,12,0,2,3,16,1,152,11,31,28,5,4,25,25,7,7,86,6,3,5,0,2
2019-03,76,3,1,8,1,2,1,0,0,4,0,0,0,9,1,5,3,1,1,0,0,0,1,2,0,76,0,1,3,0,0,18,4,2,8,0,0,1,0,0,23,0,1,2,1,1,0,3,0,0,11,0,1,1,0,1
2019-03,77,37,13,36,4,9,38,0,1,7,0,8,0,5,7,12,32,8,1,1,3,2,3,1,4,222,3,5,17,45,12,7,16,6,57,0,6,8,3,7,78,12,39,10,5,30,25,44,3,5,98,17,9,5,0,8
2019-04,0,1940,2285,1440,163,1246,1905,361,173,805,447,123,108,826,713,4023,3730,602,141,334,458,265,344,112,144,8396,491,489,275,2885,962,964,1599,853,2730,64,212,496,823,394,6803,391,2055,1419,738,764,1517,2210,585,448,1950,1178,59,594,0,499
2019-04,1,24,19,11,1,3,45,3,2,10,0,0,0,6,4,15,31,1,0,1,4,0,1,2,2,38,0,5,3,50,5,11,19,4,13,0,0,7,4,4,26,0,33,6,24,5,5,9,0,3,25,19,1,3,0,9
2019-04,2,72,22,63,3,18,48,8,6,12,0,5,0,19,12,83,46,9,2,5,1,5,4,0,4,155,2,5,4,86,24,22,53,13,27,0,3,6,13,7,78,6,59,33,30,16,30,43,2,2,49,37,3,3,0,10
2019-04,3,25,11,9,1,5,38,4,7,16,2,4,2,3,19,10,24,7,2,2,7,0,4,0,2,59,1,14,4,46,14,7,21,7,40,0,4,6,5,4,45,2,21,7,7,9,8,20,3,3,17,35,3,1,0,23
2019-04,4,23,18,16,0,18,35,0,4,22,0,0,1,5,6,38,79,8,2,3,13,2,12,4,0,55,1,7,2,37,11,10,12,6,21,0,0,5,3,4,61,6,34,7,7,27,22,20,2,1,53,20,0,1,0,23
2019-04,5,22,18,29,4,20,26,1,6,2,1,1,2,7,4,35,172,11,1,3,3,2,2,0,0,72,2,5,2,33,12,2,29,8,41,0,1,2,11,0,67,3,17,9,17,47,22,98,1,3,33,27,1,0,0,16
2019-04,6,30,17,36,4,24,32,6,3,38,2,3,12,22,12,49,133,35,6,9,19,12,4,2,1,187,2,7,12,137,30,31,33,11,122,1,2,16,6,16,109,9,168,13,40,23,16,34,2,0,50,28,2,2,0,23
2019-04,7,31,27,20,2,17,23,4,1,2,1,1,18,9,4,29,64,36,1,0,6,1,4,0,5,167,4,6,8,69,27,17,43,33,90,1,1,10,4,11,40,6,22,7,13,19,20,35,0,6,22,31,0,3,0,21
2019-04,8,9,6,15,3,4,19,8,0,5,2,7,10,6,9,8,80,17,0,2,11,3,11,2,1,287,0,12,14,13,23,26,33,22,108,2,5,14,10,15,78,10,78,3,0,3,1,8,0,2,14,21,2,4,0,1
2019-04,9,2,14,9,0,8,4,0,0,0,0,0,0,2,0,18,1,3,0,1,2,0,0,0,0,39,2,0,0,2,3,15,31,12,8,0,0,2,1,1,24,2,3,19,20,13,14,40,1,0,24,12,0,4,0,6
2019-04,10,20,37,23,3,25,10,0,0,17,0,1,3,10,2,92,7,8,7,12,8,2,1,2,2,181,15,3,1,34,13,35,32,19,30,0,1,4,3,5,122,11,33,49,29,29,42,47,4,3,97,13,0,5,0,5
2019-04,11,15,40,17,4,15,7,0,4,10,0,1,1,9,2,46,21,8,3,9,7,0,5,1,4,102,3,6,0,51,7,12,19,10,26,0,2,11,2,6,42,2,16,16,12,11,28,29,0,0,40,7,1,7,0,13
2019-04,12,13,24,10,1,9,3,0,0,5,1,3,0,7,1,43,10,5,1,3,3,1,2,0,1,130,3,7,1,16,9,17,23,16,15,0,0,1,3,2,88,6,9,34,28,29,38,38,1,0,51,19,0,2,0,15
2019-04,13,22,10,19,1,7,8,1,0,11,1,1,2,8,3,32,9,1,1,1,0,0,3,0,0,44,5,4,3,13,3,5,10,7,15,0,0,3,1,4,51,4,7,6,6,3,9,14,2,0,16,13,0,1,0,10
2019-04,14,38,29,36,1,18,15,3,2,10,1,3,0,12,9,48,59,9,2,4,5,4,3,0,4,141,3,2,2,39,11,12,25,12,26,0,2,7,8,1,62,5,50,10,21,18,15,24,2,3,28,12,2,8,0,16
2019-04,15,65,93,49,5,37,32,6,3,20,1,2,0,27,19,97,78,13,2,12,10,2,6,5,3,193,16,9,1,96,13,38,33,19,53,0,0,3,9,2,128,6,66,33,45,36,56,65,5,2,83,27,0,13,0,25
2019-04,16,61,53,41,2,35,24,1,2,23,0,3,1,6,7,65,125,7,5,15,20,5,11,0,1,229,17,3,10,135,9,17,29,15,49,1,0,8,16,7,96,4,19,38,18,26,21,61,1,1,81,25,3,8,0,39
2019-04,17,40,63,52,6,26,30,2,3,20,0,0,0,14,3,93,26,16,0,7,6,1,5,0,1,184,3,1,1,56,8,32,46,34,54,3,11,13,8,6,159,7,27,29,16,14,70,165,8,5,47,18,1,11,0,5
2019-04,18,19,28,8,0,4,10,0,2,5,0,0,0,3,1,20,3,7,5,0,1,1,4,0,2,66,0,2,0,14,10,13,20,4,5,0,0,0,5,4,45,4,9,9,5,7,15,19,0,0,10,6,0,5,0,2
2019-04,19,51,63,74,6,33,51,3,11,9,1,4,1,23,10,131,44,10,3,10,4,3,10,1,3,177,10,8,9,87,18,31,58,19,93,0,6,8,15,3,105,3,37,17,14,9,31,36,1,12,27,29,0,24,0,5
2019-04,20,9,9,26,0,10,9,0,0,5,0,0,0,6,6,37,30,3,0,5,1,0,2,0,2,64,6,0,1,29,3,4,21,2,42,1,1,2,2,2,12,1,3,2,3,6,4,11,2,1,10,5,0,0,0,5
2019-04,21,55,38,12,1,31,27,2,3,9,1,4,0,10,2,43,105,3,1,4,6,2,3,2,2,84,7,3,6,37,7,9,11,8,79,0,1,4,5,6,45,4,30,12,11,9,5,16,3,4,38,15,1,3,0,11
2019-04,22,67,57,63,4,45,75,2,5,16,5,6,0,16,11,76,162,32,2,20,14,9,15,3,4,264,16,4,8,117,27,20,47,23,93,1,4,9,15,8,113,9,48,16,24,38,32,44,12,2,65,39,1,6,0,37
2019-04,23,34,30,44,1,37,43,13,8,14,31,1,1,18,30,119,59,18,6,5,11,7,7,1,11,166,15,15,8,99,29,19,24,11,33,2,4,11,23,6,79,7,40,13,10,17,33,42,10,15,30,12,0,10,0,7
2019-04,24,64,38,69,2,48,86,10,9,31,9,4,0,19,27,55,247,39,5,14,47,11,10,1,6,394,35,10,15,132,29,29,88,39,109,0,2,10,12,20,175,18,65,21,22,35,30,62,9,5,50,76,0,5,0,22
2019-04,25,104,75,111,5,52,78,16,9,53,28,2,1,43,42,198,18,20,15,17,20,23,13,1,8,373,24,14,5,92,38,12,80,12,144,4,19,18,48,16,195,12,66,58,23,19,78,78,24,25,65,43,3,42,0,9
2019-04,26,16,11,26,0,8,27,4,1,15,14,2,0,6,21,45,9,3,0,1,4,3,3,0,0,62,3,3,0,26,9,12,14,2,68,5,11,9,8,1,72,3,14,6,7,0,15,12,23,5,8,4,0,3,0,0
2019-04,27,13,14,17,2,16,21,3,1,6,19,1,0,9,18,57,18,2,0,3,9,2,2,0,1,67,1,7,0,68,14,5,6,6,24,0,0,4,9,7,62,8,34,20,8,7,6,8,12,7,7,6,0,4,0,1
2019-04,28,22,21,13,1,16,18,0,1,19,8,6,3,7,21,27,97,16,0,5,15,2,4,3,0,309,3,7,21,49,22,17,17,24,76,7,2,37,19,18,126,19,113,19,2,3,10,13,3,4,11,19,1,6,0,1
2019-04,29,19,19,24,2,18,43,21,1,7,41,3,0,12,34,90,43,4,3,2,10,9,2,0,1,165,5,10,4,49,23,6,11,9,22,0,2,3,7,5,59,5,22,21,4,77,11,61,13,18,7,8,2,5,0,2
2019-04,30,40,52,39,2,24,61,7,10,25,4,0,3,21,19,73,343,6,4,3,7,2,6,8,6,125,1,7,3,42,13,11,18,4,67,0,4,14,13,4,93,6,12,11,3,2,17,38,4,6,12,23,1,8,0,4
2019-04,31,26,21,8,4,13,48,5,3,10,3,2,3,6,14,35,280,5,1,1,12,6,4,0,3,172,6,12,3,20,14,6,11,9,61,0,0,13,7,2,94,2,29,5,1,4,9,32,5,1,16,15,0,8,0,2
2019-04,32,7,0,6,1,0,6,0,1,7,3,6,0,1,2,3,69,9,0,2,2,0,3,3,0,98,0,3,16,5,3,9,4,24,42,1,0,5,3,5,58,19,67,1,0,0,0,0,0,1,4,6,0,5,0,0
2019-04,33,5,1,4,0,2,8,2,1,3,1,1,1,2,2,1,17,6,0,1,3,0,1,1,0,52,0,6,4,9,3,1,0,3,33,0,0,0,4,4,25,4,14,0,1,3,0,1,0,1,5,2,0,0,0,1
2019-04,34,3,9,1,2,2,20,1,2,4,1,1,0,2,1,11,24,1,0,1,2,1,2,0,0,28,1,3,9,11,3,8,6,1,26,0,0,5,2,0,39,2,8,2,4,2,2,4,1,1,6,2,0,2,0,0
2019-04,35,8,4,2,1,4,12,2,0,8,1,0,8,3,0,4,3,7,1,1,0,2,0,0,1,16,0,1,2,8,1,14,8,18,36,0,6,4,0,4,36,0,13,2,5,2,2,14,1,1,3,6,0,2,0,0
2019-04,36,2,2,1,0,0,3,3,0,1,3,0,5,3,0,3,1,1,0,0,0,2,0,0,0,8,0,1,0,0,3,8,5,4,1,0,0,2,3,0,13,1,1,0,0,1,2,3,0,1,2,0,0,3,0,0
2019-04,37,1,2,0,0,1,0,0,2,0,0,0,0,2,2,10,2,0,0,3,1,0,1,0,1,13,0,1,0,11,3,1,7,0,18,1,2,7,1,0,11,0,3,3,0,0,2,1,3,0,2,2,0,1,0,0
2019-04,38,25,13,7,0,9,16,6,2,5,28,1,2,5,7,29,8,6,1,5,0,1,3,1,1,39,11,10,3,25,6,5,16,2,38,0,3,9,13,4,87,1,44,8,3,4,6,4,2,3,7,15,1,4,0,1
2019-04,39,7,6,1,0,4,16,4,1,1,2,3,0,3,1,13,5,3,2,1,0,1,1,2,0,32,4,7,0,7,2,1,6,4,10,0,0,1,7,2,65,2,8,3,1,3,1,7,2,0,10,0,1,2,0,2
2019-04,40,4,1,1,2,0,15,12,1,5,19,1,1,13,7,12,3,3,0,3,2,0,2,0,0,22,1,2,2,5,7,4,11,1,13,0,2,4,4,4,24,2,22,2,0,1,1,3,1,5,0,6,0,1,0,0
2019-04,41,10,7,8,0,4,10,1,0,4,1,2,2,3,4,11,4,5,2,4,1,1,2,0,1,68,3,9,13,5,1,3,8,6,17,1,1,4,2,6,80,5,11,10,4,6,4,1,2,0,14,6,1,1,0,1
2019-04,42,20,18,3,6,11,26,9,1,2,17,1,5,6,13,24,1,4,1,4,6,4,2,3,0,60,9,7,1,10,13,7,16,3,12,0,2,8,10,5,69,1,50,9,3,12,17,9,11,12,11,8,2,2,0,0
2019-04,43,36,28,13,3,16,78,38,1,7,8,3,9,32,14,63,11,9,0,8,12,14,7,0,6,126,23,9,5,23,22,11,35,10,70,1,10,10,31,9,123,3,21,18,4,4,21,28,25,15,20,28,2,15,0,3
2019-04,44,28,62,21,7,11,45,22,1,13,5,2,0,20,17,63,2,4,0,8,5,7,5,1,2,177,10,10,6,17,13,7,17,13,8,0,0,4,29,7,171,10,18,38,9,3,23,35,24,11,28,16,1,14,0,6
2019-04,45,4,11,1,0,5,9,2,0,5,1,1,0,11,1,25,2,5,4,1,5,12,1,0,0,43,14,4,2,6,11,1,3,2,16,0,0,0,10,1,45,8,2,17,7,0,6,7,6,1,13,4,0,6,0,2
2019-04,46,20,52,16,1,26,39,7,0,14,12,2,0,10,9,77,21,3,1,6,8,7,5,12,0,106,6,3,5,15,16,9,24,5,30,0,0,0,22,6,133,11,5,30,8,2,29,29,28,16,19,19,0,22,0,1
2019-04,47,0,6,0,0,0,4,1,0,3,0,0,0,0,4,5,0,0,0,1,0,0,1,0,0,27,0,1,0,2,3,5,3,1,4,0,0,0,8,0,37,3,2,5,6,0,1,7,15,4,0,0,0,3,0,0
2019-04,48,5,19,6,1,17,9,0,0,9,0,1,0,11,5,36,0,3,2,2,4,3,4,0,1,64,2,2,3,3,8,2,11,7,6,1,0,2,8,4,71,2,5,23,14,6,35,37,8,9,20,10,1,11,0,6
2019-04,49,36,100,18,3,30,38,7,10,18,16,1,0,32,20,135,7,14,7,7,5,8,3,5,2,144,16,16,4,35,22,16,23,25,19,1,4,9,29,9,312,6,14,58,20,6,52,32,46,26,53,26,3,48,0,4
2019-04,50,5,3,6,2,4,6,2,0,2,1,0,2,2,1,19,1,3,2,0,1,2,1,2,0,59,4,4,2,4,2,2,4,1,9,0,2,4,10,7,34,0,4,6,4,1,2,8,7,3,8,5,0,3,0,0
2019-04,51,17,17,13,0,8,14,2,2,4,1,0,0,5,2,36,18,1,0,1,4,3,1,2,0,71,3,6,2,8,6,17,26,2,28,1,0,5,7,5,32,6,13,33,1,2,18,8,1,5,13,22,0,2,0,5
2019-04,52,28,75,13,14,39,7,2,1,10,1,0,0,7,4,44,21,4,1,2,3,0,3,0,1,76,8,6,0,0,4,12,24,16,9,0,0,10,7,8,207,3,16,9,1,1,21,13,2,2,19,26,0,13,0,1
2019-04,53,17,41,20,3,20,16,4,1,8,14,3,0,24,17,93,15,4,3,1,1,3,6,0,7,127,13,7,1,16,14,8,19,17,5,0,0,1,28,9,160,5,24,51,13,2,40,38,38,9,32,27,1,28,0,0
2019-04,54,1,1,0,0,1,4,1,1,4,0,0,1,2,0,2,0,1,0,0,0,0,0,0,0,60,9,0,2,1,2,0,1,0,0,0,0,0,6,2,29,0,3,4,0,0,1,0,1,2,0,4,0,2,0,0
2019-04,55,2,32,13,0,12,2,0,0,1,0,0,0,3,2,16,5,0,1,2,1,6,3,4,1,38,4,1,0,1,3,7,13,4,1,0,0,0,5,1,83,0,11,15,1,1,9,9,0,4,8,15,0,4,0,0
2019-04,56,30,87,14,4,30,10,1,3,10,2,1,0,9,4,70,50,14,0,5,7,2,7,2,1,148,3,8,4,92,22,36,16,24,23,4,7,6,9,0,106,1,27,14,4,13,34,30,0,4,48,16,2,13,0,3
2019-04,57,14,5,4,2,5,3,1,0,3,2,1,0,2,1,20,93,2,0,0,3,1,1,1,0,43,2,2,0,18,6,5,5,2,14,2,0,2,5,1,17,0,3,2,1,1,9,8,0,2,12,4,0,2,0,3
2019-04,58,39,11,21,0,24,43,1,4,2,0,3,0,9,8,68,147,2,0,0,8,0,8,3,2,59,3,5,2,48,17,6,14,9,66,1,3,14,10,5,63,8,37,7,2,1,21,47,3,4,11,10,0,10,0,0
2019-04,59,14,28,7,1,6,19,5,3,1,0,1,0,7,5,22,232,3,1,3,7,0,9,1,1,52,10,2,1,6,2,2,14,1,33,1,2,6,8,1,53,2,52,3,1,4,3,7,2,5,9,1,0,0,0,1
2019-04,60,39,24,16,1,14,14,6,1,7,0,0,0,2,8,37,63,1,0,5,5,0,1,0,1,41,5,3,6,49,9,14,11,14,21,1,0,2,2,3,32,3,17,6,3,8,27,45,3,1,31,10,1,3,0,3
2019-04,61,42,26,4,1,23,55,9,6,11,11,0,0,8,18,65,89,8,1,7,4,4,8,2,10,96,7,5,0,48,15,15,17,14,44,0,4,8,14,9,137,9,30,13,13,5,33,38,14,9,13,9,0,5,0,3
2019-04,62,19,21,2,1,5,5,1,1,5,0,0,0,2,1,32,44,4,0,2,1,1,2,2,0,69,2,0,1,11,5,8,10,5,11,0,1,4,2,0,36,0,7,2,2,5,8,8,0,0,14,7,0,3,0,0
2019-04,63,67,14,30,2,11,26,2,3,7,1,1,0,4,11,60,149,1,2,0,2,0,6,1,3,81,5,6,1,32,13,14,16,7,38,1,5,7,20,3,79,3,28,7,7,2,13,49,1,4,9,7,0,8,0,1
2019-04,64,24,108,2,3,13,5,2,0,2,0,0,0,8,2,42,8,3,1,3,1,2,5,0,2,82,0,4,0,95,9,18,12,15,17,2,12,10,4,3,94,4,20,0,2,6,13,8,1,3,26,4,0,2,0,0
2019-04,65,47,66,6,7,15,30,2,1,8,1,1,1,6,4,52,24,5,1,0,5,4,6,0,2,152,2,10,5,29,5,18,28,22,33,0,0,2,18,2,150,0,5,5,3,2,12,13,0,6,15,8,0,7,0,1
2019-04,66,39,61,14,6,26,37,17,5,11,2,2,0,21,15,106,44,12,2,6,7,3,12,3,2,101,8,10,2,45,24,14,32,14,40,1,6,2,27,8,113,7,24,36,12,5,26,25,7,27,20,24,1,21,0,3
2019-04,67,24,38,10,1,23,42,4,3,14,23,2,0,25,33,115,22,8,6,6,4,5,4,0,3,52,15,12,0,77,27,14,14,2,18,5,12,18,30,3,123,6,15,27,18,0,18,32,41,19,15,12,0,20,0,1
2019-04,68,7,32,0,1,11,34,6,0,12,47,2,0,19,25,73,6,5,3,5,7,10,1,0,3,61,6,11,0,47,24,14,12,4,45,0,1,4,18,11,88,18,21,17,5,2,9,19,52,9,10,7,2,10,0,2
2019-04,69,26,54,10,1,17,47,16,2,12,28,2,0,24,25,100,4,12,2,5,11,14,1,11,1,83,11,19,5,30,34,13,15,5,41,3,21,14,18,7,152,6,43,36,6,1,23,44,29,15,33,24,3,12,0,3
2019-04,70,43,39,13,6,30,23,3,2,19,2,0,2,10,12,117,44,19,2,10,1,2,10,1,1,139,2,11,0,65,24,27,28,20,41,0,0,9,18,1,141,9,23,40,6,8,54,47,3,13,41,8,1,10,0,1
2019-04,71,31,59,17,2,32,32,13,0,18,8,0,0,28,18,142,3,10,6,5,12,8,6,1,3,230,1,13,1,62,27,17,49,33,36,1,8,7,32,10,255,6,23,39,16,7,44,58,24,25,49,23,3,31,0,5
2019-04,72,6,21,11,3,12,10,1,2,13,0,0,2,15,1,70,2,8,2,15,2,0,4,0,1,133,22,15,0,8,12,21,15,10,13,0,2,5,18,6,92,7,20,85,20,21,38,81,4,8,62,7,2,2,0,22
2019-04,73,22,50,10,1,35,18,3,0,11,2,2,1,21,5,111,0,4,4,6,7,7,16,1,2,96,8,9,2,31,14,6,24,28,20,3,4,10,10,13,324,9,8,64,11,0,55,46,13,12,30,17,1,24,0,7
2019-04,74,5,13,6,2,14,4,0,1,11,0,0,1,5,0,76,5,5,0,4,3,1,7,2,0,120,3,8,0,14,7,12,17,13,2,2,0,2,2,2,94,3,18,29,3,11,26,24,1,0,39,9,0,3,0,2
2019-04,75,9,24,22,0,20,15,1,0,21,5,2,0,11,6,78,3,5,0,3,2,2,3,5,0,94,20,11,4,21,10,9,16,14,20,1,4,4,9,5,104,1,30,72,18,7,32,41,8,8,38,14,1,9,0,5
2019-04,76,2,0,2,1,1,5,3,0,3,0,1,0,1,0,6,4,3,0,0,0,0,2,0,0,34,2,4,2,0,0,11,4,2,14,0,0,1,1,1,18,2,5,4,0,2,0,2,0,0,4,2,0,0,0,1
2019-04,77,49,17,56,0,9,29,3,1,19,2,3,1,16,4,19,31,10,0,1,7,2,5,2,2,125,2,4,6,56,7,9,23,6,35,1,0,5,4,1,37,3,36,15,6,30,11,18,0,3,38,36,1,0,0,31
2019-05,0,1968,2231,1831,358,1384,1978,369,139,688,551,144,167,1051,797,4611,4612,647,167,420,507,218,465,245,165,8880,596,810,264,3383,1278,1087,2781,967,2748,70,275,455,921,327,6872,346,2011,1746,857,730,1886,3342,688,627,966,2450,48,1312,7301,810
2019-05,1,24,14,17,4,2,34,8,1,7,0,2,3,5,4,14,40,5,0,1,11,6,2,1,2,69,1,8,2,51,9,10,42,7,25,0,2,1,4,2,28,5,26,23,28,8,16,32,1,4,9,38,1,5,1,12
2019-05,2,62,30,81,3,19,35,6,6,18,1,1,0,18,6,77,39,21,2,4,9,6,8,2,3,275,1,10,0,104,34,30,71,22,36,1,5,6,9,7,135,8,51,67,72,14,53,100,4,4,32,69,0,6,6,21
2019-05,3,26,12,20,1,12,54,5,3,2,4,4,3,10,28,19,30,7,2,4,6,5,3,0,4,85,6,10,7,50,21,7,26,7,31,0,0,2,3,2,84,2,17,6,3,20,8,61,3,2,19,35,0,2,3,28
2019-05,4,25,25,19,3,11,7,1,1,11,0,1,3,12,4,37,70,6,0,3,7,2,9,4,1,86,12,7,1,39,9,12,32,10,21,0,3,5,4,8,100,10,23,17,11,15,25,37,2,3,34,52,1,8,3,31
2019-05,5,18,15,41,4,24,16,1,2,4,0,1,4,7,3,43,204,23,0,10,7,2,7,3,0,93,0,4,1,52,13,13,77,15,31,3,10,5,12,1,67,3,24,22,11,37,15,85,3,2,14,54,0,2,0,35
2019-05,6,32,20,44,3,13,43,6,5,9,2,8,8,13,15,43,144,19,5,8,19,7,9,5,2,167,2,19,10,131,34,18,43,16,106,6,9,7,13,8,92,3,81,25,17,10,25,55,0,6,23,68,3,7,2,35
2019-05,7,27,20,39,0,15,23,5,2,13,0,9,9,9,16,31,106,27,3,8,23,3,7,3,1,177,2,9,7,85,27,29,72,24,69,2,1,5,9,7,70,7,56,10,8,17,23,39,5,6,17,57,2,5,2,25
2019-05,8,8,4,7,5,4,27,2,2,11,1,5,1,4,7,8,118,11,1,3,8,1,8,52,3,281,2,9,32,26,12,31,22,62,129,6,2,5,8,10,104,8,111,6,2,2,7,14,2,7,6,14,0,1,0,0
2019-05,9,9,12,12,0,9,7,1,0,2,0,0,0,3,0,22,1,4,0,1,2,0,2,0,0,61,0,2,0,5,2,10,17,8,5,0,0,3,1,0,15,3,3,20,10,9,18,30,4,1,16,14,0,5,0,5
2019-05,10,30,29,41,3,41,24,1,0,22,0,0,2,23,5,105,8,17,3,8,12,0,5,1,0,225,15,6,1,27,13,56,53,27,17,4,1,13,4,1,129,2,26,54,27,18,65,75,5,8,38,28,1,3,3,13
2019-05,11,20,35,16,8,24,14,1,1,8,2,2,0,9,3,44,13,17,0,7,1,0,7,0,2,110,7,10,1,60,18,18,25,14,30,0,1,5,8,6,65,0,12,15,9,20,38,56,5,3,15,24,0,2,14,28
2019-05,12,13,25,13,6,12,7,2,1,8,0,1,0,14,0,49,26,6,0,3,3,1,3,0,0,164,11,10,0,21,4,12,43,6,17,0,0,2,1,5,75,7,5,55,27,14,47,52,0,3,25,37,2,13,6,18
2019-05,13,8,25,25,2,8,5,0,1,5,0,0,0,18,5,30,15,4,4,2,6,3,6,12,1,88,3,7,4,33,8,8,25,12,7,0,1,2,2,3,81,1,11,22,17,10,12,23,0,1,6,19,0,3,3,8
2019-05,14,38,24,57,2,21,40,4,2,11,0,2,0,10,16,59,75,5,4,1,7,0,2,0,1,156,6,17,2,57,13,8,38,9,41,1,1,2,11,1,70,2,19,22,11,29,18,54,8,4,14,45,2,10,1,36
2019-05,15,56,91,79,8,44,46,2,5,11,5,4,2,30,10,119,109,16,7,12,13,1,3,0,3,217,8,9,6,133,29,54,72,25,38,0,7,4,11,8,146,3,27,47,21,48,72,113,11,3,24,76,1,14,9,66
2019-05,16,58,53,76,4,38,57,7,4,14,4,1,0,15,10,104,126,9,5,23,15,17,21,0,1,235,44,7,10,107,23,14,43,10,70,0,3,4,5,1,108,10,19,46,24,37,44,52,5,10,20,47,0,17,7,61
2019-05,17,49,62,83,3,29,21,4,9,9,0,1,2,14,2,125,36,15,3,8,3,4,9,0,1,189,12,15,0,69,7,34,50,23,21,3,6,6,8,5,99,6,8,44,13,14,52,178,1,4,17,37,1,17,4,22
2019-05,18,14,9,13,3,7,2,3,2,3,2,2,0,6,3,33,1,8,0,1,4,0,3,0,0,65,3,5,1,15,10,8,25,5,12,0,0,4,4,3,40,7,9,2,5,1,8,20,0,3,5,27,0,11,6,2
2019-05,19,70,59,101,11,49,30,5,7,12,1,3,0,22,14,173,68,20,5,14,8,1,12,1,5,224,16,11,2,78,10,17,68,12,49,0,4,4,20,2,134,7,36,16,13,11,37,67,8,15,13,92,2,12,4,5
2019-05,20,13,10,18,3,12,16,1,0,3,0,0,0,3,6,36,41,3,0,3,3,1,2,1,1,82,8,6,3,22,12,10,11,3,11,2,0,1,8,3,24,2,8,5,4,6,13,26,0,0,7,13,0,2,1,11
2019-05,21,15,32,61,2,34,21,4,1,13,0,1,2,9,6,87,163,5,3,5,8,3,12,2,1,105,33,7,9,69,9,8,26,8,62,2,5,4,13,9,90,1,33,11,2,10,13,35,7,6,9,22,3,8,9,29
2019-05,22,58,45,70,4,43,49,4,2,11,4,7,56,12,20,79,337,30,1,11,13,10,9,1,6,290,25,8,6,171,39,18,70,16,88,1,11,11,15,10,214,11,57,22,17,38,52,98,10,14,31,42,0,4,14,36
2019-05,23,52,31,65,5,42,99,10,4,10,14,5,2,14,34,134,126,6,5,9,13,3,12,1,5,209,11,11,7,130,29,31,73,12,140,3,12,32,19,4,172,3,33,27,16,18,44,72,22,15,16,30,0,16,246,14
2019-05,24,46,32,82,8,59,50,4,3,20,9,8,7,25,36,90,288,39,2,22,32,2,12,5,4,439,41,21,14,175,67,30,97,47,78,0,5,23,15,25,112,10,87,19,7,32,36,94,4,9,28,114,2,10,18,46
2019-05,25,96,90,99,16,57,81,15,4,33,33,4,1,32,51,198,22,22,15,22,28,9,29,2,1,337,13,31,2,127,54,27,93,10,66,1,9,16,56,3,230,12,60,77,21,29,79,117,31,41,24,99,0,37,156,12
2019-05,26,17,13,27,1,9,19,3,1,4,11,0,0,5,10,41,8,3,1,2,5,1,3,0,0,47,1,5,1,25,5,4,11,2,6,0,0,2,11,1,74,2,10,8,7,1,4,15,13,2,2,12,0,4,128,1
2019-05,27,21,16,22,2,18,33,7,1,3,23,1,0,3,19,51,13,3,1,4,11,1,7,0,0,83,1,10,1,32,18,9,14,1,11,0,2,5,9,4,81,2,16,13,9,12,6,16,9,6,14,11,0,6,332,0
2019-05,28,28,30,18,5,11,28,5,1,6,15,5,1,6,39,30,133,8,12,16,12,4,3,1,1,345,7,27,10,52,25,28,37,26,91,3,1,17,10,8,148,11,177,5,8,6,19,26,5,6,14,42,1,12,66,4
2019-05,29,26,15,17,3,26,43,6,0,9,31,0,1,19,21,73,42,2,1,4,5,4,6,10,1,145,4,30,3,68,21,13,29,2,4,0,2,7,20,5,97,6,28,20,10,6,16,34,13,16,3,24,0,16,550,1
2019-05,30,51,62,39,2,29,34,10,5,15,4,4,1,30,10,107,288,5,4,2,9,4,13,35,10,222,7,5,5,52,18,24,45,12,44,1,7,27,19,5,116,3,56,19,5,11,40,170,14,15,5,19,0,5,46,4
2019-05,31,24,20,5,8,15,25,5,2,10,3,3,3,6,11,42,225,16,2,8,8,0,3,38,1,158,8,9,5,26,8,8,21,12,118,0,1,4,6,5,111,4,26,3,2,7,6,14,1,5,10,20,0,3,2,4
2019-05,32,5,0,9,1,0,15,2,0,4,2,7,3,2,1,1,121,18,0,2,3,0,3,0,2,125,0,17,19,9,7,3,11,14,40,0,3,1,2,3,40,12,81,1,0,1,2,2,0,4,6,8,0,0,0,1
2019-05,33,3,0,4,0,3,8,5,0,2,2,2,2,0,0,6,23,5,1,0,1,1,4,1,0,60,1,4,4,5,1,2,3,7,8,0,0,5,0,0,21,3,16,1,2,0,2,2,0,3,2,6,0,1,3,1
2019-05,34,3,8,3,0,2,2,0,0,2,1,1,0,3,3,8,22,4,0,2,2,0,0,0,1,37,4,0,2,14,3,0,2,5,6,0,0,3,0,1,25,1,9,2,0,0,0,8,3,0,2,0,0,0,6,1
2019-05,35,3,3,1,1,2,6,5,0,6,4,0,1,4,3,7,4,0,0,1,5,0,2,0,0,23,2,6,1,4,2,8,11,2,15,0,0,4,2,1,38,6,7,2,1,4,0,5,8,1,2,8,1,0,21,0
2019-05,36,3,1,0,0,0,0,1,1,1,1,0,1,8,0,2,2,1,0,1,0,0,0,0,1,10,1,3,0,1,1,3,1,0,4,0,0,0,0,2,3,0,0,1,0,0,0,3,0,3,1,0,1,0,39,1
2019-05,37,1,6,1,0,1,3,2,0,2,4,0,0,3,4,6,3,0,0,0,1,0,0,0,1,17,1,2,0,26,2,0,9,0,9,0,1,2,2,0,7,1,4,6,0,0,2,2,1,1,0,0,0,5,128,4
2019-05,38,14,15,2,0,10,20,4,0,2,21,0,1,12,4,25,10,2,0,2,3,0,3,1,2,27,4,10,1,31,12,9,21,8,36,1,0,8,2,4,40,1,23,5,1,1,5,13,5,2,1,13,0,9,227,2
2019-05,39,5,2,4,1,5,22,1,2,1,4,1,6,5,1,15,20,3,2,7,10,1,3,0,0,20,1,10,0,7,7,5,8,1,8,0,1,3,3,1,11,5,4,1,5,1,1,6,1,1,3,3,1,1,29,3
2019-05,40,3,2,3,2,1,19,6,0,1,1,0,3,10,5,9,3,1,0,0,3,2,0,1,0,30,1,8,0,7,4,2,6,0,12,0,0,4,7,1,58,5,17,3,2,1,6,3,5,1,1,10,0,3,230,0
2019-05,41,6,8,10,0,5,16,3,2,2,0,2,4,9,2,9,4,3,0,2,2,0,1,4,2,51,3,5,9,10,0,12,22,6,37,2,7,6,2,5,57,6,20,7,10,10,6,9,0,0,14,19,2,3,4,4
2019-05,42,17,19,13,9,5,30,11,2,12,19,2,3,13,17,39,4,5,0,3,3,4,0,6,1,34,11,10,3,11,20,6,15,3,7,1,1,2,9,6,57,4,14,8,3,4,12,24,6,11,5,26,1,6,126,7
2019-05,43,42,22,17,17,12,113,40,4,10,5,3,10,44,28,83,7,17,6,12,5,6,7,0,4,117,15,16,10,21,41,15,53,8,137,2,14,17,41,4,136,3,7,33,20,5,31,27,32,21,13,72,4,37,148,2
2019-05,44,39,49,14,20,24,45,18,1,20,6,2,1,40,11,82,1,7,0,8,5,1,7,2,3,105,23,20,5,18,36,16,66,13,20,0,9,4,19,1,193,6,14,26,6,6,27,42,17,7,10,57,1,44,135,6
2019-05,45,12,21,7,4,18,9,2,0,5,5,6,1,11,7,50,3,4,0,2,2,0,6,1,2,25,3,4,3,16,11,3,27,3,7,1,6,3,15,3,78,5,1,24,4,0,11,16,11,7,6,17,0,9,35,4
2019-05,46,19,50,17,5,20,41,3,0,9,11,1,0,21,8,68,14,3,6,3,7,4,2,2,2,49,5,19,3,22,22,10,38,10,10,0,0,5,26,7,143,7,11,21,8,0,34,30,26,29,12,42,0,32,193,2
2019-05,47,3,6,1,0,4,1,2,0,0,2,0,0,5,3,9,0,2,0,1,0,0,0,0,1,25,4,2,0,4,6,1,1,2,4,0,1,0,4,0,12,2,0,8,1,0,6,10,2,1,1,2,0,1,51,0
2019-05,48,13,17,7,6,6,12,5,0,12,5,0,1,7,3,43,2,1,1,5,2,6,1,2,3,49,4,9,1,7,8,3,37,9,6,0,2,1,19,3,88,4,36,29,8,2,30,29,5,20,13,26,0,31,62,7
2019-05,49,33,88,27,16,43,42,7,6,21,30,2,1,83,30,149,6,14,11,15,9,11,8,7,4,111,23,42,2,43,34,18,73,31,91,2,13,19,37,11,249,12,10,87,37,12,53,88,56,24,18,83,0,94,618,8
2019-05,50,7,10,6,1,4,5,2,0,5,0,0,2,1,2,23,0,1,0,2,4,2,1,0,0,46,4,3,0,2,7,6,12,0,63,1,2,5,5,0,26,4,4,10,10,0,7,11,3,3,6,6,0,17,29,0
2019-05,51,6,29,19,2,12,19,5,1,7,1,0,0,9,4,73,7,0,0,7,3,0,1,0,0,69,10,13,1,9,7,2,35,4,16,3,2,3,20,7,36,3,19,27,5,1,18,28,5,8,6,29,0,21,129,11
2019-05,52,30,38,12,4,32,11,2,1,12,0,0,0,4,10,47,32,2,0,5,1,3,6,0,4,75,9,2,0,0,7,3,54,27,30,0,0,3,4,2,92,6,8,12,6,6,17,27,4,10,38,47,0,13,13,0
2019-05,53,21,41,9,5,15,27,5,1,12,31,0,1,20,15,102,7,8,5,4,2,3,6,0,6,84,13,14,1,12,46,11,36,21,43,0,1,4,22,12,207,4,18,49,22,4,47,49,40,24,13,43,0,28,525,4
2019-05,54,1,1,0,0,0,3,1,0,2,0,1,1,0,3,7,0,1,0,0,0,2,0,0,0,69,0,0,1,0,6,0,3,0,4,0,2,3,2,1,12,4,4,5,0,0,0,1,6,4,0,10,0,2,32,0
2019-05,55,0,27,12,0,20,3,0,0,4,2,0,0,2,2,30,16,3,1,1,1,1,1,0,1,32,10,1,1,0,9,9,21,2,8,0,0,7,2,1,24,1,15,13,1,5,15,15,2,3,15,22,2,10,93,1
2019-05,56,38,81,21,6,38,8,2,2,11,1,1,0,13,6,83,44,18,6,1,11,0,8,1,1,170,4,10,2,118,22,34,32,29,39,1,21,13,8,2,122,5,42,18,5,12,69,60,7,7,21,26,1,15,12,10
2019-05,57,24,5,5,1,6,6,0,2,1,1,2,0,3,1,40,80,6,3,4,2,0,0,0,0,41,3,3,1,13,7,6,6,1,9,0,8,0,1,0,15,0,19,4,2,9,11,10,0,1,1,9,0,3,5,0
2019-05,58,29,11,20,6,18,20,2,6,6,1,2,4,17,4,59,184,6,0,5,4,1,6,10,5,62,1,5,2,45,10,12,17,7,18,0,0,4,12,2,35,5,14,15,7,8,13,57,6,7,1,6,0,5,3,5
2019-05,59,7,37,3,3,7,6,0,0,2,0,2,0,2,4,21,279,1,0,6,2,0,3,0,0,32,4,6,0,22,7,5,36,6,11,2,0,0,4,3,78,2,15,5,1,23,12,97,3,0,3,7,0,7,0,1
2019-05,60,27,21,19,6,21,19,3,0,2,2,2,1,10,8,34,101,3,1,5,8,4,3,0,0,52,14,6,2,58,10,14,15,20,31,0,2,6,2,2,31,5,33,7,3,3,12,38,0,1,13,12,0,3,8,5
2019-05,61,21,24,7,6,22,32,11,2,6,32,1,0,17,18,63,156,10,5,4,12,4,10,13,7,71,16,17,3,38,17,15,30,5,61,2,21,9,32,13,86,3,42,14,9,3,17,41,17,15,16,34,0,11,524,3
2019-05,62,19,25,3,4,9,7,1,0,9,1,0,0,6,3,31,50,1,1,0,1,1,4,0,2,78,1,5,1,15,5,19,19,13,9,1,4,4,5,0,29,1,10,10,4,4,9,9,2,4,3,6,1,1,5,0
2019-05,63,52,11,22,4,19,18,6,3,10,1,0,1,10,1,59,231,1,0,2,2,1,3,0,3,64,3,11,0,45,8,5,22,5,21,0,3,7,23,2,33,2,5,7,7,4,13,21,0,9,4,10,0,5,11,2
2019-05,64,35,79,8,6,11,9,0,1,7,1,0,0,1,1,56,3,6,1,1,3,0,7,1,2,96,3,4,0,112,7,22,38,5,13,2,1,3,10,2,100,0,4,7,8,3,40,20,0,5,12,18,1,6,0,3
2019-05,65,48,51,9,14,15,30,4,1,8,1,2,0,16,5,58,34,2,2,0,7,2,3,3,6,133,0,5,6,27,17,18,53,51,19,0,1,1,17,2,65,1,17,6,8,4,30,29,2,8,7,25,0,6,3,4
2019-05,66,59,47,31,9,21,51,7,1,15,6,1,0,13,21,121,78,7,5,5,5,17,11,0,6,92,3,22,5,56,16,14,52,10,49,0,2,8,38,5,101,3,19,35,12,5,30,41,19,24,10,44,1,30,45,2
2019-05,67,17,32,14,4,31,44,8,5,23,54,5,0,29,25,130,14,6,5,4,12,7,6,0,10,110,14,16,4,93,46,7,25,5,58,0,9,10,27,4,154,6,18,38,9,1,22,41,51,18,9,25,1,30,769,1
2019-05,68,18,36,3,0,9,37,12,1,9,42,3,0,10,17,63,15,4,0,2,7,6,11,0,2,67,14,16,0,60,15,11,25,3,12,0,2,10,25,9,94,3,10,26,9,6,24,34,34,17,4,23,0,13,579,4
2019-05,69,49,65,6,12,26,58,15,3,17,26,1,1,15,31,107,9,20,0,20,6,7,14,3,4,94,11,16,2,30,49,23,48,17,69,4,4,11,22,8,141,7,56,32,10,4,27,63,37,12,12,53,1,44,219,6
2019-05,70,52,51,13,9,32,15,3,6,24,1,1,0,23,9,166,53,21,4,15,1,2,17,0,4,187,6,17,2,72,14,28,43,41,22,1,5,4,20,3,171,10,20,38,8,2,48,57,8,18,20,46,0,46,65,3
2019-05,71,32,59,29,5,34,61,11,1,15,22,5,1,44,27,139,4,7,4,12,14,9,15,2,2,206,11,33,4,74,54,25,86,21,61,2,9,11,36,3,236,6,37,49,24,6,33,67,25,33,9,63,1,102,192,7
2019-05,72,6,37,22,7,21,16,3,0,5,0,0,5,13,1,69,1,1,1,3,1,0,13,0,0,140,3,12,1,5,18,8,73,15,33,0,0,3,8,7,131,3,21,106,30,25,56,78,3,3,40,44,1,137,27,16
2019-05,73,31,55,11,9,21,25,6,0,23,17,0,0,36,16,114,3,11,2,4,9,8,18,4,3,89,7,13,1,25,31,15,91,34,33,1,2,0,32,7,209,4,9,57,22,4,41,79,25,22,9,76,1,123,112,9
2019-05,74,9,16,7,9,18,1,0,0,6,0,0,0,12,0,83,0,2,1,4,1,1,3,0,5,111,3,4,0,17,2,16,41,14,6,0,0,0,6,5,62,4,30,35,21,11,42,56,0,2,23,18,4,51,14,9
2019-05,75,15,44,19,9,14,16,2,4,8,16,0,1,24,10,96,1,5,1,3,6,0,6,1,1,126,13,10,2,33,14,18,62,12,25,2,5,3,8,5,162,5,31,83,40,4,63,71,12,8,13,42,0,39,188,9
2019-05,76,7,0,6,1,3,6,1,0,0,0,0,0,6,0,7,0,2,1,1,0,0,1,0,0,12,0,5,0,0,1,16,2,0,7,0,0,0,0,0,5,0,4,2,0,2,3,4,0,1,2,2,0,0,0,2
2019-05,77,50,21,48,2,7,31,2,2,10,0,1,0,9,9,16,46,20,0,5,8,0,4,0,1,128,0,9,6,54,8,10,29,12,47,0,0,2,2,5,48,5,58,23,29,14,28,59,3,0,36,31,0,2,2,27
2019-06,0,2083,2099,1713,211,1443,2126,392,177,696,870,171,48,1142,957,4786,8116,726,178,478,491,236,577,800,198,8327,732,894,347,4706,1619,1112,2060,797,2496,67,257,429,1056,363,7440,349,2093,2391,1409,592,1919,5287,849,612,769,1372,69,447,14053,1037
2019-06,1,17,19,23,2,14,48,9,2,1,1,3,0,6,8,23,135,11,0,4,2,5,5,0,3,78,1,7,2,92,13,15,39,7,34,0,0,5,7,3,40,1,26,26,32,11,23,76,3,5,15,40,1,4,6,18
2019-06,2,50,45,51,2,23,45,4,2,9,1,2,0,25,9,77,171,13,1,7,10,1,13,4,2,214,3,13,6,94,32,15,64,21,39,0,2,4,8,7,163,9,56,63,38,15,40,133,6,4,19,29,2,4,9,22
2019-06,3,14,8,17,7,6,30,8,0,7,6,4,2,8,30,11,187,9,0,1,3,1,8,2,2,84,3,12,7,49,12,7,49,7,40,2,0,4,7,5,107,7,59,18,11,22,11,63,1,6,4,43,1,9,6,29
2019-06,4,32,21,26,2,14,20,3,1,13,1,3,0,14,16,34,287,11,3,5,7,4,12,17,1,110,4,16,2,60,10,8,26,12,16,2,7,5,6,2,74,11,44,32,31,15,24,85,0,4,16,36,1,15,5,46
2019-06,5,29,15,34,2,20,23,3,2,2,1,2,1,6,12,48,558,17,1,2,10,1,5,0,0,63,1,14,3,53,15,13,98,22,42,1,7,7,10,6,159,6,20,23,30,39,26,132,3,2,15,69,1,10,6,26
2019-06,6,34,29,24,2,23,40,6,7,20,1,12,1,22,41,43,502,20,6,7,15,8,12,1,2,146,1,19,23,223,47,18,75,28,113,3,5,8,13,11,190,12,72,51,74,19,61,161,2,1,24,74,2,5,5,34
2019-06,7,21,8,25,5,20,27,5,2,16,2,3,1,23,14,34,410,21,0,8,15,5,4,8,0,70,1,10,4,101,53,15,73,14,53,0,0,4,6,8,125,8,57,22,30,12,31,102,5,6,10,65,0,2,3,34
2019-06,8,10,4,25,1,12,43,7,4,10,1,2,0,6,6,11,150,21,0,4,12,0,8,8,3,199,2,15,24,31,13,19,21,22,67,5,1,3,5,13,78,6,62,4,10,8,17,27,1,5,9,13,3,4,15,4
2019-06,9,7,14,7,0,5,4,0,1,7,0,0,0,3,0,27,1,6,1,4,0,0,1,0,0,130,0,2,1,4,4,13,8,8,19,0,0,0,1,0,53,0,1,18,3,8,37,29,0,0,7,3,2,1,1,3
2019-06,10,29,35,21,6,40,11,1,1,9,1,2,1,36,2,97,11,13,6,15,7,1,5,9,2,234,7,12,0,44,18,35,17,22,55,1,0,10,5,6,75,6,22,89,36,21,80,118,3,3,41,6,0,4,29,26
2019-06,11,33,33,19,3,20,16,2,6,3,2,2,0,11,1,56,15,9,1,5,2,0,6,0,1,140,4,9,1,83,21,24,24,17,24,0,1,2,4,11,82,1,33,26,24,17,36,115,2,4,6,16,0,1,15,18
2019-06,12,17,25,7,0,16,7,2,1,9,1,3,0,23,5,66,20,5,0,3,1,1,2,4,1,234,4,9,2,36,2,18,28,12,33,0,1,4,5,2,128,8,18,48,23,7,48,86,3,1,18,9,0,1,7,26
2019-06,13,12,19,11,2,6,7,2,3,3,0,2,0,6,1,21,52,8,3,3,3,13,12,1,0,93,0,12,6,21,8,6,13,15,25,0,0,3,4,2,59,4,26,22,19,6,12,38,0,1,7,9,0,1,5,15
2019-06,14,42,32,56,0,9,26,3,3,8,0,1,0,20,10,52,220,9,1,6,7,2,5,0,1,169,14,8,3,60,19,11,29,17,47,2,5,2,9,5,91,2,5,40,41,16,26,90,3,7,19,14,0,5,9,45
2019-06,15,83,61,59,9,45,50,0,9,11,1,5,0,26,15,95,124,24,1,43,14,0,13,1,2,226,11,11,2,151,54,35,37,19,50,4,3,7,19,13,169,7,17,69,24,33,58,153,8,9,29,23,1,3,12,77
2019-06,16,52,41,40,4,32,44,4,7,21,3,4,2,28,22,87,262,16,4,15,6,3,21,2,3,236,29,12,15,148,28,31,54,11,43,2,3,3,15,8,100,12,17,68,56,18,62,171,5,5,34,40,0,4,21,82
2019-06,17,59,47,51,4,28,20,0,6,8,0,0,0,16,4,102,74,12,2,9,4,0,14,0,1,175,4,15,0,124,17,38,36,14,60,1,2,1,14,4,113,5,18,43,28,22,62,159,5,12,15,16,1,2,10,24
2019-06,18,20,10,13,2,8,12,1,1,2,1,0,0,2,5,24,23,5,1,1,6,0,2,0,2,36,0,4,1,29,11,11,7,5,7,0,0,0,5,2,34,1,16,9,3,2,11,34,4,1,5,5,0,1,7,2
2019-06,19,64,54,74,5,44,41,4,6,8,2,1,0,18,9,171,171,17,5,8,8,3,15,13,3,263,6,22,3,132,23,23,30,22,104,4,16,11,27,7,136,7,69,23,35,5,69,104,5,7,11,48,0,3,3,10
2019-06,20,11,8,42,0,19,8,3,3,5,0,1,0,4,3,69,86,2,0,4,4,1,5,0,0,117,1,3,0,41,3,12,19,8,22,0,0,3,12,1,22,1,24,9,8,4,7,44,0,3,4,10,0,0,10,11
2019-06,21,42,35,32,8,15,32,4,1,15,1,1,1,10,15,44,298,7,1,6,12,0,11,40,8,84,27,5,2,101,20,15,31,7,63,1,2,6,9,7,111,2,45,36,37,9,15,75,3,1,12,26,1,5,12,26
2019-06,22,40,35,88,7,43,35,4,1,21,6,6,1,19,21,93,413,32,3,10,18,4,12,4,3,225,43,18,7,210,59,14,72,23,57,5,4,11,10,13,210,8,113,64,46,31,39,146,6,7,26,50,1,4,27,63
2019-06,23,48,26,54,2,39,46,8,4,23,23,4,0,12,30,128,132,12,4,6,11,2,12,18,5,127,7,22,6,137,40,19,38,11,43,0,5,11,34,8,85,5,31,36,33,15,28,79,42,23,10,11,1,4,673,13
2019-06,24,65,42,101,11,58,42,5,5,12,6,3,6,29,40,111,568,39,3,24,29,8,23,8,3,392,28,11,16,251,56,23,66,34,115,1,3,16,20,21,171,9,64,48,34,42,30,153,5,8,21,58,0,4,44,68
2019-06,25,89,108,141,10,68,92,18,8,19,32,9,0,47,63,211,47,31,12,13,16,8,45,11,6,422,19,40,8,151,66,29,68,21,78,3,4,5,60,8,243,7,73,112,46,9,55,218,32,44,19,54,2,19,701,20
2019-06,26,17,7,11,1,16,24,3,1,9,12,1,0,14,17,51,22,1,2,4,3,0,2,0,1,33,4,10,1,34,16,27,9,0,32,1,5,7,7,5,73,1,21,25,5,1,14,37,74,4,2,5,0,1,425,3
2019-06,27,20,16,12,0,17,20,7,1,5,20,0,0,7,15,61,18,4,0,3,7,0,2,0,3,76,5,11,2,38,18,6,14,11,9,0,0,4,10,5,86,5,29,17,5,2,13,34,14,9,5,9,1,2,471,4
2019-06,28,28,19,23,0,12,35,5,3,8,6,5,11,11,18,34,210,13,6,12,17,7,6,5,1,353,15,16,28,71,24,47,22,18,93,1,7,23,7,5,194,6,120,13,11,9,23,62,6,8,5,11,1,1,156,9
2019-06,29,37,26,23,0,21,61,10,1,13,53,1,0,27,20,93,36,5,3,10,4,6,8,0,2,150,3,18,5,75,33,10,25,5,24,1,4,6,22,7,116,6,29,28,11,0,16,54,16,7,3,12,0,1,1093,3
2019-06,30,47,43,84,2,37,44,1,9,6,4,1,0,11,28,98,336,12,6,1,6,6,14,171,6,274,6,8,5,74,17,21,33,10,45,0,4,8,18,5,131,8,16,22,12,8,34,79,17,15,4,9,1,3,53,5
2019-06,31,33,18,4,2,25,31,9,5,3,5,3,0,6,18,48,313,10,3,9,17,2,3,139,2,117,17,8,8,41,9,9,12,11,49,1,0,1,11,5,166,3,54,6,5,4,14,52,3,5,8,15,1,4,19,7
2019-06,32,19,2,7,2,2,12,3,1,4,2,6,0,5,4,8,170,10,0,0,5,2,4,4,0,69,0,10,23,13,6,7,2,17,24,0,2,2,4,6,55,12,79,2,1,3,5,7,0,5,7,8,2,3,3,2
2019-06,33,6,1,8,1,5,9,1,1,2,4,2,0,4,1,13,34,3,1,3,3,0,2,6,1,50,2,1,8,9,0,5,8,2,13,0,0,4,2,2,15,2,28,3,3,0,6,13,0,1,6,6,1,0,7,3
2019-06,34,5,7,4,0,3,6,1,0,0,1,1,0,3,2,16,28,2,0,6,0,0,2,1,0,48,4,1,3,21,5,4,3,1,5,0,0,2,2,0,37,0,9,1,0,0,8,23,0,0,4,8,0,0,5,1
2019-06,35,10,8,1,0,3,16,4,0,4,2,1,2,2,0,7,8,4,0,0,8,0,2,0,0,15,2,1,3,9,3,4,4,0,31,1,4,6,4,1,29,6,17,5,4,0,4,8,3,2,1,8,0,0,67,1
2019-06,36,6,0,1,0,3,9,0,0,1,2,0,0,1,1,1,0,0,0,4,0,0,1,0,0,8,2,2,0,2,3,1,0,2,0,0,0,0,1,0,0,3,2,7,2,0,1,8,0,1,0,0,0,0,108,2
2019-06,37,2,0,0,0,2,2,0,1,0,21,0,0,0,5,11,3,1,0,0,1,0,0,0,0,12,4,0,1,23,4,3,3,2,11,0,2,1,2,1,6,0,1,3,1,0,1,3,3,0,0,0,0,1,109,3
2019-06,38,20,13,6,1,21,17,3,1,5,27,2,1,18,6,22,7,10,0,4,7,5,1,3,3,23,7,7,5,37,15,6,7,2,43,0,2,7,14,2,52,2,10,15,2,2,4,60,7,8,4,7,1,2,519,8
2019-06,39,11,0,7,0,4,36,10,2,0,1,3,1,8,0,14,1,5,0,1,7,0,5,0,3,45,2,2,0,32,7,16,8,6,17,0,3,12,3,0,18,5,10,10,11,0,4,13,3,0,2,2,2,6,106,2
2019-06,40,3,3,1,1,2,22,11,0,3,14,0,4,14,1,5,8,4,1,0,2,2,0,3,0,31,0,10,2,10,11,4,5,1,6,0,1,1,4,4,52,1,30,13,5,1,1,22,5,1,2,5,0,3,375,1
2019-06,41,11,2,3,1,6,18,5,1,6,2,1,2,4,0,10,6,5,0,5,3,0,1,0,1,28,0,6,10,15,7,5,9,8,55,1,1,3,10,2,34,3,4,12,3,6,2,21,0,2,7,13,0,0,2,10
2019-06,42,20,16,3,5,10,28,8,1,9,27,1,1,12,18,26,2,4,1,3,4,2,3,19,2,24,18,10,6,30,11,3,18,4,15,0,4,2,16,3,84,5,11,11,6,1,4,22,9,7,4,20,1,4,358,5
2019-06,43,34,37,20,9,18,88,35,1,16,8,5,1,17,28,155,7,15,4,8,4,8,6,25,5,70,44,20,4,36,41,15,58,4,22,2,4,12,33,11,119,6,12,43,30,1,28,57,32,16,7,45,0,30,350,6
2019-06,44,52,58,16,5,30,69,13,3,23,8,3,0,30,25,95,2,6,3,14,7,8,7,5,4,61,13,10,3,30,47,11,30,20,39,1,6,4,36,5,174,1,31,47,24,0,24,58,29,8,17,33,2,4,200,6
2019-06,45,10,19,5,1,13,8,2,1,3,4,0,0,10,2,43,1,4,0,3,2,0,2,0,0,33,6,5,1,7,12,6,11,3,9,0,2,5,3,1,95,1,3,28,12,0,11,27,8,4,6,7,0,10,60,4
2019-06,46,18,55,12,6,19,60,8,0,24,13,2,0,10,22,62,36,10,3,4,0,1,6,0,2,48,17,15,2,42,19,18,36,6,3,0,10,4,20,3,171,1,15,37,27,5,39,101,23,20,11,15,3,11,527,2
2019-06,47,5,4,0,0,5,2,0,0,11,1,0,0,2,4,11,0,1,0,0,0,2,0,0,0,13,2,5,0,6,5,2,4,2,0,0,0,0,1,0,4,3,0,9,2,0,2,5,4,0,0,3,0,0,111,0
2019-06,48,15,16,7,1,12,18,1,1,5,2,2,0,18,5,42,3,4,0,3,3,0,2,0,5,37,8,7,1,14,10,7,23,5,9,0,0,0,12,5,44,1,2,36,13,1,33,64,7,6,1,14,1,6,98,6
2019-06,49,34,108,27,10,40,53,10,7,22,65,9,0,36,19,164,16,24,15,21,10,27,7,9,9,133,29,44,3,57,52,24,33,22,87,0,4,14,33,2,150,9,22,70,23,4,41,122,67,25,17,18,3,15,1137,11
2019-06,50,5,11,5,0,3,12,2,0,8,1,1,1,0,4,21,1,1,3,2,1,3,5,0,3,33,4,8,0,9,12,3,5,5,1,0,2,1,7,0,16,1,3,19,6,3,12,19,5,6,4,7,0,5,64,4
2019-06,51,18,28,14,3,10,13,2,1,5,4,2,1,7,4,75,32,3,0,4,3,1,10,0,1,43,10,11,4,9,27,8,13,1,6,0,0,3,19,4,95,2,11,39,14,1,4,34,11,14,0,6,1,5,170,5
2019-06,52,25,39,13,4,24,16,1,0,6,3,0,0,8,3,40,36,2,0,7,0,1,20,4,5,84,35,14,1,8,19,8,43,7,35,0,6,13,13,6,100,1,17,23,12,11,30,47,2,5,8,7,0,0,32,0
2019-06,53,16,44,7,4,27,28,5,3,11,45,2,0,46,17,108,7,11,6,9,3,2,15,5,3,70,14,25,4,34,33,10,22,14,58,0,9,24,37,6,150,5,9,88,37,1,47,79,51,30,8,21,1,7,849,7
2019-06,54,3,0,0,0,0,1,1,0,2,3,1,1,4,2,2,0,1,0,1,0,1,0,7,0,12,1,6,0,1,2,1,3,0,2,0,0,0,5,3,15,1,1,6,0,0,0,5,3,0,2,1,0,2,126,0
2019-06,55,4,28,5,0,9,5,0,1,1,2,0,0,4,1,13,10,1,0,2,0,0,6,0,1,23,3,4,0,2,8,1,11,4,20,0,16,14,10,2,48,1,14,4,3,1,15,25,2,1,9,1,2,3,117,2
2019-06,56,26,56,12,2,27,11,0,4,4,0,0,0,21,7,73,63,29,5,5,10,2,8,3,7,230,6,6,2,172,21,63,26,16,22,1,3,8,7,2,90,3,21,19,14,10,47,82,4,5,20,4,1,1,26,5
2019-06,57,21,10,1,1,4,7,0,0,2,0,0,0,3,0,26,131,4,0,1,2,0,1,0,2,56,0,2,0,22,2,4,8,4,9,1,0,0,2,1,14,1,17,4,6,1,8,14,0,0,0,9,0,3,10,1
2019-06,58,39,7,19,1,16,22,4,5,9,1,3,0,10,4,61,305,4,3,1,7,11,9,101,1,51,2,3,8,52,24,7,16,5,40,1,0,5,17,3,110,5,40,14,4,4,19,47,3,8,6,10,0,3,5,4
2019-06,59,18,16,2,1,6,7,2,0,6,2,2,0,8,8,18,284,1,0,2,8,0,1,6,1,29,3,7,0,30,4,8,19,1,20,1,1,2,16,2,51,2,44,4,4,9,7,44,2,2,1,4,0,1,7,5
2019-06,60,32,19,8,3,26,27,4,2,11,3,1,0,6,7,35,133,14,1,2,15,2,3,5,5,35,10,7,6,91,11,5,13,15,10,1,2,6,4,5,70,7,8,15,21,8,15,88,8,1,18,6,1,0,26,3
2019-06,61,42,22,28,3,23,42,7,2,8,58,4,0,9,31,78,105,12,3,6,8,1,13,79,10,59,9,22,3,87,35,10,31,14,38,2,4,9,29,12,118,7,58,25,32,6,26,83,33,17,6,19,0,6,509,1
2019-06,62,19,27,8,2,5,14,0,1,6,0,0,0,5,3,33,73,1,1,1,2,2,4,0,2,90,1,0,1,14,6,10,16,3,18,0,0,0,11,0,40,1,4,10,1,5,9,18,4,4,8,2,0,1,8,3
2019-06,63,38,15,27,0,23,25,2,4,6,0,2,0,12,3,69,261,6,3,6,10,1,5,12,2,73,7,4,5,65,14,6,10,2,49,3,12,6,25,0,43,1,12,13,12,0,18,38,3,3,4,9,0,2,8,1
2019-06,64,25,71,6,3,9,12,1,3,4,2,1,0,6,4,49,5,5,1,1,5,0,4,0,3,71,1,8,0,169,11,24,14,6,19,0,5,5,9,0,118,3,17,5,11,12,11,20,0,5,10,2,0,0,36,8
2019-06,65,46,51,15,7,18,16,3,1,6,1,0,0,10,3,69,53,4,1,2,5,2,4,0,2,126,3,5,4,44,13,13,25,6,25,1,0,1,10,1,84,3,16,8,8,3,21,30,1,3,4,2,0,3,29,2
2019-06,66,60,41,37,3,41,50,7,5,28,14,7,0,25,29,162,101,9,7,15,6,9,9,2,7,220,14,18,1,78,30,9,33,9,19,3,2,3,27,6,165,2,29,29,18,3,35,73,21,20,15,24,3,7,139,6
2019-06,67,24,39,8,0,31,50,7,3,13,102,3,1,31,36,131,35,9,3,8,6,7,8,5,3,75,10,18,3,166,67,4,27,5,31,3,6,10,41,7,124,7,20,39,31,2,31,62,69,33,6,16,2,6,1203,4
2019-06,68,19,37,7,4,19,56,2,4,8,149,2,1,31,30,69,25,5,0,10,2,4,6,1,4,51,16,19,0,84,38,17,24,5,12,0,4,11,26,5,126,6,22,32,13,2,22,97,54,25,4,15,0,3,1098,7
2019-06,69,32,51,7,4,19,63,37,3,20,31,3,0,35,44,90,4,15,0,12,12,4,13,1,3,105,18,20,9,63,63,16,38,12,8,2,1,5,25,12,124,8,46,48,40,1,17,89,34,13,14,36,2,14,342,6
2019-06,70,34,53,24,3,36,33,7,2,14,0,4,0,40,15,185,75,12,4,9,13,0,17,0,8,187,8,16,7,87,15,61,46,20,24,1,2,7,31,2,96,5,23,72,14,3,62,134,4,20,13,22,0,8,160,10
2019-06,71,45,51,34,8,37,80,21,3,28,11,2,0,45,32,169,10,18,7,10,9,5,8,0,7,129,10,32,3,101,54,18,61,19,19,1,18,6,40,6,139,9,30,65,21,7,39,138,19,26,6,28,1,10,477,6
2019-06,72,12,22,25,2,15,6,3,0,20,3,1,4,14,1,74,5,6,15,3,3,11,11,3,4,58,33,31,0,9,11,9,35,15,4,0,2,2,9,7,54,5,17,108,31,11,44,71,2,12,12,7,3,76,26,18
2019-06,73,32,41,12,4,25,31,12,2,13,18,0,0,38,12,135,5,6,2,6,3,7,13,0,4,59,24,24,3,44,47,9,40,12,16,0,9,11,24,7,227,11,14,67,14,2,31,115,19,11,9,26,3,19,327,12
2019-06,74,2,12,9,1,10,3,1,0,2,2,0,0,8,1,57,0,4,1,10,4,0,6,1,0,76,45,3,0,39,5,30,12,13,3,0,0,3,2,2,96,1,15,55,9,6,16,87,2,4,15,4,2,16,9,12
2019-06,75,13,34,14,2,13,8,0,0,7,17,0,0,11,4,99,4,2,3,9,0,8,17,19,4,70,14,15,7,11,16,9,23,10,35,0,14,5,14,5,264,3,23,93,25,11,34,76,14,13,26,11,3,18,246,14
2019-06,76,4,0,1,0,2,3,1,1,0,0,5,0,10,1,7,1,0,0,0,1,0,2,1,0,24,0,5,4,1,1,5,4,2,24,0,0,0,1,0,6,2,7,4,3,0,4,9,0,2,1,0,0,0,3,0
2019-06,77,46,22,39,2,12,28,4,0,4,1,1,0,5,10,13,168,14,2,3,11,3,2,4,2,170,1,13,4,62,11,16,43,11,39,0,3,6,5,4,134,11,12,21,35,15,55,120,2,6,21,33,4,6,1,45
2019-07,0,2632,2324,1618,235,1555,2252,441,111,876,663,172,31,1650,1176,5943,9044,944,311,781,487,286,444,2970,282,7485,725,907,446,6105,1813,1137,1698,782,2455,67,278,421,1149,350,9385,356,2166,2977,1638,689,1831,5763,1064,635,7642,1009,75,313,15238,940
2019-07,1,29,16,20,6,8,46,15,4,5,0,2,0,30,11,12,179,6,0,2,2,0,10,1,2,48,2,7,3,82,15,10,28,6,36,0,3,2,7,0,59,2,18,25,29,21,22,70,2,4,105,25,4,3,9,16
2019-07,2,67,46,69,3,20,56,8,2,17,0,4,1,30,13,93,222,25,9,9,6,12,5,3,10,280,6,22,8,126,31,24,54,19,62,1,11,8,11,3,198,1,44,51,72,13,47,175,1,6,212,23,3,8,0,18
2019-07,3,24,11,28,2,10,38,4,0,0,2,3,1,12,26,13,167,10,2,4,7,2,4,1,2,124,1,11,9,55,24,14,30,19,64,0,3,2,3,3,53,2,34,25,31,11,19,48,0,1,130,20,1,3,4,35
2019-07,4,17,14,19,3,13,16,5,1,21,2,0,0,17,9,38,156,20,6,9,8,6,8,0,3,136,2,7,10,92,17,37,23,10,15,0,0,3,4,3,62,4,19,31,24,8,20,82,4,4,149,17,5,7,6,48
2019-07,5,37,21,20,1,26,17,0,2,3,1,1,0,10,3,47,316,24,0,5,14,2,2,5,0,61,1,9,4,77,21,15,29,13,27,0,4,3,10,4,44,11,21,23,44,40,21,98,1,5,151,21,0,1,7,36
2019-07,6,28,14,37,5,32,47,3,3,13,0,7,2,36,41,69,421,30,1,21,19,3,15,5,4,146,7,19,21,271,90,33,49,16,93,0,8,3,15,4,136,3,63,26,37,24,57,300,2,8,264,42,0,3,8,34
2019-07,7,18,22,31,5,24,23,8,0,11,3,4,0,18,17,55,307,54,2,13,10,2,4,17,3,92,1,11,15,128,80,23,54,18,88,2,6,9,5,11,152,5,117,18,41,33,25,126,6,3,209,30,0,3,3,23
2019-07,8,22,7,8,2,1,41,10,3,6,5,3,1,12,13,11,167,16,2,12,19,2,11,1,6,123,1,14,30,37,34,13,8,26,74,0,4,3,3,12,77,13,111,6,5,4,13,36,1,8,145,10,2,0,23,3
2019-07,9,10,12,15,1,9,8,0,0,1,0,0,0,2,0,16,1,3,2,2,2,0,3,0,0,46,6,4,0,9,4,14,9,4,14,0,0,1,0,1,61,1,7,33,9,3,16,32,1,2,93,0,0,1,1,3
2019-07,10,38,49,20,4,24,14,3,1,17,0,1,3,42,7,128,10,17,2,12,8,1,5,5,3,170,9,13,5,80,14,52,20,15,20,1,0,4,5,4,131,2,12,85,38,51,56,119,7,4,228,4,4,3,22,22
2019-07,11,42,45,16,3,13,14,0,0,11,2,2,0,23,3,79,26,12,6,6,4,0,9,1,2,125,3,9,1,104,17,21,11,9,39,0,1,4,8,4,85,0,27,42,9,9,25,83,5,2,118,6,0,2,8,19
2019-07,12,27,20,4,1,13,2,2,0,5,0,1,0,24,3,76,23,5,3,8,4,1,5,2,0,152,3,14,0,46,5,14,7,11,11,1,0,3,2,2,75,4,21,53,25,33,30,101,0,1,131,18,1,0,16,26
2019-07,13,16,18,4,1,13,7,1,1,10,0,0,3,35,2,35,47,4,1,6,2,0,3,1,0,81,1,8,2,24,6,3,11,6,5,0,0,2,4,2,34,3,45,37,12,8,13,49,0,2,70,4,0,1,7,15
2019-07,14,28,31,43,2,18,20,4,3,16,1,2,0,26,7,51,151,8,3,11,2,2,5,3,1,166,5,18,3,96,19,15,10,11,28,1,3,0,6,2,53,1,26,49,34,16,39,115,5,6,113,13,1,5,3,45
2019-07,15,82,65,61,11,46,49,10,4,17,2,1,0,32,17,149,180,30,4,23,13,4,7,2,2,149,27,9,4,258,23,36,27,26,33,1,7,5,19,4,160,9,50,63,39,36,58,147,2,5,215,14,0,5,11,67
2019-07,16,68,49,49,0,30,36,4,2,20,2,2,1,17,26,91,241,11,10,11,10,19,27,6,4,287,22,24,11,198,22,31,29,10,40,4,11,6,7,6,118,3,46,72,38,18,41,108,8,3,198,16,1,5,12,55
2019-07,17,73,46,44,1,24,19,5,0,10,1,0,0,40,6,147,97,22,11,21,5,0,5,1,0,157,10,8,6,117,13,29,21,22,34,2,1,0,11,5,124,8,24,45,26,18,36,96,5,6,195,14,1,1,5,22
2019-07,18,16,14,8,3,7,8,2,0,4,0,0,0,10,1,33,22,5,11,4,1,0,3,2,2,28,2,6,1,26,5,7,5,3,6,0,0,0,4,0,64,6,6,18,10,0,13,25,2,3,39,4,0,3,6,0
2019-07,19,95,55,89,6,47,59,12,4,18,2,4,0,18,18,174,231,17,7,26,9,5,7,11,6,209,14,16,9,141,15,17,35,25,55,1,8,10,26,5,162,4,27,43,24,10,43,139,10,9,129,7,0,3,7,5
2019-07,20,30,18,38,2,19,8,0,2,6,1,0,0,3,8,61,91,6,4,3,5,1,4,1,3,53,7,7,3,65,11,12,8,5,32,0,1,4,14,3,23,3,2,9,5,6,16,46,3,2,26,4,1,1,2,13
2019-07,21,45,27,27,1,20,37,2,2,8,0,3,0,13,27,50,419,8,1,4,6,1,5,40,4,124,25,5,2,93,24,17,11,3,52,2,11,12,18,3,92,3,17,27,10,9,14,49,0,4,128,7,2,0,9,30
2019-07,22,52,42,68,6,40,38,4,3,19,7,7,0,28,27,93,777,21,6,13,14,10,12,67,5,200,67,13,7,324,46,22,47,15,71,4,6,17,19,9,204,10,124,44,39,31,56,181,13,15,324,37,2,3,21,43
2019-07,23,67,35,59,6,51,47,10,3,32,40,3,0,21,39,191,154,9,2,19,14,3,16,224,11,101,4,21,4,189,53,10,26,9,30,2,7,6,25,6,117,6,26,35,25,12,32,101,17,18,79,18,1,4,524,21
2019-07,24,61,49,86,9,69,52,7,3,27,13,9,6,79,57,113,716,34,4,37,26,2,7,189,2,315,58,26,23,300,57,40,35,37,60,4,7,18,22,16,243,17,77,36,46,29,45,164,13,3,276,48,1,7,60,53
2019-07,25,124,122,103,5,79,114,29,5,25,44,6,0,65,82,299,78,33,50,53,17,19,15,111,13,340,10,28,15,158,64,22,62,26,47,0,6,15,75,12,389,13,42,130,74,10,72,272,56,47,166,35,2,10,767,15
2019-07,26,18,11,3,0,13,24,5,0,2,12,1,0,10,17,78,10,5,2,24,2,2,1,64,1,44,5,7,2,32,19,8,8,3,35,0,4,2,10,6,64,2,25,23,8,3,7,33,26,3,16,7,0,1,578,2
2019-07,27,19,23,7,1,23,35,10,0,12,24,1,0,12,19,75,41,5,0,10,9,2,1,41,6,46,1,9,3,55,24,5,16,3,12,0,0,3,25,5,85,6,18,30,6,10,4,34,20,9,36,13,1,0,629,6
2019-07,28,38,38,23,0,18,39,6,5,12,5,10,0,23,35,51,238,14,3,18,12,6,3,46,1,279,11,19,34,138,43,19,12,28,81,4,3,22,8,11,186,20,123,11,18,5,19,47,7,4,89,10,1,2,251,8
2019-07,29,54,40,27,0,19,67,24,1,16,41,2,0,36,21,124,35,13,1,19,5,3,7,42,5,132,8,26,8,104,39,16,18,12,21,0,1,8,18,6,163,6,13,28,17,5,10,82,17,30,34,10,0,8,1787,3
2019-07,30,74,47,113,5,36,35,3,4,9,9,1,1,22,30,121,381,7,3,7,13,2,9,384,9,153,8,13,4,109,36,39,25,15,31,1,3,17,26,4,217,9,33,31,19,23,31,104,10,15,52,14,0,5,62,10
2019-07,31,33,22,11,14,26,20,3,1,9,5,3,0,12,14,63,402,11,1,4,17,2,6,201,8,144,10,8,10,52,16,6,12,17,14,0,0,5,7,4,248,3,31,6,5,4,7,34,6,3,62,14,1,5,8,2
2019-07,32,28,3,9,2,0,20,2,2,2,8,20,0,10,5,20,220,20,0,20,4,0,1,10,14,62,1,10,29,25,5,3,24,18,32,1,2,7,6,11,93,1,110,10,1,6,11,18,1,2,118,15,0,3,3,4
2019-07,33,21,5,7,0,3,8,2,0,4,4,5,0,6,5,27,82,7,1,6,4,0,1,5,2,37,2,2,14,19,1,7,4,5,15,1,1,2,9,1,64,3,16,9,8,4,8,25,3,1,133,4,0,1,14,3
2019-07,34,7,8,1,1,1,4,0,1,2,2,1,0,3,3,25,54,5,1,3,5,0,3,9,0,46,3,1,8,22,6,3,4,1,10,0,0,0,0,1,76,7,15,2,2,2,7,15,0,1,33,2,0,1,3,1
2019-07,35,9,9,2,0,2,5,3,0,1,1,1,2,12,2,10,14,7,2,2,7,0,3,8,0,38,1,11,1,5,10,2,7,7,50,0,0,11,0,1,49,0,14,4,3,2,4,33,2,1,34,10,1,0,58,0
2019-07,36,6,0,0,0,1,6,1,0,1,1,0,2,3,2,4,6,3,0,0,0,0,0,0,0,15,0,3,0,0,1,3,1,2,6,1,4,0,1,1,10,0,1,4,4,0,1,25,1,0,8,0,0,0,128,0
2019-07,37,4,2,0,0,4,4,0,0,4,1,1,0,0,2,10,7,4,0,0,0,0,0,2,0,16,0,4,1,14,1,6,3,0,1,0,0,0,0,1,5,1,0,12,2,0,2,6,5,0,7,1,0,1,194,0
2019-07,38,40,5,7,1,14,34,9,1,3,28,2,0,36,11,33,8,7,1,8,3,1,2,11,3,58,5,9,2,30,13,9,29,8,48,0,6,6,15,3,97,2,22,25,6,0,11,89,9,6,57,15,1,9,707,5
2019-07,39,12,2,4,2,3,26,5,0,3,0,0,0,2,3,13,11,5,2,5,3,2,3,2,0,43,2,4,2,34,2,5,10,3,10,1,2,1,4,6,28,4,6,8,9,0,7,12,3,0,35,6,1,5,70,2
2019-07,40,10,9,2,1,5,21,7,0,5,17,2,0,17,16,12,5,5,0,8,2,0,1,4,1,18,0,6,7,15,11,0,7,2,4,0,3,1,8,3,79,4,11,9,7,3,7,32,11,2,10,5,0,0,342,3
2019-07,41,12,1,11,0,2,21,6,1,7,1,2,1,1,3,11,13,8,1,2,2,1,0,1,2,33,6,3,6,29,3,6,6,5,23,0,2,3,9,2,79,10,11,11,10,3,12,29,0,0,122,10,1,0,4,2
2019-07,42,17,21,8,3,7,42,8,0,10,21,0,0,16,11,32,1,7,3,4,4,2,2,11,3,33,12,15,3,24,17,16,8,5,35,1,6,4,14,5,102,1,17,24,25,4,21,38,13,7,51,13,0,4,394,2
2019-07,43,40,39,9,1,22,106,28,1,23,15,0,1,52,32,124,9,14,5,15,9,12,11,24,10,82,23,44,5,25,66,14,34,9,43,0,12,11,39,8,155,10,7,54,32,3,22,75,24,19,117,26,2,7,312,6
2019-07,44,43,38,14,7,14,71,23,3,13,10,4,0,48,25,108,19,12,5,14,7,4,3,4,2,54,31,21,9,35,41,9,27,13,29,1,5,5,24,10,237,4,21,44,39,6,32,67,83,14,111,26,0,11,235,9
2019-07,45,7,18,5,5,18,12,3,1,5,2,0,0,10,10,57,2,15,0,5,2,0,2,5,3,32,12,6,1,7,5,2,13,4,6,0,0,0,11,1,138,6,14,44,17,3,17,34,10,4,39,7,0,8,59,4
2019-07,46,18,47,10,2,17,43,13,2,36,6,1,0,18,16,69,24,9,5,3,3,8,9,58,7,62,10,19,2,44,35,3,35,2,18,0,4,7,33,2,156,3,13,52,24,7,30,82,29,21,75,22,3,3,418,4
2019-07,47,4,6,2,0,0,2,0,1,13,1,0,0,3,4,11,0,0,2,0,0,1,0,0,0,2,7,1,0,4,3,1,4,0,0,0,0,0,3,1,48,0,1,11,4,0,5,8,3,1,8,4,0,0,82,1
2019-07,48,27,27,8,1,13,16,5,0,7,3,0,0,15,5,73,5,3,2,7,2,2,6,1,0,42,11,7,3,13,9,3,23,3,19,0,0,0,17,3,172,3,11,57,28,4,19,98,9,4,58,10,1,5,86,6
2019-07,49,48,73,12,9,37,53,12,0,17,46,1,0,48,33,177,53,26,15,24,8,23,7,34,6,125,27,36,6,79,66,23,43,20,71,4,18,23,60,9,174,12,39,127,28,6,47,130,102,28,130,25,3,16,744,13
2019-07,50,7,1,1,1,5,10,0,0,9,0,2,0,8,4,18,2,5,1,4,2,4,3,1,3,28,1,6,0,5,6,1,8,2,5,0,2,2,8,1,41,2,0,15,6,1,8,13,6,4,18,9,0,4,62,1
2019-07,51,28,35,17,1,20,15,3,1,3,0,0,0,11,12,138,17,8,2,2,2,2,5,2,7,80,17,16,6,22,25,13,51,4,30,2,6,11,20,4,156,1,13,66,12,1,7,61,22,15,50,10,1,5,186,7
2019-07,52,24,37,19,2,42,13,4,2,6,1,0,1,4,8,67,54,1,1,9,1,1,7,0,9,29,21,5,0,10,16,8,41,17,24,1,5,3,11,4,181,4,12,33,12,1,21,41,6,3,53,6,0,0,29,3
2019-07,53,31,48,12,3,19,36,5,4,6,39,3,0,29,17,164,11,9,8,7,3,3,7,11,8,53,11,30,2,33,25,11,23,16,11,3,14,20,43,12,221,4,8,77,29,2,40,86,38,30,81,19,1,7,587,3
2019-07,54,4,0,0,0,2,2,1,0,0,0,0,1,2,0,8,2,0,0,0,0,1,1,5,1,16,2,5,0,1,1,0,1,0,1,0,0,0,7,5,7,0,0,7,3,0,2,4,2,4,8,2,0,0,91,0
2019-07,55,14,40,2,0,9,3,1,1,4,0,0,0,9,0,18,3,0,1,0,0,6,5,2,0,24,3,6,0,0,6,3,13,2,3,0,2,11,8,0,49,2,11,8,8,2,8,18,1,2,46,8,0,2,88,2
2019-07,56,66,74,14,6,22,12,2,3,17,0,2,0,25,6,106,109,63,9,9,10,1,10,5,3,188,4,8,2,209,21,52,41,34,24,2,0,2,10,3,229,4,21,28,17,9,43,122,0,7,233,16,3,4,15,7
2019-07,57,22,10,3,5,9,3,0,0,13,1,1,0,6,2,29,150,16,0,0,2,4,1,0,0,69,0,3,4,24,5,10,7,1,7,0,2,3,9,0,64,1,12,7,9,2,7,16,1,1,23,3,1,0,21,0
2019-07,58,53,23,25,7,25,16,1,0,20,1,3,0,21,11,81,312,18,5,5,7,4,6,393,5,89,4,4,7,131,16,15,22,6,49,3,7,9,19,3,103,1,45,19,19,3,24,133,1,4,29,11,0,4,11,3
2019-07,59,22,17,6,1,4,12,2,0,8,1,4,0,5,5,19,348,3,1,1,2,2,5,177,3,73,4,3,4,23,9,5,14,0,24,2,0,1,7,4,69,5,33,3,9,5,13,31,0,3,25,9,0,2,6,3
2019-07,60,48,23,10,12,36,32,3,0,8,0,1,0,17,15,61,113,12,3,11,9,3,6,35,4,49,8,7,6,118,17,10,15,12,35,0,4,10,9,3,76,3,24,16,22,8,29,81,4,3,101,7,0,0,16,5
2019-07,61,64,18,14,3,28,46,7,3,8,32,4,1,10,22,98,132,7,1,13,7,4,9,247,11,102,11,12,6,183,37,15,27,5,43,0,0,1,30,12,157,1,50,40,38,8,30,92,18,18,49,14,2,9,650,7
2019-07,62,26,45,7,2,14,8,3,0,12,1,0,0,2,2,46,108,2,0,2,4,5,3,14,7,83,1,2,0,30,2,14,13,2,12,1,0,1,8,2,54,2,6,4,1,7,7,41,2,4,35,3,0,0,13,3
2019-07,63,40,23,27,1,24,24,2,2,18,2,0,0,21,11,104,287,32,2,8,5,6,2,153,10,68,4,11,3,68,17,8,9,6,16,0,3,0,21,1,65,2,12,11,11,5,12,20,1,5,30,12,1,1,25,4
2019-07,64,39,81,4,3,15,8,0,0,5,1,0,0,18,2,80,30,5,4,4,4,5,3,14,1,74,1,3,1,333,14,32,15,8,18,1,2,1,6,0,125,4,44,14,12,8,13,40,1,3,153,9,3,6,16,3
2019-07,65,95,78,22,8,22,19,4,2,7,5,0,0,10,1,80,71,9,1,8,1,5,6,15,7,133,4,4,3,51,15,19,32,6,8,1,1,4,12,0,102,1,15,18,9,3,24,45,2,5,71,13,0,7,15,1
2019-07,66,75,52,35,2,39,57,13,3,12,13,6,1,40,30,188,121,5,7,25,19,0,14,44,4,197,13,17,8,103,38,11,38,11,25,0,5,7,42,14,241,7,15,69,25,7,42,119,23,29,89,13,0,7,136,9
2019-07,67,21,50,8,5,41,67,6,3,22,39,4,0,41,61,144,46,8,7,13,2,10,13,76,6,65,22,22,4,203,74,16,18,3,86,1,13,5,46,5,144,11,27,78,40,2,35,71,158,28,62,16,0,12,1492,5
2019-07,68,16,30,4,3,20,56,8,0,14,63,1,0,20,38,81,19,8,8,2,4,5,7,40,1,70,6,11,4,77,34,13,27,6,51,2,7,9,22,6,119,4,17,34,28,1,14,73,56,20,40,2,2,5,1472,3
2019-07,69,47,52,7,2,24,79,19,2,24,16,3,0,36,28,102,15,7,2,14,11,7,3,8,3,67,10,25,6,29,62,11,27,6,34,0,7,4,27,7,210,6,44,84,31,4,34,95,40,20,91,25,2,6,562,9
2019-07,70,33,58,20,7,37,35,0,2,22,2,3,0,26,16,191,53,13,9,28,16,1,12,3,6,115,10,12,3,111,40,31,43,21,16,2,4,6,25,10,218,1,32,85,31,7,59,94,8,16,162,19,2,8,90,9
2019-07,71,59,60,23,2,49,83,18,2,34,16,0,1,81,44,211,16,19,5,14,8,13,9,34,2,93,17,25,6,113,66,27,51,14,71,2,4,12,41,9,180,6,21,115,53,3,39,148,70,27,144,28,1,24,346,3
2019-07,72,8,25,14,5,25,7,2,0,14,0,0,1,24,3,83,3,6,21,8,0,13,8,6,0,65,19,14,1,12,11,10,36,9,60,0,0,4,6,5,258,9,20,123,32,10,29,71,2,2,168,6,1,8,30,15
2019-07,73,24,21,9,4,26,25,3,6,17,13,5,0,47,22,127,0,18,2,15,4,6,6,2,2,49,20,14,1,53,46,13,41,10,26,0,2,7,22,6,193,2,14,113,41,4,26,111,31,19,128,28,0,6,259,8
2019-07,74,8,23,12,0,13,4,0,2,12,1,0,0,17,3,116,4,5,3,14,3,1,6,1,3,70,14,3,1,43,1,18,18,10,19,1,0,3,2,0,108,6,26,44,14,11,27,79,1,1,116,3,2,3,11,7
2019-07,75,10,24,9,2,16,13,0,0,17,25,1,0,27,2,103,6,5,4,15,2,4,6,10,2,66,6,8,3,26,15,6,18,6,47,2,1,2,12,1,302,5,32,153,30,3,35,84,11,13,107,5,5,5,293,16
2019-07,76,4,1,1,1,1,6,2,0,1,0,2,0,31,0,13,4,1,0,0,1,0,2,0,0,28,1,6,6,0,1,15,3,3,12,0,0,2,1,0,8,2,5,9,2,1,4,6,0,1,13,0,0,0,1,0
2019-07,77,39,33,32,3,14,31,6,1,5,0,4,0,4,24,15,169,17,0,8,8,0,1,6,3,133,1,12,3,84,11,11,24,13,48,0,3,3,5,4,64,9,29,42,26,15,29,56,1,2,189,7,0,1,6,41
2019-08,0,2626,2527,1301,124,1539,2109,372,167,765,601,199,82,1617,1175,5541,9417,798,260,455,571,315,440,650,226,6440,767,972,426,6380,1633,922,1107,1101,2357,67,277,421,1019,350,8641,308,2152,2672,1241,673,2073,6593,862,555,8236,631,57,236,15231,757
2019-08,1,24,20,26,4,8,53,2,1,10,1,4,0,27,6,20,139,21,1,4,4,0,13,4,2,37,1,7,4,136,10,7,12,14,54,3,8,9,12,1,101,2,14,32,34,5,12,61,2,5,70,4,1,1,10,17
2019-08,2,64,50,48,1,25,40,5,5,10,0,4,0,34,15,70,233,32,3,2,8,5,10,4,6,217,1,17,7,201,26,25,34,20,23,0,5,3,11,2,148,1,24,47,46,19,58,161,1,9,104,12,3,6,3,19
2019-08,3,17,13,18,5,9,25,6,3,12,2,7,0,13,31,11,179,10,0,7,7,1,2,0,7,99,1,13,12,73,21,5,16,6,39,0,5,4,4,5,43,1,27,31,20,9,20,70,2,4,49,14,1,0,6,21
2019-08,4,29,28,23,1,29,19,1,0,22,1,1,0,27,6,67,250,14,2,6,16,12,9,1,0,149,5,13,2,72,11,19,16,16,20,0,1,6,4,0,125,2,29,26,31,17,30,71,0,1,101,24,0,4,9,35
2019-08,5,26,13,28,1,22,19,0,0,3,1,3,2,23,13,49,568,21,3,6,11,0,4,2,2,82,2,14,7,67,9,17,15,14,27,0,2,2,6,1,89,8,29,14,24,25,27,80,2,4,97,18,0,0,6,17
2019-08,6,29,37,50,4,34,34,3,2,8,3,5,0,40,31,77,350,21,3,13,18,3,8,1,4,176,4,19,16,324,74,15,39,148,93,3,11,12,12,17,180,6,80,29,39,17,83,1407,2,4,138,57,0,7,3,28
2019-08,7,30,20,19,3,37,29,3,4,17,1,2,1,26,18,41,292,47,4,18,12,9,11,2,2,157,1,10,24,140,71,19,16,34,62,1,6,8,5,10,129,5,62,31,46,27,26,72,3,2,93,31,0,4,9,14
2019-08,8,25,3,7,1,8,35,3,1,6,6,10,0,15,11,15,227,34,3,2,8,1,9,8,3,96,0,8,39,41,16,10,7,29,98,2,6,3,10,23,105,4,100,2,9,6,12,51,4,7,93,7,1,1,7,1
2019-08,9,8,11,12,1,4,3,3,0,5,1,0,2,3,1,26,0,13,0,0,1,0,0,0,0,42,9,2,1,8,3,14,16,6,3,0,0,1,3,0,19,4,8,9,7,16,16,32,0,2,112,8,2,2,1,7
2019-08,10,45,46,13,5,21,14,2,0,13,1,0,1,25,9,139,12,12,1,5,7,0,9,4,1,141,7,13,4,92,18,31,20,21,33,1,0,6,4,2,146,4,14,67,37,13,65,162,1,1,279,15,3,5,20,19
2019-08,11,30,37,17,1,22,9,0,0,12,1,1,0,22,2,58,17,10,4,6,7,1,4,1,5,144,7,11,7,114,13,20,8,12,39,1,0,6,10,5,105,3,16,22,20,12,38,84,3,4,68,6,0,1,7,22
2019-08,12,21,28,7,2,12,3,0,1,4,1,1,0,31,2,78,26,6,0,5,2,0,1,1,2,155,10,17,0,73,5,7,28,11,7,0,3,0,1,1,74,3,47,58,29,13,46,69,0,3,130,15,1,5,15,23
2019-08,13,22,17,14,1,5,8,0,0,15,0,1,2,11,3,34,85,7,1,2,4,3,3,1,0,51,8,4,2,39,10,9,12,6,23,0,0,1,4,0,86,4,28,14,3,9,19,43,2,0,73,7,0,1,5,10
2019-08,14,32,52,16,1,18,25,3,4,19,5,2,1,20,8,68,325,12,2,16,16,6,11,0,2,137,32,21,5,95,19,13,20,16,42,0,4,4,6,5,86,2,29,27,19,6,42,60,4,8,137,9,0,4,7,42
2019-08,15,102,107,55,0,36,56,2,2,26,2,4,0,32,12,123,124,16,6,12,10,8,7,2,2,158,16,18,7,253,36,43,23,20,72,2,5,5,15,5,128,5,45,59,37,38,87,248,6,7,256,11,3,2,8,40
2019-08,16,66,30,30,4,27,31,7,1,15,4,7,9,28,16,88,287,10,5,13,14,3,17,8,2,219,27,16,0,217,28,11,14,26,63,1,1,5,11,7,133,4,23,41,35,20,25,137,7,9,245,12,0,4,11,34
2019-08,17,63,53,46,3,65,26,0,3,8,2,1,0,17,5,124,53,13,9,9,12,3,7,0,5,135,4,6,5,129,13,32,19,34,16,0,4,2,12,3,143,3,15,44,19,32,65,116,5,3,236,6,2,5,5,20
2019-08,18,27,16,5,0,6,12,1,1,1,3,0,0,9,3,24,11,9,9,4,3,0,5,16,0,25,7,6,1,24,9,4,6,9,10,0,0,0,1,1,27,0,7,15,8,2,10,25,0,1,29,3,0,2,6,3
2019-08,19,82,86,82,4,47,54,8,7,14,2,2,0,34,11,184,238,19,14,10,16,2,7,9,4,188,14,27,10,219,21,31,31,23,43,2,22,15,27,3,134,10,64,18,20,8,63,108,8,12,201,15,0,5,7,7
2019-08,20,17,15,18,0,15,9,3,0,8,1,3,0,4,10,42,98,2,2,1,2,0,4,0,2,41,3,7,3,99,3,11,9,5,25,1,4,8,8,3,35,2,2,7,8,2,33,62,4,3,63,7,1,1,0,11
2019-08,21,53,19,13,5,30,23,4,0,4,0,3,0,3,19,72,508,11,2,3,11,1,2,0,2,59,25,7,3,95,14,11,7,8,38,4,7,7,6,4,136,4,14,23,17,18,17,50,5,1,92,10,1,1,6,19
2019-08,22,65,53,66,7,48,39,6,5,16,8,5,6,45,37,130,530,26,4,10,25,4,24,10,3,178,59,14,13,280,56,9,33,32,71,2,4,9,19,8,137,4,97,34,20,38,46,155,13,6,262,22,2,6,33,54
2019-08,23,64,32,48,3,52,73,12,11,21,30,2,0,35,59,215,190,16,2,22,16,3,18,4,10,83,3,17,8,161,47,15,21,13,48,1,4,15,22,6,108,8,23,28,15,7,23,131,38,13,121,8,0,5,735,19
2019-08,24,87,51,72,5,76,56,4,5,8,11,6,2,49,51,116,740,40,4,30,26,9,10,17,13,249,36,23,17,319,79,28,47,41,167,0,1,10,23,13,221,8,70,25,26,28,44,150,7,4,169,30,1,6,45,42
2019-08,25,93,103,95,3,57,110,21,4,33,34,5,1,76,71,283,48,36,28,12,25,23,22,49,8,262,13,52,8,159,80,20,36,14,47,3,3,7,52,9,326,21,36,121,36,5,64,196,38,35,306,23,2,9,1104,12
2019-08,26,26,10,8,0,10,18,5,1,4,15,0,0,10,16,49,39,1,1,6,7,3,3,1,3,38,8,13,2,46,18,10,5,3,68,1,8,10,8,1,94,9,26,19,5,0,11,41,63,2,26,3,0,1,636,0
2019-08,27,38,15,8,0,22,27,4,1,5,30,4,1,32,33,77,44,5,0,6,9,3,0,16,1,32,4,9,1,44,20,6,3,5,17,0,2,3,15,7,84,6,39,26,4,3,10,26,11,10,44,1,0,0,880,5
2019-08,28,36,39,13,2,23,38,21,3,11,17,5,0,19,31,49,263,14,6,27,9,23,3,17,2,258,12,20,24,98,43,21,18,16,69,3,8,15,22,10,160,12,176,14,18,1,19,55,0,5,61,4,1,2,309,3
2019-08,29,32,16,5,0,24,55,17,1,6,37,1,1,50,39,87,50,10,4,12,10,2,3,11,8,79,16,22,2,69,30,16,12,15,75,0,6,2,29,7,113,8,31,37,11,9,17,95,18,6,53,4,1,2,1765,3
2019-08,30,79,32,33,1,35,41,3,21,16,10,7,0,24,26,127,436,5,3,5,9,2,9,63,10,139,4,17,7,137,26,18,9,104,42,1,3,12,28,5,188,3,18,19,14,10,39,79,9,12,78,6,0,1,76,8
2019-08,31,33,19,11,0,32,15,3,2,14,6,4,0,7,25,54,312,7,3,2,3,7,4,23,3,119,5,4,5,53,11,5,5,19,31,0,0,6,12,5,83,7,13,5,11,6,7,61,3,5,60,6,0,1,17,2
2019-08,32,12,0,4,0,2,9,1,1,3,0,17,1,11,4,11,187,16,1,3,7,4,3,3,8,42,0,8,46,22,9,5,4,17,23,1,4,1,7,9,79,10,120,7,0,1,11,12,0,5,79,3,0,1,0,4
2019-08,33,11,4,1,1,5,10,4,0,2,1,6,1,9,3,11,43,5,1,3,5,0,2,1,0,28,1,3,10,19,3,2,1,5,29,1,1,4,6,2,67,2,21,6,2,4,3,10,0,1,70,2,0,0,12,0
2019-08,34,9,7,1,1,4,6,1,2,2,5,2,0,5,6,23,44,4,0,3,2,0,0,2,1,36,2,5,7,30,5,3,5,2,3,0,1,1,2,0,57,1,14,2,5,0,5,10,0,1,51,1,0,2,3,0
2019-08,35,8,2,0,0,0,13,2,1,1,1,0,1,6,3,10,12,1,0,1,2,1,1,1,0,14,3,5,4,3,6,4,3,3,34,0,4,2,6,0,80,3,17,8,3,3,9,27,3,3,25,3,0,0,57,2
2019-08,36,4,2,1,0,1,2,0,0,2,0,0,1,2,1,3,1,2,1,0,0,0,0,2,1,8,0,2,0,2,1,2,0,3,4,0,0,0,4,0,5,1,3,2,1,1,2,6,0,1,8,2,0,0,140,1
2019-08,37,3,1,1,0,1,0,0,0,2,5,0,0,3,1,10,5,0,0,0,1,0,0,0,0,13,1,0,0,17,2,1,5,0,3,0,0,3,0,2,3,0,17,15,1,0,4,7,4,0,9,0,0,1,183,0
2019-08,38,24,8,4,1,13,31,7,1,4,7,3,0,13,10,27,30,7,1,2,2,6,5,1,3,33,14,11,4,30,18,8,9,5,76,0,17,22,12,8,47,2,56,15,4,4,20,33,6,4,23,5,0,0,765,5
2019-08,39,7,6,0,0,5,11,6,0,4,4,0,1,8,1,11,1,5,5,0,1,7,3,4,0,41,3,2,1,19,4,4,2,0,18,0,1,1,0,2,18,3,4,10,4,3,6,10,2,5,20,2,0,1,80,1
2019-08,40,13,6,1,0,0,24,8,1,1,10,1,2,15,16,11,8,4,0,0,1,7,2,0,1,6,3,7,1,20,5,2,4,1,28,0,0,9,2,3,71,0,6,9,6,0,10,19,3,6,11,1,0,1,414,1
2019-08,41,7,2,2,0,4,22,9,0,10,5,4,1,7,0,14,10,4,3,8,5,3,0,1,0,46,5,5,6,17,12,7,6,6,31,0,2,8,5,8,66,3,29,10,5,3,7,19,0,3,45,14,1,0,1,5
2019-08,42,28,25,8,0,5,32,11,2,6,25,2,2,20,23,20,9,6,3,1,6,4,4,0,1,57,5,15,1,21,21,6,5,2,32,0,2,8,19,3,67,0,16,18,7,3,8,26,18,7,33,2,0,3,232,4
2019-08,43,32,38,12,0,16,100,33,3,10,11,2,1,38,24,67,12,15,4,7,7,6,4,5,5,61,26,46,5,36,35,15,24,13,42,1,4,1,33,8,170,6,10,62,21,5,24,48,33,18,58,7,4,10,277,3
2019-08,44,36,45,23,2,16,54,15,3,23,12,4,2,42,27,97,9,6,5,5,0,11,5,22,2,63,21,32,8,42,33,9,19,10,50,1,15,13,25,10,172,2,18,74,24,2,32,61,25,13,74,7,1,7,216,12
2019-08,45,9,22,4,1,11,12,0,0,11,5,1,2,13,4,44,3,2,2,4,2,2,2,1,0,22,9,8,5,14,7,2,6,8,8,0,0,0,3,2,51,3,6,47,12,3,14,31,9,8,29,8,1,3,49,5
2019-08,46,24,44,9,0,18,44,12,2,10,19,5,5,49,19,97,62,6,1,9,14,11,14,6,2,43,18,17,1,55,40,6,10,3,13,0,11,2,24,6,158,5,25,51,13,3,33,77,34,28,61,5,1,6,389,3
2019-08,47,5,4,0,0,1,2,0,0,0,1,0,0,0,4,8,3,0,0,0,0,2,1,0,0,4,4,3,0,2,3,0,3,0,6,0,0,1,3,0,47,0,5,16,3,0,1,8,8,1,5,0,0,1,92,1
2019-08,48,21,19,7,0,10,16,0,1,3,2,2,0,10,7,45,6,6,0,4,5,1,2,6,2,50,13,12,1,10,16,4,16,3,2,0,0,1,10,0,88,3,12,49,13,3,22,66,9,6,53,2,1,3,79,4
2019-08,49,49,47,10,2,39,55,11,2,19,40,1,1,63,33,159,18,19,7,8,8,7,5,27,5,84,43,36,1,71,51,13,21,23,18,4,12,12,43,6,235,5,40,130,22,2,40,147,58,26,168,8,0,13,573,10
2019-08,50,9,4,4,1,3,4,3,0,5,2,1,0,3,3,20,1,2,2,0,6,1,2,20,0,20,1,5,0,7,5,3,4,2,1,0,0,3,6,0,29,2,5,9,4,1,19,14,2,6,30,1,0,0,54,0
2019-08,51,11,31,12,0,21,16,2,1,4,1,0,1,9,5,63,33,8,1,4,2,4,4,1,1,54,16,9,1,5,32,18,13,4,16,2,4,16,18,7,89,9,21,56,7,1,24,46,13,14,72,3,1,1,133,4
2019-08,52,21,43,15,2,18,23,4,1,3,1,1,0,12,7,69,118,3,0,7,1,0,5,1,6,36,6,13,2,13,15,3,20,7,23,0,0,16,12,1,123,2,9,19,10,5,22,69,8,12,146,5,1,0,37,2
2019-08,53,36,51,13,3,24,26,10,7,7,36,0,4,27,25,96,13,7,7,5,1,3,11,2,9,52,12,19,0,63,31,11,18,17,7,3,5,4,29,3,153,3,13,83,32,4,29,78,48,25,94,7,2,4,456,4
2019-08,54,2,1,0,0,1,1,1,0,1,0,0,1,2,2,2,0,0,0,0,0,0,0,0,0,28,2,3,0,1,3,2,0,1,0,0,0,1,4,0,23,2,0,9,2,0,1,2,1,0,2,1,0,0,88,1
2019-08,55,10,231,5,0,13,5,0,0,6,0,0,0,1,3,26,20,3,0,2,1,0,3,1,4,22,3,8,1,3,10,4,9,7,0,1,2,1,8,1,85,1,12,14,9,1,19,39,1,1,136,3,0,0,105,3
2019-08,56,46,93,8,4,35,21,3,2,17,0,1,0,12,7,97,71,14,11,4,4,7,2,7,2,90,7,4,7,209,12,36,25,31,28,1,6,11,13,3,215,4,46,18,18,33,46,86,1,4,336,10,2,1,12,6
2019-08,57,22,6,4,2,8,8,1,5,2,2,1,0,7,5,29,154,7,1,2,2,7,3,3,2,64,3,4,1,26,11,5,4,7,15,2,5,0,7,0,61,3,9,5,5,11,9,24,2,4,41,4,1,2,3,0
2019-08,58,41,20,14,3,17,19,2,7,12,0,5,0,11,13,62,330,8,4,2,7,5,10,57,4,37,5,14,2,59,15,6,5,2,30,1,3,9,21,7,303,4,12,15,8,4,28,128,3,8,106,1,0,1,2,2
2019-08,59,40,20,6,0,9,15,1,1,8,0,1,0,7,10,32,318,1,0,3,6,3,1,42,1,44,3,7,5,49,10,4,4,3,11,0,2,8,11,6,90,3,15,6,3,3,9,25,4,3,50,2,0,2,15,2
2019-08,60,52,28,14,1,23,20,0,2,9,6,3,2,14,6,51,141,8,7,5,7,5,8,32,1,30,7,7,3,157,15,6,10,8,17,0,2,2,11,5,34,0,21,8,10,34,17,82,6,2,130,2,0,0,17,4
2019-08,61,52,23,11,6,32,46,5,2,4,21,4,0,19,40,123,180,7,3,6,13,4,7,29,8,84,14,19,8,107,30,11,16,9,16,0,0,9,23,7,182,9,34,36,20,6,22,110,19,14,89,5,1,4,548,3
2019-08,62,32,44,8,0,10,9,0,0,1,1,1,0,8,1,61,94,5,4,0,4,2,4,0,4,110,1,3,1,42,8,17,17,5,12,0,0,2,6,1,65,1,7,8,3,13,19,23,0,6,47,7,0,3,2,3
2019-08,63,80,19,35,0,20,18,4,1,11,0,2,0,35,16,94,288,2,1,1,14,0,4,40,1,70,7,12,3,63,7,13,8,3,32,0,1,1,22,3,83,4,11,25,10,0,26,70,3,3,59,5,0,4,4,3
2019-08,64,41,84,14,2,20,15,2,2,4,0,2,0,10,3,115,22,4,7,1,2,8,3,18,4,114,2,8,2,379,7,27,22,5,9,1,0,5,6,2,100,1,11,11,9,17,40,43,1,0,189,2,1,0,6,5
2019-08,65,76,32,13,4,21,16,0,2,26,3,2,2,8,2,73,53,5,9,1,1,5,7,12,3,108,4,9,4,61,6,18,16,10,8,1,0,1,15,1,139,5,3,17,2,8,32,45,1,7,131,10,2,7,7,3
2019-08,66,87,35,20,3,40,55,10,10,15,3,6,2,25,19,175,100,7,6,7,10,10,12,2,3,111,8,15,3,99,32,6,18,11,23,1,4,4,28,4,164,9,10,64,23,4,36,71,16,8,145,16,2,5,108,5
2019-08,67,33,42,0,2,26,50,6,2,26,34,2,0,30,33,176,26,9,6,9,19,4,12,3,1,53,11,12,4,132,42,8,18,1,26,0,6,4,24,1,118,1,12,102,38,2,33,161,52,24,82,3,1,3,1252,4
2019-08,68,31,42,4,3,10,41,2,1,6,41,0,0,24,44,89,39,10,2,6,5,4,5,2,8,51,4,20,4,71,32,12,17,8,49,4,10,15,23,12,169,2,17,59,18,5,29,65,67,12,48,4,0,6,1459,3
2019-08,69,32,81,5,1,20,65,14,2,13,15,4,0,51,26,96,16,18,2,9,4,6,0,0,6,81,8,23,6,45,44,8,13,12,22,1,0,5,21,18,198,3,31,71,20,3,43,74,44,8,38,7,1,2,497,6
2019-08,70,69,77,10,0,26,30,3,5,17,1,2,0,17,10,153,64,11,5,9,21,5,17,4,5,136,13,7,2,120,38,26,19,21,40,0,2,3,26,6,213,9,21,68,48,6,36,102,7,6,314,8,0,7,145,4
2019-08,71,34,41,17,5,41,60,16,3,20,15,1,0,65,35,191,22,19,10,10,13,10,8,1,6,78,15,23,1,105,41,16,29,16,22,1,8,2,38,7,233,1,43,102,27,1,39,103,44,17,249,16,3,9,567,11
2019-08,72,11,19,14,0,18,5,0,0,16,0,1,3,40,3,66,6,1,4,2,5,5,3,0,0,57,7,24,0,18,6,21,25,11,5,0,0,3,8,1,110,6,32,122,36,20,51,58,5,13,257,4,1,5,27,10
2019-08,73,33,16,12,2,28,31,2,0,18,17,3,2,32,21,126,5,9,0,7,8,3,8,8,2,54,24,11,2,56,45,5,29,14,6,0,0,0,17,7,102,0,16,85,14,7,33,104,20,13,160,16,3,12,223,9
2019-08,74,7,21,13,0,12,7,1,0,3,1,0,0,5,1,81,0,5,2,5,4,0,2,3,0,63,46,11,2,58,3,13,9,16,3,4,4,4,1,2,105,2,26,43,5,2,24,49,1,1,281,4,0,3,4,8
2019-08,75,11,37,4,1,9,9,2,1,17,11,1,15,18,7,83,2,4,2,10,2,3,4,1,0,51,18,10,2,41,7,6,22,11,12,4,3,6,11,2,198,6,32,106,26,10,32,61,18,14,210,5,0,7,142,9
2019-08,76,4,0,2,0,7,14,2,1,3,0,2,0,3,1,9,4,5,0,0,1,2,0,0,0,36,1,3,1,0,1,11,3,2,2,0,0,0,2,0,20,1,11,3,0,3,3,9,0,0,21,3,0,0,3,0
2019-08,77,36,33,30,3,17,38,4,1,12,1,3,0,17,21,18,160,8,1,4,12,0,3,4,0,110,4,5,12,84,14,11,14,13,37,0,3,1,2,5,70,3,47,33,20,8,27,77,2,6,105,7,0,2,2,25
2019-09,0,2532,2822,1522,120,1321,1940,448,127,970,395,167,106,1533,1023,4648,8242,809,226,388,497,318,384,394,220,6556,518,910,327,5423,1295,807,1061,762,2918,59,226,439,1066,272,9113,321,1822,2172,1162,821,1586,5263,636,701,5002,811,181,298,12777,562
2019-09,1,23,33,27,1,9,32,9,1,22,1,3,0,28,6,23,159,27,4,2,7,4,1,7,3,45,2,11,5,124,8,5,8,9,41,0,1,4,5,3,49,3,13,18,21,26,24,41,2,5,76,17,2,4,3,18
2019-09,2,62,59,49,6,15,36,9,0,26,2,9,0,51,13,87,107,16,3,4,8,10,11,3,6,190,1,11,4,129,27,19,39,20,77,4,4,6,5,4,268,7,35,39,62,42,39,105,2,8,193,26,7,7,5,6
2019-09,3,19,29,26,1,11,27,8,1,11,6,2,2,12,30,17,161,10,3,6,5,3,6,6,2,80,2,20,5,49,15,15,12,7,30,0,1,2,7,3,53,1,25,14,18,23,16,35,0,4,51,17,0,2,4,14
2019-09,4,24,15,34,3,22,21,5,1,3,1,2,0,26,7,56,189,17,2,4,2,2,4,0,1,111,3,18,5,49,18,10,24,11,45,0,4,5,5,5,144,8,37,27,10,12,16,67,1,3,116,19,0,5,2,22
2019-09,5,38,30,27,2,19,27,1,1,4,2,1,0,20,2,48,235,12,0,4,12,1,4,5,1,108,3,8,0,58,14,11,27,17,25,2,7,15,9,3,107,9,27,17,15,17,12,93,2,5,145,17,1,0,3,14
2019-09,6,53,32,32,1,28,30,9,3,16,1,12,1,26,21,70,263,27,2,12,23,4,11,6,0,122,3,10,10,289,52,22,18,17,66,2,0,5,18,1,93,6,93,19,19,23,29,490,7,5,114,24,2,2,18,23
2019-09,7,29,29,40,8,23,23,4,0,4,2,2,0,16,9,41,283,30,0,6,8,2,10,6,1,127,1,8,17,129,46,16,25,39,96,1,4,19,6,5,142,7,28,17,18,13,26,78,3,3,46,16,3,0,5,10
2019-09,8,15,2,4,0,2,23,3,5,11,6,8,1,12,11,12,192,27,0,3,11,5,4,36,2,82,0,13,36,48,19,14,6,22,233,5,7,11,3,8,70,6,73,6,13,3,13,24,2,23,24,11,2,1,28,0
2019-09,9,6,9,12,0,6,3,1,0,9,0,0,1,10,1,9,0,9,1,6,3,5,0,16,0,51,5,3,0,6,2,12,3,4,5,0,0,4,1,0,47,1,2,17,23,10,26,40,2,3,84,4,5,0,1,2
2019-09,10,31,54,25,4,22,14,0,0,22,2,1,3,42,5,106,11,19,2,9,10,13,2,11,0,156,9,22,2,88,10,27,19,18,39,0,2,8,4,1,142,7,28,75,33,19,54,117,0,4,247,11,15,3,24,12
2019-09,11,38,44,21,1,11,9,0,0,23,4,2,0,25,2,50,25,13,3,2,10,1,1,3,0,181,2,10,2,90,12,17,15,16,40,0,0,4,5,3,81,1,8,34,21,7,20,70,0,4,180,9,8,2,4,22
2019-09,12,22,17,5,0,19,9,0,0,8,0,0,2,15,3,55,18,5,2,8,1,1,0,3,0,157,2,18,1,47,6,9,12,11,4,0,0,3,3,3,103,5,9,35,27,7,29,76,0,1,133,11,4,3,3,23
2019-09,13,11,14,18,4,10,4,0,0,8,1,0,1,8,3,24,49,4,0,0,1,1,3,3,1,59,1,4,1,24,9,7,10,7,20,0,0,0,5,1,67,1,18,14,14,6,17,35,1,1,56,5,6,1,9,6
2019-09,14,41,53,40,1,15,37,9,4,15,1,3,0,27,17,58,160,26,1,2,4,0,8,3,2,163,11,12,2,63,19,7,12,3,39,0,0,4,17,3,128,6,18,20,15,9,24,59,6,4,85,5,0,6,3,39
2019-09,15,115,99,43,0,33,35,2,5,39,1,3,7,31,8,104,117,21,9,10,26,26,6,19,6,189,11,14,8,187,27,19,21,19,43,1,9,2,11,6,219,7,37,40,47,24,65,162,5,6,239,22,7,2,3,34
2019-09,16,82,40,44,4,23,32,5,1,18,2,1,2,32,25,112,278,21,1,12,11,6,11,4,4,200,20,11,4,171,21,12,10,11,74,5,1,5,8,8,177,8,28,49,39,155,37,141,2,9,141,9,10,3,9,37
2019-09,17,71,49,39,0,30,25,4,20,27,0,2,1,32,4,106,37,19,3,1,10,6,15,13,1,115,8,10,0,84,6,35,16,17,25,1,4,14,14,3,190,4,19,31,28,15,86,241,4,3,129,19,1,8,7,18
2019-09,18,14,23,5,0,7,6,2,2,3,2,0,1,8,1,23,15,13,2,2,3,0,3,0,0,54,0,2,0,20,4,3,8,10,6,0,0,0,3,1,62,0,3,13,9,10,16,39,1,0,26,2,0,1,4,5
2019-09,19,63,69,87,0,41,33,6,2,25,2,5,0,32,18,161,144,16,11,10,12,2,13,1,6,213,11,13,7,145,20,21,24,25,127,0,5,8,23,1,138,3,20,24,29,12,38,101,2,10,71,17,5,10,13,2
2019-09,20,20,29,29,0,12,17,4,0,12,0,0,0,7,7,48,64,4,3,1,1,0,4,1,0,44,6,6,4,43,6,8,2,12,35,3,4,5,10,1,67,2,17,11,5,6,11,63,0,3,12,2,2,1,2,10
2019-09,21,60,39,17,2,15,22,5,1,9,3,2,1,7,22,36,352,10,3,3,5,17,2,17,7,60,15,6,3,75,16,8,4,6,61,1,12,17,13,4,143,5,20,10,9,7,9,33,2,7,56,12,0,1,6,17
2019-09,22,51,68,96,2,41,30,3,7,14,3,3,4,30,24,109,475,25,1,10,26,6,14,17,7,127,25,14,14,251,33,19,20,23,144,5,30,11,13,4,161,7,68,26,23,64,32,105,11,7,104,16,1,4,19,26
2019-09,23,67,30,38,0,37,69,10,6,11,32,3,1,27,53,121,152,14,2,10,9,6,14,3,4,120,8,12,2,143,36,14,25,6,35,2,2,6,20,3,128,3,24,18,22,9,19,97,21,14,52,7,1,8,395,4
2019-09,24,47,77,80,1,46,61,5,3,17,9,6,2,27,34,102,670,30,5,21,24,6,10,12,5,209,31,22,14,318,41,33,34,32,122,3,1,14,15,18,176,12,81,44,26,31,35,155,7,6,85,36,5,3,31,28
2019-09,25,99,106,105,3,56,102,26,4,59,29,9,9,82,51,228,63,37,30,30,10,24,13,18,10,271,12,47,6,157,47,19,35,16,79,0,4,13,64,12,259,4,29,97,30,26,71,345,28,30,172,40,5,24,760,10
2019-09,26,12,1,14,0,11,30,4,0,7,23,1,0,18,33,35,35,5,1,7,7,1,4,0,3,27,6,12,0,48,16,3,5,2,45,0,7,3,14,3,60,4,20,22,4,0,8,21,30,12,16,1,0,0,646,1
2019-09,27,41,13,11,0,18,29,7,0,12,14,0,1,4,32,60,33,8,2,3,3,0,1,1,0,64,10,10,3,57,14,3,3,5,95,0,0,8,16,10,67,2,15,18,8,3,8,19,15,5,21,3,0,0,768,1
2019-09,28,43,31,30,1,17,42,3,4,9,19,5,1,24,19,39,229,34,1,11,8,4,4,5,1,255,16,21,15,65,14,13,14,29,64,1,1,11,12,12,154,14,170,15,8,3,19,96,6,10,37,14,0,4,177,3
2019-09,29,28,15,14,1,22,54,18,1,17,36,4,2,23,44,72,64,7,2,7,9,3,1,4,5,69,6,11,1,99,22,12,5,3,25,1,5,22,21,4,130,1,10,26,6,2,14,30,18,13,19,2,1,3,1180,2
2019-09,30,69,40,71,4,26,38,4,6,20,3,6,1,26,18,148,537,7,4,6,5,4,9,33,7,115,5,18,1,116,22,12,21,11,48,4,2,5,10,3,239,2,7,24,13,10,33,85,18,22,31,17,1,2,24,6
2019-09,31,37,26,10,5,19,14,4,5,9,1,1,1,9,20,40,471,5,7,6,9,3,8,8,6,138,9,8,2,47,15,9,17,29,29,0,0,5,8,6,172,3,29,7,6,7,5,46,1,5,33,4,2,0,16,5
2019-09,32,3,1,3,0,1,12,10,2,6,3,4,0,4,3,1,255,14,1,1,2,13,1,3,3,27,1,9,24,21,6,6,3,9,72,1,1,3,3,13,44,5,74,1,3,2,4,8,0,9,12,1,1,1,7,0
2019-09,33,5,2,1,0,6,5,2,0,6,1,1,0,6,0,7,36,1,0,0,0,1,0,3,1,22,0,4,7,9,2,2,2,3,8,0,0,2,1,8,66,4,16,0,5,0,1,7,0,6,8,2,0,0,1,1
2019-09,34,11,5,3,0,3,6,0,0,2,0,0,0,2,2,9,25,6,0,1,4,1,0,0,1,13,0,1,9,35,4,3,2,1,7,0,0,3,0,0,11,4,15,0,6,0,3,17,1,0,10,1,0,0,4,0
2019-09,35,8,3,4,0,3,15,9,0,2,1,2,4,4,2,9,3,0,0,2,1,1,0,6,0,8,3,2,2,4,1,7,3,5,5,0,2,3,5,3,73,2,24,9,3,2,3,15,1,1,6,2,1,0,37,1
2019-09,36,3,3,2,0,1,2,1,0,0,0,0,0,4,0,4,0,6,0,0,0,0,0,0,0,15,1,2,0,2,2,1,2,2,0,0,1,0,1,0,11,1,4,0,0,0,0,5,2,2,5,0,0,0,91,0
2019-09,37,2,2,0,0,2,1,0,0,1,3,0,0,3,1,9,12,2,0,0,0,0,0,1,2,7,3,3,0,9,4,1,4,0,28,0,0,0,2,1,4,3,11,9,4,0,4,8,4,1,2,0,1,0,134,0
2019-09,38,22,14,4,0,17,34,7,2,1,7,1,1,17,4,30,9,5,4,7,5,1,0,0,5,30,8,2,1,43,19,2,13,2,33,0,1,5,7,6,66,2,26,15,4,1,6,62,8,2,16,3,1,2,410,2
2019-09,39,10,9,3,0,5,17,5,2,2,3,4,2,7,1,16,7,1,0,4,4,2,1,0,1,24,3,2,2,18,8,10,5,5,13,0,0,1,3,2,34,3,8,9,4,1,2,21,0,2,18,2,1,3,12,3
2019-09,40,5,10,1,0,0,19,7,0,2,9,1,1,10,3,12,5,0,0,2,0,1,1,0,1,18,1,8,4,24,7,2,13,1,10,1,1,1,9,3,55,3,10,7,1,0,4,11,5,4,2,3,0,3,303,1
2019-09,41,5,2,3,0,5,26,2,0,6,2,5,6,6,0,11,0,12,1,3,7,1,1,0,0,33,3,8,3,12,3,11,2,5,30,1,0,7,7,2,30,4,21,11,10,10,9,23,3,1,48,5,0,0,2,2
2019-09,42,26,18,6,0,7,38,8,0,6,5,2,5,18,16,30,2,6,4,3,1,1,4,0,6,72,4,5,0,34,24,2,10,3,14,0,0,7,6,5,80,1,5,13,4,2,9,13,7,13,18,4,1,2,332,2
2019-09,43,39,50,8,3,15,92,26,0,22,6,1,2,40,23,61,5,14,7,9,8,11,8,3,5,72,16,37,3,34,43,6,16,6,22,0,3,2,39,5,206,6,9,50,16,13,19,49,28,26,82,14,3,18,273,2
2019-09,44,25,65,15,6,21,45,23,3,36,2,3,0,28,23,76,1,10,4,3,9,5,9,1,1,99,9,20,4,32,28,3,23,13,13,0,2,4,37,4,219,3,25,50,19,0,17,79,33,15,159,16,5,10,177,10
2019-09,45,12,39,3,0,12,14,1,0,2,2,0,0,15,10,37,2,1,1,3,2,0,2,1,4,26,10,9,3,12,7,4,4,0,11,0,0,1,12,3,59,1,3,19,6,1,9,23,10,12,60,1,5,6,52,2
2019-09,46,17,45,7,3,18,43,16,2,15,2,2,1,30,16,54,63,5,2,1,5,1,6,1,6,40,6,17,3,30,16,6,22,3,38,1,0,4,41,2,154,8,35,60,26,2,19,76,29,28,114,33,1,5,315,1
2019-09,47,1,1,0,0,1,4,0,0,4,0,0,0,2,3,7,1,0,0,1,0,0,1,0,0,11,1,5,0,6,1,0,2,0,3,0,0,0,3,0,14,0,3,5,1,0,3,8,2,3,17,1,0,0,77,1
2019-09,48,19,14,5,0,9,13,5,1,19,2,1,3,13,8,30,6,4,29,3,6,8,0,8,1,27,4,14,1,14,8,5,13,7,6,0,0,1,12,2,77,3,15,50,10,3,20,42,1,10,83,6,6,6,60,4
2019-09,49,36,52,9,1,33,43,7,3,23,15,2,2,60,41,149,5,16,4,9,7,6,9,2,11,97,26,33,7,110,44,12,26,12,44,1,11,10,61,3,244,7,32,113,36,0,37,127,39,27,173,28,1,13,661,3
2019-09,50,5,8,3,1,4,4,1,0,1,2,0,0,9,4,9,0,1,1,2,2,1,2,0,2,13,4,0,0,3,5,2,7,2,1,0,0,5,9,2,19,2,4,8,5,0,5,15,0,7,36,1,0,4,41,1
2019-09,51,12,59,11,1,16,14,2,0,10,1,0,2,11,4,44,50,1,0,7,3,20,4,17,3,63,4,21,0,11,14,8,11,2,23,2,10,11,27,2,136,3,22,33,8,2,11,44,5,12,62,19,3,0,185,0
2019-09,52,28,75,26,0,30,12,0,0,11,1,0,0,12,10,57,82,5,1,2,5,3,6,1,0,33,10,5,1,9,24,9,19,15,43,1,2,3,10,1,187,7,25,17,9,2,18,34,1,6,39,15,5,1,34,4
2019-09,53,27,57,17,2,19,25,4,2,8,13,2,1,27,15,95,10,14,2,13,2,0,6,1,7,107,12,23,0,84,29,12,19,9,7,1,0,5,34,1,159,8,22,85,36,2,39,92,28,21,85,21,5,6,524,2
2019-09,54,1,0,0,0,1,0,0,0,2,0,1,0,7,1,1,0,0,0,1,0,0,0,0,1,50,1,3,0,0,0,0,4,3,1,0,0,1,8,0,24,0,0,3,1,0,1,16,5,4,4,4,3,2,35,1
2019-09,55,12,292,6,0,7,1,0,0,1,2,6,0,6,1,15,19,5,2,1,2,0,3,0,1,20,3,2,0,4,8,5,6,6,27,0,2,1,5,3,103,0,6,11,5,1,12,25,4,3,27,3,2,0,54,0
2019-09,56,48,88,15,5,29,8,3,2,37,0,1,0,23,6,87,91,9,2,5,7,8,9,4,2,109,5,5,3,148,6,35,39,20,36,0,4,6,18,1,211,7,25,19,21,22,31,95,2,6,78,6,7,2,18,2
2019-09,57,23,8,12,0,10,3,2,1,3,1,0,0,11,1,20,149,1,4,0,1,1,1,0,1,40,2,1,2,18,2,5,0,1,9,1,2,0,7,0,56,0,15,1,1,3,6,26,0,4,8,2,0,1,0,0
2019-09,58,48,20,20,2,22,31,4,0,10,1,1,0,5,8,73,281,11,4,2,8,2,8,7,6,76,1,5,3,59,25,8,7,5,50,1,6,14,13,2,110,1,14,14,7,5,18,73,2,6,16,6,1,0,4,0
2019-09,59,19,20,5,0,2,11,3,1,9,1,3,0,2,8,25,347,4,0,3,2,0,3,3,1,59,0,6,2,19,11,3,7,4,31,1,0,5,6,1,70,8,24,8,4,5,5,15,1,3,16,7,0,2,3,4
2019-09,60,55,33,16,2,17,21,0,2,8,1,1,0,16,4,47,95,10,5,5,15,3,3,1,2,40,3,6,2,81,9,5,8,12,32,0,2,2,7,2,45,2,35,10,25,7,21,90,2,5,38,5,1,1,10,3
2019-09,61,69,24,17,1,25,37,6,5,4,16,1,0,17,33,105,163,10,1,11,4,4,8,20,9,105,9,13,6,105,14,17,14,9,20,0,2,4,27,6,117,6,22,34,23,3,34,69,22,17,29,12,1,2,653,3
2019-09,62,34,50,2,0,11,5,1,3,5,0,1,0,24,2,44,69,2,2,2,1,2,5,1,1,29,1,5,2,22,4,6,9,0,15,0,0,3,5,2,67,3,4,2,6,5,7,11,1,1,13,2,0,0,2,0
2019-09,63,60,17,29,0,12,15,0,4,10,0,1,0,27,7,72,284,4,2,0,16,5,7,18,7,65,6,14,6,52,11,4,5,9,18,0,0,1,29,3,83,6,7,18,6,0,15,24,3,12,16,3,3,3,5,0
2019-09,64,32,83,9,2,24,10,21,0,9,0,1,0,14,1,102,39,2,2,4,7,1,5,7,6,61,1,2,0,224,4,23,25,9,26,0,1,3,2,1,129,14,6,21,6,35,37,48,3,2,45,10,0,2,15,2
2019-09,65,72,58,13,1,28,15,2,1,22,0,1,0,19,4,93,51,3,8,0,8,4,8,1,6,44,0,5,12,45,35,17,29,6,33,0,2,4,14,6,119,0,6,15,20,19,29,63,0,8,26,5,0,9,9,2
2019-09,66,78,44,24,4,32,41,23,1,31,2,4,0,36,24,135,130,14,4,7,6,9,11,1,4,119,4,26,5,91,21,9,19,11,28,0,0,1,35,3,140,3,21,34,14,3,34,98,16,26,40,25,0,18,100,0
2019-09,67,19,42,7,4,25,49,10,0,18,17,0,0,18,42,127,31,9,5,4,6,9,5,0,6,47,23,22,9,124,30,16,32,5,94,0,23,17,39,2,106,3,19,66,13,3,15,55,44,23,35,9,1,5,1218,3
2019-09,68,47,26,0,2,22,52,14,0,9,18,2,0,23,33,77,16,5,4,7,3,1,7,2,0,53,7,25,2,104,35,11,9,2,12,2,4,10,25,3,163,1,30,48,22,1,13,60,29,21,37,4,1,2,1507,3
2019-09,69,36,55,9,2,9,47,16,1,14,21,0,1,44,42,81,8,11,2,6,8,4,3,1,3,87,4,31,4,72,43,11,10,10,30,0,4,4,28,6,195,6,20,53,22,4,27,77,21,22,109,17,0,13,313,6
2019-09,70,66,54,11,8,38,24,4,0,27,3,1,1,38,11,154,60,11,1,7,13,2,7,1,3,178,5,12,3,95,19,12,24,10,76,0,0,2,19,3,321,10,25,48,22,3,33,76,3,5,73,17,3,7,148,8
2019-09,71,44,70,12,5,40,60,13,5,19,8,2,0,42,28,141,4,10,4,7,9,8,6,1,3,139,15,37,2,121,45,12,17,16,27,1,6,9,37,9,235,5,9,64,21,0,26,93,35,31,71,16,2,8,384,4
2019-09,72,19,24,7,1,14,4,0,1,19,1,0,1,10,1,63,4,5,0,3,4,1,1,7,0,61,16,15,2,19,7,5,14,12,20,0,0,3,4,1,143,5,13,83,27,8,34,57,4,17,84,8,3,5,9,11
2019-09,73,35,32,2,3,17,28,5,0,9,3,6,23,35,12,89,7,11,1,6,6,5,6,1,2,69,9,12,1,52,24,7,29,13,48,2,14,13,15,4,163,2,17,72,35,1,36,110,18,17,69,30,3,14,214,4
2019-09,74,11,22,13,0,12,2,0,0,6,0,0,1,11,1,53,0,3,0,3,1,4,11,1,2,86,10,3,2,58,2,26,12,9,0,0,1,2,4,0,218,2,17,38,4,1,18,53,1,1,73,8,1,0,10,3
2019-09,75,16,24,9,4,17,12,2,0,13,8,0,2,20,3,56,2,11,2,7,4,1,5,1,1,85,19,8,3,68,9,8,13,6,16,1,0,10,14,1,209,5,33,90,6,3,16,80,12,19,88,4,5,6,154,5
2019-09,76,6,0,5,2,1,11,1,0,4,0,0,1,6,1,5,0,1,0,0,2,1,1,2,0,39,0,0,0,1,1,7,2,2,1,0,0,2,0,0,17,0,5,2,2,1,3,5,0,1,20,2,2,0,2,0
2019-09,77,30,27,52,0,12,35,12,0,6,4,7,1,14,17,26,225,15,0,3,8,0,3,2,2,136,1,17,8,66,14,7,12,20,20,0,2,5,8,3,85,3,29,27,12,44,22,56,2,4,138,13,6,6,6,36
2019-10,0,2189,2850,1498,184,1294,2023,511,124,859,262,93,163,1232,936,3904,7705,811,218,355,497,290,405,217,227,5050,520,748,255,4698,920,809,1179,587,3170,55,256,462,1049,297,10458,409,2053,1889,1562,356,1294,3701,572,664,2803,854,90,595,5535,747
2019-10,1,18,28,12,1,5,52,10,2,8,0,4,0,8,10,13,62,29,0,0,6,0,7,2,1,34,0,6,5,113,6,15,12,1,23,0,0,5,7,1,91,2,35,24,43,5,23,18,0,6,50,13,2,3,5,20
2019-10,2,49,81,41,4,18,39,9,5,17,0,2,0,41,11,68,68,22,0,4,4,4,7,2,10,130,2,9,6,117,29,15,27,16,103,1,2,5,5,6,198,6,31,43,65,17,39,74,1,5,71,19,0,5,0,24
2019-10,3,27,24,19,5,5,25,14,0,17,14,2,0,10,20,10,53,20,2,3,4,5,4,2,0,54,3,3,2,47,12,5,13,3,21,2,0,6,2,3,70,13,28,17,25,18,10,26,2,3,32,28,5,17,4,26
2019-10,4,34,36,35,0,22,25,3,3,13,0,0,0,12,3,46,101,15,1,2,3,7,2,6,3,77,5,8,3,41,4,15,26,17,31,0,3,1,7,5,135,1,38,26,37,20,18,55,3,3,67,38,1,12,2,36
2019-10,5,21,9,19,4,24,17,4,2,34,0,2,1,15,9,58,167,35,3,6,12,5,10,1,0,56,1,5,0,62,12,5,18,11,25,0,0,2,3,2,79,6,26,20,35,14,12,76,2,2,89,16,4,3,2,31
2019-10,6,19,20,24,0,33,36,8,6,9,3,3,0,24,10,55,148,31,1,7,15,1,8,2,3,115,3,10,8,228,32,7,25,14,61,3,2,13,4,11,126,6,111,17,49,7,19,59,4,7,124,17,3,5,3,35
2019-10,7,20,44,28,0,17,19,9,1,11,0,1,2,14,3,30,199,32,1,9,14,1,4,3,0,66,4,4,9,99,24,13,20,22,78,3,5,11,4,8,179,5,40,12,20,7,14,71,0,9,155,17,1,2,3,43
2019-10,8,17,14,11,3,8,33,11,4,8,3,5,8,11,8,16,150,19,1,4,11,1,5,3,2,90,0,21,24,27,15,13,11,21,161,6,13,17,2,7,73,6,62,5,17,3,8,62,1,12,41,9,0,2,27,4
2019-10,9,5,24,12,0,11,1,3,0,9,0,0,8,5,0,18,0,6,1,2,4,1,3,0,0,27,2,14,0,5,3,9,3,3,22,0,0,11,6,1,46,0,9,17,27,4,28,35,0,0,26,4,1,3,2,2
2019-10,10,35,64,32,4,26,9,3,0,36,0,0,5,27,0,71,15,11,2,8,14,2,1,0,0,106,7,13,1,51,7,22,20,10,45,1,4,7,3,2,166,5,53,56,38,24,46,94,1,3,65,19,4,5,5,16
2019-10,11,31,54,28,2,7,9,1,1,20,1,1,2,32,6,37,37,13,2,4,3,22,2,0,2,95,2,15,1,66,2,23,8,8,73,1,2,0,4,4,75,3,21,16,12,6,29,84,3,2,32,7,2,2,6,26
2019-10,12,15,23,10,1,15,16,0,2,22,0,0,0,25,0,41,19,9,3,3,6,2,3,3,0,150,5,7,0,29,6,4,13,10,10,0,0,3,3,2,102,6,8,34,31,10,23,32,0,0,50,15,1,1,12,32
2019-10,13,6,24,21,1,6,10,3,0,11,0,0,0,27,5,27,37,3,3,1,3,1,1,0,0,49,3,2,2,18,5,2,7,3,9,0,0,0,3,0,36,4,18,12,18,1,11,27,2,1,24,9,0,2,0,10
2019-10,14,28,30,40,2,25,26,6,1,18,2,2,1,18,11,47,114,2,5,5,7,1,1,3,0,95,8,2,5,55,9,18,15,11,23,0,1,1,9,5,100,8,10,13,36,5,14,53,4,4,25,39,1,10,7,36
2019-10,15,102,104,47,2,34,34,7,4,20,0,2,8,26,10,95,159,15,5,16,20,4,8,1,5,122,8,5,2,148,26,16,46,14,64,0,4,6,17,6,278,5,38,60,51,19,62,128,12,9,64,25,3,53,5,41
2019-10,16,46,55,45,4,28,33,6,0,20,4,3,13,26,15,78,256,18,4,3,13,13,15,4,4,139,44,8,3,139,14,9,20,10,58,0,1,6,7,7,175,13,70,41,29,15,35,67,8,0,64,34,1,25,12,46
2019-10,17,66,79,29,4,28,25,3,2,17,1,1,1,19,4,83,52,16,2,8,10,3,5,2,3,88,1,5,1,91,11,35,45,9,12,0,9,3,5,3,238,4,15,15,37,7,37,113,1,4,54,22,0,81,6,6
2019-10,18,19,18,16,1,6,7,0,1,1,0,2,0,6,5,24,7,10,0,2,0,0,0,0,2,84,1,2,0,24,4,5,16,3,5,0,0,0,4,1,80,2,10,8,10,1,6,23,0,0,4,10,1,2,5,0
2019-10,19,50,60,91,8,53,44,9,3,21,1,3,0,18,20,148,150,13,3,8,13,6,8,3,8,157,8,12,2,115,17,24,35,15,48,0,10,17,23,3,124,4,44,13,8,1,33,72,1,12,27,24,2,17,8,5
2019-10,20,26,24,29,0,12,13,1,3,3,0,1,1,9,4,20,71,8,2,1,2,5,3,1,4,32,0,1,0,35,15,6,12,11,9,2,7,5,15,0,95,4,5,4,10,0,10,31,1,3,8,8,0,6,1,3
2019-10,21,33,33,35,3,16,32,4,1,6,0,1,6,4,16,39,218,6,1,6,6,0,3,0,5,64,9,5,2,80,7,5,15,9,56,0,3,3,15,3,159,3,28,16,25,6,19,40,1,6,29,13,0,3,1,23
2019-10,22,51,54,63,5,41,44,2,4,21,4,1,8,36,22,64,457,28,5,7,22,5,12,0,9,96,22,11,8,211,35,25,28,19,126,3,6,12,13,3,274,14,47,20,42,17,31,97,8,9,69,19,3,6,6,51
2019-10,23,64,20,63,8,46,47,7,8,15,14,1,3,37,46,111,162,18,2,7,14,2,5,1,5,116,4,21,5,137,33,11,14,2,56,4,7,10,33,5,76,1,24,21,16,15,19,42,24,17,25,12,0,6,158,6
2019-10,24,53,82,79,4,67,59,7,4,22,3,3,6,27,33,86,418,41,7,18,22,2,10,5,5,170,46,6,12,231,29,38,29,21,138,1,15,17,26,4,241,13,72,42,41,12,30,106,3,9,100,48,6,5,6,52
2019-10,25,110,87,96,2,62,107,29,8,32,17,0,4,32,50,199,66,21,19,24,11,13,32,10,11,166,16,25,10,148,30,19,32,12,58,1,0,4,79,21,244,9,55,64,74,10,37,165,17,38,86,28,3,34,307,7
2019-10,26,11,9,7,4,11,25,12,3,2,13,0,0,6,24,38,14,5,0,3,3,1,0,0,2,20,5,10,1,36,16,10,8,1,8,0,1,3,18,2,115,5,24,18,7,1,14,15,24,6,10,3,0,1,141,0
2019-10,27,27,19,7,0,19,17,4,0,3,11,2,1,10,29,52,33,0,0,2,11,1,2,0,1,28,5,8,1,42,10,3,6,4,20,0,2,7,8,6,71,6,31,28,4,2,4,18,20,12,23,2,0,0,170,3
2019-10,28,36,21,22,5,20,33,8,1,4,7,4,4,13,14,29,305,24,0,6,16,2,7,7,1,153,7,15,17,75,8,14,14,20,95,1,3,29,6,13,109,12,173,11,6,1,8,40,4,13,87,23,3,3,33,4
2019-10,29,20,14,12,0,15,49,25,0,7,15,1,0,22,29,96,89,6,2,3,9,3,6,3,4,88,12,25,2,82,21,4,5,9,18,0,7,4,16,3,178,7,17,30,6,1,10,37,27,10,19,9,0,4,214,1
2019-10,30,91,53,47,3,33,32,9,6,15,3,0,0,14,17,96,530,5,4,6,11,4,7,11,3,113,4,16,9,111,14,13,57,10,105,1,26,23,29,4,243,9,19,27,12,16,31,100,8,15,15,10,0,8,29,8
2019-10,31,34,29,13,2,14,29,3,2,13,0,1,0,5,34,46,377,8,4,6,9,5,4,3,6,125,5,9,8,43,2,10,16,11,61,2,5,14,16,3,188,7,40,9,3,3,3,57,3,4,11,7,0,2,9,0
2019-10,32,2,0,2,0,0,26,4,1,11,3,3,1,7,6,1,189,9,0,0,4,0,2,3,2,24,0,6,9,12,2,10,9,10,65,0,3,1,0,7,54,12,96,1,0,0,1,4,0,12,7,2,0,2,2,0
2019-10,33,6,5,6,0,3,12,2,0,8,0,0,3,1,1,4,59,5,6,2,2,2,1,5,0,32,1,1,5,10,1,7,3,3,42,0,0,2,1,1,55,3,16,1,2,0,1,27,0,4,38,10,1,0,3,2
2019-10,34,9,5,1,0,0,9,1,0,2,2,0,0,3,1,12,94,4,0,0,0,0,2,0,1,21,4,3,10,31,5,3,2,7,11,0,0,2,0,3,21,2,19,0,1,2,3,9,1,0,19,1,0,4,0,0
2019-10,35,17,4,3,0,4,13,4,0,2,0,0,7,4,3,7,8,4,2,1,3,0,1,1,0,12,1,4,2,8,6,1,2,2,42,0,1,0,9,7,83,1,8,0,0,0,1,52,2,1,22,0,1,5,5,1
2019-10,36,11,6,0,0,1,4,4,0,2,0,0,3,0,0,2,5,2,0,1,1,1,0,0,0,9,0,2,0,1,1,0,1,1,4,1,2,2,1,0,15,2,3,0,2,0,1,12,1,3,18,0,0,0,38,0
2019-10,37,1,2,1,0,4,0,0,0,0,1,0,0,2,4,7,12,3,0,0,0,0,3,0,0,2,1,1,1,15,2,1,1,1,8,0,0,0,1,2,8,0,13,4,1,0,4,7,5,1,4,0,0,1,17,0
2019-10,38,22,12,6,1,14,39,10,0,5,13,1,4,12,7,33,6,2,0,2,5,1,3,1,0,19,7,10,3,28,7,0,5,1,10,1,0,2,16,2,79,1,20,12,3,0,2,27,5,3,22,7,0,0,182,5
2019-10,39,9,6,3,1,6,23,7,1,4,1,1,1,3,1,8,9,2,0,5,1,2,1,0,1,21,2,5,1,19,6,1,4,0,14,0,2,2,1,1,42,5,7,5,3,0,4,7,2,4,32,6,0,2,9,0
2019-10,40,17,7,2,0,0,21,9,1,1,12,0,3,13,14,6,5,1,0,4,2,0,1,0,0,9,1,10,0,12,2,0,3,1,24,0,0,1,8,1,62,2,12,2,2,1,2,7,1,7,6,2,0,1,62,0
2019-10,41,7,4,2,1,8,15,2,1,2,4,1,4,4,4,12,5,7,2,6,4,0,1,1,1,22,2,2,4,20,7,5,5,3,74,1,4,2,3,5,58,6,20,4,3,5,7,9,0,2,42,12,1,4,0,8
2019-10,42,14,30,2,2,8,31,4,0,10,8,0,6,10,19,29,2,8,1,3,3,4,5,31,4,58,5,5,4,19,20,14,5,2,19,1,0,4,12,4,90,1,23,20,12,1,8,17,4,6,21,5,1,3,88,3
2019-10,43,32,43,18,1,15,112,51,1,13,1,7,7,34,21,62,6,13,2,7,10,11,8,2,5,47,22,24,3,65,24,18,18,8,52,0,7,6,24,6,198,3,15,42,41,1,20,58,24,18,51,22,2,10,105,3
2019-10,44,34,55,14,7,19,52,20,0,10,1,4,0,47,20,72,9,11,1,5,6,9,8,5,6,74,18,20,3,43,29,8,21,6,36,2,13,7,29,3,305,7,16,41,42,1,19,58,12,14,31,8,0,22,84,1
2019-10,45,18,42,2,2,13,13,3,2,5,3,0,0,18,13,39,0,3,0,4,0,0,3,1,0,20,8,6,2,12,2,6,3,2,34,0,4,2,13,6,107,2,5,30,17,0,5,21,7,4,20,5,1,3,21,3
2019-10,46,18,74,8,3,9,44,12,1,11,5,1,5,19,24,70,55,6,0,7,11,2,10,1,3,47,9,16,2,33,21,13,23,3,57,0,1,2,27,2,345,4,16,34,36,0,29,54,28,17,37,7,0,8,80,2
2019-10,47,2,2,0,0,2,6,0,0,1,1,0,1,1,2,7,2,3,2,2,0,0,1,0,1,16,0,2,0,3,1,0,2,0,2,0,0,4,1,1,17,1,2,7,7,0,4,4,3,5,6,2,0,0,22,0
2019-10,48,8,59,5,2,10,23,2,0,8,1,1,1,17,5,33,6,5,1,2,2,2,2,1,1,51,13,9,1,15,8,16,13,3,23,0,0,1,16,0,236,4,15,33,36,2,17,53,5,10,30,5,1,6,4,4
2019-10,49,31,60,9,4,30,33,10,4,13,13,2,2,46,23,129,18,17,0,12,11,9,11,7,4,73,20,48,2,122,26,14,28,13,116,0,13,11,54,12,318,15,61,104,51,13,43,105,39,37,45,20,3,24,226,5
2019-10,50,5,4,0,0,3,10,0,0,3,0,0,2,2,4,18,1,1,0,2,1,0,2,0,1,17,3,2,2,13,4,1,1,1,1,0,0,2,5,2,20,0,6,14,3,0,11,13,1,6,10,0,0,1,17,1
2019-10,51,13,30,8,0,4,14,2,0,12,0,0,1,19,2,36,33,8,5,4,1,10,2,1,10,79,7,6,0,18,10,11,13,1,19,0,0,6,15,1,66,4,11,27,5,1,7,19,7,6,29,11,0,3,17,10
2019-10,52,24,63,17,2,20,16,2,0,1,2,0,2,15,4,34,90,5,0,6,1,0,5,0,3,31,7,2,0,5,7,8,20,12,22,0,2,7,11,0,142,5,19,24,13,2,17,67,1,3,32,6,1,3,0,0
2019-10,53,32,52,25,4,17,36,6,2,9,12,1,0,28,20,91,8,8,13,7,0,6,10,8,5,93,15,24,0,76,15,7,17,15,109,0,9,28,30,6,243,4,10,60,39,0,37,85,22,31,25,5,0,17,179,2
2019-10,54,2,0,0,0,1,2,6,0,6,1,0,2,0,1,1,0,2,0,0,0,1,0,0,0,28,2,5,0,1,0,0,1,0,2,0,0,0,10,1,26,5,0,0,3,0,1,4,0,2,3,4,0,1,33,1
2019-10,55,16,234,11,0,7,3,1,0,2,1,0,0,2,3,18,24,3,1,2,1,1,5,1,1,24,0,1,0,1,3,4,11,2,4,1,0,2,8,0,134,2,7,15,8,2,7,47,2,4,29,10,0,0,45,0
2019-10,56,69,67,7,4,20,9,1,2,25,1,1,1,15,2,56,66,14,5,3,8,12,12,2,3,64,4,7,0,107,14,34,27,14,63,2,10,7,9,4,268,11,20,25,37,3,36,68,0,6,48,7,2,8,5,14
2019-10,57,23,6,4,2,3,10,1,2,6,2,0,0,2,2,22,195,8,0,0,4,2,3,1,3,29,2,3,0,12,8,2,10,2,17,1,2,3,4,1,44,3,5,3,3,1,7,10,1,2,3,1,1,2,18,0
2019-10,58,42,25,34,4,17,45,5,1,12,0,0,0,16,3,51,521,7,3,2,8,3,5,1,10,87,0,8,1,40,13,6,5,12,51,0,2,10,16,3,90,5,33,15,9,2,15,41,2,2,18,4,0,2,12,2
2019-10,59,19,19,4,0,4,9,1,2,3,2,1,0,2,2,21,413,2,0,2,3,1,3,0,1,25,1,3,0,36,1,1,8,1,16,0,0,5,10,3,69,5,13,5,2,3,5,40,0,1,23,1,0,0,0,3
2019-10,60,26,31,14,3,8,20,1,3,9,1,0,2,6,5,31,197,12,3,6,11,3,3,0,0,62,6,15,5,84,9,0,6,13,43,0,0,12,1,3,79,3,21,6,11,2,10,64,0,3,61,5,2,5,3,3
2019-10,61,30,14,21,7,18,30,2,3,8,7,1,1,10,28,70,156,18,2,4,13,1,11,5,13,120,11,9,6,80,16,10,10,5,43,1,2,4,32,2,279,5,27,28,19,1,18,123,33,25,31,4,0,3,275,2
2019-10,62,28,45,7,3,25,3,1,1,4,0,0,0,5,3,40,97,5,1,0,0,0,1,0,3,18,0,1,1,19,2,4,19,4,12,0,0,2,11,1,99,0,3,10,4,1,6,12,0,0,4,5,2,4,8,0
2019-10,63,24,29,48,4,9,14,1,5,8,2,0,0,20,7,49,312,5,1,2,5,0,4,0,6,56,5,7,0,32,8,11,13,7,37,1,0,8,29,4,113,5,9,7,10,0,13,35,0,10,9,6,1,6,25,4
2019-10,64,59,53,6,3,14,21,8,0,7,0,1,1,14,0,76,17,5,3,3,0,3,5,0,5,25,1,1,2,171,6,10,18,13,18,0,0,7,4,0,152,9,16,18,11,8,18,26,4,2,49,3,0,3,0,6
2019-10,65,50,62,12,6,9,11,2,1,10,0,0,0,9,2,37,93,2,3,1,4,1,8,0,2,49,2,2,4,46,15,14,30,4,22,0,0,3,10,1,140,1,12,11,8,6,15,31,4,3,25,2,1,2,6,3
2019-10,66,55,59,11,4,44,39,15,2,28,5,4,0,23,23,130,144,11,4,4,11,6,14,38,6,135,10,11,0,73,18,18,28,7,38,0,0,1,38,4,167,3,34,35,25,0,14,68,11,29,29,13,3,15,118,4
2019-10,67,18,42,10,2,21,58,13,1,12,11,4,0,19,30,123,45,6,4,4,5,11,6,0,6,80,11,26,7,119,15,21,11,5,55,0,8,7,24,6,155,2,24,59,20,0,17,32,39,28,15,5,2,10,1026,1
2019-10,68,15,27,2,3,14,40,13,2,9,11,0,2,11,36,60,30,14,1,6,9,6,6,4,4,38,6,19,4,77,13,13,18,1,27,1,6,10,37,7,118,4,12,68,21,0,15,49,37,26,20,3,2,6,820,1
2019-10,69,42,53,10,2,22,54,20,1,18,5,2,1,20,39,65,7,10,5,10,6,7,5,5,1,39,3,13,5,54,33,9,13,1,32,0,8,8,25,11,312,11,19,48,29,0,16,39,27,20,28,9,1,10,198,1
2019-10,70,44,80,12,5,33,32,8,0,12,3,2,2,28,10,112,119,5,7,7,6,4,10,4,0,95,7,9,2,111,13,24,23,14,36,3,6,4,16,6,285,15,24,44,20,1,35,63,7,14,37,19,5,10,121,2
2019-10,71,27,62,20,4,33,50,21,1,16,3,1,1,43,32,127,9,21,9,13,9,9,14,3,1,62,16,27,3,128,35,18,30,14,45,2,2,3,42,6,208,6,18,52,23,3,25,79,22,31,35,8,4,20,288,0
2019-10,72,7,14,10,0,24,3,2,1,14,0,2,4,19,4,44,5,5,18,1,5,23,2,2,1,40,9,13,1,14,5,13,17,6,13,0,0,2,8,0,129,12,36,79,30,5,28,40,8,2,51,9,3,7,3,9
2019-10,73,29,36,8,6,12,19,4,2,15,4,0,2,41,17,67,7,5,12,7,2,3,4,0,5,47,5,7,0,60,16,6,22,10,25,2,7,7,21,7,221,2,14,41,16,1,18,52,13,12,32,9,0,15,105,1
2019-10,74,5,27,9,1,10,2,0,1,11,0,0,0,3,1,51,0,4,1,3,3,1,4,3,2,64,10,3,0,37,0,11,7,13,22,1,1,1,7,2,98,2,16,24,7,4,13,38,0,1,58,9,0,1,1,5
2019-10,75,10,25,6,6,14,16,2,1,16,4,1,9,20,5,77,5,4,11,5,6,5,10,1,0,55,20,12,8,44,7,5,13,4,41,1,0,5,13,4,220,13,36,67,17,3,11,41,7,18,47,10,1,6,74,5
2019-10,76,7,0,5,2,0,6,0,1,1,0,1,0,12,0,4,0,1,0,1,0,3,1,0,1,25,0,19,0,0,0,4,1,2,1,0,0,3,0,0,31,6,6,4,2,0,3,13,0,1,13,2,0,0,0,0
2019-10,77,46,39,60,1,15,28,8,0,19,0,2,0,8,15,19,87,26,4,3,12,3,2,1,6,101,1,16,3,66,6,14,23,8,101,1,3,9,5,5,93,6,33,21,74,13,22,54,0,4,42,23,1,12,1,33
2019-11,0,2217,2169,734,75,1074,1608,506,102,735,119,107,166,785,777,3157,7858,551,120,463,376,277,254,180,329,3179,614,544,229,2650,707,404,584,277,2911,69,262,477,976,503,7324,416,1871,1304,988,185,670,1497,313,578,1493,393,54,177,2407,1895
2019-11,1,29,16,3,1,3,40,10,0,2,0,2,7,8,15,15,147,16,0,4,4,0,1,1,4,25,2,4,4,46,3,3,10,2,72,0,1,14,4,9,62,5,32,35,23,5,3,14,0,6,22,7,1,3,0,39
2019-11,2,60,53,42,2,14,29,10,5,16,4,0,0,23,7,61,105,14,2,2,7,4,8,7,9,89,1,6,4,119,17,13,16,6,187,0,9,9,12,12,170,7,16,58,40,18,6,30,3,1,35,11,1,3,0,33
2019-11,3,9,14,17,0,7,31,18,2,2,1,2,0,3,12,15,78,12,0,6,7,2,5,3,2,28,2,4,4,24,5,3,6,5,78,5,5,9,3,7,67,1,39,27,19,3,9,14,2,4,38,10,0,1,0,88
2019-11,4,31,14,8,1,8,20,0,1,21,0,2,1,15,6,34,125,12,2,0,2,5,13,4,3,36,7,7,2,17,6,4,8,5,10,0,4,3,8,12,40,4,16,30,20,5,8,25,1,3,32,13,1,1,0,101
2019-11,5,21,22,18,0,21,10,1,1,9,0,1,0,8,4,68,165,15,0,3,12,0,1,1,3,65,4,4,1,38,5,9,9,7,16,0,4,1,4,9,72,6,33,27,28,11,7,67,0,2,43,7,0,0,0,100
2019-11,6,26,27,16,0,27,25,3,2,8,0,6,0,7,11,28,283,25,1,11,7,4,6,4,3,47,2,10,6,100,23,12,5,8,92,3,8,17,6,12,130,5,52,19,30,0,8,39,2,10,71,17,6,0,0,139
2019-11,7,18,37,19,9,24,17,2,1,9,3,1,6,6,6,29,252,38,1,11,14,4,9,2,0,76,2,1,7,52,40,9,22,28,90,1,5,17,4,21,144,9,31,15,14,15,11,18,1,6,46,27,4,1,0,160
2019-11,8,13,12,5,1,0,18,9,1,10,1,3,1,2,6,6,268,19,0,5,8,1,2,26,1,53,0,10,23,19,5,7,6,8,96,3,4,29,4,13,131,8,81,5,1,1,2,36,0,9,27,8,1,1,0,8
2019-11,9,9,17,1,1,4,2,1,0,8,0,0,0,2,0,7,0,0,0,4,3,5,2,2,0,34,3,2,0,5,0,7,8,1,23,0,0,5,0,1,42,3,2,10,7,4,15,20,0,0,7,1,0,0,0,7
2019-11,10,35,41,12,2,21,6,2,0,20,0,0,7,21,0,48,13,10,3,9,7,4,1,1,0,81,8,25,0,27,2,8,12,3,103,0,0,14,9,13,105,13,21,32,22,2,20,28,0,4,25,13,2,1,0,38
2019-11,11,29,43,8,1,4,9,5,1,13,0,0,5,13,5,33,30,6,1,6,3,1,2,0,0,66,5,3,4,52,1,7,5,7,42,0,0,1,5,11,52,3,41,6,17,4,13,26,2,2,28,4,0,0,0,82
2019-11,12,17,21,5,0,7,3,4,3,12,0,0,0,13,0,24,14,8,0,6,3,3,3,1,2,48,2,4,0,12,5,3,6,2,28,0,0,3,1,4,30,4,5,22,30,1,9,33,1,0,31,7,0,2,0,92
2019-11,13,17,21,7,1,8,4,1,1,4,0,0,1,10,8,21,60,2,1,0,0,1,0,0,0,26,0,8,2,6,3,1,4,1,31,0,0,1,4,6,54,1,8,10,11,0,7,10,0,2,18,6,0,1,0,29
2019-11,14,43,26,20,4,11,21,7,0,18,0,1,0,11,13,35,199,13,4,1,1,2,3,1,1,49,11,3,1,21,7,8,5,4,33,1,1,3,5,6,50,1,12,12,16,8,4,22,4,2,22,2,0,7,0,78
2019-11,15,130,95,18,2,23,40,5,7,23,1,3,1,15,11,80,93,14,1,15,10,6,6,0,7,88,8,8,5,103,24,10,13,9,58,0,3,11,9,16,224,5,40,30,42,9,24,43,2,7,40,3,0,5,0,85
2019-11,16,67,47,28,1,26,37,4,0,17,4,2,6,15,26,71,255,11,1,10,13,17,5,2,2,103,58,10,0,122,8,7,11,5,87,1,5,6,9,12,146,3,41,47,51,4,24,37,3,5,57,10,3,2,0,158
2019-11,17,93,48,18,2,20,13,3,1,17,0,0,0,10,2,76,38,8,2,8,4,2,4,0,3,52,5,3,3,34,2,11,11,5,18,1,1,6,12,19,97,4,32,15,8,5,26,59,0,3,29,5,1,1,0,25
2019-11,18,30,11,6,0,8,7,1,0,7,0,2,0,4,6,15,4,3,1,4,0,12,1,0,1,26,2,3,0,11,7,3,6,6,11,0,1,2,7,8,39,0,5,5,8,0,5,6,3,1,4,1,0,1,0,4
2019-11,19,69,51,61,1,54,35,7,2,12,1,0,1,7,10,119,146,8,2,17,7,4,12,3,9,114,12,7,4,85,15,14,25,8,58,1,10,10,14,11,162,2,15,13,21,2,21,24,5,6,24,25,0,1,0,3
2019-11,20,26,19,23,0,10,12,0,0,2,0,3,0,1,2,23,60,0,1,0,3,1,3,0,5,43,4,1,0,17,5,8,4,0,37,1,4,3,11,3,35,0,3,8,4,0,4,18,1,6,6,2,0,0,0,8
2019-11,21,39,33,13,2,22,23,3,0,7,1,1,6,7,7,28,250,5,3,6,3,4,5,0,2,68,29,7,2,41,12,4,9,5,26,3,5,7,12,4,147,5,33,9,13,1,8,10,1,4,18,7,0,1,0,50
2019-11,22,48,48,49,3,39,32,3,2,9,2,7,5,17,17,65,524,26,2,14,15,2,8,1,9,91,40,8,13,116,24,6,17,6,65,0,18,16,23,16,179,15,24,19,15,9,21,30,5,7,52,4,0,3,0,115
2019-11,23,90,22,13,3,32,40,12,3,12,10,2,3,12,31,87,133,8,3,9,11,2,3,0,20,59,7,9,4,57,15,3,11,2,27,0,3,7,35,9,84,5,32,9,14,2,18,16,5,4,12,2,0,5,55,16
2019-11,24,66,46,53,2,51,33,6,4,16,2,7,5,12,27,59,697,25,0,14,17,4,10,4,10,119,48,3,9,134,25,21,19,11,82,1,8,20,12,26,224,15,56,21,20,1,6,31,6,11,59,15,1,3,0,135
2019-11,25,66,65,50,1,35,95,50,1,16,3,5,5,29,48,134,81,13,11,48,16,21,6,1,11,82,27,36,9,77,34,9,16,4,38,0,0,7,65,12,224,11,63,28,21,3,30,43,19,31,22,12,2,4,18,13
2019-11,26,12,13,5,0,5,22,9,0,3,4,2,2,11,18,140,15,1,0,7,7,1,0,0,4,18,3,4,2,34,5,7,9,1,27,2,2,6,15,1,75,2,13,8,3,2,5,10,9,4,4,2,0,5,1,0
2019-11,27,18,8,4,0,23,18,3,1,5,11,0,3,8,18,49,16,0,1,5,4,3,1,0,6,26,15,4,0,31,27,3,2,5,37,1,0,7,22,10,76,5,14,12,3,3,2,4,9,3,10,4,0,0,10,2
2019-11,28,36,9,8,1,5,33,7,2,7,1,2,9,11,14,15,239,15,0,6,4,7,5,22,4,151,14,11,15,45,13,4,10,10,81,4,2,16,6,12,159,9,147,2,4,4,7,21,1,11,43,15,2,5,0,11
2019-11,29,14,11,8,0,15,37,28,0,8,7,2,1,5,24,63,55,7,0,20,3,1,4,6,4,25,5,13,1,38,9,3,7,2,18,0,1,1,24,4,138,1,26,18,7,4,2,26,7,14,11,2,0,0,7,2
2019-11,30,49,29,20,4,28,66,1,3,10,4,2,0,23,14,72,403,6,1,0,4,4,9,1,15,77,8,13,3,56,7,13,31,6,23,0,2,5,22,8,98,6,10,4,8,9,11,39,2,8,10,6,1,4,2,5
2019-11,31,19,14,5,4,15,14,3,0,10,1,1,0,12,19,22,400,10,0,3,5,2,7,5,21,93,5,2,1,21,10,4,6,4,32,1,1,9,13,7,76,6,23,2,5,2,5,14,2,5,13,3,0,1,0,5
2019-11,32,4,3,2,0,0,13,4,3,5,2,3,0,2,2,0,179,6,0,2,3,1,2,4,2,24,0,8,15,16,1,5,0,8,42,1,3,0,2,8,38,19,90,1,4,0,1,0,0,10,11,14,1,2,0,0
2019-11,33,0,5,2,0,0,8,0,2,10,2,0,1,1,1,3,31,7,0,2,1,0,2,1,3,9,0,1,2,3,0,3,1,0,13,0,0,0,2,1,43,5,12,3,0,0,1,1,0,3,23,3,0,0,0,1
2019-11,34,4,5,2,0,2,3,0,1,1,1,0,0,1,2,11,37,0,0,2,1,0,0,0,0,12,4,1,5,11,5,1,0,1,22,1,0,6,0,5,8,0,14,0,1,1,2,6,0,1,14,1,0,1,0,2
2019-11,35,4,4,0,0,2,13,11,0,1,4,0,6,3,5,7,2,2,2,2,1,1,1,0,0,14,0,3,2,4,6,1,1,1,24,0,0,3,4,2,78,1,32,0,3,0,0,0,0,6,10,3,1,1,0,4
2019-11,36,3,1,1,0,1,8,3,0,0,0,0,1,0,0,2,1,0,0,1,0,0,0,0,2,2,0,0,0,3,1,0,0,0,0,0,0,0,0,1,18,1,3,0,1,0,2,4,0,0,8,1,0,0,0,0
2019-11,37,2,0,0,0,2,2,1,0,1,0,3,2,0,0,3,1,2,1,1,1,0,0,0,1,11,0,2,1,12,2,1,2,0,32,0,0,0,2,0,6,0,2,5,0,0,2,1,1,3,2,2,0,0,0,0
2019-11,38,17,12,4,1,8,38,9,0,2,2,1,1,9,7,16,7,4,0,6,3,1,3,1,3,5,11,7,4,20,7,1,9,0,16,0,0,2,14,7,84,6,36,11,3,0,0,7,3,3,10,1,1,0,0,2
2019-11,39,10,10,0,1,3,8,9,1,2,0,1,0,1,1,10,3,4,0,2,5,0,0,0,0,6,4,1,0,8,6,1,0,1,9,0,5,4,0,0,22,4,4,2,4,0,1,2,2,5,9,1,0,2,0,3
2019-11,40,2,7,3,0,1,22,4,1,0,3,0,5,7,8,6,1,1,0,2,2,1,1,0,1,9,1,6,0,9,5,1,1,2,7,0,3,1,13,3,62,1,11,4,4,0,0,2,3,5,3,1,0,1,0,0
2019-11,41,12,4,5,0,4,18,5,1,7,0,1,2,5,0,11,9,4,1,1,3,0,5,1,2,16,5,3,6,11,2,2,1,2,21,0,1,8,2,4,80,4,18,11,3,3,2,5,0,2,24,5,3,1,0,14
2019-11,42,8,15,3,0,7,19,5,1,3,1,1,11,13,9,26,4,4,2,3,4,6,2,3,6,13,1,2,1,13,9,7,6,2,20,1,4,2,12,5,103,2,21,26,4,2,5,6,2,6,16,0,1,5,0,2
2019-11,43,45,37,7,1,15,98,57,0,42,1,3,11,31,20,43,8,17,8,19,7,10,3,7,10,47,11,19,5,26,26,5,18,0,36,3,12,21,37,7,88,23,5,25,34,4,8,18,15,16,21,8,0,10,0,11
2019-11,44,24,40,4,1,11,42,28,3,11,6,0,4,7,13,54,4,11,7,5,3,5,1,4,4,37,14,22,4,16,26,8,7,4,8,2,4,2,27,10,141,4,66,16,14,0,9,43,8,14,19,5,2,2,32,6
2019-11,45,9,36,0,0,8,9,4,0,5,1,2,3,10,1,22,1,3,0,3,1,1,2,0,1,12,4,4,1,3,6,3,3,1,52,1,16,5,7,1,93,2,5,16,12,0,3,12,3,10,15,1,1,0,0,4
2019-11,46,21,45,6,2,16,43,13,1,10,4,3,6,7,11,43,83,3,0,5,9,1,10,2,12,39,10,10,3,16,13,5,7,2,45,0,3,9,21,10,180,1,17,42,22,0,9,59,8,21,13,3,1,8,0,1
2019-11,47,4,1,0,0,1,1,0,0,1,0,0,3,5,0,7,0,0,2,0,0,0,1,0,0,4,3,0,0,3,2,0,1,0,3,0,0,1,1,0,4,0,0,2,1,0,1,4,1,1,3,0,0,2,0,0
2019-11,48,8,48,4,1,11,18,3,1,7,0,1,6,11,10,30,11,3,0,5,2,3,4,0,1,17,4,10,2,8,2,6,4,1,16,0,2,4,19,2,149,2,13,19,31,1,17,34,1,14,17,1,1,2,0,6
2019-11,49,26,35,2,1,26,28,4,2,18,4,0,0,22,14,96,9,8,1,11,4,6,6,2,7,21,32,10,6,96,15,12,13,2,55,5,12,11,31,7,112,8,30,46,31,0,14,32,20,21,19,5,3,5,51,3
2019-11,50,1,8,0,0,1,5,2,0,0,0,1,2,9,5,8,2,0,0,1,1,0,1,0,1,7,2,1,1,6,1,0,2,1,4,0,0,0,5,1,21,2,4,10,7,0,6,11,3,0,7,2,1,1,2,1
2019-11,51,16,23,4,0,6,1,5,0,6,0,1,4,14,3,33,37,4,3,2,1,1,1,1,6,35,11,8,1,4,4,2,5,2,20,0,0,5,11,0,72,11,15,50,10,0,4,20,1,5,12,1,0,2,7,2
2019-11,52,20,58,4,0,30,12,1,1,8,0,0,0,3,6,42,104,2,1,2,6,6,2,13,2,12,3,4,0,11,9,2,9,6,23,0,2,3,8,7,164,18,23,11,4,0,10,21,1,4,14,2,0,3,0,3
2019-11,53,29,45,5,3,12,18,6,0,35,4,0,0,18,14,46,7,2,2,7,4,2,4,1,2,68,8,10,2,90,6,6,9,3,26,0,2,11,35,5,117,10,20,37,38,0,15,34,19,33,15,6,0,5,0,1
2019-11,54,2,0,1,1,0,2,4,0,0,0,0,0,0,1,5,3,0,0,0,0,0,0,1,0,43,1,5,0,1,0,0,1,0,14,0,1,2,12,0,20,0,0,3,1,0,0,0,5,6,1,8,0,0,0,1
2019-11,55,14,118,1,0,6,2,0,1,4,0,0,0,2,3,22,26,3,0,3,0,1,2,0,1,23,3,2,0,1,0,2,3,1,6,0,0,1,2,0,127,9,15,3,0,1,5,9,0,4,5,0,0,0,0,0
2019-11,56,53,62,3,2,25,11,1,2,19,0,2,0,12,3,50,53,11,1,4,4,4,1,0,6,55,4,4,0,57,5,15,14,10,20,1,1,7,8,6,194,4,12,13,8,2,22,28,0,5,29,1,4,4,0,10
2019-11,57,19,11,1,0,3,3,3,1,8,0,1,0,8,1,7,174,5,0,0,0,2,2,1,4,13,3,0,0,16,4,2,4,0,40,1,3,3,6,3,17,2,12,1,1,6,1,15,0,4,3,0,1,1,1,1
2019-11,58,36,17,4,0,14,19,1,3,11,0,3,0,16,6,34,300,8,2,1,3,1,3,0,9,32,2,10,0,18,12,6,1,2,66,1,5,7,12,0,298,6,46,4,0,1,4,21,0,5,15,0,0,1,0,0
2019-11,59,17,15,3,0,2,7,0,2,6,0,0,0,3,1,19,381,0,0,1,4,6,1,1,1,14,0,0,1,9,2,1,0,2,40,0,2,2,11,1,33,5,23,0,2,2,5,16,0,0,10,0,0,0,3,3
2019-11,60,36,38,5,1,17,25,2,1,2,0,0,2,5,4,42,180,1,2,3,11,3,1,0,3,24,7,1,2,33,5,6,6,7,31,0,2,6,6,19,59,4,31,3,5,2,6,31,4,4,32,3,0,0,0,11
2019-11,61,46,19,3,0,21,17,6,3,5,3,3,1,13,32,72,139,3,5,6,7,2,3,0,11,36,8,12,4,45,8,1,7,3,104,2,3,8,21,8,74,6,33,29,8,0,8,33,15,19,11,6,0,1,94,0
2019-11,62,33,18,2,0,14,4,1,2,2,0,1,0,6,0,23,106,0,3,0,0,11,0,0,3,12,1,2,0,6,2,2,3,1,17,1,2,3,2,0,42,3,3,3,2,1,1,5,0,1,9,0,1,3,0,0
2019-11,63,22,25,13,0,7,9,1,1,7,0,1,1,16,7,45,281,2,0,7,1,1,3,0,10,33,6,9,1,21,5,3,10,0,29,1,5,4,11,1,65,7,9,3,3,1,5,4,1,7,2,0,0,3,8,0
2019-11,64,33,36,2,0,5,3,9,0,9,0,1,0,7,4,16,10,2,0,2,3,4,3,3,2,20,1,1,0,74,9,5,10,3,29,1,2,1,5,1,80,1,16,5,1,1,8,9,1,1,19,2,0,1,4,2
2019-11,65,50,44,5,1,20,16,2,0,15,0,0,2,2,0,46,66,4,1,2,2,0,3,0,7,30,1,2,3,14,2,6,6,4,36,0,1,4,16,4,136,7,7,6,5,0,13,13,0,9,8,1,0,2,3,1
2019-11,66,60,42,12,3,26,33,16,2,9,0,3,1,22,19,101,163,5,3,10,3,12,9,3,8,105,6,19,1,39,22,4,9,0,45,5,17,19,44,11,105,7,22,13,10,2,9,14,5,14,9,9,0,3,26,1
2019-11,67,30,24,4,0,22,33,10,1,11,8,1,1,9,27,86,57,4,1,7,5,4,5,1,9,18,11,14,2,71,10,2,7,2,84,5,6,9,32,1,85,3,20,43,8,0,13,11,31,16,14,2,0,3,792,1
2019-11,68,13,29,1,1,17,36,15,1,12,1,2,7,4,47,48,32,7,0,4,5,5,3,2,3,26,8,14,1,40,11,8,9,1,30,1,12,12,38,4,74,4,12,34,10,0,6,9,20,21,8,1,0,6,764,5
2019-11,69,52,54,5,0,13,46,20,2,12,5,2,0,27,36,53,6,8,3,24,8,20,5,2,5,14,3,18,6,41,22,5,8,1,31,0,2,2,30,4,173,8,13,24,31,0,14,10,22,23,8,4,1,2,259,1
2019-11,70,49,64,8,2,34,22,3,3,17,1,0,2,17,4,97,61,5,1,3,7,2,0,12,5,86,2,1,1,46,7,9,11,4,30,0,5,0,15,8,151,12,17,23,20,0,17,20,2,11,22,9,0,5,62,2
2019-11,71,49,46,8,1,27,46,13,5,33,3,2,1,24,27,93,18,4,4,14,21,8,2,3,4,53,15,20,6,67,25,8,17,7,33,2,5,4,34,13,79,1,33,21,23,3,13,19,10,22,29,7,0,11,161,9
2019-11,72,3,15,4,0,10,5,3,0,13,0,0,3,10,3,43,6,1,10,5,1,7,1,5,1,44,18,7,3,0,4,5,7,3,16,1,9,1,8,1,110,11,23,31,17,6,15,21,0,2,30,9,2,1,0,26
2019-11,73,26,41,1,0,16,9,2,2,14,0,1,0,28,16,62,0,7,5,7,12,5,2,0,4,36,18,26,3,32,24,2,6,2,6,0,1,4,10,11,77,4,24,25,17,1,13,23,4,21,11,2,2,10,44,2
2019-11,74,7,23,5,1,10,4,1,1,5,0,0,1,2,1,53,4,3,1,8,2,1,1,0,0,11,14,1,0,6,4,6,3,4,9,2,0,1,1,3,46,1,15,11,12,0,13,11,0,1,16,1,0,0,1,6
2019-11,75,13,24,3,1,20,11,0,1,4,0,2,1,12,9,62,1,6,4,9,3,2,3,2,2,25,8,6,5,21,3,3,7,2,27,0,0,0,17,2,130,8,33,39,14,1,12,19,5,10,21,4,1,3,0,10
2019-11,76,3,0,4,0,2,2,0,0,1,0,2,0,10,0,4,0,1,0,1,0,1,3,0,1,15,4,2,0,0,1,3,0,1,6,0,0,9,0,1,23,7,2,5,2,0,2,1,0,1,5,0,0,0,0,0
2019-11,77,53,29,15,1,6,24,1,6,8,2,0,0,10,7,13,102,24,0,4,8,1,2,6,3,33,3,3,0,43,2,4,7,2,42,2,2,5,2,1,111,8,43,67,32,7,12,20,1,7,32,7,0,2,0,106
2019-12,0,2319,2235,761,54,1341,1324,405,73,965,175,99,229,747,658,3204,7655,518,139,522,344,263,270,134,374,3580,724,531,248,2218,697,363,624,226,3160,59,227,498,925,361,6579,290,1686,675,240,190,473,1247,294,468,1031,363,48,165,80,740
2019-12,1,35,9,10,5,1,28,6,0,9,0,0,1,8,16,13,173,12,2,1,4,5,1,2,1,31,2,3,1,43,6,2,9,4,55,0,0,5,7,5,81,0,25,8,7,1,8,12,1,3,15,10,0,2,0,18
2019-12,2,85,94,19,0,18,24,10,0,12,1,3,3,16,8,41,116,2,1,5,6,1,9,5,10,86,8,7,10,57,26,10,20,4,68,0,2,3,7,11,211,8,10,13,9,8,7,20,1,5,22,28,2,3,0,22
2019-12,3,30,18,6,0,6,19,6,1,31,6,1,0,8,12,8,125,13,0,1,3,2,6,1,1,29,2,2,11,19,6,2,11,2,18,0,1,0,1,6,85,0,44,4,3,13,6,10,2,1,20,12,0,2,0,28
2019-12,4,28,18,3,0,12,16,5,0,22,0,2,4,7,6,32,178,13,2,8,7,1,6,3,4,62,2,1,2,23,11,3,13,4,31,0,2,10,1,18,47,1,31,10,5,3,3,10,0,0,22,11,1,1,0,34
2019-12,5,36,5,11,0,22,12,3,3,7,0,2,2,3,1,32,189,19,3,7,4,2,1,2,2,35,2,2,1,20,5,5,14,2,26,0,1,6,6,0,61,1,17,6,7,0,3,26,1,2,41,9,0,1,0,27
2019-12,6,39,24,19,0,34,28,5,1,11,8,6,11,12,13,44,278,21,2,5,5,4,8,2,6,56,2,15,10,121,22,10,22,5,92,0,7,8,7,18,66,3,49,7,9,4,4,12,0,6,36,7,0,4,0,56
2019-12,7,34,12,18,2,26,10,2,0,11,0,2,17,5,12,34,198,19,0,9,7,2,3,0,0,60,5,6,11,45,34,4,17,5,142,3,6,11,4,25,116,3,39,5,1,4,7,7,0,2,35,21,0,1,0,67
2019-12,8,10,8,0,0,3,22,8,0,8,7,3,48,4,9,9,148,14,1,9,13,4,0,2,0,54,1,17,16,19,9,10,7,9,156,2,0,10,3,10,97,7,63,3,1,0,2,9,2,1,19,1,2,3,0,3
2019-12,9,5,7,5,0,8,9,1,0,13,0,1,2,2,0,11,0,0,0,1,1,3,0,0,1,23,4,2,0,0,2,3,0,3,11,0,0,5,1,0,16,1,1,0,5,1,5,9,0,0,9,5,0,0,0,4
2019-12,10,53,26,7,1,25,6,0,0,20,0,1,17,13,2,36,22,5,0,6,13,0,6,4,3,120,5,19,3,14,3,11,8,5,52,1,1,5,4,14,108,7,30,20,3,2,11,26,0,5,23,9,4,1,0,8
2019-12,11,33,39,8,1,13,7,1,0,13,0,0,0,11,0,26,28,11,0,9,3,6,1,0,0,125,4,5,1,21,4,10,4,5,19,0,0,3,3,5,48,2,19,6,17,3,5,12,1,1,17,1,1,1,0,20
2019-12,12,13,16,4,1,13,0,0,2,30,0,0,3,14,1,33,16,4,5,14,4,8,1,4,1,78,7,20,0,15,2,6,15,3,21,0,0,3,2,0,41,6,16,22,5,5,5,11,0,0,21,5,0,2,0,26
2019-12,13,9,9,7,1,4,3,1,0,4,0,0,10,8,6,19,71,3,2,6,4,0,4,0,0,56,1,23,0,8,6,6,2,2,16,0,0,0,0,2,53,1,9,1,1,1,5,16,1,0,7,4,0,2,0,12
2019-12,14,52,19,31,0,16,11,6,0,20,0,0,1,11,7,37,177,7,1,6,1,12,3,1,5,66,22,6,2,17,4,6,13,4,36,0,1,4,11,0,61,1,29,4,4,3,11,18,1,4,12,7,0,7,0,30
2019-12,15,92,98,20,0,27,23,4,4,24,2,6,0,18,7,81,148,8,10,9,7,5,22,2,7,146,15,5,2,59,8,11,13,8,74,0,5,10,10,7,118,6,37,23,5,3,15,32,4,4,21,8,2,0,0,24
2019-12,16,60,45,20,0,46,17,3,3,54,1,5,3,9,22,74,262,10,5,7,9,23,18,4,5,187,62,5,2,109,10,8,15,4,114,2,8,16,10,10,118,6,26,20,5,16,26,104,4,2,29,10,1,2,0,43
2019-12,17,75,31,32,3,24,14,1,3,32,0,0,0,8,4,65,42,10,3,5,6,1,3,2,6,47,16,1,0,31,7,18,16,7,16,0,3,2,7,3,98,8,25,7,3,6,15,17,1,3,13,13,0,2,0,5
2019-12,18,8,14,0,0,1,5,1,0,1,0,2,0,3,7,11,9,3,3,5,3,1,3,0,5,31,2,3,2,11,1,0,4,1,3,0,0,3,7,1,16,2,3,1,1,1,3,4,1,2,6,1,0,0,0,1
2019-12,19,86,58,79,1,44,30,10,4,16,0,2,0,9,10,94,180,13,3,13,9,1,11,1,8,96,17,5,10,56,6,20,19,3,75,3,5,13,11,7,58,9,22,4,4,3,13,347,1,8,13,10,3,3,0,4
2019-12,20,16,12,26,1,12,5,3,0,9,0,0,0,4,2,38,79,2,2,4,2,3,0,0,5,53,3,3,2,9,3,3,4,1,18,2,4,0,6,0,32,2,3,1,1,2,8,4,1,2,7,1,0,0,0,6
2019-12,21,49,14,23,1,22,24,1,0,24,1,1,3,6,10,32,427,8,2,6,2,3,9,2,6,46,28,4,7,36,4,3,9,2,121,0,6,7,13,12,103,3,31,3,1,3,7,38,0,7,19,13,1,0,0,13
2019-12,22,52,47,44,1,48,31,6,4,22,5,3,2,12,19,82,703,18,1,7,11,4,9,0,16,99,22,5,7,107,36,7,12,10,109,1,10,13,13,16,120,11,38,12,4,18,11,21,2,5,55,15,2,0,0,58
2019-12,23,73,26,16,1,42,36,9,1,8,15,2,2,20,27,107,216,6,0,11,9,6,7,0,12,48,3,10,3,54,28,3,12,0,29,1,5,12,17,4,126,4,15,6,0,3,4,9,5,8,10,4,0,3,0,3
2019-12,24,70,90,31,3,66,22,2,4,23,1,1,1,19,15,84,534,34,3,14,20,6,6,8,11,63,32,8,7,129,21,22,22,11,129,4,10,14,13,14,268,3,52,13,5,12,7,21,3,5,101,9,0,0,0,60
2019-12,25,111,75,30,1,54,71,15,3,32,12,3,18,29,39,165,44,27,6,75,11,17,5,20,26,84,37,32,6,62,27,5,15,4,28,1,3,11,57,11,194,8,22,21,8,3,23,47,14,19,26,10,2,10,0,5
2019-12,26,16,4,8,0,18,10,3,0,5,16,0,0,6,20,67,13,7,0,30,7,4,0,0,4,15,4,6,1,13,12,3,1,2,29,0,0,3,9,2,47,5,6,7,3,0,0,5,10,3,3,1,0,0,0,0
2019-12,27,16,11,3,0,12,17,6,0,13,16,1,3,8,17,43,31,4,1,13,2,4,1,4,5,37,10,9,3,18,13,4,4,4,18,0,3,3,8,5,45,3,18,4,2,0,4,0,4,5,5,2,0,0,0,2
2019-12,28,33,18,12,2,13,22,6,0,17,5,2,3,8,7,28,180,12,0,3,6,4,3,3,4,106,5,9,20,43,10,8,6,10,82,2,2,27,9,18,115,10,122,1,3,3,2,3,1,5,25,11,0,1,0,7
2019-12,29,18,22,18,0,23,24,13,0,7,16,1,0,13,23,82,97,7,1,14,10,2,4,3,4,47,4,12,0,37,12,3,7,3,40,0,5,2,32,2,76,5,18,13,1,14,4,11,10,12,7,1,0,0,0,5
2019-12,30,47,38,47,0,28,40,11,5,13,1,1,1,17,6,76,430,1,3,0,11,0,7,2,20,93,5,11,2,34,10,4,6,4,48,0,1,22,33,8,119,5,21,8,2,0,8,8,2,9,7,1,0,4,0,2
2019-12,31,35,20,3,1,15,11,0,2,9,0,0,0,16,20,30,393,6,0,7,7,1,7,2,3,44,8,4,1,27,1,2,4,0,75,3,1,25,13,8,176,0,48,0,1,1,1,3,0,3,10,0,0,1,0,7
2019-12,32,8,1,0,0,1,5,0,0,6,0,6,0,2,1,0,171,12,0,3,5,0,0,0,0,29,0,4,8,5,3,1,2,4,27,2,3,5,2,3,51,10,58,0,1,1,1,2,0,7,9,2,0,1,0,0
2019-12,33,3,6,4,0,1,4,3,1,4,0,0,1,1,1,3,30,4,2,2,1,0,0,0,2,18,0,0,1,3,3,0,1,3,14,0,0,0,1,3,20,3,10,1,0,0,0,3,0,0,13,0,1,0,0,0
2019-12,34,3,4,1,0,1,3,0,0,2,0,1,0,4,1,5,32,2,0,0,3,0,1,0,0,9,3,1,9,19,0,2,2,5,13,0,0,0,2,1,23,1,12,0,2,0,0,4,1,0,2,0,0,3,0,0
2019-12,35,3,9,0,1,8,9,4,0,0,0,1,4,2,1,12,3,3,3,2,1,3,0,0,1,1,3,2,0,2,1,2,3,0,12,0,0,1,3,1,52,0,18,1,0,0,0,6,2,1,3,2,0,0,0,0
2019-12,36,2,2,0,0,3,1,0,0,5,0,0,0,6,0,3,0,0,0,0,0,1,0,0,1,1,4,0,0,0,0,1,0,0,1,0,0,3,0,0,5,6,1,0,0,0,0,1,0,0,5,0,0,0,0,1
2019-12,37,2,0,0,0,6,3,2,0,1,2,0,0,2,4,15,18,0,0,1,1,0,1,1,0,7,1,0,0,12,2,0,1,0,6,1,3,2,1,1,9,2,4,1,0,0,0,3,0,3,1,1,0,1,0,0
2019-12,38,24,20,3,0,7,26,7,0,9,9,0,1,9,6,21,4,6,0,6,4,2,0,0,3,11,10,4,3,9,8,1,6,0,16,0,0,6,12,5,77,3,22,7,1,0,2,6,1,5,12,1,0,2,0,0
2019-12,39,8,17,0,0,7,11,9,1,5,1,0,3,6,1,10,1,4,0,3,1,3,0,0,2,10,0,2,1,6,3,2,3,1,1,0,0,1,4,1,65,0,8,3,4,0,1,1,2,3,6,1,0,0,0,1
2019-12,40,7,2,4,0,1,22,5,0,4,2,0,3,9,5,5,4,3,0,0,2,1,0,0,2,21,3,4,0,10,2,1,3,0,3,0,0,0,3,2,17,3,16,2,1,0,1,0,2,2,2,0,1,0,0,0
2019-12,41,9,1,0,0,6,7,3,0,2,0,0,2,2,0,8,1,0,2,1,0,0,2,0,0,18,6,6,3,12,7,1,2,0,19,0,0,1,6,4,108,0,15,1,0,3,1,3,1,6,20,3,1,0,0,8
2019-12,42,11,30,6,0,10,22,16,1,4,3,0,7,11,9,28,1,11,5,2,2,2,1,2,3,14,5,8,0,4,11,3,10,5,36,0,3,5,12,0,60,5,6,17,1,3,3,0,2,2,14,3,0,1,0,1
2019-12,43,21,36,3,1,19,81,37,1,32,2,4,2,21,9,32,4,15,3,9,8,15,5,1,13,43,14,10,1,21,18,5,10,3,40,0,7,9,37,5,67,7,24,8,1,1,3,8,9,15,13,4,2,10,0,4
2019-12,44,30,61,0,0,31,49,24,1,9,5,8,0,21,16,70,3,3,2,15,6,0,4,9,3,32,23,15,4,12,26,0,6,0,43,0,15,14,33,3,170,3,12,15,1,0,8,10,9,7,19,7,0,4,0,4
2019-12,45,6,32,1,0,6,7,2,2,6,0,1,3,14,3,31,0,4,2,1,1,3,1,3,1,10,4,6,3,7,3,1,1,2,68,0,2,1,3,0,92,4,6,9,3,1,7,10,2,1,4,1,1,4,0,2
2019-12,46,25,50,1,1,23,32,15,0,16,2,3,5,4,12,50,17,4,0,2,4,4,5,0,8,22,1,6,3,6,4,9,9,0,19,0,2,3,15,2,129,1,13,19,3,0,2,5,7,18,11,4,0,2,0,3
2019-12,47,3,6,0,0,2,0,3,0,1,0,0,4,2,1,9,0,0,1,2,0,0,1,0,0,7,1,2,0,1,1,1,4,0,2,0,0,1,0,0,1,0,2,4,0,1,1,0,0,1,1,2,0,0,0,0
2019-12,48,12,43,1,1,14,2,4,0,2,0,0,10,19,4,31,1,2,3,1,5,0,1,0,0,18,11,0,2,6,3,5,15,2,19,0,0,2,26,2,87,1,11,15,2,2,8,12,2,14,9,8,3,2,0,0
2019-12,49,29,55,5,3,34,24,4,2,26,0,1,4,29,21,121,9,6,4,20,5,3,5,3,8,39,27,19,4,87,20,9,18,6,45,4,21,23,42,4,124,5,31,34,4,0,13,16,22,25,12,4,2,12,0,1
2019-12,50,3,14,0,0,6,2,2,0,1,0,0,2,8,4,14,0,1,0,0,1,1,1,1,1,9,10,1,0,6,2,0,2,0,10,0,1,0,3,1,17,1,5,3,1,0,3,4,2,3,1,1,0,1,0,1
2019-12,51,20,40,2,0,13,13,1,0,11,0,2,3,6,1,27,24,4,1,6,4,1,6,0,1,22,9,12,0,5,7,2,7,0,30,0,0,1,24,3,143,4,13,12,1,0,7,5,2,8,1,3,0,1,0,1
2019-12,52,34,37,12,2,23,3,1,0,7,0,0,0,5,4,30,48,4,0,0,3,2,2,7,7,22,12,3,1,4,2,0,3,1,63,0,0,2,9,1,61,0,11,2,4,0,2,8,0,3,2,4,1,5,0,0
2019-12,53,24,40,3,1,16,21,4,1,7,0,0,1,12,15,66,1,1,4,11,2,9,9,2,9,24,16,11,0,57,12,2,9,3,51,0,7,14,19,2,71,1,7,24,14,0,13,21,38,17,8,5,3,11,0,2
2019-12,54,1,0,0,0,0,2,0,1,0,0,0,0,1,1,3,0,0,2,0,0,3,0,0,4,25,0,2,0,0,0,6,0,0,9,0,0,0,8,1,11,1,1,1,0,0,0,2,2,10,1,3,0,2,0,0
2019-12,55,7,55,1,1,9,2,0,1,2,1,0,0,10,0,12,8,3,1,0,1,1,0,1,3,14,1,2,0,0,2,0,7,0,25,0,3,7,2,1,154,2,8,0,1,0,1,0,0,0,3,1,0,3,0,1
2019-12,56,35,60,4,1,33,7,0,1,17,0,0,0,10,1,40,37,8,3,7,4,3,6,2,10,38,4,2,2,49,8,12,7,8,27,2,3,10,7,5,244,2,50,3,4,4,20,14,2,10,14,1,1,0,0,3
2019-12,57,18,10,2,0,7,5,1,1,2,0,0,0,1,1,20,88,3,0,0,3,0,0,1,1,9,1,1,1,24,12,1,0,0,30,0,0,0,3,2,41,4,7,4,2,0,2,5,0,0,3,0,0,2,0,0
2019-12,58,46,25,10,0,17,16,3,2,8,0,0,0,10,7,36,303,2,1,3,8,5,1,0,18,18,1,8,1,13,6,3,2,0,92,6,7,19,10,3,124,1,18,5,3,1,3,20,0,2,8,0,0,1,0,2
2019-12,59,19,31,2,0,16,10,4,0,1,0,2,0,0,3,13,272,0,0,2,0,0,0,0,2,10,14,3,2,15,2,1,2,1,34,0,0,7,5,0,66,1,12,1,2,0,3,4,1,1,7,0,0,1,0,1
2019-12,60,34,49,4,3,19,15,1,1,7,1,2,1,6,11,40,144,3,3,0,4,2,2,0,3,21,6,4,2,40,40,3,8,7,37,0,2,1,6,7,72,2,10,2,2,2,7,10,2,3,21,1,3,0,0,1
2019-12,61,31,14,7,0,23,27,2,1,4,2,1,3,7,24,63,133,7,3,6,5,5,3,1,5,30,21,8,2,39,18,2,6,5,49,3,5,2,27,2,127,1,36,25,2,0,9,11,15,11,9,0,0,3,3,2
2019-12,62,24,33,9,0,9,1,2,0,6,0,0,1,3,2,25,88,1,3,0,0,0,1,0,4,68,0,5,0,15,0,2,4,1,12,0,0,1,6,0,71,1,10,1,2,1,1,9,0,0,3,3,0,0,0,0
2019-12,63,48,17,27,0,15,8,1,1,4,1,1,0,9,5,37,282,3,0,1,4,4,5,0,16,36,5,2,4,16,3,2,5,0,38,2,4,14,22,1,59,6,8,7,0,3,2,6,0,6,3,1,0,3,0,1
2019-12,64,56,51,9,2,13,3,0,1,16,0,0,0,14,0,25,20,3,0,3,0,9,1,2,6,131,3,5,1,90,5,10,13,0,8,0,4,5,2,2,72,4,15,5,0,3,14,16,0,4,9,1,0,1,0,5
2019-12,65,69,49,16,1,12,13,2,0,16,1,0,0,1,3,34,41,2,0,4,4,1,5,1,7,192,4,3,1,11,3,3,17,0,11,0,3,5,14,1,106,3,20,5,1,0,13,6,0,6,6,4,0,3,0,0
2019-12,66,59,34,6,1,48,37,24,2,34,3,4,1,17,16,112,102,0,2,8,7,14,7,7,16,65,14,14,7,46,11,0,11,2,46,5,9,13,41,3,91,2,18,9,6,2,8,17,4,24,13,11,4,6,0,2
2019-12,67,32,19,4,3,22,45,14,1,23,5,0,2,16,20,88,53,7,2,7,4,7,4,1,4,20,47,11,8,66,17,4,4,2,63,4,0,6,42,2,72,3,19,25,5,0,4,2,20,29,5,5,0,3,38,4
2019-12,68,9,23,0,0,16,40,15,0,14,8,1,2,17,30,53,8,8,1,4,7,6,1,0,2,77,11,17,3,49,14,8,7,6,29,0,8,4,26,8,69,14,13,25,5,0,7,4,18,18,7,2,0,2,7,2
2019-12,69,31,56,0,1,22,36,11,3,16,2,2,0,20,28,67,1,5,2,19,4,3,4,0,4,14,7,13,9,16,13,3,11,1,24,0,0,4,21,9,178,7,31,14,5,2,10,11,18,10,8,6,0,3,0,3
2019-12,70,49,89,7,1,22,19,2,1,24,1,0,0,12,3,106,26,5,7,10,6,2,5,1,8,64,6,10,2,35,13,6,6,10,80,1,2,10,16,1,175,5,47,12,2,0,15,19,1,7,14,8,1,2,0,3
2019-12,71,46,61,11,2,33,38,18,1,38,5,3,0,23,16,103,3,10,6,18,7,3,4,0,5,47,14,13,2,77,14,5,15,1,74,1,12,9,23,7,107,5,37,18,5,2,7,5,19,21,16,5,1,3,16,5
2019-12,72,10,10,1,0,20,2,1,0,12,0,0,2,9,1,43,2,4,0,8,1,4,1,1,0,21,18,3,4,2,11,8,9,1,29,1,0,5,5,4,77,12,25,23,5,1,4,21,0,3,12,4,1,6,0,15
2019-12,73,24,40,4,0,21,13,3,3,15,1,1,4,16,13,66,1,5,5,9,5,3,2,3,4,29,14,9,4,33,14,5,18,7,19,2,2,5,35,2,83,1,7,16,5,0,8,12,2,19,7,0,0,4,16,3
2019-12,74,5,27,4,0,5,2,0,0,7,0,0,0,3,0,31,1,2,1,6,1,0,4,2,1,14,2,4,0,8,1,3,7,2,35,0,0,6,5,2,29,3,27,9,0,2,7,8,0,0,7,1,0,0,0,4
2019-12,75,16,21,8,0,15,5,0,1,11,3,1,2,10,3,39,0,4,2,7,1,3,1,0,1,41,23,7,1,5,1,12,11,2,74,0,7,12,8,5,109,6,48,27,6,2,12,10,11,7,9,3,0,1,0,12
2019-12,76,4,0,4,0,3,3,0,0,2,0,0,1,5,0,5,1,2,0,0,0,0,0,0,0,10,1,9,1,0,0,2,0,1,5,0,0,0,0,4,20,4,6,2,0,0,1,1,0,2,3,1,0,0,0,0
2019-12,77,40,28,15,2,7,31,7,1,6,2,3,0,5,3,18,162,23,1,3,2,0,4,3,4,76,4,0,5,18,2,2,13,3,21,0,0,3,9,3,53,9,19,5,7,17,6,34,2,2,19,6,1,0,0,42
2020-01,0,2824,2190,661,90,1553,1660,446,80,837,133,115,708,698,629,3492,10014,516,133,421,424,261,307,120,370,4710,877,505,234,2658,671,438,774,641,2617,46,166,470,926,230,7529,359,2330,549,310,251,643,1222,350,556,947,704,63,418,0,137
2020-01,1,45,11,5,0,5,52,7,1,8,0,2,8,7,6,14,256,8,2,0,4,2,0,0,4,57,4,4,2,48,9,7,10,6,27,1,1,5,3,1,50,4,54,3,2,10,2,5,2,1,16,14,1,3,0,1
2020-01,2,72,76,22,1,15,36,5,2,6,1,1,5,9,11,53,126,10,1,7,7,1,22,5,7,113,8,4,5,64,20,5,23,24,59,0,4,11,7,3,138,3,29,9,9,2,11,15,0,7,19,15,2,5,0,1
2020-01,3,39,17,5,0,4,20,18,0,3,3,1,2,3,10,7,121,13,4,4,2,1,4,5,4,57,4,3,6,38,10,7,12,7,37,0,0,7,4,3,25,14,14,4,2,3,3,6,0,1,16,29,1,2,0,2
2020-01,4,34,16,7,1,15,10,1,0,28,1,1,2,9,5,30,253,2,4,3,5,5,2,0,1,39,19,4,6,24,5,14,9,8,28,1,1,7,4,11,153,4,63,5,7,8,14,11,2,3,18,23,0,1,0,12
2020-01,5,24,10,16,1,35,15,3,0,4,0,1,12,9,5,34,309,21,1,1,6,1,1,3,1,78,6,1,4,27,6,4,6,8,23,0,0,7,4,3,57,0,15,4,10,2,3,67,2,0,23,9,1,2,0,7
2020-01,6,32,18,13,2,17,30,4,4,42,0,4,17,7,13,47,346,21,1,14,11,8,6,1,6,105,14,8,6,118,22,14,9,10,50,2,3,19,5,5,48,8,170,3,7,8,12,15,1,7,50,28,4,1,0,8
2020-01,7,23,11,10,1,11,16,4,2,8,1,1,47,4,9,31,292,27,1,15,6,3,1,6,1,98,7,14,9,53,35,6,18,12,50,3,3,16,3,8,128,9,84,3,4,6,5,14,0,7,25,15,1,3,0,15
2020-01,8,18,7,4,1,7,22,1,1,10,3,3,117,3,6,5,128,14,0,10,14,4,3,15,3,120,1,24,18,27,7,6,11,14,124,2,3,17,6,9,95,12,72,1,3,0,2,5,1,13,18,14,0,1,0,1
2020-01,9,2,9,3,1,18,8,1,0,3,0,0,4,2,1,15,2,3,1,1,0,0,0,0,0,26,1,4,1,0,2,5,3,4,12,0,0,0,1,0,15,2,3,7,3,1,5,0,1,1,7,2,1,1,0,1
2020-01,10,60,30,2,1,43,4,1,2,20,0,0,5,16,0,44,20,2,2,8,16,3,2,0,3,116,15,7,2,22,5,14,12,24,43,0,0,2,3,2,139,9,18,6,16,5,19,15,0,3,18,10,0,7,0,1
2020-01,11,32,28,2,1,21,4,2,2,12,0,0,2,9,0,35,70,4,1,2,3,1,1,0,1,82,5,5,0,35,3,12,7,15,27,0,1,5,4,1,71,0,14,3,5,7,9,12,1,3,11,5,1,4,0,5
2020-01,12,18,17,1,0,17,9,0,0,6,0,0,9,19,0,37,14,3,1,13,1,3,0,0,0,62,17,12,0,11,3,10,9,9,6,0,0,2,5,1,35,3,31,4,3,5,11,17,0,3,15,7,1,4,0,3
2020-01,13,16,16,5,0,8,10,3,0,2,0,2,15,4,11,20,113,3,0,6,2,2,1,0,1,65,4,2,1,7,3,0,4,7,11,0,0,4,5,0,88,5,19,6,1,1,1,6,0,2,5,4,0,4,0,2
2020-01,14,47,30,29,2,31,25,4,1,9,0,1,6,7,7,38,548,11,0,14,11,2,1,0,3,120,28,5,2,29,21,3,12,5,47,0,1,3,8,2,73,1,18,17,3,6,10,12,1,1,9,12,0,4,0,0
2020-01,15,108,96,10,1,42,39,5,3,24,0,1,0,8,7,87,197,9,2,5,13,1,11,3,6,87,22,4,3,76,12,8,23,15,73,1,4,5,16,0,181,11,48,21,11,11,58,42,1,5,19,19,0,9,0,5
2020-01,16,137,50,28,1,33,40,6,2,16,3,4,6,16,7,57,393,22,6,10,7,23,16,5,5,231,75,3,5,91,7,9,17,8,48,2,0,12,6,9,93,10,50,9,6,41,16,42,2,4,32,13,1,4,0,4
2020-01,17,80,45,25,2,30,10,1,0,21,0,0,3,10,4,76,54,2,2,8,5,3,3,0,3,73,21,4,3,44,7,19,5,22,20,0,0,2,3,1,153,3,6,9,4,8,17,24,0,2,11,6,2,6,0,0
2020-01,18,41,16,3,0,11,8,0,0,9,1,1,1,5,1,20,15,5,0,6,1,0,4,0,3,23,3,0,0,13,6,8,3,10,6,0,0,6,6,0,55,3,3,2,7,3,6,18,2,1,6,5,0,1,0,0
2020-01,19,123,69,51,5,67,27,3,7,23,0,3,1,11,2,99,372,7,2,7,10,3,6,0,10,116,18,2,4,74,9,14,17,20,81,1,0,7,15,5,142,11,27,8,13,3,19,84,3,4,12,13,2,4,0,1
2020-01,20,34,17,26,0,18,9,1,2,9,0,3,3,2,7,27,103,0,2,1,1,0,3,0,4,59,6,4,1,33,8,1,3,8,22,1,0,1,7,1,41,0,0,3,1,2,5,22,0,1,2,2,0,2,0,2
2020-01,21,60,27,8,1,31,14,3,1,6,0,0,7,0,8,35,583,3,3,3,3,1,6,1,9,77,18,2,2,62,10,4,8,5,72,0,4,4,9,5,88,7,35,0,0,0,1,18,2,1,9,10,0,2,0,1
2020-01,22,61,43,47,0,54,29,3,1,12,1,3,9,4,14,71,877,29,0,8,15,4,11,0,18,128,29,8,2,108,20,7,20,14,35,3,5,19,15,5,229,8,91,8,8,35,14,30,5,4,74,31,1,4,0,7
2020-01,23,69,33,15,1,46,31,14,1,29,4,0,5,10,28,86,347,5,4,8,7,6,1,5,25,78,12,18,3,60,15,3,24,6,38,0,2,8,27,7,79,5,10,6,3,3,3,7,14,13,13,7,0,2,0,1
2020-01,24,81,67,48,3,63,42,4,4,54,5,5,10,24,23,80,696,29,5,10,10,4,22,2,5,153,56,5,12,145,38,11,26,19,58,2,8,10,12,13,290,14,115,6,8,7,8,15,2,1,79,36,1,6,0,18
2020-01,25,114,66,23,2,76,86,35,1,30,13,1,24,27,34,205,82,19,17,32,11,37,13,0,12,111,41,29,5,55,33,14,30,11,29,0,3,16,58,8,279,12,63,12,13,6,21,17,20,36,31,16,4,31,0,3
2020-01,26,27,4,4,0,18,25,3,0,6,6,0,2,7,17,59,21,2,0,7,4,1,2,0,6,25,8,10,0,31,4,3,7,4,36,1,10,9,7,1,57,9,22,11,7,1,1,3,6,5,1,6,1,0,0,0
2020-01,27,25,11,8,0,11,13,4,0,2,7,5,10,7,9,52,31,4,1,4,2,1,1,0,7,41,3,26,1,20,10,2,5,0,7,0,2,8,16,9,72,7,26,4,6,0,1,1,5,7,6,4,0,2,0,0
2020-01,28,32,30,7,0,15,27,5,3,10,5,1,18,17,13,32,160,16,3,5,11,1,1,6,8,192,11,8,12,25,17,5,9,12,249,1,4,35,8,9,168,13,109,4,1,0,9,11,1,2,12,14,0,4,0,0
2020-01,29,36,19,6,1,35,52,21,1,7,12,0,3,13,15,93,45,4,1,11,7,4,1,21,6,64,7,12,2,52,9,4,5,5,4,0,2,4,24,3,95,9,21,11,2,1,3,4,11,16,4,5,1,2,0,2
2020-01,30,97,49,45,2,37,45,9,2,15,1,2,2,11,15,73,437,2,3,4,8,2,11,0,20,66,6,12,7,66,12,8,22,39,43,0,0,8,18,7,130,4,35,8,2,4,12,22,9,11,18,9,1,6,0,3
2020-01,31,42,14,2,3,22,19,4,3,7,0,0,9,13,9,49,276,9,3,2,6,4,6,0,5,76,6,10,3,14,12,6,7,5,30,1,0,5,8,1,116,3,55,2,1,2,7,4,1,4,9,5,0,2,0,1
2020-01,32,7,0,1,0,1,6,0,2,1,0,5,26,3,2,1,219,11,0,1,1,2,1,0,2,23,0,5,15,6,4,5,2,3,59,1,1,7,5,2,53,3,118,0,0,0,1,0,0,7,14,5,0,0,0,0
2020-01,33,7,2,2,0,3,4,1,1,0,1,1,13,4,0,4,25,2,0,0,2,0,0,0,2,11,0,3,0,7,1,1,1,0,15,0,0,3,4,0,35,2,18,0,0,1,1,0,0,2,9,2,1,0,0,1
2020-01,34,7,19,0,0,2,7,0,0,0,1,0,0,3,1,9,58,2,0,2,2,0,0,0,0,27,3,1,5,16,1,0,1,1,9,0,0,2,7,1,59,1,8,0,0,0,2,2,0,0,5,3,0,3,0,0
2020-01,35,4,5,0,0,4,18,6,1,1,6,0,25,1,3,3,2,2,0,2,3,0,0,2,1,9,3,2,1,8,5,6,4,5,29,0,0,3,2,0,49,3,17,1,1,2,0,11,0,0,2,4,1,0,0,0
2020-01,36,4,4,0,0,1,5,1,0,0,0,0,5,0,0,3,0,1,0,0,0,0,1,0,0,6,2,0,0,2,0,0,1,0,41,0,0,0,2,1,23,0,2,0,0,0,3,0,0,0,3,1,0,0,0,0
2020-01,37,1,1,0,0,0,6,1,0,1,1,0,1,2,3,4,4,2,0,1,1,0,1,0,1,15,1,2,0,10,4,0,1,0,1,0,0,0,0,2,3,2,5,4,0,0,0,3,4,1,1,2,0,1,0,0
2020-01,38,22,30,6,0,14,29,8,0,12,1,0,12,11,12,20,10,4,1,3,6,6,0,3,0,14,9,2,2,14,5,8,7,4,37,0,2,9,15,0,68,2,55,1,2,1,3,6,4,2,7,1,2,0,0,2
2020-01,39,9,5,1,0,3,8,4,0,0,0,1,4,1,2,7,0,2,0,2,0,2,1,0,4,9,2,3,2,3,2,2,6,3,146,1,6,6,0,2,38,1,8,2,2,1,0,3,0,1,10,2,0,0,0,1
2020-01,40,12,1,1,0,2,23,8,0,2,8,1,15,5,2,3,6,2,0,0,6,2,3,1,2,12,0,7,0,8,4,1,4,0,6,0,2,1,13,7,13,2,11,4,2,1,2,5,2,3,2,7,1,1,0,0
2020-01,41,12,1,4,0,2,5,4,0,0,0,1,9,3,3,5,1,4,0,2,3,1,0,0,1,38,6,1,4,4,4,2,3,0,14,0,0,5,3,2,64,2,12,3,0,10,0,2,0,3,14,8,0,1,0,1
2020-01,42,29,16,17,0,15,31,14,0,5,5,0,16,7,5,27,1,12,2,2,3,4,0,1,4,33,6,5,3,7,1,8,5,1,10,0,6,1,20,3,95,5,14,23,1,0,4,5,5,6,7,8,1,1,0,2
2020-01,43,27,38,5,2,22,87,35,2,25,1,5,10,11,12,47,12,12,5,7,9,12,5,17,6,58,39,4,5,17,19,10,25,9,39,0,10,10,20,3,160,10,11,11,4,4,5,8,11,23,14,33,2,11,0,1
2020-01,44,36,38,0,1,15,53,17,1,22,1,1,3,22,18,66,2,10,5,3,5,2,10,2,3,42,20,10,9,9,18,3,11,11,79,1,8,6,16,3,245,3,72,13,4,0,6,7,19,19,8,10,1,12,0,0
2020-01,45,8,35,0,0,12,10,6,1,6,0,3,8,4,7,24,1,2,0,4,3,4,0,3,0,14,5,2,0,4,3,2,2,2,19,0,3,4,11,1,91,1,0,2,2,0,2,3,4,9,3,7,0,5,0,0
2020-01,46,32,31,6,2,21,33,12,0,13,4,1,18,15,16,53,58,2,0,3,6,3,8,1,2,38,27,4,6,7,6,7,19,8,21,0,1,1,22,4,117,3,15,20,8,1,6,24,11,23,3,9,1,5,0,0
2020-01,47,5,3,0,0,4,5,1,0,0,0,0,2,4,1,7,0,0,0,1,0,0,0,0,1,2,5,0,0,1,1,0,3,0,1,0,0,1,5,0,4,0,0,1,0,0,2,1,4,2,0,2,0,4,0,0
2020-01,48,9,40,1,1,12,8,1,0,4,0,1,6,6,8,23,6,5,3,4,5,1,10,1,2,36,5,4,1,6,0,3,10,8,9,0,0,4,16,4,98,3,3,5,1,2,5,9,3,12,6,7,2,3,0,0
2020-01,49,31,51,10,6,41,36,14,0,12,7,1,7,37,21,130,4,10,7,17,2,8,6,0,3,66,28,15,0,90,13,11,15,12,34,1,4,12,33,3,267,6,23,32,5,0,12,42,22,21,14,12,1,34,0,1
2020-01,50,7,16,0,0,7,4,1,0,2,0,0,10,7,3,12,0,0,0,0,0,3,2,0,1,26,14,3,0,4,2,4,6,2,42,0,0,1,5,2,14,1,2,10,2,0,5,3,6,4,1,0,0,3,0,0
2020-01,51,13,38,1,0,15,7,3,2,12,0,0,6,4,6,33,35,5,0,3,1,5,1,1,7,36,21,4,1,8,1,4,11,0,4,2,0,3,10,1,112,8,13,8,2,0,7,10,8,13,5,16,0,8,0,0
2020-01,52,28,58,8,0,34,10,2,0,14,0,1,3,9,1,42,89,4,0,2,2,6,6,0,6,51,10,5,0,1,7,9,9,18,14,0,2,3,9,1,236,6,24,5,4,4,10,29,1,7,4,6,1,1,0,0
2020-01,53,27,36,2,0,28,21,8,1,14,5,2,13,17,9,76,2,10,4,8,5,3,9,0,11,55,16,9,0,217,16,2,9,13,13,1,4,14,40,2,163,4,25,28,3,1,72,187,14,24,10,5,2,20,0,0
2020-01,54,2,0,0,0,1,1,0,0,0,0,0,18,1,0,5,0,2,0,1,0,0,0,0,1,34,1,0,0,0,0,0,2,0,0,0,0,1,6,0,3,0,0,2,1,0,0,2,1,5,1,4,1,2,0,0
2020-01,55,8,55,3,1,4,3,3,0,0,0,0,4,12,4,18,22,8,0,0,0,1,2,0,1,51,3,0,0,4,1,2,8,10,2,0,0,4,2,0,59,2,19,1,3,0,13,6,0,2,2,7,0,0,0,0
2020-01,56,47,73,7,4,36,15,0,3,9,0,0,2,8,6,62,49,8,3,3,7,0,5,1,8,83,3,8,2,58,6,11,16,13,17,1,6,9,11,4,146,9,31,2,8,2,14,10,0,5,10,5,0,7,0,5
2020-01,57,18,13,1,1,5,13,1,1,3,0,1,0,1,3,18,112,3,0,2,4,0,1,0,0,18,3,2,1,9,8,1,1,4,26,0,4,6,15,1,51,0,21,2,1,1,0,3,0,3,1,0,0,2,0,0
2020-01,58,56,26,9,5,13,25,1,0,9,1,1,1,10,8,68,370,5,2,2,7,1,3,0,15,45,1,4,0,29,11,5,6,3,61,1,2,16,7,1,81,4,19,1,4,1,9,11,6,4,8,2,0,6,0,0
2020-01,59,33,8,7,0,8,7,0,0,3,0,1,1,1,4,41,353,2,0,3,2,1,3,0,2,33,2,2,1,11,2,3,4,1,16,1,2,6,7,0,49,0,9,1,3,1,1,5,1,2,11,4,0,2,0,1
2020-01,60,28,32,0,1,19,12,2,2,8,2,1,2,6,11,40,127,1,3,6,10,4,2,0,1,52,9,0,1,48,4,0,7,9,4,0,0,2,6,6,96,4,25,2,1,6,4,7,4,3,18,6,3,0,0,1
2020-01,61,44,22,5,1,21,36,17,3,14,0,4,6,8,9,72,155,8,2,18,21,6,7,1,12,72,5,13,2,47,17,7,9,5,17,1,4,5,34,2,77,4,24,24,6,0,7,8,19,9,3,8,1,7,0,0
2020-01,62,34,30,1,1,7,4,1,0,6,0,0,1,3,3,30,70,1,0,1,1,0,0,1,4,26,1,7,0,5,2,1,3,4,14,0,8,8,7,4,91,0,8,1,2,0,8,1,0,2,3,3,1,5,0,0
2020-01,63,83,32,14,6,22,25,4,0,3,0,0,1,5,5,45,387,3,1,6,14,1,2,1,10,45,1,7,1,33,7,4,10,4,11,6,5,13,20,1,54,1,10,2,4,0,11,9,2,10,5,2,0,7,0,0
2020-01,64,97,34,1,0,12,6,1,0,9,1,0,4,5,1,31,9,1,0,0,2,1,8,0,4,56,4,2,3,86,5,10,17,3,17,0,0,0,5,2,44,1,11,2,5,0,2,2,0,2,10,8,1,0,0,0
2020-01,65,62,62,3,1,15,12,5,2,11,0,0,5,9,6,46,42,2,3,1,7,4,4,0,8,71,1,5,1,18,3,5,9,6,15,1,1,4,11,4,111,4,10,1,2,2,3,5,1,4,7,6,0,5,0,0
2020-01,66,68,58,16,3,39,46,17,1,18,1,5,5,21,15,122,103,7,0,13,6,6,5,1,16,55,7,15,6,39,15,3,23,9,21,0,0,3,29,1,90,0,14,9,4,2,13,9,9,14,10,23,1,15,0,1
2020-01,67,29,27,7,2,33,39,15,1,25,6,16,4,18,14,95,41,5,4,8,9,11,9,0,7,47,12,16,8,61,12,5,15,4,27,0,2,3,41,1,83,1,16,30,5,1,10,5,28,15,1,12,1,25,0,0
2020-01,68,20,13,0,6,12,53,7,4,14,5,1,6,12,24,50,16,9,1,3,4,1,2,0,3,27,7,8,5,59,17,6,7,5,19,0,0,4,21,8,55,11,51,11,9,0,3,2,19,23,7,6,0,3,0,0
2020-01,69,41,49,2,0,23,33,10,0,22,3,1,7,24,20,65,7,4,1,7,12,5,0,0,6,27,10,14,7,25,17,6,12,10,61,2,4,4,33,2,152,5,89,21,10,0,11,7,24,18,16,7,3,17,0,1
2020-01,70,51,63,6,1,24,19,5,4,24,1,1,11,15,13,113,54,7,4,8,4,3,6,0,6,111,8,7,2,26,12,10,23,18,22,0,0,5,15,5,143,9,16,2,3,1,12,12,1,5,14,7,0,5,0,2
2020-01,71,27,54,5,3,44,44,18,2,27,3,7,9,20,19,129,6,7,1,22,16,4,12,1,8,75,31,27,3,42,12,8,20,17,60,2,6,3,37,3,188,3,26,17,7,3,19,27,9,35,18,14,3,16,0,1
2020-01,72,12,11,3,0,24,10,2,0,9,0,4,15,9,1,36,8,0,0,4,7,2,3,1,0,57,26,0,0,5,4,5,10,22,38,0,1,2,4,4,70,10,19,9,6,2,7,42,1,5,16,2,1,11,0,0
2020-01,73,34,40,3,3,29,13,2,0,11,1,1,9,19,8,68,2,3,5,6,7,5,4,2,4,76,11,10,4,17,11,8,13,13,27,1,3,3,19,0,146,1,25,9,4,0,11,23,9,18,10,8,2,18,0,1
2020-01,74,8,18,3,1,13,2,2,0,11,0,0,2,5,0,43,9,2,1,5,2,5,0,0,1,48,17,6,0,16,1,2,5,9,6,0,0,2,0,1,52,1,33,2,2,0,6,7,0,3,20,11,0,1,0,1
2020-01,75,14,11,2,0,12,6,4,0,10,1,0,15,11,11,57,0,1,1,5,2,4,1,0,5,74,11,5,1,70,1,10,12,6,19,1,4,4,16,1,102,3,34,19,6,0,14,74,3,17,6,10,0,15,0,3
2020-01,76,8,1,1,0,4,3,1,0,0,0,0,0,3,0,3,2,4,0,0,1,0,1,0,0,11,0,1,3,1,2,1,0,4,9,0,0,0,2,0,13,6,7,0,1,1,2,2,0,0,1,1,0,0,0,0
2020-01,77,34,38,17,4,19,40,6,0,4,0,1,4,3,12,25,248,10,1,1,5,1,1,1,2,157,6,1,2,28,4,4,11,6,71,0,4,3,3,2,183,9,37,7,2,9,7,19,0,1,19,10,2,7,0,4
2020-02,0,2519,1737,605,51,1034,1315,378,97,667,152,100,356,675,628,2758,8110,424,136,269,368,273,340,136,344,4432,537,499,204,2537,714,408,496,306,2466,55,189,392,849,211,5557,307,1676,361,127,279,566,752,366,485,653,213,55,142,0,50
2020-02,1,53,7,5,1,4,22,5,1,10,0,0,1,1,3,19,84,5,1,4,5,0,1,0,0,62,0,0,4,47,19,4,12,3,41,0,0,4,2,2,32,1,21,3,4,4,1,6,0,2,6,0,1,3,0,4
2020-02,2,81,57,10,0,14,34,5,1,14,2,0,14,13,8,35,83,7,4,5,4,2,11,0,7,85,3,5,4,46,21,5,8,9,41,0,4,5,16,3,119,6,26,6,3,8,10,20,1,2,8,4,1,4,0,4
2020-02,3,26,9,10,4,4,19,10,0,5,1,0,10,5,13,8,60,3,3,4,2,5,5,0,3,61,1,2,2,22,9,1,5,6,28,0,0,4,4,5,37,7,15,3,3,8,8,18,0,1,11,2,0,3,0,2
2020-02,4,45,22,5,0,15,8,4,2,20,0,0,9,13,6,18,160,8,0,4,5,1,13,2,1,60,1,6,2,24,4,7,6,6,18,2,0,2,7,6,55,4,9,4,4,2,1,10,0,4,14,7,1,1,0,1
2020-02,5,47,15,17,1,30,16,1,5,3,1,2,13,1,5,31,360,19,1,3,5,4,0,0,1,68,5,5,1,18,5,9,4,3,45,1,2,12,2,3,55,2,16,1,1,4,4,36,3,2,13,13,1,0,0,3
2020-02,6,45,13,8,0,24,21,4,0,19,2,8,5,6,13,32,190,26,3,13,6,2,6,0,6,68,9,18,11,84,23,10,4,9,53,0,5,7,7,4,60,7,69,2,0,15,5,35,0,1,28,7,0,2,0,1
2020-02,7,12,9,18,2,17,8,3,0,20,2,0,18,18,3,21,167,33,2,4,10,2,6,1,0,56,4,21,7,37,27,19,14,5,50,1,3,4,9,1,72,3,30,4,2,8,4,7,3,2,14,3,1,5,0,5
2020-02,8,15,9,3,2,3,16,8,1,5,0,6,23,10,4,7,158,17,2,1,7,6,0,3,7,61,1,2,21,16,12,6,4,10,77,0,4,7,9,10,81,6,104,0,0,3,1,6,0,3,16,1,2,0,0,0
2020-02,9,4,16,5,0,9,2,3,0,6,0,0,2,6,0,9,0,1,0,0,1,0,1,1,1,47,1,4,0,3,2,5,1,0,5,0,0,0,1,0,23,1,3,4,3,11,6,8,0,0,1,0,0,0,0,0
2020-02,10,35,22,5,2,19,7,0,0,23,0,0,5,14,2,46,17,1,4,3,8,4,1,0,2,79,8,8,2,23,6,10,5,11,35,2,0,7,5,1,77,3,12,3,5,13,24,13,2,3,17,2,1,1,0,0
2020-02,11,25,23,4,1,10,8,2,1,8,0,0,4,8,1,25,59,10,0,6,3,3,4,1,1,103,8,10,1,18,4,16,1,7,47,0,2,5,6,0,28,2,17,4,3,14,8,17,1,1,9,1,0,0,0,1
2020-02,12,12,13,0,1,5,4,0,0,7,0,0,1,18,1,27,12,1,1,5,6,1,3,3,0,68,5,18,0,11,5,4,3,0,14,0,0,2,1,2,80,7,5,7,3,11,16,7,0,2,14,0,1,0,0,1
2020-02,13,13,6,3,0,5,2,1,2,4,0,0,3,12,2,17,28,1,0,0,2,0,0,0,1,48,1,1,1,5,2,1,3,2,12,0,0,5,4,0,12,2,18,3,3,6,2,4,0,0,2,0,0,1,0,0
2020-02,14,66,34,21,1,16,20,6,0,12,0,1,2,4,3,34,281,4,5,4,4,6,4,0,1,99,18,9,1,34,16,6,10,4,45,1,4,1,8,5,25,3,26,5,0,6,3,11,2,7,11,6,0,0,0,2
2020-02,15,92,58,16,0,23,24,4,4,14,0,1,1,12,6,54,144,7,2,3,10,2,19,1,5,89,6,7,0,108,13,9,10,8,42,1,5,6,12,3,117,3,48,4,8,13,53,24,3,3,17,4,0,2,0,2
2020-02,16,82,53,27,0,20,28,6,0,12,2,1,4,11,22,76,250,11,5,1,4,3,12,2,3,113,23,7,2,54,15,4,8,10,102,2,12,11,11,2,86,10,22,4,6,27,13,40,4,3,22,4,1,2,0,3
2020-02,17,53,30,16,2,28,10,0,0,14,0,1,2,4,3,67,59,9,7,3,10,3,10,1,2,92,8,4,3,47,18,11,11,10,11,3,10,8,8,0,100,3,9,5,5,4,23,33,3,3,22,1,1,0,0,0
2020-02,18,26,8,1,0,4,5,0,0,2,0,0,0,3,1,14,13,2,0,2,4,2,2,0,1,46,6,3,0,9,1,1,1,2,3,0,0,0,1,0,13,1,5,0,0,3,6,2,1,1,2,0,0,0,0,0
2020-02,19,123,65,51,5,38,28,3,7,17,0,1,1,9,10,77,301,6,1,3,8,2,8,13,9,100,10,3,4,287,8,10,17,10,28,0,6,7,20,4,143,6,32,5,0,1,9,23,3,9,8,8,0,2,0,0
2020-02,20,10,4,35,0,10,7,0,0,2,1,3,0,2,4,32,81,6,0,4,2,0,5,2,7,59,2,0,4,103,9,5,4,2,9,2,4,2,6,3,44,0,2,1,3,0,4,5,0,3,3,1,0,0,0,0
2020-02,21,62,25,10,0,17,14,1,1,11,3,0,1,6,11,34,417,7,0,1,6,4,8,5,4,72,6,4,1,56,9,6,4,8,28,0,3,3,8,0,45,1,19,1,0,9,8,11,6,7,10,5,0,0,0,2
2020-02,22,74,40,33,1,45,21,8,2,10,1,9,8,11,16,50,604,14,2,11,26,2,13,0,10,138,25,7,8,143,28,8,16,10,50,1,14,11,9,8,72,6,89,3,4,34,11,16,6,4,34,12,5,1,0,1
2020-02,23,52,23,13,0,35,31,16,3,5,9,4,4,23,27,80,219,4,3,6,7,7,5,0,14,56,8,7,1,36,13,5,10,0,51,2,3,12,21,4,103,4,36,5,0,5,1,9,17,5,8,3,1,3,0,1
2020-02,24,65,60,36,2,53,39,4,4,24,4,5,11,8,17,73,526,35,3,4,27,4,9,2,5,129,8,10,9,121,30,18,12,12,65,0,5,7,19,12,92,6,58,5,2,13,5,12,2,9,34,9,0,2,0,6
2020-02,25,104,77,58,1,39,75,15,7,11,10,1,59,25,36,140,42,13,20,13,14,11,13,0,14,123,11,37,9,58,38,5,15,6,35,1,2,7,41,10,190,19,62,17,4,5,13,20,31,28,28,2,6,5,0,2
2020-02,26,28,3,1,0,11,17,4,1,6,4,0,1,11,15,48,8,1,1,2,7,8,3,0,2,23,2,11,1,11,5,1,6,2,7,0,0,0,7,4,20,1,9,3,0,0,2,3,9,4,9,0,0,3,0,0
2020-02,27,22,2,3,0,11,14,14,1,4,7,0,5,4,15,51,29,1,0,5,2,2,2,5,5,37,3,6,0,26,12,3,7,1,8,0,0,4,18,1,60,3,19,9,0,2,3,1,8,8,9,0,4,1,0,0
2020-02,28,26,11,4,0,11,18,7,0,7,5,2,10,10,11,23,348,4,1,16,6,5,4,8,4,123,17,8,16,29,19,8,12,12,165,2,2,22,4,17,112,8,92,0,2,2,2,7,3,4,13,6,1,1,0,0
2020-02,29,33,17,9,1,13,30,12,4,8,17,1,1,11,23,50,70,3,0,5,3,2,3,1,5,60,12,13,2,35,15,9,10,1,10,0,1,15,17,4,125,3,23,13,0,0,5,1,7,16,5,1,0,0,0,0
2020-02,30,90,25,17,0,26,31,3,6,14,2,2,3,19,24,60,278,3,4,2,4,3,9,1,6,74,3,12,5,82,9,11,5,10,54,3,2,13,18,7,105,9,12,5,2,0,16,27,4,12,12,3,0,1,0,0
2020-02,31,27,16,4,0,11,13,3,2,12,1,3,0,11,13,22,206,3,1,2,4,7,7,2,8,72,2,8,3,16,11,4,2,3,36,1,0,13,10,11,45,5,17,1,2,1,0,3,2,1,7,3,2,2,0,0
2020-02,32,8,0,0,1,0,11,2,3,4,0,3,0,4,7,0,209,7,0,0,6,0,0,0,0,20,0,1,8,8,2,1,3,3,83,9,25,3,1,7,64,8,52,0,0,0,0,1,0,1,6,1,0,8,0,0
2020-02,33,3,1,1,2,4,9,0,1,1,1,1,1,2,0,6,22,2,0,0,3,1,0,1,0,26,1,1,3,7,3,0,0,0,10,0,0,5,3,2,29,3,24,0,0,0,0,1,0,0,8,0,0,0,0,0
2020-02,34,4,4,2,0,0,4,0,0,2,0,0,0,3,4,8,73,2,0,0,2,0,0,0,1,23,1,2,3,22,8,1,2,1,7,0,0,3,6,0,34,1,17,0,2,0,1,3,0,0,1,1,0,0,0,0
2020-02,35,6,1,0,0,4,10,4,0,3,0,4,5,3,3,3,13,0,1,0,1,0,0,1,0,15,4,1,0,3,5,3,2,0,20,0,0,0,1,1,43,2,22,0,0,1,3,1,0,2,5,1,3,0,0,0
2020-02,36,2,0,0,0,2,2,0,0,1,0,0,5,0,1,1,1,0,1,2,1,0,0,1,0,5,3,1,0,0,1,1,1,0,14,0,0,0,2,2,28,1,0,0,0,0,1,0,0,0,1,0,0,3,0,0
2020-02,37,3,1,0,0,2,1,0,0,2,0,2,1,0,1,6,6,0,0,0,0,0,0,0,0,8,0,0,1,9,2,0,0,0,3,0,0,2,2,1,3,0,8,0,0,0,0,4,5,4,0,0,0,0,0,0
2020-02,38,12,16,3,1,11,29,12,2,3,8,2,2,5,6,27,30,5,1,1,4,15,2,1,4,19,13,1,3,14,2,5,3,1,47,0,0,3,9,7,74,2,33,4,1,0,1,19,8,5,3,3,0,0,0,0
2020-02,39,3,9,1,0,3,21,5,0,15,0,0,3,2,0,3,4,1,0,1,5,0,1,1,1,17,2,0,0,5,2,0,0,1,32,0,0,0,3,2,9,0,5,1,1,1,1,1,4,0,4,4,2,0,0,0
2020-02,40,4,2,1,0,1,13,5,0,2,5,0,1,10,6,14,9,4,0,2,0,1,1,1,2,11,0,0,0,8,5,1,3,0,6,0,0,6,3,2,13,2,9,2,2,0,4,1,1,1,0,1,0,1,0,0
2020-02,41,11,0,2,1,2,9,1,0,4,3,1,5,2,0,12,5,4,0,2,1,4,3,0,0,24,7,2,4,2,2,2,0,2,10,0,1,3,6,2,36,5,12,3,0,1,1,11,1,4,11,3,0,1,0,0
2020-02,42,20,16,4,0,15,21,10,1,9,5,3,9,6,18,30,4,6,1,1,2,3,2,4,7,42,1,9,1,6,10,3,4,6,16,0,2,4,8,4,43,3,13,2,0,2,6,4,9,7,6,12,1,3,0,1
2020-02,43,27,35,5,2,13,73,33,1,17,10,5,6,29,16,31,5,8,6,13,5,12,7,2,4,76,16,12,5,12,30,6,20,3,71,1,2,5,30,2,203,2,9,11,1,2,16,11,14,14,9,7,4,6,0,2
2020-02,44,33,39,1,2,19,47,21,0,29,0,1,1,12,13,55,5,4,1,4,3,6,6,1,3,65,14,15,4,5,10,4,6,5,50,1,6,7,25,3,132,3,17,3,0,1,3,6,8,12,8,13,0,3,0,0
2020-02,45,8,22,0,0,9,3,2,0,6,0,0,0,2,1,18,13,1,0,5,0,1,0,0,4,32,8,5,1,7,2,1,1,4,6,0,0,1,6,1,55,3,4,4,0,0,2,2,10,2,2,0,0,2,0,0
2020-02,46,36,19,3,4,12,27,13,1,3,1,0,2,14,12,36,61,3,1,0,3,5,4,0,8,61,12,4,3,12,12,9,17,1,73,0,0,11,17,3,108,1,12,7,1,2,15,2,10,15,1,3,1,1,0,0
2020-02,47,2,1,1,0,2,4,1,0,1,0,0,2,0,0,8,0,0,0,0,0,0,0,0,0,5,1,3,0,0,0,0,0,0,0,0,0,0,2,0,2,0,1,1,0,0,2,1,1,0,0,1,0,0,0,0
2020-02,48,9,32,0,0,8,7,1,0,6,0,1,2,15,6,17,8,0,1,2,3,2,2,1,2,47,6,1,2,2,4,2,16,2,7,1,0,2,11,0,48,2,5,3,1,1,5,4,1,10,12,2,3,2,0,0
2020-02,49,35,38,2,2,25,23,11,1,11,2,0,2,30,17,94,14,6,2,12,5,3,7,0,9,88,27,14,3,47,8,15,8,8,42,2,5,4,31,5,165,9,11,22,5,0,14,6,29,29,14,3,3,10,0,0
2020-02,50,6,8,0,0,2,3,1,0,3,1,1,11,2,1,8,0,1,0,0,0,2,4,0,0,21,5,1,0,4,1,1,0,4,18,0,6,2,5,0,11,0,2,7,0,0,1,3,2,6,7,0,3,0,0,0
2020-02,51,7,19,4,0,10,6,8,0,5,0,0,5,2,2,22,14,3,1,0,2,7,2,0,8,37,9,5,0,2,1,4,6,0,18,0,0,1,10,2,222,5,6,4,0,3,7,6,6,11,6,3,0,2,0,0
2020-02,52,21,54,1,0,13,5,1,0,2,2,0,0,4,3,22,110,0,0,1,0,3,2,0,6,59,2,4,0,0,7,6,4,7,24,0,0,3,6,1,193,6,14,0,0,0,6,23,5,6,4,7,0,2,0,0
2020-02,53,12,44,1,2,17,28,5,1,20,0,2,1,14,18,52,7,2,2,1,2,7,4,8,10,59,8,27,2,45,5,2,14,4,23,1,5,11,22,1,92,3,8,17,8,2,14,19,20,13,7,4,0,1,0,0
2020-02,54,0,1,0,0,0,16,2,0,5,0,0,16,4,3,1,0,0,0,2,0,0,1,0,0,37,2,2,0,3,0,1,1,0,1,0,0,0,8,0,15,1,1,1,0,0,0,1,2,3,0,2,0,2,0,0
2020-02,55,11,29,1,0,1,6,1,0,3,0,0,1,1,1,15,21,5,1,5,0,1,1,15,6,24,2,2,0,3,5,0,1,2,12,0,0,4,4,2,161,5,35,0,0,0,1,5,1,4,3,1,0,0,0,0
2020-02,56,40,41,9,0,23,11,1,0,14,0,0,3,7,2,51,31,15,2,4,6,2,11,1,11,71,6,2,0,54,10,22,10,4,63,4,0,3,11,0,150,8,16,0,6,5,22,10,4,4,6,1,0,3,0,0
2020-02,57,26,24,2,0,4,6,0,0,1,1,1,0,5,2,17,196,2,0,1,2,0,0,1,0,50,3,1,0,21,11,4,0,0,8,0,0,0,3,0,36,1,14,0,0,0,4,2,0,2,2,1,0,1,0,0
2020-02,58,45,5,6,2,15,10,2,0,12,0,1,1,4,6,46,363,4,0,3,2,3,3,0,10,76,4,2,0,21,13,8,4,5,62,1,4,7,19,2,43,3,23,2,1,1,7,14,4,5,2,0,0,4,0,0
2020-02,59,21,9,2,0,8,4,0,1,4,0,0,1,8,5,17,272,1,2,1,4,2,1,9,2,49,0,4,2,6,3,2,2,7,28,1,0,4,5,2,32,4,30,3,2,3,5,4,1,0,3,1,0,0,0,1
2020-02,60,32,23,1,0,11,17,1,3,4,1,1,1,3,6,20,169,3,1,10,9,2,2,0,2,76,8,0,1,41,4,2,3,8,18,2,5,4,5,3,45,4,24,5,0,1,9,7,2,3,10,1,1,0,0,0
2020-02,61,66,15,8,0,19,25,8,6,8,4,0,1,8,12,53,276,3,2,3,8,5,8,1,13,47,10,6,0,32,19,1,8,2,83,2,3,9,30,0,54,9,28,11,3,0,9,9,9,10,4,3,0,0,0,0
2020-02,62,35,35,3,0,6,7,2,0,9,0,0,0,3,0,18,69,6,0,0,0,0,0,2,5,37,3,4,3,9,3,4,2,2,16,0,0,1,11,0,61,4,4,3,0,0,5,2,0,1,2,0,0,1,0,0
2020-02,63,56,11,5,0,14,21,4,3,6,2,2,1,14,4,47,303,3,2,3,3,1,8,0,7,36,6,1,0,24,9,2,7,4,35,1,2,0,23,0,84,1,5,4,0,0,7,5,2,5,3,0,1,1,0,0
2020-02,64,61,49,6,0,5,5,0,1,5,0,1,1,4,2,22,19,0,4,0,1,1,1,0,6,30,2,0,0,110,1,1,10,0,20,0,2,2,2,1,61,9,21,0,0,2,8,2,0,0,4,0,0,3,0,0
2020-02,65,60,35,8,1,9,13,1,1,11,0,1,1,10,1,35,75,4,3,1,2,2,8,1,7,64,0,3,1,27,2,4,6,1,13,0,0,1,7,1,78,5,17,2,0,1,15,8,0,6,6,3,0,5,0,1
2020-02,66,80,51,10,0,27,30,7,2,17,1,1,1,11,17,107,168,5,0,0,8,5,9,2,14,71,9,7,3,50,15,1,16,8,34,0,1,3,33,3,120,2,11,3,4,2,15,9,9,22,13,3,0,7,0,0
2020-02,67,20,27,10,0,24,26,3,0,12,8,0,4,14,15,91,28,7,2,5,8,18,7,0,9,73,11,18,5,45,11,3,8,3,44,1,4,11,33,0,61,4,27,29,0,0,6,2,11,26,1,2,0,4,0,0
2020-02,68,13,7,4,0,13,44,12,0,11,4,1,3,7,19,52,26,1,1,0,9,5,3,9,12,19,6,12,0,35,6,1,10,0,31,2,2,7,16,2,43,9,15,12,2,0,4,4,19,14,1,1,1,2,0,0
2020-02,69,26,33,4,0,18,32,13,2,8,11,2,3,26,33,72,12,11,0,7,8,6,3,0,2,32,5,11,6,14,20,6,6,2,33,0,3,0,26,2,107,7,45,25,1,1,10,6,14,14,7,4,0,3,0,0
2020-02,70,42,80,4,1,23,13,4,3,13,1,3,16,8,1,83,52,9,6,8,7,4,13,0,13,134,8,20,0,31,16,30,9,5,26,1,0,2,12,2,136,5,17,3,2,0,8,7,4,9,8,4,1,1,0,0
2020-02,71,43,55,4,0,27,37,16,1,14,4,3,8,28,19,107,24,3,8,6,6,9,6,1,10,66,27,12,2,46,12,4,16,2,56,0,9,12,24,5,194,6,20,7,3,2,7,6,13,27,13,4,0,4,0,0
2020-02,72,9,8,3,0,9,6,3,0,12,0,3,7,4,3,28,9,4,2,3,2,4,1,0,4,58,7,2,0,2,4,6,6,3,21,0,1,13,7,1,38,7,18,11,5,5,8,14,3,6,9,2,0,2,0,1
2020-02,73,24,20,2,2,16,4,3,1,4,1,0,0,16,10,42,7,5,2,6,7,1,3,0,2,55,17,10,1,13,7,3,11,3,9,0,1,12,17,2,63,1,14,12,2,0,13,6,6,16,6,0,1,7,0,0
2020-02,74,9,7,2,0,3,5,1,0,4,0,1,0,2,2,21,8,1,1,3,1,1,4,3,1,33,17,3,1,15,1,0,2,2,19,0,0,2,0,0,27,2,16,0,2,2,8,3,1,1,1,0,0,0,0,0
2020-02,75,15,19,4,0,5,4,3,3,7,0,2,2,6,2,43,1,3,0,6,4,4,3,14,0,62,25,9,1,73,3,7,10,3,21,0,7,9,25,1,40,2,30,2,0,2,20,52,5,14,13,2,0,1,0,1
2020-02,76,8,0,0,0,1,2,1,1,1,0,0,0,1,0,4,2,0,0,2,3,0,0,0,0,14,2,2,2,1,1,2,0,0,7,0,0,1,2,1,18,3,5,0,0,0,1,0,0,0,2,0,0,0,0,0
2020-02,77,57,20,27,1,9,23,2,3,4,2,0,0,11,10,13,112,5,3,4,8,22,10,1,4,87,0,1,8,32,8,6,8,6,11,0,0,3,6,1,55,2,31,5,0,4,4,10,1,1,12,1,0,1,0,2
2020-03,0,1928,1535,805,81,1234,1265,409,903,557,333,239,213,899,777,3284,9616,507,105,425,387,241,422,39,164,5592,549,591,265,2587,1046,423,747,310,2103,79,196,446,846,314,5358,368,1733,583,295,245,850,1520,411,552,525,473,59,340,0,221
2020-03,1,23,14,8,1,3,24,11,7,7,2,3,1,6,6,10,142,29,0,4,5,10,2,0,0,24,5,2,3,54,16,9,4,1,26,2,6,2,4,2,97,3,30,4,3,8,8,10,0,3,7,4,3,6,0,3
2020-03,2,52,28,17,7,19,22,5,13,8,0,6,0,25,5,62,246,10,0,6,2,1,32,0,5,88,5,9,3,63,30,4,13,9,39,3,6,5,6,7,18,5,19,15,10,6,23,19,0,2,12,11,1,8,0,2
2020-03,3,41,7,10,2,0,18,7,13,3,1,2,1,8,20,5,314,15,0,5,3,2,7,0,3,61,3,4,6,29,7,5,8,3,20,0,2,1,1,1,16,1,39,4,0,12,4,2,0,2,6,6,0,0,0,5
2020-03,4,21,10,13,4,9,9,1,10,16,1,1,7,11,1,18,210,10,0,1,2,18,3,0,0,77,1,5,1,12,9,5,11,5,17,1,0,5,6,4,80,2,36,7,5,4,11,17,0,3,11,22,1,4,0,13
2020-03,5,17,10,9,1,14,14,0,14,4,0,1,10,19,3,33,377,14,1,2,1,3,8,1,4,72,4,4,4,32,7,7,8,2,26,2,3,7,3,2,83,0,24,7,5,4,8,40,0,2,9,17,0,2,0,2
2020-03,6,14,7,12,0,25,26,10,20,15,0,6,8,28,11,33,485,21,0,14,7,5,12,2,1,66,7,5,13,107,31,4,7,6,163,7,12,13,8,7,74,8,68,5,7,5,11,29,0,5,20,23,2,4,0,11
2020-03,7,14,6,12,4,16,11,2,24,8,0,2,8,15,6,21,211,14,2,5,11,2,8,1,0,59,3,4,12,35,41,14,15,9,49,0,0,9,6,7,71,7,41,1,8,5,6,15,0,1,20,16,1,6,0,17
2020-03,8,16,6,6,0,4,21,8,52,3,4,4,10,5,4,5,179,22,0,5,11,2,3,3,1,67,0,10,21,22,11,9,10,10,64,4,5,14,7,10,49,15,62,0,1,2,0,13,1,5,14,7,1,0,0,0
2020-03,9,4,6,4,0,8,2,0,1,7,0,1,0,2,0,9,10,1,0,1,5,3,0,1,0,88,2,3,1,2,1,7,0,3,2,0,0,1,0,0,35,4,15,4,9,6,13,4,0,1,3,2,1,1,0,1
2020-03,10,29,25,12,3,41,8,1,9,14,0,2,0,16,2,57,11,3,1,12,3,1,8,1,0,210,6,16,0,47,4,10,9,9,41,0,0,7,2,3,96,7,40,10,5,24,34,35,1,3,17,6,2,2,0,2
2020-03,11,24,18,6,1,7,3,1,6,7,2,0,1,16,3,22,38,1,2,8,3,1,5,0,3,104,0,10,1,50,8,7,8,4,20,1,1,4,3,3,44,4,18,10,9,8,16,29,1,1,12,2,0,5,0,3
2020-03,12,8,12,3,1,6,4,0,4,5,0,1,1,11,1,29,15,4,2,5,6,0,3,0,1,67,5,37,0,12,3,18,3,4,15,1,0,1,3,5,81,1,1,9,8,6,18,26,0,8,9,7,1,3,0,6
2020-03,13,19,12,3,0,2,6,2,6,1,0,1,2,8,1,10,78,1,1,0,8,0,3,0,0,53,3,13,2,12,11,0,8,3,14,1,0,0,4,5,28,1,14,5,2,2,3,17,1,3,4,6,1,5,0,4
2020-03,14,42,28,24,1,18,13,3,14,10,3,4,2,17,10,61,381,12,0,8,4,3,5,3,2,82,7,25,3,31,19,5,10,1,23,3,6,5,6,1,41,12,8,4,2,3,6,20,1,6,6,8,1,3,0,2
2020-03,15,48,55,28,2,33,15,13,23,35,0,3,1,15,7,75,120,15,6,12,10,4,15,0,3,93,7,8,4,117,13,16,13,5,48,3,1,8,11,10,133,4,59,17,5,22,37,76,2,4,19,15,1,13,0,13
2020-03,16,48,43,17,3,24,32,6,20,16,1,5,1,15,17,51,312,24,1,6,11,6,17,0,2,107,19,7,1,82,23,7,16,1,65,0,7,8,11,6,78,13,18,11,12,11,12,33,1,2,13,17,3,15,0,17
2020-03,17,43,39,15,3,17,13,1,6,17,0,1,2,6,6,66,56,5,2,18,3,4,5,0,0,93,11,1,3,43,12,10,14,6,19,1,2,7,5,4,101,12,9,6,5,7,34,39,3,1,10,6,3,10,0,10
2020-03,18,11,2,3,0,1,1,0,1,1,1,0,0,5,2,11,11,2,0,1,1,0,3,0,1,30,0,1,2,11,0,3,4,2,5,0,0,3,2,2,29,0,14,1,0,1,10,5,0,1,7,1,2,0,0,0
2020-03,19,69,34,30,1,55,27,3,18,5,0,6,1,10,15,118,261,8,3,7,12,0,16,5,4,223,5,8,6,76,19,14,21,17,52,2,8,17,14,2,87,5,32,7,3,7,26,107,1,12,9,20,0,15,0,1
2020-03,20,20,6,24,1,12,12,2,11,1,1,1,3,3,5,36,78,1,1,6,4,0,4,0,0,21,2,0,1,23,6,2,8,3,18,0,2,1,2,1,25,0,12,0,0,3,5,51,1,1,8,2,0,2,0,2
2020-03,21,29,22,19,0,22,9,2,11,11,1,6,1,2,8,28,430,6,0,2,10,0,7,0,0,52,9,7,3,32,11,6,6,7,25,1,3,2,7,5,31,2,19,3,2,0,6,10,0,1,7,4,0,2,0,6
2020-03,22,65,21,44,0,38,24,3,21,7,1,12,9,21,16,73,623,20,1,5,28,4,9,0,6,113,13,4,10,94,31,11,16,11,90,1,5,7,9,11,49,12,27,2,6,12,19,37,3,1,12,16,1,2,0,9
2020-03,23,56,15,12,0,48,37,7,32,9,20,7,4,18,23,114,144,6,1,9,2,0,6,0,7,67,11,17,5,45,29,7,9,3,31,1,5,3,17,6,75,12,32,7,2,2,35,23,14,13,8,5,0,6,0,3
2020-03,24,35,50,35,2,41,32,2,30,20,3,6,11,21,26,64,542,30,2,13,14,9,11,2,11,98,35,14,7,130,39,9,20,13,112,3,4,14,13,11,166,11,66,5,5,10,17,49,2,11,12,23,1,7,0,17
2020-03,25,92,63,28,1,46,51,19,33,13,30,8,32,42,55,183,51,14,5,16,17,11,10,0,4,74,12,36,17,71,42,7,23,7,40,1,5,7,47,16,141,9,38,18,10,4,26,66,22,36,14,6,5,18,0,0
2020-03,26,28,12,36,0,24,20,4,6,8,63,2,3,7,38,60,13,5,2,9,2,2,1,1,1,9,2,2,0,19,43,0,1,1,2,0,0,2,2,3,33,3,8,15,2,1,2,4,18,5,0,3,0,1,0,0
2020-03,27,20,11,4,0,19,20,2,4,2,28,1,5,2,35,55,25,2,1,5,3,1,1,0,1,39,4,10,1,29,20,4,2,0,10,0,0,6,14,6,69,5,19,5,2,0,0,2,15,3,3,2,0,1,0,1
2020-03,28,25,16,5,0,14,25,4,38,10,7,12,13,16,18,24,136,10,0,14,10,3,9,2,2,116,13,12,12,39,17,17,12,6,72,2,2,10,12,13,74,11,124,0,5,2,3,3,4,9,2,17,0,1,0,3
2020-03,29,28,15,2,0,32,26,16,11,2,24,3,2,22,38,92,40,5,1,10,6,2,6,0,5,42,13,16,4,34,22,3,7,4,25,1,1,3,25,2,86,1,31,4,3,2,7,6,11,19,3,2,0,7,0,1
2020-03,30,80,30,28,1,27,27,13,21,8,2,9,1,7,32,70,428,7,1,2,3,1,13,0,5,150,2,12,2,62,14,14,22,4,53,3,6,19,25,9,73,4,21,4,7,3,16,43,8,11,2,9,2,1,0,2
2020-03,31,10,8,12,0,22,14,4,16,5,2,7,3,9,11,36,363,8,2,4,9,3,5,2,3,69,6,3,2,21,25,3,6,5,26,0,1,3,5,23,102,1,29,2,2,3,4,3,1,2,1,7,0,1,0,2
2020-03,32,3,0,0,0,1,10,1,46,3,1,8,0,0,0,1,241,16,0,0,6,0,1,1,2,24,0,4,13,9,3,7,1,7,43,0,3,0,3,4,28,8,44,0,0,0,0,0,0,3,4,0,2,0,0,0
2020-03,33,4,6,1,0,4,8,1,10,1,3,2,0,2,1,7,18,6,0,9,0,1,0,0,0,7,1,2,5,2,4,1,2,0,12,0,1,0,1,2,16,1,16,0,2,0,2,1,0,0,2,4,0,0,0,0
2020-03,34,3,9,1,0,1,2,0,0,1,0,1,0,0,2,6,65,0,0,1,5,2,0,0,0,20,1,0,4,13,6,2,1,0,5,0,0,2,2,0,45,4,14,0,2,0,2,0,1,0,0,1,0,0,0,0
2020-03,35,5,5,0,0,5,10,6,7,2,0,4,4,6,0,6,2,1,1,0,0,2,1,0,0,13,4,0,3,4,7,2,1,0,6,0,0,2,3,0,50,2,13,1,0,0,1,0,1,3,10,1,2,0,0,0
2020-03,36,1,0,2,0,3,4,4,0,0,0,1,0,3,0,1,2,3,1,1,0,1,0,0,0,5,0,2,0,1,0,0,0,0,17,0,1,0,4,0,1,4,7,0,1,0,1,0,0,1,1,0,0,0,0,3
2020-03,37,5,0,1,0,2,1,0,2,1,2,1,0,0,4,13,5,0,0,1,3,0,2,0,0,10,2,0,0,2,2,0,1,0,0,0,0,1,1,1,3,1,6,2,0,0,0,1,2,2,0,1,0,0,0,0
2020-03,38,12,10,0,1,10,21,4,4,7,5,3,1,11,11,16,10,1,6,3,3,5,2,1,0,24,9,6,2,20,11,2,14,0,17,0,0,1,7,6,64,5,39,5,3,1,3,1,8,1,8,6,2,6,0,0
2020-03,39,8,5,0,0,7,12,8,1,6,0,4,2,7,0,11,2,0,0,4,2,3,0,0,5,13,4,10,0,8,1,1,3,0,17,1,2,4,2,1,113,4,3,2,2,0,2,0,1,2,2,4,0,0,0,3
2020-03,40,5,1,2,0,4,18,11,3,2,16,0,2,6,5,12,1,3,0,2,2,1,3,0,0,14,2,1,3,8,6,0,6,1,15,0,0,4,11,6,20,1,11,1,0,0,1,1,3,1,0,3,0,0,0,0
2020-03,41,10,1,1,1,6,9,3,7,4,0,1,7,5,1,9,2,2,6,6,0,8,0,5,0,32,13,4,6,12,4,2,0,1,10,0,0,3,1,2,17,7,11,1,1,0,0,6,1,2,8,5,2,1,0,2
2020-03,42,14,9,3,1,9,24,13,7,4,7,1,5,5,8,25,5,2,0,6,4,7,8,0,0,23,2,7,2,3,3,6,6,3,21,0,0,2,12,5,38,5,17,5,9,1,7,8,4,8,4,3,0,3,0,0
2020-03,43,31,35,3,0,19,72,33,18,11,11,5,5,21,15,48,3,8,1,11,13,10,8,0,0,55,14,13,12,22,38,4,20,3,33,0,0,2,39,3,129,4,16,15,8,0,10,18,11,17,12,4,1,7,0,0
2020-03,44,28,41,4,4,18,31,26,15,11,3,5,0,14,22,71,1,5,3,6,5,8,6,1,3,72,11,9,6,8,32,2,7,3,15,3,7,4,21,8,96,3,29,21,6,1,12,14,19,16,10,5,1,10,0,0
2020-03,45,8,13,1,0,9,3,0,1,3,0,0,2,7,8,18,1,3,4,5,1,6,1,2,0,25,10,2,3,6,5,1,1,0,23,0,2,3,11,1,71,2,4,6,2,0,13,7,6,4,3,0,0,4,0,2
2020-03,46,10,17,7,4,27,22,10,5,7,6,8,3,22,11,48,69,3,1,7,9,2,1,0,2,40,9,8,1,16,13,4,28,4,17,0,3,7,11,1,40,5,14,13,3,1,21,6,12,20,5,12,2,10,0,2
2020-03,47,1,0,0,0,2,2,1,2,0,0,0,1,1,1,6,0,0,0,4,2,0,0,0,0,10,1,0,0,2,3,0,0,0,0,0,0,1,0,0,27,2,0,1,0,0,3,2,4,3,1,0,0,0,0,0
2020-03,48,18,15,2,0,15,5,3,8,0,0,3,0,15,7,26,2,1,0,3,4,1,3,0,0,61,6,3,1,11,11,3,22,4,15,0,3,3,11,3,137,7,13,10,8,2,21,22,4,7,7,3,0,3,0,1
2020-03,49,28,32,5,1,28,38,10,5,12,8,2,1,37,22,103,4,17,1,11,3,6,8,0,3,86,33,16,3,66,22,5,25,13,35,1,6,14,35,11,96,7,26,21,7,1,30,36,31,34,13,11,0,19,0,0
2020-03,50,3,16,1,0,6,8,0,7,2,1,0,2,5,4,23,11,1,0,1,0,0,0,0,0,22,0,2,0,3,2,1,3,0,1,1,1,1,5,3,25,0,1,9,2,0,6,2,0,2,2,1,0,1,0,0
2020-03,51,10,17,9,0,6,9,5,5,1,1,1,0,12,4,33,39,5,1,6,3,1,2,2,0,88,10,2,2,8,8,6,63,3,11,1,0,4,12,2,63,3,18,17,2,0,9,11,5,5,5,17,0,5,0,1
2020-03,52,27,24,9,1,17,9,1,1,2,2,0,0,3,3,35,109,4,1,0,2,8,3,0,1,31,7,4,1,6,18,3,12,9,14,0,0,7,13,2,94,11,6,3,0,3,11,23,4,7,0,4,1,5,0,0
2020-03,53,15,31,1,1,15,19,2,7,11,2,2,1,13,13,66,8,3,0,10,1,1,5,0,2,35,12,9,0,212,19,5,18,23,16,1,8,20,31,4,95,5,10,17,9,1,24,195,35,22,7,7,1,23,0,5
2020-03,54,3,1,0,0,0,4,0,3,1,1,0,2,3,3,1,0,1,0,0,0,0,0,0,0,6,3,3,0,1,1,1,3,0,8,0,0,0,0,0,9,1,1,1,5,0,0,1,2,2,0,1,0,0,0,0
2020-03,55,3,12,4,0,9,6,0,1,0,0,2,1,1,1,17,15,0,0,3,1,0,5,0,1,24,6,0,0,1,5,0,2,2,10,0,0,2,1,0,70,2,23,1,0,0,6,5,1,2,0,2,1,0,0,0
2020-03,56,48,62,11,0,25,12,2,11,10,5,2,3,11,1,49,74,12,5,6,5,2,15,0,2,161,3,2,1,51,10,18,8,5,19,3,1,3,11,0,245,6,15,4,1,1,21,19,3,3,9,3,1,4,0,9
2020-03,57,35,17,0,0,4,2,1,9,2,3,3,0,2,1,17,230,4,0,0,2,0,8,0,0,26,1,1,2,13,0,0,2,0,5,0,0,2,4,1,31,0,13,1,0,1,5,20,0,1,3,4,0,4,0,0
2020-03,58,35,10,20,1,18,6,4,18,5,0,3,0,10,5,48,392,6,3,2,3,3,8,0,4,178,6,10,1,16,10,5,2,2,54,1,1,9,21,3,101,10,12,0,3,2,7,8,1,5,5,2,0,2,0,1
2020-03,59,17,17,19,0,9,7,1,4,9,0,0,0,1,4,24,452,0,0,1,2,1,0,0,1,83,1,4,0,9,2,1,2,2,20,1,4,5,0,1,46,1,15,0,0,3,6,8,1,0,1,0,0,2,0,2
2020-03,60,26,17,9,0,21,10,1,8,4,1,2,1,5,2,27,165,1,0,0,6,2,1,0,1,69,6,4,2,45,7,1,10,6,36,1,8,19,6,6,55,10,23,7,2,1,8,10,5,3,10,1,3,2,0,0
2020-03,61,49,28,44,0,14,29,5,36,10,7,7,0,10,28,74,268,3,0,9,7,0,9,1,10,122,10,9,5,32,20,7,7,3,20,0,6,21,32,3,71,5,31,5,5,0,8,35,14,18,2,8,0,0,0,0
2020-03,62,27,28,1,3,7,5,1,6,8,0,2,2,4,4,19,80,1,3,0,2,1,3,0,3,41,1,0,0,15,0,1,7,0,9,1,2,1,9,2,104,3,4,3,0,2,1,21,0,1,5,4,1,3,0,0
2020-03,63,30,17,9,1,19,12,4,6,2,0,3,0,12,8,67,414,7,0,2,8,1,7,0,10,102,2,4,1,28,11,6,4,1,31,1,3,12,23,2,62,2,5,7,5,0,13,18,1,7,6,2,0,5,0,0
2020-03,64,51,39,1,0,14,4,0,1,14,0,1,0,6,0,28,38,1,2,2,2,2,2,0,2,36,0,4,0,86,1,8,9,3,13,0,0,0,7,0,55,7,10,2,0,6,8,5,2,3,7,0,0,1,0,1
2020-03,65,54,81,12,3,11,6,3,6,10,0,1,0,8,5,29,97,4,0,3,4,2,4,0,3,182,1,5,3,15,3,4,5,5,33,0,1,7,16,2,140,2,7,7,1,4,3,12,1,7,1,4,0,1,0,2
2020-03,66,50,55,21,0,32,37,19,8,18,4,5,2,26,17,97,122,6,0,2,6,7,13,0,6,162,10,24,4,40,41,12,10,1,27,2,5,11,33,4,172,1,12,6,11,0,13,16,7,20,6,10,0,11,0,1
2020-03,67,15,22,54,3,28,29,7,16,2,15,5,2,31,29,120,43,6,1,6,10,2,10,0,6,114,25,25,4,70,24,0,12,2,21,0,4,6,23,2,106,6,22,37,9,0,12,5,29,26,2,2,1,8,0,2
2020-03,68,17,16,2,0,15,41,19,7,9,15,5,3,18,37,55,16,5,3,6,4,5,6,0,1,51,8,23,3,58,12,11,20,4,20,3,2,6,22,0,36,0,14,16,4,2,6,10,25,23,7,4,0,2,0,2
2020-03,69,17,30,5,5,18,37,9,25,9,6,4,1,25,21,77,6,11,2,14,13,1,4,0,7,71,10,12,3,29,37,11,20,3,24,0,1,6,29,9,75,8,45,15,3,0,14,16,20,15,10,11,0,12,0,2
2020-03,70,35,41,12,2,32,10,3,24,18,1,3,1,12,6,103,45,2,11,7,2,6,13,0,1,484,5,6,1,32,15,14,12,4,22,2,3,9,17,2,111,5,18,10,5,1,25,9,7,9,6,4,1,6,0,2
2020-03,71,32,74,7,2,35,46,17,15,19,5,8,3,44,22,106,16,8,3,26,9,21,7,1,1,94,24,18,3,73,21,4,19,5,42,2,12,6,27,13,168,12,24,18,6,2,23,26,13,35,14,5,1,8,0,2
2020-03,72,14,10,10,1,18,7,4,2,4,1,0,8,19,2,38,2,4,0,5,3,0,2,0,1,63,17,6,3,2,5,4,3,1,44,1,2,10,9,0,37,7,17,23,6,3,11,14,1,7,6,0,1,2,0,5
2020-03,73,33,16,11,3,17,15,4,12,10,2,2,2,20,6,82,11,4,1,7,5,2,4,0,3,83,11,14,2,24,14,7,22,11,25,3,6,10,24,4,63,2,19,24,2,0,22,33,12,15,17,6,1,11,0,1
2020-03,74,9,11,1,0,11,2,0,3,10,0,0,0,4,1,33,9,2,6,7,5,3,0,0,0,80,11,1,0,13,2,2,4,3,15,3,2,3,2,1,26,7,29,11,1,0,6,11,0,1,2,6,0,1,0,0
2020-03,75,15,8,2,1,10,8,2,8,9,1,3,2,14,3,42,2,3,0,3,0,5,2,0,0,76,20,1,4,24,9,8,9,7,31,3,3,11,10,3,75,5,48,38,5,2,27,16,3,11,10,3,1,5,0,0
2020-03,76,1,0,0,0,1,0,2,4,1,0,0,1,1,0,3,0,0,1,1,1,1,1,0,0,10,1,3,3,0,1,2,1,0,0,0,0,5,2,1,28,0,8,0,1,1,2,2,0,0,0,1,0,0,0,0
2020-03,77,32,5,16,3,5,27,7,14,4,1,3,0,9,4,13,189,7,0,1,3,0,7,1,8,50,1,3,3,32,13,2,6,2,19,0,0,3,2,3,39,0,27,5,8,18,4,13,0,1,12,6,0,2,0,12
2020-04,0,1231,1107,1262,168,1522,1011,392,2799,501,378,215,98,776,850,4115,8548,570,99,426,375,188,328,88,169,4759,554,611,185,3006,892,386,1158,370,2608,70,294,492,628,312,3890,249,1451,1111,304,422,976,2908,389,421,305,941,42,623,0,698
2020-04,1,22,6,11,3,6,21,9,25,9,2,0,2,2,6,17,125,42,2,1,7,9,4,0,1,49,1,5,1,78,16,0,9,3,7,1,1,0,7,0,10,4,18,4,1,2,6,5,0,3,0,13,0,6,0,15
2020-04,2,35,7,17,4,22,21,1,40,8,0,7,4,15,10,64,70,7,3,7,6,0,8,0,10,110,2,4,3,108,29,9,33,4,31,0,0,3,14,4,13,4,25,23,20,5,31,88,1,4,6,30,0,11,0,16
2020-04,3,16,7,15,2,8,13,11,33,2,0,6,1,1,25,10,102,10,0,3,1,1,10,0,2,43,6,5,7,38,19,4,13,3,21,0,0,0,8,2,19,1,10,6,1,9,5,6,0,2,6,18,0,2,0,25
2020-04,4,8,4,4,2,11,4,1,39,20,1,2,1,13,8,22,130,13,3,0,1,8,4,2,2,61,0,3,4,44,10,8,15,7,16,0,0,6,6,6,22,4,21,8,9,8,8,123,2,2,8,21,0,5,0,36
2020-04,5,12,4,54,1,22,9,0,25,2,1,3,2,8,6,32,200,9,1,3,2,0,7,2,1,83,3,4,0,76,8,7,27,4,16,0,1,3,4,5,23,0,11,6,10,5,9,73,3,7,8,24,0,0,0,20
2020-04,6,7,10,24,4,33,14,4,76,6,2,7,7,25,20,43,316,11,1,7,13,0,8,4,2,59,8,10,3,123,19,2,30,7,100,1,7,4,3,9,23,4,42,5,0,4,11,28,0,7,8,33,1,2,0,38
2020-04,7,5,1,27,3,20,13,3,69,7,0,5,8,3,7,37,168,8,1,4,7,4,7,1,1,62,4,10,4,53,21,2,17,10,44,0,0,3,1,4,29,5,36,4,4,11,11,21,0,3,8,31,2,1,0,28
2020-04,8,6,3,0,2,6,28,10,107,2,3,5,7,2,6,9,150,17,2,14,12,7,1,11,0,35,3,8,3,22,24,6,9,1,35,1,8,8,3,3,37,2,59,1,3,1,2,11,0,4,7,4,1,0,0,3
2020-04,9,3,19,21,0,15,4,1,14,7,3,0,0,3,1,22,1,1,0,1,2,5,0,0,0,21,5,0,1,4,0,0,5,3,1,0,0,2,3,0,15,1,14,13,4,9,21,16,3,0,2,3,1,3,0,5
2020-04,10,16,18,9,3,33,14,1,20,10,1,1,1,17,6,65,6,6,3,10,4,0,7,1,0,138,12,6,3,46,10,15,14,17,25,0,0,4,2,4,65,5,27,46,11,18,24,51,2,6,13,17,1,4,0,18
2020-04,11,8,15,15,2,11,5,2,29,12,4,8,1,6,2,39,22,10,2,4,2,2,4,5,2,120,9,3,3,76,4,10,6,15,15,0,0,4,5,2,46,3,15,17,9,8,15,27,3,2,7,1,1,2,0,19
2020-04,12,14,7,4,1,14,7,0,3,2,0,1,3,6,3,34,24,6,0,4,5,0,4,0,0,70,9,26,1,22,5,1,9,9,8,1,0,2,4,2,32,5,16,28,1,13,23,50,0,4,4,8,1,1,0,33
2020-04,13,5,6,6,0,9,2,3,15,4,0,0,1,10,2,22,58,2,0,8,0,1,0,0,1,30,1,21,1,17,13,1,6,4,7,0,0,4,2,2,14,0,24,11,3,4,14,40,0,2,2,7,0,2,0,3
2020-04,14,14,11,36,6,8,13,3,53,9,0,5,1,15,7,40,210,5,2,15,5,0,4,0,1,75,10,43,1,49,10,5,13,4,17,1,5,2,5,14,24,2,6,6,3,4,12,14,2,9,5,7,0,11,0,18
2020-04,15,50,36,30,4,42,14,5,62,9,1,4,1,25,16,133,85,6,3,13,10,2,10,0,2,128,16,8,5,130,16,7,35,14,41,4,1,4,11,4,115,6,32,27,9,23,31,102,6,4,12,20,0,16,0,43
2020-04,16,50,22,37,1,41,18,6,69,9,0,3,1,6,20,77,225,8,1,8,8,0,19,1,4,124,15,10,0,84,19,21,28,8,43,1,6,10,6,2,62,5,39,25,5,10,10,34,4,0,11,21,1,12,0,66
2020-04,17,17,21,15,3,28,7,0,24,26,1,0,2,17,3,101,49,2,1,20,8,2,1,1,2,96,22,6,1,48,6,6,21,22,11,0,7,4,8,1,55,2,12,18,7,9,37,67,0,5,4,11,0,14,0,9
2020-04,18,11,3,0,0,7,6,0,3,2,1,3,0,5,4,29,13,4,2,3,4,0,1,0,1,30,2,0,0,15,6,8,4,3,12,1,0,2,2,0,15,0,8,9,2,4,8,38,0,1,0,9,0,5,0,4
2020-04,19,36,22,49,2,63,23,7,90,5,2,6,0,15,12,150,275,4,1,7,9,2,13,0,2,137,10,14,6,64,28,8,21,15,68,3,11,9,14,6,84,2,36,15,6,8,37,67,11,6,5,29,0,19,0,5
2020-04,20,11,2,27,0,19,5,1,11,2,0,0,0,3,4,60,77,3,0,1,11,0,4,0,1,65,3,2,1,21,7,3,21,16,23,2,1,6,3,0,18,0,0,4,2,4,12,95,1,3,1,5,0,1,0,10
2020-04,21,15,6,38,3,19,10,3,28,6,2,0,1,7,7,47,301,3,0,2,4,1,6,0,2,76,3,7,1,50,7,2,5,4,22,0,1,2,6,7,30,4,11,2,2,6,4,26,4,6,8,8,1,1,0,17
2020-04,22,10,7,65,1,53,25,2,64,9,3,5,0,23,12,78,534,10,2,4,12,1,19,1,12,124,13,5,3,152,13,9,26,16,51,1,9,12,10,17,78,10,39,11,4,14,12,48,4,1,14,34,2,4,0,37
2020-04,23,51,17,12,2,53,22,17,51,5,41,1,0,11,39,126,228,3,3,13,7,2,6,0,3,22,10,8,3,88,30,4,9,2,36,0,0,6,19,4,36,3,14,13,0,9,17,19,17,10,5,17,0,10,0,4
2020-04,24,29,35,28,7,63,27,4,81,13,4,1,4,15,24,92,501,16,3,10,20,6,6,1,8,103,23,24,5,203,39,9,20,8,78,4,8,25,9,14,79,5,44,11,7,47,21,56,6,1,11,33,1,6,0,46
2020-04,25,59,32,56,6,70,58,16,98,16,44,7,2,39,83,221,108,7,11,21,19,8,14,0,9,105,14,35,6,79,59,5,40,13,140,0,24,7,37,19,151,6,45,38,6,9,26,82,13,23,10,44,6,48,0,9
2020-04,26,15,5,17,0,12,12,6,21,2,42,1,0,6,59,46,30,2,0,3,5,7,1,0,0,20,2,2,0,15,17,0,2,0,17,0,2,4,6,4,28,2,4,14,1,0,7,12,6,5,0,4,0,2,0,0
2020-04,27,22,5,16,1,18,12,2,15,3,24,1,1,4,39,58,23,2,0,16,3,1,2,1,1,25,7,8,0,60,10,2,6,1,5,0,1,3,5,5,20,2,24,8,1,4,3,10,7,4,1,7,2,2,0,3
2020-04,28,27,12,45,1,10,19,7,158,5,12,6,5,18,27,23,233,9,3,10,6,15,1,3,0,126,8,5,7,31,18,8,14,4,54,1,1,14,7,16,38,3,85,13,4,43,4,35,4,5,6,12,0,3,0,9
2020-04,29,29,25,10,2,29,15,8,60,2,37,2,0,20,33,98,94,6,0,13,10,3,2,0,4,32,7,15,5,47,10,5,10,2,56,1,4,9,3,3,59,1,29,26,4,3,9,28,12,6,2,5,0,9,0,2
2020-04,30,19,13,27,2,24,21,8,65,11,6,8,2,14,20,77,484,5,4,5,9,3,2,1,5,44,3,12,5,48,17,2,18,3,52,0,8,13,15,8,81,1,19,8,3,13,9,17,4,8,8,17,1,8,0,3
2020-04,31,9,10,11,3,19,15,4,69,8,3,4,1,5,15,35,584,3,1,13,3,1,3,0,2,85,11,7,8,37,13,3,8,2,54,3,5,23,5,6,56,3,19,1,0,0,3,33,2,4,1,8,0,4,0,1
2020-04,32,2,0,0,0,0,8,1,76,0,2,8,3,2,0,0,187,9,1,0,2,0,0,1,3,30,0,1,3,5,3,1,2,3,6,0,3,4,1,4,32,8,50,0,0,0,0,3,0,0,1,2,0,2,0,0
2020-04,33,1,0,0,0,7,5,2,10,0,3,3,2,1,2,4,28,0,0,1,0,3,2,1,0,15,0,3,3,4,1,1,4,5,4,0,0,0,0,2,7,4,19,2,2,2,3,6,0,2,5,7,0,0,0,0
2020-04,34,5,4,1,1,5,1,1,13,0,0,1,0,4,4,10,46,0,1,0,1,0,2,0,0,23,3,1,0,23,3,0,1,1,12,0,2,5,0,3,25,1,6,0,2,1,2,8,0,0,1,0,0,1,0,1
2020-04,35,2,7,1,0,9,11,1,30,2,1,2,0,7,1,7,7,2,0,1,5,0,2,0,0,16,2,2,3,6,4,0,3,1,16,1,3,5,3,4,54,2,7,4,0,0,2,17,3,5,3,2,1,1,0,0
2020-04,36,0,0,0,0,0,3,1,1,0,0,0,0,0,0,4,0,0,0,0,0,0,0,0,0,5,0,0,0,3,4,0,0,0,32,1,0,5,0,0,2,1,3,0,0,0,2,2,1,0,1,0,0,2,0,2
2020-04,37,2,0,1,0,4,1,0,3,0,3,2,0,1,0,6,2,0,0,0,2,0,2,0,1,13,1,0,0,3,2,0,3,0,4,0,2,2,0,1,3,0,0,1,0,0,1,7,2,0,0,2,0,0,0,0
2020-04,38,16,2,1,3,17,12,11,36,3,3,3,2,14,8,29,6,1,5,5,2,3,2,0,2,20,7,2,7,17,7,1,12,1,36,2,12,8,8,3,15,7,15,4,3,3,8,44,4,3,2,7,2,10,0,5
2020-04,39,3,3,0,0,1,7,12,11,1,0,0,1,5,0,7,14,0,0,1,5,3,1,0,1,9,1,9,1,2,1,1,9,2,42,3,0,5,2,0,32,3,5,4,0,1,3,12,0,0,3,1,0,2,0,6
2020-04,40,1,7,6,1,0,15,7,10,2,6,0,1,10,9,15,7,0,0,1,2,0,0,0,0,24,1,1,1,8,7,2,6,0,27,0,0,0,0,6,21,2,15,5,1,9,1,9,2,1,1,2,0,1,0,0
2020-04,41,4,1,1,2,5,9,1,18,1,0,2,3,2,0,14,8,0,0,7,2,0,4,1,1,40,14,3,1,21,4,13,29,2,20,1,3,6,5,3,12,0,16,2,1,3,3,18,0,0,1,8,0,1,0,2
2020-04,42,21,11,4,2,8,18,13,12,7,7,3,4,10,11,34,2,4,0,9,7,0,5,1,0,13,4,3,0,10,9,9,14,3,11,1,0,2,4,8,62,5,13,0,3,4,2,9,6,3,3,15,0,7,0,1
2020-04,43,28,11,5,5,15,58,37,54,14,5,9,4,20,15,68,6,13,3,2,4,9,7,0,6,69,31,21,6,17,31,7,44,2,84,3,26,12,27,10,58,6,4,19,4,7,31,21,12,11,15,31,1,19,0,3
2020-04,44,15,36,6,4,23,24,11,62,18,1,3,1,27,19,78,4,11,0,9,6,18,4,12,1,35,7,8,7,17,32,2,22,5,33,3,12,8,15,6,81,3,21,20,3,0,14,29,21,5,7,18,1,16,0,2
2020-04,45,5,6,0,1,8,6,5,11,4,1,0,4,2,3,28,6,0,2,4,2,1,0,0,0,19,6,1,0,1,2,4,9,4,38,0,3,1,3,0,32,2,3,24,7,0,8,58,4,7,2,12,2,9,0,4
2020-04,46,14,8,3,5,26,22,8,22,7,8,3,0,8,10,82,39,4,1,2,5,1,5,0,2,62,12,9,1,21,18,6,36,2,45,0,4,5,14,4,71,4,7,24,9,3,12,74,20,9,1,21,0,6,0,2
2020-04,47,1,0,0,1,4,2,0,6,0,0,0,0,2,0,7,0,0,0,0,0,0,0,0,0,8,2,1,0,2,0,0,2,2,0,0,0,0,1,1,17,3,3,1,0,0,3,2,2,1,2,1,1,3,0,0
2020-04,48,3,24,2,0,12,2,1,28,1,2,5,0,4,2,44,4,2,2,5,3,2,3,1,1,53,6,11,1,9,7,3,30,6,9,0,1,3,21,2,106,2,8,18,5,2,21,21,3,15,1,4,0,11,0,6
2020-04,49,25,42,5,3,40,24,11,39,16,15,5,0,33,22,123,16,9,3,11,6,7,7,1,4,93,30,21,4,31,14,3,42,8,65,1,7,13,33,3,160,1,30,64,9,3,17,218,22,27,9,30,1,46,0,5
2020-04,50,4,7,0,0,6,8,2,36,2,2,0,1,5,10,19,4,0,0,2,2,0,0,0,2,30,1,0,1,3,0,1,3,1,12,0,0,1,1,3,7,4,2,11,4,2,5,85,1,3,1,1,0,2,0,0
2020-04,51,10,10,2,3,9,5,1,25,16,1,0,0,4,6,32,12,7,1,5,0,1,3,3,3,42,4,8,2,7,4,8,21,1,37,1,0,8,12,4,58,4,21,24,3,0,7,24,3,9,0,18,0,3,0,7
2020-04,52,10,21,0,1,36,4,2,4,3,1,0,0,4,3,44,104,1,1,3,1,1,1,0,3,27,8,4,0,3,10,2,16,4,12,1,4,4,15,1,77,4,16,5,1,5,14,102,2,9,0,23,0,0,0,1
2020-04,53,9,35,1,6,24,8,5,12,3,3,1,0,11,7,85,0,5,3,6,3,3,7,0,0,22,16,6,0,19,16,2,25,10,3,1,4,5,16,4,108,5,8,38,10,0,37,24,11,7,1,11,3,25,0,3
2020-04,54,1,1,0,0,1,2,0,1,0,0,1,1,4,0,6,0,0,0,0,0,1,0,0,0,5,1,0,0,1,1,0,1,0,0,0,0,0,2,0,1,4,2,3,0,0,0,0,0,2,0,1,2,2,0,0
2020-04,55,4,12,0,0,18,1,0,8,3,0,0,0,2,3,22,21,3,0,1,2,0,5,1,3,2,0,2,0,5,8,2,4,3,2,1,0,8,5,1,32,3,15,11,2,4,12,53,2,5,0,1,0,1,0,1
2020-04,56,33,52,17,6,42,10,1,35,10,3,2,0,11,8,150,87,12,0,0,2,1,7,0,3,113,2,8,6,127,10,24,27,9,16,5,11,12,6,0,178,6,24,13,2,8,38,164,1,6,5,11,0,13,0,8
2020-04,57,27,11,6,0,6,1,4,39,5,1,1,2,2,1,17,177,1,1,0,7,0,1,0,0,47,0,2,0,10,5,1,9,2,4,0,3,2,3,2,26,1,11,1,0,0,7,18,0,2,2,5,0,11,0,0
2020-04,58,27,8,100,7,14,17,3,54,7,0,2,0,4,5,61,475,2,2,1,6,3,4,0,2,94,4,7,4,26,12,3,4,2,55,3,6,28,13,3,18,3,19,8,3,1,6,14,4,3,1,7,0,11,0,2
2020-04,59,10,14,23,0,13,4,2,20,2,0,2,0,3,3,22,480,3,0,0,4,0,2,0,0,54,5,1,2,7,4,3,9,2,42,0,2,5,7,0,34,0,3,0,0,10,2,5,2,0,2,0,0,3,0,1
2020-04,60,8,45,22,2,29,16,1,28,6,1,4,0,7,9,42,138,7,1,11,4,2,1,0,1,57,16,8,6,54,9,4,12,1,10,0,1,4,4,4,85,5,21,6,2,0,5,20,3,0,5,6,1,2,0,2
2020-04,61,24,19,119,3,13,14,3,86,6,3,7,0,13,8,72,313,12,0,5,5,1,7,1,5,129,0,10,3,45,11,13,17,2,115,1,9,25,13,2,72,6,29,22,5,1,23,26,8,10,2,11,0,10,0,1
2020-04,62,10,11,8,3,16,0,1,6,5,1,2,2,4,7,27,83,1,0,2,2,2,2,1,4,36,1,4,1,18,2,3,6,2,11,2,0,3,3,2,42,1,4,5,2,2,2,47,0,0,1,2,3,7,0,0
2020-04,63,11,13,31,3,21,10,2,30,6,0,0,0,13,7,63,353,7,2,2,2,4,1,0,2,62,6,4,5,28,7,8,11,1,35,0,1,8,14,0,71,1,3,5,1,1,21,102,0,2,3,5,0,3,0,0
2020-04,64,21,49,2,1,17,5,4,12,2,0,0,0,8,1,27,22,2,0,0,2,0,1,0,3,78,5,2,1,135,1,17,19,5,7,2,6,6,3,3,90,1,6,5,3,4,12,71,1,1,2,4,0,6,0,3
2020-04,65,27,45,5,2,17,8,5,32,13,1,0,0,9,7,35,63,4,1,5,3,2,6,1,4,42,2,5,5,24,10,6,6,6,3,0,0,7,7,1,62,6,13,9,3,4,8,19,0,7,0,10,0,10,0,3
2020-04,66,35,26,14,7,45,37,17,37,18,2,6,1,20,15,128,124,6,2,4,13,0,4,0,5,57,2,24,0,52,18,7,24,1,30,0,8,11,15,4,114,1,12,14,3,3,19,17,15,7,3,32,0,23,0,4
2020-04,67,17,31,51,10,27,25,9,34,11,12,3,0,14,28,120,57,133,1,12,3,2,8,0,3,167,9,10,1,50,17,3,21,6,67,1,0,4,12,2,47,1,23,23,7,1,21,6,27,14,3,12,1,15,0,0
2020-04,68,11,8,7,0,12,20,19,31,3,23,0,1,30,21,54,31,9,0,6,3,5,6,0,6,107,9,18,0,33,11,5,10,1,91,0,6,2,18,7,52,8,26,27,9,0,11,23,41,20,3,8,0,5,0,3
2020-04,69,44,13,3,0,16,23,14,62,11,8,5,0,15,19,85,9,12,3,6,6,5,2,0,0,51,17,16,6,28,19,4,22,4,34,3,2,12,11,4,45,4,22,27,4,0,14,26,15,18,2,10,0,14,0,4
2020-04,70,27,23,33,6,23,12,2,28,15,0,2,3,8,10,128,37,2,3,10,3,5,15,0,2,255,8,14,3,61,13,8,19,9,67,3,8,6,11,5,98,5,17,27,10,1,29,26,2,6,5,21,0,12,0,3
2020-04,71,32,39,8,0,38,28,7,77,14,5,11,0,29,16,117,44,4,3,15,8,6,5,0,6,116,15,18,2,47,23,9,26,7,148,3,12,14,23,12,71,1,17,33,6,1,16,24,21,20,1,18,0,34,0,0
2020-04,72,4,10,11,1,17,2,1,14,7,2,2,3,6,1,61,1,4,0,4,5,2,4,1,0,69,12,3,3,5,3,9,21,3,30,0,0,7,13,2,99,12,14,55,4,11,18,25,0,5,3,14,0,9,0,20
2020-04,73,15,4,5,4,29,6,10,47,5,4,6,0,14,8,88,6,8,2,18,5,3,4,27,2,46,21,12,4,24,10,2,24,10,51,0,5,5,14,2,92,2,13,30,7,2,26,32,5,13,4,12,0,27,0,1
2020-04,74,4,8,3,1,20,4,0,8,2,0,0,0,3,0,43,1,6,0,4,1,0,1,0,3,62,11,1,0,28,3,6,8,2,14,0,0,5,2,2,39,2,33,20,5,4,9,24,0,1,3,8,0,0,0,6
2020-04,75,12,16,12,0,27,5,0,26,13,8,0,0,10,6,82,6,3,0,2,8,1,2,0,1,47,10,7,0,9,3,6,19,3,73,0,9,9,10,5,67,1,35,63,12,8,26,22,5,12,8,11,0,20,0,13
2020-04,76,0,1,2,0,5,4,2,15,2,0,0,0,9,2,10,0,3,0,0,0,0,0,0,0,34,0,0,0,1,1,2,1,1,2,0,0,1,0,0,9,5,7,2,0,1,6,1,0,1,0,2,0,0,0,0
2020-04,77,15,22,15,3,9,27,7,33,2,0,7,0,3,7,8,92,18,0,1,6,0,5,0,3,63,0,4,1,28,9,3,11,1,47,1,8,8,5,4,29,4,26,11,5,3,7,28,1,2,4,13,1,4,0,28
2020-05,0,1974,1388,956,499,2014,1576,599,1627,635,729,137,123,1325,1101,5900,8996,696,124,736,451,199,517,251,178,3542,923,1115,226,5319,1564,582,2723,696,3208,69,240,441,874,489,4994,304,1794,1848,532,707,1660,3159,587,533,354,2792,50,2785,1938,1269
2020-05,1,29,11,14,4,7,29,8,13,1,1,2,1,18,15,30,156,38,1,3,8,0,3,0,0,60,1,9,4,80,28,9,33,5,20,1,2,8,8,5,32,1,25,10,6,6,8,26,1,4,6,19,0,19,0,10
2020-05,2,43,20,49,14,25,42,8,29,39,2,3,2,11,11,89,82,11,5,15,8,3,8,1,7,93,5,15,4,144,32,10,106,22,43,0,5,4,14,8,39,0,10,39,22,14,38,58,3,7,5,132,1,26,7,29
2020-05,3,24,5,18,4,9,30,14,22,7,1,5,4,14,25,6,151,19,0,7,3,8,13,12,2,50,3,6,9,40,14,5,24,5,56,1,2,5,5,7,19,3,25,7,7,22,2,24,0,4,8,38,2,29,2,45
2020-05,4,25,12,9,2,19,13,5,20,30,1,1,3,28,5,40,186,7,4,11,8,5,8,1,2,32,2,10,1,126,10,5,34,10,24,1,2,6,3,9,43,4,21,16,12,8,22,54,5,3,6,67,2,13,1,46
2020-05,5,21,0,16,8,37,9,2,18,13,2,1,2,10,14,57,204,13,3,5,7,2,4,9,0,35,2,14,2,104,12,7,42,11,30,0,0,4,1,4,44,3,11,8,10,16,18,86,2,2,4,38,2,23,3,35
2020-05,6,29,5,18,9,30,22,3,40,9,1,4,6,21,33,57,224,14,2,27,16,5,11,3,0,52,9,17,14,167,39,7,54,13,63,4,4,7,6,14,29,2,46,18,9,15,31,77,0,6,11,72,1,16,4,76
2020-05,7,10,1,6,9,31,11,0,44,3,0,0,1,13,13,42,147,13,1,13,16,2,5,0,1,37,9,18,4,112,30,6,41,12,24,1,2,5,9,9,35,17,58,6,13,25,21,49,3,3,12,50,0,10,0,40
2020-05,8,12,10,7,2,4,16,2,47,1,3,10,0,4,9,11,119,17,1,3,10,2,4,1,1,58,0,18,14,36,25,3,11,8,57,1,10,10,2,7,64,6,61,2,6,3,4,27,4,12,5,12,0,1,5,1
2020-05,9,8,3,6,2,15,2,1,8,2,1,1,0,3,0,34,0,5,0,8,0,1,9,0,0,35,12,5,0,4,1,14,23,7,12,0,0,1,2,0,23,2,65,17,4,10,26,17,1,1,4,29,2,87,1,8
2020-05,10,26,23,19,18,27,21,6,9,23,2,0,0,27,1,128,17,14,3,11,5,0,8,0,1,54,26,19,2,104,9,28,53,17,105,0,0,3,3,4,99,4,18,61,13,31,52,82,5,4,10,77,4,224,7,31
2020-05,11,24,17,10,10,25,16,2,17,3,0,0,1,21,7,51,21,6,1,9,6,2,8,1,1,58,4,24,2,126,11,15,30,20,39,0,0,1,4,9,30,8,29,23,12,6,39,53,2,4,5,15,0,52,4,34
2020-05,12,19,14,5,4,16,10,2,5,7,0,0,3,15,1,59,9,7,0,9,5,1,4,1,0,36,10,18,2,53,5,6,55,12,44,0,0,4,4,3,32,4,34,53,18,11,34,49,1,4,6,36,0,363,0,49
2020-05,13,13,8,5,1,10,11,0,5,6,0,0,6,18,4,24,44,8,2,6,1,1,5,0,1,26,1,12,1,29,5,8,22,9,28,0,2,6,3,3,46,1,27,13,3,6,15,27,2,1,1,25,0,11,1,18
2020-05,14,31,32,46,11,33,18,0,23,6,1,1,2,28,21,64,294,11,1,12,8,20,6,0,0,56,18,39,2,63,18,9,39,8,16,1,2,1,6,11,58,1,17,21,9,10,22,113,2,5,6,54,0,22,3,38
2020-05,15,69,37,28,16,61,34,12,44,13,0,2,1,24,12,190,114,27,4,14,12,2,16,2,1,66,33,24,3,277,40,16,69,27,123,0,8,17,12,8,114,9,47,38,23,33,67,105,7,5,12,63,1,104,11,91
2020-05,16,71,43,44,7,50,19,18,53,13,1,2,0,22,18,133,357,6,1,11,9,3,40,1,1,96,75,26,2,140,26,10,40,14,87,3,12,6,18,12,59,6,32,41,17,24,45,70,4,4,15,64,11,20,9,80
2020-05,17,62,42,25,11,42,27,8,25,12,1,0,6,10,18,130,87,9,5,36,12,1,10,0,3,87,25,17,3,123,13,15,65,23,19,1,2,0,17,7,66,5,10,24,11,15,57,93,2,3,12,46,1,72,7,30
2020-05,18,11,5,7,0,9,5,3,10,1,1,2,0,1,8,38,13,7,1,6,4,0,2,0,2,34,6,3,0,25,3,10,17,3,10,0,0,1,5,2,15,0,6,10,1,2,9,24,0,2,2,47,0,17,3,4
2020-05,19,80,37,41,15,100,26,3,62,18,2,4,0,18,19,258,193,13,2,17,9,1,7,0,2,95,17,17,4,275,18,12,89,22,101,1,5,8,14,4,124,1,24,26,8,8,42,68,5,8,3,109,0,36,7,13
2020-05,20,23,3,15,1,24,14,5,7,5,1,0,0,1,5,70,88,2,0,3,10,3,3,0,2,34,4,8,1,96,8,2,39,6,29,0,3,9,5,3,23,2,6,5,2,56,9,34,0,5,3,16,1,19,0,18
2020-05,21,19,17,32,13,43,25,14,28,12,4,0,1,10,16,70,364,1,0,12,5,1,10,2,2,33,33,13,1,94,18,10,38,7,54,0,5,3,9,22,34,3,25,6,4,9,12,52,4,4,6,47,0,63,11,42
2020-05,22,41,14,58,16,49,41,6,47,16,8,3,1,14,35,117,661,13,1,19,21,1,7,2,13,92,46,17,4,251,47,11,90,18,49,1,5,8,20,21,62,10,105,18,9,39,40,90,3,6,12,124,1,49,13,89
2020-05,23,67,16,19,22,50,43,20,39,7,42,4,1,21,60,160,331,13,4,17,3,3,14,10,5,38,14,18,3,123,42,10,47,8,40,3,4,8,20,7,33,2,15,19,7,8,19,50,20,9,5,42,0,52,48,12
2020-05,24,58,30,40,13,84,34,8,48,11,5,3,2,33,31,135,690,23,4,27,20,7,9,3,6,71,49,20,7,342,43,17,67,24,112,1,3,8,24,23,92,6,75,27,11,78,39,105,7,11,15,132,2,26,9,81
2020-05,25,103,48,56,27,92,82,41,70,26,53,11,5,50,83,302,168,26,18,36,16,11,20,1,9,126,18,57,8,145,110,14,142,16,51,1,6,11,35,23,174,13,31,83,17,53,49,87,20,28,10,149,2,220,56,23
2020-05,26,25,7,14,2,71,25,10,17,4,23,2,0,11,25,79,19,4,1,23,4,3,1,0,2,17,3,22,1,33,27,5,14,3,14,0,2,2,5,5,42,4,9,14,2,1,5,19,17,8,3,18,0,28,30,1
2020-05,27,19,7,25,3,24,15,8,9,7,26,0,0,6,28,93,26,5,1,15,4,2,2,2,0,34,6,12,2,43,32,1,15,1,51,0,0,7,6,12,21,1,17,5,3,2,14,17,9,4,2,19,0,9,32,3
2020-05,28,33,10,7,2,41,19,5,57,9,11,4,7,11,22,64,191,20,1,18,6,5,1,2,3,127,12,13,5,94,24,4,20,15,71,0,4,9,5,17,53,12,92,8,5,4,7,26,4,9,3,54,0,8,25,15
2020-05,29,38,19,13,9,32,37,20,16,7,63,2,3,20,36,140,34,5,0,14,5,2,0,4,3,45,6,29,1,74,23,8,31,5,86,0,1,3,16,6,53,2,35,28,6,3,15,38,9,10,4,27,0,26,128,7
2020-05,30,17,15,14,2,37,23,9,31,12,1,0,1,30,26,109,419,6,5,9,9,10,17,12,6,59,9,11,4,74,22,9,50,4,30,0,4,6,20,6,104,5,12,15,2,10,7,37,10,11,5,23,1,34,6,5
2020-05,31,19,12,8,3,35,31,4,47,4,0,0,1,8,17,70,434,8,2,7,15,4,7,16,4,95,20,7,1,57,28,2,19,7,59,3,6,14,11,8,36,3,17,4,1,6,4,21,2,4,4,17,0,4,10,3
2020-05,32,5,0,0,1,1,12,2,30,5,2,4,2,3,3,2,230,17,2,0,1,1,1,0,1,23,0,4,6,6,2,6,4,3,35,0,3,6,1,6,22,4,46,0,0,1,0,0,0,3,3,17,0,15,1,0
2020-05,33,3,1,3,0,3,7,4,9,2,1,1,1,3,5,8,42,3,0,1,2,0,0,2,0,15,1,7,5,10,5,0,2,0,4,1,0,2,2,8,21,1,6,1,0,1,2,18,0,4,4,2,0,0,4,0
2020-05,34,2,2,0,1,2,4,0,3,0,2,1,0,5,0,11,48,2,0,3,3,0,0,0,0,16,3,1,5,49,7,7,7,2,79,0,0,6,3,2,14,0,4,4,6,2,8,4,0,3,2,8,0,1,3,0
2020-05,35,8,7,0,0,3,8,6,10,4,1,0,2,7,2,7,10,2,0,0,4,0,3,0,0,15,2,3,2,3,7,2,13,4,32,2,0,4,1,0,34,2,11,2,0,1,1,11,3,2,4,10,0,4,2,2
2020-05,36,3,0,3,1,2,2,2,0,0,1,2,2,4,0,7,1,4,1,0,0,1,0,0,0,10,0,1,0,1,2,3,11,0,16,0,2,2,3,1,11,4,3,2,0,1,0,1,1,1,0,4,0,3,5,2
2020-05,37,4,0,0,0,2,2,0,2,1,5,0,0,1,5,16,14,2,0,0,0,0,0,0,0,7,1,0,1,5,2,2,1,0,2,0,0,1,0,0,5,2,10,4,1,1,1,0,2,1,0,1,0,4,22,0
2020-05,38,11,2,1,8,13,21,6,15,3,19,2,5,19,7,46,12,10,1,4,2,0,5,0,2,24,3,9,4,41,14,2,21,1,80,0,0,4,9,8,37,3,34,9,2,2,8,22,5,4,2,23,1,21,25,2
2020-05,39,15,5,1,1,4,20,7,5,2,2,1,0,4,0,17,1,1,0,4,0,1,1,1,4,8,1,4,1,14,5,0,8,1,33,0,0,3,5,2,12,7,7,1,4,0,7,3,1,2,1,10,1,4,5,2
2020-05,40,6,4,1,1,3,13,12,5,5,6,2,3,29,4,15,18,5,0,0,1,1,3,0,4,12,0,15,6,12,11,2,9,1,11,0,0,2,6,3,9,1,18,9,1,2,4,10,4,5,1,12,0,4,17,1
2020-05,41,3,1,1,2,5,8,5,7,2,1,1,0,17,1,4,4,4,0,1,0,0,2,0,1,22,2,12,5,17,3,9,4,1,23,1,1,1,14,4,18,6,9,8,2,2,4,11,0,1,8,14,0,1,1,8
2020-05,42,14,22,7,2,13,32,10,9,1,20,2,10,11,9,43,8,5,2,3,9,0,4,0,3,28,24,7,0,16,18,16,18,17,26,0,3,1,8,0,48,1,32,5,1,3,12,26,9,5,3,10,0,7,58,4
2020-05,43,53,22,8,5,26,81,48,27,19,12,5,4,27,21,88,6,13,3,16,13,10,15,0,4,68,23,33,9,42,58,8,39,10,90,0,8,15,45,15,91,4,7,41,12,6,31,25,15,21,9,36,1,26,42,10
2020-05,44,46,44,11,8,32,48,24,47,17,13,4,0,32,40,110,2,11,0,16,6,0,9,4,1,66,17,18,4,45,43,8,48,9,42,0,10,10,20,11,125,2,21,41,11,0,20,46,24,21,4,36,0,51,34,4
2020-05,45,14,10,2,2,17,11,3,15,4,2,0,4,29,7,56,6,9,1,11,4,0,5,0,1,21,16,7,2,9,8,2,9,5,3,0,0,1,8,2,25,2,5,34,6,0,13,23,8,7,0,11,1,15,12,7
2020-05,46,16,19,24,13,26,34,20,21,11,10,3,0,27,28,102,84,13,2,7,2,6,9,1,4,79,17,17,2,40,47,12,61,23,56,3,10,5,18,2,82,7,10,40,7,4,24,73,21,13,1,26,0,20,31,5
2020-05,47,2,1,1,0,4,3,1,1,4,3,0,2,1,11,7,0,2,0,2,0,5,3,0,0,3,4,0,0,2,4,1,3,2,1,0,2,1,1,0,1,0,3,5,1,0,5,6,4,2,0,4,0,4,5,2
2020-05,48,11,17,2,6,21,3,0,14,4,4,1,0,29,8,70,14,4,0,9,5,2,3,0,0,44,9,12,0,21,8,2,31,6,29,0,0,5,9,1,62,1,9,26,3,1,26,53,2,5,0,26,0,45,20,7
2020-05,49,35,56,6,8,43,43,22,23,18,54,1,1,71,24,211,5,21,6,16,6,6,10,1,2,53,34,53,1,52,48,10,52,13,35,4,10,13,51,3,289,4,40,89,12,5,52,63,47,30,5,56,1,83,202,15
2020-05,50,1,6,0,1,6,9,0,7,2,1,1,0,3,1,25,1,0,0,1,0,0,1,0,0,15,7,4,1,7,7,1,7,2,0,0,2,1,7,0,3,6,5,24,3,2,8,13,8,3,0,3,0,9,8,2
2020-05,51,13,10,14,3,12,10,5,18,10,1,1,0,17,7,50,46,4,0,11,2,3,8,1,0,44,9,7,3,9,20,9,51,1,11,1,4,11,9,2,64,2,57,53,11,1,4,32,7,15,2,28,0,17,26,3
2020-05,52,16,34,22,2,30,7,2,6,2,1,0,0,12,7,74,122,6,0,5,2,1,1,0,3,51,10,8,0,6,10,1,39,5,25,1,2,9,16,1,123,4,9,7,4,1,15,34,5,5,6,18,1,18,6,4
2020-05,53,14,53,9,10,25,28,8,10,13,44,4,1,27,18,118,1,18,3,12,2,3,18,10,7,33,17,13,0,32,43,1,47,31,75,2,4,7,35,9,92,4,15,60,9,1,38,124,38,16,3,50,2,52,137,7
2020-05,54,3,0,0,0,0,4,3,0,0,4,0,2,2,2,1,0,1,0,2,0,0,0,0,0,8,0,4,0,1,3,0,3,0,13,0,3,3,2,1,4,0,3,4,0,0,0,7,2,2,0,1,0,0,5,1
2020-05,55,5,24,7,0,11,3,0,10,4,0,0,3,6,5,41,51,4,0,7,3,1,3,0,1,45,17,6,0,7,23,6,18,4,10,1,1,13,3,4,142,1,15,12,0,1,10,19,2,1,2,16,0,3,8,4
2020-05,56,43,63,3,16,45,24,4,18,12,5,1,0,24,5,116,76,9,1,14,10,2,5,0,2,56,4,14,3,150,10,24,42,10,12,0,2,4,7,3,183,7,32,21,14,9,58,78,2,6,0,46,2,39,7,8
2020-05,57,15,13,1,7,10,6,3,17,5,0,0,0,7,3,26,263,2,0,2,3,0,0,0,1,8,2,8,2,17,11,3,10,7,11,1,4,2,7,2,25,2,8,3,4,1,8,6,1,1,1,14,0,7,14,0
2020-05,58,24,8,12,11,24,13,12,35,9,0,1,0,13,6,65,397,3,0,4,4,0,6,23,7,46,5,17,1,46,10,5,19,30,34,5,2,8,20,6,47,3,10,8,5,2,16,30,3,6,0,15,0,14,4,1
2020-05,59,9,10,8,4,15,8,1,11,3,1,0,0,1,6,45,408,4,0,4,6,2,9,0,0,22,1,7,0,25,4,0,10,1,32,2,2,5,4,1,99,1,9,4,4,7,7,19,1,0,2,10,0,4,0,5
2020-05,60,22,43,6,5,28,11,2,24,4,2,1,0,28,13,58,153,6,1,6,7,0,2,4,2,28,32,6,2,129,14,5,22,3,144,0,0,2,9,3,37,4,14,6,5,8,18,77,5,5,7,12,3,5,9,8
2020-05,61,47,19,10,9,31,23,15,29,8,25,4,1,7,16,101,233,9,1,7,3,4,9,33,7,32,8,19,7,57,20,4,23,11,50,0,5,9,21,9,196,11,21,24,13,2,18,43,17,6,5,21,0,24,63,0
2020-05,62,30,7,1,2,12,4,1,6,8,0,2,0,8,5,41,114,2,2,2,2,2,3,5,0,14,8,6,1,18,4,6,13,2,24,0,3,5,12,4,75,4,5,7,0,1,8,15,0,12,2,20,0,8,3,2
2020-05,63,14,11,19,12,20,9,5,16,4,1,3,0,12,12,80,333,8,0,2,2,1,4,58,5,93,5,13,3,44,10,4,27,6,42,3,4,9,14,4,108,3,10,14,5,1,12,20,1,3,2,15,0,21,14,1
2020-05,64,38,45,2,5,12,12,0,5,7,1,0,0,6,6,35,37,6,0,2,3,0,2,0,1,41,0,4,3,195,3,18,32,12,19,0,6,8,3,1,78,4,12,10,1,7,19,47,9,6,7,25,1,13,19,6
2020-05,65,30,36,3,8,27,12,1,12,7,1,0,0,12,6,54,62,2,1,2,4,0,4,1,5,20,5,11,2,35,13,6,53,5,18,0,8,8,13,0,67,1,13,14,3,7,22,25,1,3,2,50,0,22,8,8
2020-05,66,49,54,24,15,50,55,26,39,20,9,4,2,27,37,187,89,13,2,7,8,6,17,10,7,83,6,34,5,73,44,5,85,10,35,0,2,2,25,8,130,0,8,43,7,6,27,35,18,18,5,63,0,70,29,8
2020-05,67,19,19,4,6,29,28,12,28,11,58,2,1,28,25,144,42,8,2,20,4,2,10,1,1,63,10,17,6,89,34,9,51,4,84,0,3,1,25,8,84,5,27,32,9,1,27,31,32,22,3,37,0,34,179,4
2020-05,68,19,24,4,4,22,34,11,12,5,68,1,0,18,20,69,34,5,1,10,6,0,12,0,2,31,14,16,3,74,15,12,18,4,16,1,2,2,13,13,92,9,32,28,12,3,25,34,30,9,2,20,1,19,147,2
2020-05,69,83,35,7,5,27,40,16,40,6,23,3,0,42,27,131,13,7,0,20,9,0,10,0,2,55,20,15,2,57,53,9,31,15,24,0,0,3,22,8,62,1,33,41,3,1,26,43,35,7,6,34,0,50,55,13
2020-05,70,27,22,4,12,45,24,3,19,7,1,2,0,29,14,182,33,9,4,15,10,0,20,0,7,46,9,27,2,90,27,11,50,8,32,2,2,12,16,7,147,8,17,71,20,2,67,61,2,10,2,64,0,73,21,15
2020-05,71,56,44,3,9,57,44,24,42,13,13,3,1,43,28,195,24,16,2,17,11,6,7,0,4,94,23,30,2,128,56,16,75,13,117,0,11,9,26,11,126,4,63,55,13,0,42,64,29,14,6,39,0,80,87,7
2020-05,72,7,8,7,3,30,3,0,5,5,1,0,9,13,2,83,1,4,3,7,9,0,5,0,0,48,8,14,1,13,3,9,39,9,39,4,3,4,10,5,56,6,13,81,10,11,50,44,4,14,7,45,0,23,8,25
2020-05,73,28,23,8,17,35,26,7,26,20,26,0,2,45,14,116,6,18,2,17,5,20,4,9,5,35,30,23,1,49,40,13,82,16,108,7,12,19,19,10,122,8,28,65,16,25,43,47,22,14,6,64,0,103,67,10
2020-05,74,9,12,1,0,18,3,2,8,6,1,0,0,12,1,75,0,4,0,6,3,0,5,0,0,36,8,10,2,35,4,9,41,10,18,0,0,3,1,7,47,2,10,37,3,4,27,33,2,0,1,37,0,25,2,10
2020-05,75,8,19,8,4,28,11,4,11,9,23,1,2,27,13,95,3,10,4,11,2,1,4,1,0,63,25,27,5,29,19,4,48,10,48,2,2,9,14,11,127,8,24,112,9,10,47,46,10,11,10,40,1,37,74,19
2020-05,76,0,3,1,0,2,2,4,5,0,0,2,0,1,1,9,2,1,1,0,5,0,1,0,0,6,1,2,1,1,1,2,4,0,6,0,0,1,1,3,5,2,0,12,0,1,7,6,0,1,2,4,0,3,3,0
2020-05,77,25,7,23,10,11,21,9,15,6,4,4,3,15,8,14,104,18,2,7,3,1,12,0,2,81,4,12,4,64,8,10,23,7,17,2,1,5,4,1,49,3,21,14,7,26,21,53,1,2,11,34,0,21,3,48
2020-06,0,2559,1560,814,187,2188,1610,439,1008,709,831,122,95,1189,965,6425,9594,756,178,766,399,166,431,1220,165,3049,1201,940,261,5623,1600,570,1531,742,4152,73,244,466,739,534,8026,359,2324,4658,4033,688,2349,7393,888,495,343,1031,51,339,5156,1176
2020-06,1,22,13,22,3,10,39,4,7,7,0,1,2,7,14,33,220,46,1,8,9,1,8,1,6,68,1,14,3,111,32,7,11,7,31,0,2,3,7,4,37,5,29,34,48,3,19,60,1,4,5,11,0,1,2,15
2020-06,2,65,19,31,11,30,21,8,16,11,3,1,1,33,10,115,153,13,5,6,5,3,17,2,5,113,4,24,1,197,23,17,50,20,113,1,10,12,7,9,83,4,21,68,114,11,56,148,5,4,7,31,0,5,3,33
2020-06,3,36,3,21,4,10,23,14,13,4,2,2,0,6,21,20,175,20,4,4,11,1,7,30,0,59,4,23,8,61,19,10,21,12,34,0,3,8,7,5,15,2,17,29,31,9,22,75,5,3,6,16,0,1,4,42
2020-06,4,33,10,14,4,21,16,4,10,16,0,2,4,21,9,56,186,11,0,5,6,1,3,2,3,27,0,13,3,132,12,8,29,14,54,0,5,7,5,13,17,0,12,41,52,13,31,120,1,10,13,49,0,4,4,46
2020-06,5,29,0,6,3,59,7,1,11,10,2,0,1,13,13,62,195,18,2,10,8,1,2,0,1,27,8,6,1,142,11,5,23,13,67,0,10,12,3,1,48,3,17,47,55,22,35,132,6,2,9,34,3,4,3,35
2020-06,6,32,18,17,5,41,32,6,56,24,4,4,1,34,31,82,235,28,0,27,15,3,10,4,1,57,9,22,19,207,23,8,29,13,75,3,6,10,5,14,51,7,52,41,50,12,50,141,3,4,13,48,1,3,0,57
2020-06,7,16,1,12,1,29,19,1,40,17,2,1,2,5,8,43,148,13,2,13,9,1,6,1,1,49,7,16,9,108,39,13,20,6,98,0,1,3,4,8,61,12,47,42,70,23,60,85,5,1,17,19,1,5,2,25
2020-06,8,15,5,2,0,9,33,5,84,2,2,2,0,11,4,11,612,27,0,10,14,1,1,3,2,19,0,12,22,33,31,4,7,7,93,1,6,10,0,7,89,7,64,6,17,6,4,14,4,1,26,9,2,2,5,4
2020-06,9,9,9,3,0,12,1,0,2,14,0,0,0,5,2,31,1,4,0,3,1,0,2,1,0,21,10,3,2,13,2,10,5,8,28,0,0,0,1,3,19,0,8,31,19,7,24,55,0,1,1,8,0,0,0,7
2020-06,10,30,19,6,3,34,13,2,11,12,0,0,0,21,5,129,18,9,4,15,5,1,10,0,1,35,29,14,1,105,11,31,16,14,92,1,2,3,5,6,134,7,19,128,83,29,60,183,2,8,6,12,3,8,2,20
2020-06,11,36,23,13,5,26,4,2,10,6,0,1,1,13,8,73,25,8,0,11,5,0,2,3,1,33,8,5,0,142,16,13,27,9,43,1,0,2,4,4,39,2,16,43,62,17,42,112,2,3,9,11,1,2,5,36
2020-06,12,9,7,4,2,26,7,3,2,6,0,3,0,26,4,75,13,12,2,7,7,0,3,0,0,50,6,22,1,58,6,16,17,17,66,1,0,2,2,8,45,1,11,85,28,18,48,82,1,2,3,9,0,5,2,37
2020-06,13,24,9,9,1,8,4,2,3,12,0,0,3,15,2,31,15,4,0,5,0,0,12,0,2,29,4,21,2,26,5,2,18,7,39,1,0,0,1,12,24,4,18,35,17,5,14,36,1,7,1,6,0,4,7,17
2020-06,14,47,24,20,6,22,13,4,16,18,1,1,1,15,12,70,182,13,1,7,6,1,2,3,1,36,20,24,1,96,15,5,22,9,76,3,5,7,5,1,78,2,10,28,65,8,25,121,0,4,3,20,0,1,8,52
2020-06,15,62,38,27,1,57,30,13,20,20,1,5,0,17,11,169,175,14,0,16,10,0,7,4,4,80,15,16,4,223,40,18,28,11,51,3,6,6,10,11,168,8,30,122,112,34,90,196,9,9,4,26,0,7,12,76
2020-06,16,72,24,29,5,46,28,4,17,24,1,3,2,28,17,126,297,11,0,16,13,1,27,3,5,47,43,15,9,209,25,14,21,14,96,1,8,10,7,7,106,6,20,81,82,20,53,138,4,1,13,37,3,3,10,82
2020-06,17,78,44,11,3,52,18,5,14,13,0,1,0,27,7,148,82,14,2,26,12,1,7,0,0,54,30,16,3,116,19,14,43,30,17,0,0,2,11,13,146,9,33,179,217,36,114,207,5,7,10,26,1,10,3,32
2020-06,18,30,14,1,2,17,6,1,2,3,0,2,0,5,5,35,35,4,0,8,2,3,2,0,1,18,4,4,0,19,3,11,16,8,19,0,2,2,5,8,42,0,4,65,63,2,26,50,1,0,4,20,0,3,5,14
2020-06,19,70,35,41,5,64,35,10,24,8,1,7,1,11,19,203,193,10,11,13,8,2,13,6,4,102,19,17,4,143,22,16,57,29,75,4,3,1,13,7,271,9,39,117,192,12,89,415,7,3,4,55,0,10,3,16
2020-06,20,19,6,2,1,28,8,1,6,4,0,2,0,1,6,67,76,3,0,5,2,0,21,3,2,21,10,6,0,34,1,4,12,5,24,1,3,8,14,1,67,0,6,29,38,67,20,131,0,1,2,3,2,1,3,6
2020-06,21,45,15,15,4,44,14,9,17,6,1,2,1,8,7,65,321,4,0,18,5,0,6,7,5,53,16,9,1,88,11,4,14,15,94,4,7,8,4,10,97,7,28,29,27,20,16,73,4,3,8,27,1,4,7,18
2020-06,22,53,12,50,5,79,23,7,29,27,6,2,6,23,26,123,585,17,1,20,9,1,12,8,9,63,106,14,10,238,32,15,38,16,88,0,7,11,10,14,110,6,43,108,87,35,39,209,13,3,13,42,0,11,18,64
2020-06,23,56,16,8,9,54,48,13,17,11,42,4,1,22,25,181,181,10,4,14,11,3,8,54,6,54,13,17,0,133,43,4,25,7,62,1,0,5,11,5,125,6,26,71,63,12,26,87,21,14,4,10,2,6,72,11
2020-06,24,65,25,24,4,125,33,8,59,6,7,2,6,32,28,149,768,19,3,17,16,4,9,77,0,93,56,24,18,297,65,13,65,25,144,4,6,17,16,29,115,8,58,46,50,39,36,145,11,1,13,51,3,12,28,61
2020-06,25,131,54,50,8,97,87,30,20,19,40,3,3,46,82,335,109,15,22,33,17,7,10,11,3,110,27,45,6,154,70,11,59,24,53,0,5,10,34,10,281,13,45,215,239,7,107,302,49,20,8,47,3,27,86,26
2020-06,26,40,8,23,0,23,29,7,4,9,25,1,0,11,20,84,26,10,3,4,5,1,0,0,0,11,5,8,1,31,17,3,4,1,25,0,0,6,10,5,57,2,16,26,24,1,13,34,13,5,1,4,0,3,49,1
2020-06,27,30,10,5,1,29,19,8,3,9,30,1,0,7,23,104,34,6,1,11,3,1,4,16,0,7,3,4,1,61,16,3,9,1,42,1,0,3,13,10,78,4,14,42,12,8,4,35,13,4,0,4,0,0,47,6
2020-06,28,44,11,13,1,23,15,1,41,9,14,8,10,17,18,46,263,20,1,4,7,7,4,3,1,66,19,19,16,65,31,14,13,18,80,5,9,28,9,17,69,11,71,30,22,5,24,85,8,2,4,10,0,4,39,4
2020-06,29,33,22,11,2,25,38,13,5,12,58,0,0,13,34,147,41,6,1,8,1,4,1,6,4,38,7,20,2,66,25,2,11,11,90,1,11,6,20,6,172,7,22,48,32,3,13,118,25,5,2,5,0,3,182,5
2020-06,30,37,45,34,0,44,21,4,23,7,9,1,3,16,14,150,516,10,2,13,7,2,11,190,5,35,13,12,7,99,22,9,27,9,74,2,2,8,24,5,198,9,25,53,35,4,32,204,12,11,2,6,0,1,37,2
2020-06,31,32,6,7,1,36,11,7,22,10,4,0,2,8,17,53,412,8,4,6,6,3,4,178,1,36,17,8,9,45,21,1,12,6,86,0,2,9,10,2,275,2,22,21,14,8,10,35,8,7,6,3,0,3,21,3
2020-06,32,2,1,5,4,3,4,1,31,1,3,4,1,2,6,5,436,11,0,5,1,0,1,3,0,18,0,8,4,7,2,3,3,4,31,1,0,2,0,8,22,1,65,3,5,0,0,0,4,1,1,2,1,0,1,0
2020-06,33,2,1,2,0,2,6,2,13,2,1,4,2,1,3,5,52,8,0,6,3,0,1,3,0,21,0,1,4,6,5,2,5,0,11,0,0,0,0,3,64,2,5,5,10,1,2,15,3,1,1,5,1,0,6,2
2020-06,34,1,7,1,0,5,5,1,5,2,4,0,0,0,2,13,45,1,0,2,3,1,0,0,0,7,2,2,0,44,4,2,6,1,14,0,0,0,2,1,47,0,16,3,5,0,10,24,0,1,1,2,0,0,2,2
2020-06,35,11,2,0,0,3,12,3,5,1,0,2,3,3,0,11,11,5,0,2,4,0,3,1,0,6,1,4,1,11,2,1,1,2,17,0,0,5,3,5,59,2,13,9,8,1,5,39,2,1,0,2,1,0,35,1
2020-06,36,5,2,2,0,1,10,0,0,3,4,0,0,2,0,6,0,4,4,3,0,0,2,2,0,2,1,2,0,1,0,2,2,2,9,0,2,4,0,1,1,3,1,7,3,0,0,5,0,1,2,1,0,1,100,2
2020-06,37,4,0,0,0,2,2,2,0,0,3,0,1,2,2,9,5,0,0,4,1,0,0,1,0,1,2,1,0,8,2,0,1,0,11,0,0,0,3,0,3,0,8,3,1,0,6,5,7,1,0,0,0,0,93,0
2020-06,38,28,5,3,1,20,18,12,4,3,16,1,2,26,6,48,26,6,0,8,0,0,1,3,1,16,21,9,0,42,15,3,17,1,36,1,2,4,4,13,67,3,37,13,18,1,13,77,14,1,5,9,1,5,358,8
2020-06,39,9,2,0,0,6,13,10,4,2,5,0,0,6,0,17,10,5,0,4,1,0,0,1,1,11,16,2,3,24,4,0,11,1,32,0,0,3,0,2,57,2,5,8,13,1,4,34,3,0,2,6,1,2,30,8
2020-06,40,4,4,0,0,3,19,11,3,0,7,2,1,10,10,16,5,4,0,2,0,0,0,0,0,6,0,14,1,13,10,1,1,5,9,0,0,1,3,4,61,1,12,6,11,2,6,31,9,3,1,6,0,0,177,0
2020-06,41,8,1,2,1,5,12,6,13,7,0,4,0,7,4,12,6,6,0,0,2,2,2,0,0,11,1,5,6,32,3,7,4,2,41,4,8,5,2,11,40,2,13,12,25,2,8,28,0,2,5,11,1,2,2,6
2020-06,42,15,19,2,0,18,33,9,5,4,10,0,2,5,13,53,4,9,0,6,1,4,5,0,0,35,17,16,0,14,22,8,9,1,47,0,0,0,3,4,102,1,11,27,26,1,18,35,13,6,4,8,2,2,55,1
2020-06,43,66,22,4,6,37,87,30,13,25,12,2,1,15,23,86,3,24,3,16,6,4,5,3,3,36,26,23,6,34,54,12,47,3,54,0,1,5,25,15,208,3,82,92,59,2,37,105,16,21,5,22,1,14,128,10
2020-06,44,60,55,7,6,26,36,14,18,15,13,1,0,26,22,118,4,11,1,16,5,8,8,9,1,57,18,19,4,32,54,2,30,9,74,1,4,3,18,12,174,3,9,118,68,5,19,101,34,7,6,20,0,8,90,7
2020-06,45,13,8,3,0,18,12,0,8,1,6,2,3,12,10,46,11,2,3,12,0,0,3,1,1,12,22,14,3,10,15,2,9,6,38,1,0,7,8,3,40,7,174,66,21,2,13,40,6,5,1,4,0,4,18,5
2020-06,46,19,49,6,2,31,38,8,10,12,11,3,0,21,22,106,95,7,2,12,3,6,2,3,3,31,8,13,1,37,44,13,39,7,46,0,1,5,20,10,187,4,4,76,34,4,24,70,19,22,4,17,0,2,80,6
2020-06,47,4,12,0,0,1,5,0,2,0,1,0,1,2,3,9,0,1,1,1,0,0,0,0,0,2,0,0,0,3,8,1,2,1,3,0,0,1,2,1,3,2,2,11,6,0,3,13,8,3,1,0,1,1,12,1
2020-06,48,33,25,3,1,11,7,0,5,5,1,2,4,14,5,65,9,7,1,5,1,1,2,7,0,21,7,5,1,34,21,1,18,11,21,0,0,0,15,4,84,4,15,49,55,2,32,56,12,7,1,6,0,4,30,7
2020-06,49,57,81,4,4,57,47,5,15,14,91,3,0,46,37,245,4,23,8,23,5,6,9,7,6,76,40,31,4,115,66,13,60,20,112,0,4,6,55,13,357,10,33,192,151,6,78,211,82,32,6,13,1,10,545,14
2020-06,50,11,5,2,0,10,7,0,3,1,5,0,1,8,8,42,1,5,0,2,3,1,0,0,0,8,6,1,0,8,5,1,12,1,11,0,0,0,3,1,16,3,4,37,21,2,11,32,5,3,0,1,1,2,45,0
2020-06,51,24,17,28,0,16,19,1,7,6,6,0,0,21,5,60,18,7,1,16,0,1,8,2,0,62,15,8,2,16,17,3,24,2,23,0,1,9,19,6,132,5,366,69,26,0,18,64,8,21,3,15,0,2,36,6
2020-06,52,36,39,12,1,37,7,3,5,8,2,0,0,7,9,84,49,2,2,2,3,1,2,2,1,50,8,5,1,5,13,2,39,4,13,0,0,6,3,4,152,15,11,32,21,3,15,53,1,3,4,5,0,3,5,6
2020-06,53,49,42,4,6,33,28,8,3,13,82,2,1,23,19,158,11,10,3,23,0,4,12,56,1,58,25,26,0,105,54,4,37,33,79,0,7,8,27,7,163,10,7,150,109,1,77,380,78,26,0,8,0,14,390,24
2020-06,54,0,0,0,0,1,2,1,0,0,0,0,0,2,0,1,0,3,0,0,0,1,1,0,0,11,2,1,0,0,2,0,3,2,4,0,0,1,1,2,12,1,0,9,0,0,0,5,1,1,0,1,0,4,105,1
2020-06,55,8,28,7,0,12,9,2,2,5,0,1,0,3,6,34,12,1,0,6,3,1,3,0,1,35,3,6,0,6,11,0,5,1,5,0,0,1,3,0,155,6,27,22,23,1,19,57,0,6,3,7,0,0,5,2
2020-06,56,48,80,4,0,40,24,0,11,10,1,1,1,18,3,125,85,17,5,6,5,0,3,9,2,47,5,13,1,139,8,20,14,45,91,4,9,3,7,3,256,11,30,80,98,8,52,156,5,5,5,16,0,9,21,10
2020-06,57,29,6,0,0,8,12,0,14,0,2,0,0,11,2,38,169,2,2,2,0,0,2,5,2,15,3,3,2,37,23,4,0,12,45,1,2,6,1,2,28,1,19,8,12,2,10,24,0,2,0,0,1,1,8,1
2020-06,58,51,12,7,5,33,13,5,10,6,0,1,0,13,9,103,445,5,3,10,5,0,4,40,6,21,11,8,1,58,16,1,10,8,60,1,2,11,11,0,131,8,35,39,39,11,22,63,1,3,10,7,3,1,7,1
2020-06,59,6,5,3,1,17,8,3,12,3,0,1,0,7,5,40,416,5,0,5,3,0,2,8,1,10,14,7,2,34,5,4,5,5,25,0,0,3,2,1,58,0,7,17,11,7,10,35,1,2,0,2,1,0,12,1
2020-06,60,20,15,9,3,20,13,2,15,6,2,1,1,7,10,48,135,5,2,12,8,0,6,28,1,10,65,7,6,148,32,0,15,6,114,0,0,5,6,6,149,8,19,15,50,47,22,141,2,3,4,5,0,3,22,3
2020-06,61,26,13,5,5,25,29,6,13,6,28,2,4,19,15,109,159,3,8,19,4,3,12,248,6,30,28,16,1,64,16,6,17,3,93,2,14,21,16,6,189,7,17,39,72,7,25,118,24,4,2,7,1,3,406,2
2020-06,62,29,7,2,1,17,3,2,2,7,2,0,1,2,2,56,84,4,5,5,3,4,1,0,2,49,1,4,0,21,4,9,11,4,52,2,10,6,3,0,60,2,5,5,9,2,10,25,2,6,1,4,1,3,6,0
2020-06,63,38,17,17,4,28,5,6,14,1,0,1,2,11,3,108,346,5,2,7,1,0,4,80,5,38,18,5,2,49,11,3,14,7,44,5,5,12,19,12,75,2,25,41,44,1,21,49,0,6,2,4,0,3,4,3
2020-06,64,46,52,7,2,9,10,0,1,3,0,0,0,7,4,43,4,4,4,3,3,1,4,1,2,53,3,3,0,179,7,10,23,8,75,0,4,6,5,5,93,3,13,50,62,8,15,54,1,1,3,5,0,0,3,5
2020-06,65,56,52,10,2,23,12,3,4,9,0,0,0,13,3,72,71,10,1,3,10,0,3,2,5,28,2,8,1,57,10,3,18,5,95,0,16,18,10,0,124,2,24,22,27,5,26,87,2,2,3,6,0,3,1,2
2020-06,66,67,37,21,4,77,45,9,10,31,10,4,0,25,26,197,201,9,4,11,11,1,13,10,17,60,46,15,3,84,33,6,22,6,83,1,5,12,27,18,153,6,15,91,104,6,55,117,13,14,4,12,0,11,72,13
2020-06,67,26,48,4,4,47,31,8,8,24,54,1,1,21,31,167,21,11,5,14,2,8,7,9,5,35,24,28,1,118,49,4,25,8,92,0,1,5,17,9,170,5,23,107,83,0,44,148,45,10,0,11,1,5,370,6
2020-06,68,29,37,2,2,25,45,19,8,14,56,0,0,18,21,87,30,5,3,8,3,1,5,0,1,43,13,12,1,76,24,9,20,7,107,0,4,4,12,8,171,5,54,55,77,5,21,72,57,15,0,10,0,4,490,3
2020-06,69,92,59,5,2,33,66,14,17,10,27,3,1,53,30,135,11,14,2,23,18,20,3,38,1,43,19,17,5,43,49,5,38,11,95,3,6,15,20,12,182,15,63,76,70,0,20,85,41,23,3,24,1,16,165,8
2020-06,70,63,27,4,6,41,17,1,10,21,1,2,1,54,16,197,54,10,5,10,12,2,22,9,3,47,18,14,0,126,28,14,29,23,44,0,1,15,17,11,207,9,42,145,81,6,56,151,6,13,7,9,1,6,67,13
2020-06,71,61,51,7,2,74,51,20,20,18,18,5,1,40,19,202,11,13,2,24,7,4,11,2,4,48,98,20,7,105,55,8,21,16,111,0,7,5,28,16,184,5,40,151,104,2,48,154,27,24,8,17,1,6,160,11
2020-06,72,7,8,16,0,26,18,0,4,11,2,2,3,22,7,78,13,5,4,7,11,1,5,1,2,83,11,21,2,23,3,19,22,12,20,1,0,4,9,4,57,5,24,200,61,12,64,83,18,7,3,5,0,2,27,23
2020-06,73,38,29,5,8,37,29,4,8,13,25,2,3,18,15,141,0,13,8,14,3,1,10,5,1,42,30,26,2,44,42,9,41,12,29,3,1,6,22,12,136,2,10,190,135,4,76,145,31,15,2,16,1,20,125,14
2020-06,74,13,6,4,0,20,8,2,4,9,0,0,1,9,3,80,3,7,2,17,1,0,2,1,1,42,14,5,4,41,5,23,18,9,20,0,0,3,1,5,44,2,20,82,29,4,35,91,14,2,2,8,0,2,9,16
2020-06,75,18,16,17,2,32,17,6,14,7,64,0,1,20,8,98,10,14,5,19,0,20,9,0,4,106,20,13,7,51,24,6,14,15,15,1,2,8,7,9,134,5,39,203,76,9,65,191,32,9,2,16,0,4,160,16
2020-06,76,2,0,4,0,2,3,1,2,5,0,0,0,9,0,10,1,1,0,0,0,1,0,1,0,5,0,2,0,0,1,1,7,1,0,0,2,0,0,1,16,2,2,14,5,2,7,8,0,1,0,0,0,0,0,1
2020-06,77,25,11,33,2,16,18,2,29,9,1,1,0,11,16,26,216,25,1,8,9,4,2,3,1,90,4,4,8,67,14,18,13,14,72,2,2,3,3,9,86,1,35,69,45,7,25,88,2,3,9,17,1,4,4,52
2020-07,0,3511,1517,766,140,2447,2004,528,1542,834,664,111,67,1423,1228,7407,8251,829,246,1649,485,262,420,3204,202,2882,1183,818,357,7007,1981,681,1136,695,3455,90,282,487,905,584,7203,344,2281,4012,2250,651,1834,6741,734,534,457,637,103,282,16113,1068
2020-07,1,50,7,14,1,17,62,16,9,8,1,2,3,9,5,22,177,19,1,6,9,0,7,0,5,46,5,3,0,111,14,5,7,11,43,0,0,1,5,6,19,4,20,26,62,4,18,70,3,1,11,9,0,3,1,14
2020-07,2,95,30,25,2,53,37,9,34,9,5,1,0,42,18,132,165,21,1,15,4,1,9,5,5,63,2,8,5,237,47,15,23,16,61,2,7,4,14,6,75,2,39,75,75,14,38,141,3,5,17,17,1,2,16,28
2020-07,3,31,7,10,7,13,41,5,22,2,0,3,2,10,31,17,201,16,2,23,8,2,3,1,0,64,5,12,13,51,28,12,25,3,18,0,0,2,4,3,29,5,21,16,19,7,8,84,0,5,10,13,2,3,7,36
2020-07,4,32,18,10,0,19,19,5,33,14,3,1,1,24,10,43,187,18,0,12,7,4,7,20,2,45,4,14,4,123,12,14,14,13,38,0,0,3,5,4,42,10,13,30,33,6,26,110,5,0,16,19,0,2,5,33
2020-07,5,63,5,11,1,37,11,2,21,21,2,0,3,33,6,74,181,22,2,6,6,1,4,7,1,34,5,8,3,141,24,11,23,8,72,2,2,4,3,3,35,6,23,21,34,8,32,93,1,1,7,16,0,1,7,33
2020-07,6,35,2,13,0,51,31,2,77,17,7,7,2,25,41,66,221,22,2,36,16,2,7,16,2,65,10,11,16,267,49,24,26,13,52,1,7,8,3,5,32,9,58,29,44,15,32,98,3,2,22,18,3,3,7,43
2020-07,7,30,4,10,1,34,25,5,43,8,2,2,2,12,5,45,92,20,4,21,16,5,2,1,0,36,5,7,9,123,35,19,15,12,74,2,5,9,2,8,79,15,45,36,48,28,24,89,2,2,18,17,2,0,12,24
2020-07,8,22,13,5,1,7,17,6,110,10,2,2,1,3,13,14,116,29,1,12,10,0,5,0,2,37,0,8,25,57,42,13,6,13,80,2,4,8,6,23,67,11,78,6,8,1,19,33,1,2,3,4,0,2,9,2
2020-07,9,16,13,3,0,23,4,1,15,6,1,0,0,11,0,39,1,6,0,0,4,1,0,2,0,19,5,3,1,7,2,14,3,2,2,0,0,0,0,0,24,5,0,15,13,17,22,28,0,1,2,3,2,0,1,10
2020-07,10,36,33,11,2,53,15,4,11,19,0,2,2,23,6,141,16,8,3,9,4,2,5,1,1,55,12,11,3,114,4,24,9,14,61,1,7,9,2,8,97,4,26,82,52,28,47,131,4,3,13,4,2,2,3,15
2020-07,11,35,14,11,5,29,13,1,17,21,0,0,1,16,2,85,24,11,1,9,1,10,2,1,2,25,6,13,2,221,11,10,17,15,67,0,2,1,2,4,46,0,21,28,17,12,36,100,7,4,4,12,0,1,5,23
2020-07,12,20,7,3,1,28,6,2,5,11,0,0,1,16,4,96,6,6,8,7,3,4,2,2,1,59,5,19,1,61,10,7,10,12,94,0,0,3,5,3,57,4,9,62,27,23,30,76,0,2,5,6,0,4,2,33
2020-07,13,31,13,4,2,11,5,2,12,3,0,0,1,13,2,37,27,7,0,5,4,2,4,0,0,35,7,5,3,44,8,6,6,7,14,2,0,2,1,3,30,0,29,19,13,7,14,48,1,2,3,8,0,1,5,15
2020-07,14,49,25,37,2,30,23,3,12,10,1,0,0,32,17,94,210,7,0,25,8,3,10,13,2,49,43,15,4,131,16,5,8,4,58,0,5,3,6,10,121,4,13,28,32,12,19,105,3,8,9,14,0,1,6,37
2020-07,15,89,32,33,3,62,46,8,32,36,1,1,0,18,11,187,162,13,5,39,11,3,11,3,5,54,31,8,11,333,37,15,24,18,100,2,9,5,14,4,181,9,34,80,46,22,71,251,6,8,16,12,4,8,12,69
2020-07,16,65,22,36,3,59,38,7,27,56,4,0,1,43,29,113,285,19,2,37,14,2,21,3,3,83,44,25,9,237,38,15,19,10,133,2,10,9,11,7,182,7,25,50,31,76,40,159,1,5,16,27,0,2,7,55
2020-07,17,75,38,16,6,57,25,3,17,16,1,1,0,30,9,159,85,12,3,17,11,0,14,0,5,36,19,14,2,173,22,20,17,29,41,4,2,5,6,11,113,3,16,63,51,24,54,172,6,5,9,7,1,3,4,29
2020-07,18,15,8,3,0,21,7,3,4,3,1,1,0,11,1,42,26,5,3,9,3,0,1,1,1,9,8,2,1,26,11,5,19,7,16,0,0,2,6,2,107,0,6,34,15,1,13,43,2,5,1,5,0,0,2,12
2020-07,19,93,31,24,3,85,65,8,39,23,3,0,0,21,22,278,291,17,16,65,17,3,9,86,8,44,44,7,5,182,23,29,30,30,97,1,8,4,17,7,118,4,22,51,25,17,33,391,4,11,6,15,1,4,3,10
2020-07,20,16,8,5,0,27,7,4,8,3,2,1,0,8,8,78,51,4,1,8,4,6,1,0,3,14,14,7,3,44,13,4,6,3,40,1,2,2,0,1,107,1,5,12,14,7,4,109,1,0,2,1,0,2,2,9
2020-07,21,63,16,8,1,36,24,4,13,9,3,0,0,10,19,67,322,10,0,8,12,3,1,67,5,26,25,9,2,92,21,6,5,5,129,0,3,2,16,8,86,5,38,21,19,7,11,69,1,0,4,8,0,1,4,28
2020-07,22,71,19,30,7,92,40,5,46,13,6,4,1,23,20,154,634,25,8,28,19,0,4,94,7,87,70,12,13,295,48,15,31,22,78,6,5,11,5,7,170,3,54,59,42,30,40,146,8,5,20,14,2,4,21,79
2020-07,23,103,23,21,7,71,45,15,19,19,27,1,2,17,44,222,185,9,5,124,8,8,12,117,11,68,24,15,3,141,76,7,16,5,61,1,8,11,12,10,113,7,19,50,34,10,33,145,17,9,2,5,0,3,421,14
2020-07,24,84,21,39,2,118,40,14,72,16,14,3,2,32,45,170,738,24,4,68,28,11,15,243,3,85,58,14,21,347,89,11,30,27,83,1,3,12,11,29,226,7,62,58,43,44,48,310,8,4,23,32,1,4,42,54
2020-07,25,234,43,39,9,109,117,35,26,46,30,3,4,57,70,381,77,40,22,105,14,14,20,71,1,101,80,43,8,201,96,17,32,16,82,0,7,19,43,20,207,15,37,182,89,11,65,190,38,25,5,11,3,14,614,26
2020-07,26,55,15,4,1,31,25,9,4,2,25,0,0,12,25,100,11,8,1,27,1,2,4,29,2,20,20,8,1,41,32,0,6,1,12,0,0,2,2,5,125,3,20,32,17,3,14,117,16,5,0,3,0,2,353,1
2020-07,27,35,12,12,0,23,21,4,4,14,17,2,0,15,39,96,39,5,1,62,2,4,1,43,4,18,2,10,1,105,34,2,9,4,32,0,1,4,9,7,82,5,14,47,15,14,9,31,14,12,4,1,0,1,406,7
2020-07,28,38,8,9,0,21,31,10,118,17,14,4,2,13,19,50,190,20,0,34,17,2,7,22,5,94,10,12,34,68,18,11,7,19,88,0,0,13,8,18,89,11,77,24,12,2,30,88,1,2,6,15,0,1,139,1
2020-07,29,51,16,14,0,44,32,19,16,15,48,0,0,32,46,175,39,8,3,64,6,5,3,23,5,49,11,24,6,101,36,4,8,3,53,1,2,5,16,8,178,8,15,49,21,13,12,58,17,9,4,8,0,4,917,3
2020-07,30,67,24,30,2,65,35,14,26,9,6,4,0,11,9,193,276,7,9,31,13,17,11,687,8,64,7,13,2,142,21,18,16,18,41,1,6,12,27,1,202,2,16,47,28,17,37,160,11,12,8,10,1,5,28,7
2020-07,31,32,10,6,1,39,29,3,31,10,4,2,0,19,19,82,229,8,0,10,13,5,5,249,2,27,17,7,9,68,37,8,11,10,74,1,1,11,14,5,153,5,40,14,9,12,5,45,4,1,3,7,1,2,27,8
2020-07,32,6,1,3,0,2,7,1,60,11,1,5,1,2,5,3,220,13,0,2,3,0,0,1,0,17,0,10,10,8,12,5,3,2,19,1,5,3,4,25,17,4,33,1,3,1,9,6,2,2,6,4,0,4,2,1
2020-07,33,6,1,1,0,2,14,0,26,2,1,0,2,3,6,11,43,10,1,1,3,0,0,2,0,20,0,3,3,4,6,3,1,5,6,1,0,3,1,1,41,1,16,4,3,0,7,37,0,0,1,1,1,1,11,2
2020-07,34,10,4,2,0,4,8,1,4,1,2,0,0,3,5,19,79,1,0,2,6,0,0,14,0,4,8,2,7,80,6,2,1,2,14,0,0,4,0,2,23,2,4,2,7,4,3,22,2,0,3,0,0,1,3,4
2020-07,35,18,5,1,1,10,23,3,8,0,4,0,6,19,0,20,11,3,1,0,1,0,1,13,0,11,4,3,3,15,12,3,2,4,4,0,0,1,3,8,54,2,11,15,9,0,3,30,3,3,1,2,1,0,39,0
2020-07,36,3,4,0,0,1,8,3,0,9,2,0,0,1,0,7,6,1,0,2,1,0,1,0,0,2,1,1,0,3,3,1,0,0,11,2,0,2,1,3,14,1,1,6,2,0,2,7,2,0,0,1,0,0,152,1
2020-07,37,14,2,0,0,7,3,0,1,2,3,0,0,1,0,14,3,3,1,3,2,1,0,28,0,12,5,1,0,11,8,2,1,0,0,0,0,1,0,2,13,1,2,11,2,0,2,10,7,2,0,1,0,0,306,1
2020-07,38,60,6,7,2,22,36,10,11,9,33,1,1,12,16,40,14,10,0,7,4,1,3,14,0,8,19,10,2,58,14,5,11,6,20,0,4,8,12,12,77,6,63,27,28,2,13,45,3,5,3,5,2,1,867,2
2020-07,39,14,5,2,3,0,30,9,14,1,2,0,0,9,1,13,7,10,0,8,1,0,2,3,2,23,2,0,3,30,5,2,4,2,19,1,0,7,2,5,28,1,7,11,36,1,4,20,2,1,4,4,3,1,89,3
2020-07,40,18,8,0,0,2,22,7,6,1,19,2,0,18,17,20,12,2,0,0,2,0,1,1,0,6,2,9,3,16,19,5,11,3,67,0,10,2,5,9,64,1,41,19,4,0,1,19,5,2,0,5,1,5,510,1
2020-07,41,22,2,1,2,4,13,7,11,5,2,0,1,11,0,18,12,12,2,1,7,5,0,4,1,21,9,1,5,33,7,2,4,1,11,0,2,14,2,5,45,3,25,9,21,3,9,19,0,0,14,3,6,0,3,10
2020-07,42,37,33,4,3,21,37,17,12,3,13,0,5,14,16,75,19,10,6,10,7,2,5,12,3,31,14,9,1,24,37,15,11,4,115,0,4,7,4,9,90,3,134,29,18,3,11,33,45,6,6,5,3,2,605,1
2020-07,43,114,37,8,1,38,99,34,29,20,11,2,5,38,44,112,4,33,3,51,5,12,5,4,4,38,23,23,8,37,70,21,51,9,190,1,5,10,24,21,125,4,10,98,69,3,32,90,24,24,3,30,6,15,493,7
2020-07,44,83,69,10,4,27,55,16,28,8,9,1,0,39,35,145,13,27,2,37,2,2,13,2,1,31,26,25,6,39,56,7,11,10,66,4,16,17,33,22,240,6,14,117,33,3,27,99,25,30,7,21,1,5,306,8
2020-07,45,26,18,2,0,23,3,1,6,10,6,2,1,15,16,66,5,6,2,26,4,8,8,0,1,32,21,4,0,10,7,6,5,5,2,0,0,0,18,2,39,1,18,64,5,0,20,63,10,7,2,1,2,2,165,8
2020-07,46,56,28,6,1,30,37,20,13,6,12,4,1,21,17,121,48,8,0,29,5,6,3,30,2,36,8,17,2,38,32,13,26,4,17,2,6,8,41,5,144,11,7,83,37,1,28,61,15,29,5,13,0,4,338,15
2020-07,47,8,1,0,0,2,3,1,0,2,0,0,0,1,4,12,1,0,1,3,0,0,1,5,0,3,5,3,0,2,8,1,2,0,0,0,0,0,6,0,5,1,1,12,1,0,0,24,3,3,0,1,1,0,179,0
2020-07,48,42,11,3,1,25,4,1,8,6,3,5,1,26,7,87,14,3,5,11,0,0,2,0,0,12,11,11,1,12,12,1,28,6,5,0,0,2,15,10,114,11,7,70,24,2,22,118,6,3,1,2,2,6,131,7
2020-07,49,69,75,14,3,52,55,20,12,11,72,3,1,63,34,235,14,18,13,21,4,10,15,13,6,86,52,35,4,135,72,12,41,27,72,5,6,9,67,16,277,8,26,167,41,3,57,139,45,34,6,16,4,9,354,16
2020-07,50,9,5,1,0,8,9,2,6,3,3,1,0,1,6,38,4,6,0,0,5,0,1,3,0,5,7,5,1,8,1,1,1,2,0,2,0,2,5,3,9,0,4,29,9,0,9,24,3,5,1,0,0,4,85,0
2020-07,51,28,20,16,0,16,16,8,9,5,1,0,0,19,13,73,31,1,1,8,1,8,4,3,3,41,9,12,1,30,12,7,28,1,18,0,2,4,10,9,67,5,6,116,19,2,12,51,6,7,2,5,0,5,111,6
2020-07,52,55,40,8,5,34,14,5,15,15,2,2,0,13,2,79,63,3,0,17,2,1,5,0,2,22,8,7,5,5,9,1,12,10,8,0,0,2,9,2,91,1,8,25,10,4,4,56,0,5,0,9,5,8,28,2
2020-07,53,39,40,4,5,43,36,9,7,9,46,2,1,32,32,164,4,8,8,23,5,0,10,33,0,68,19,15,1,97,44,9,38,19,17,0,2,6,39,18,124,10,6,149,45,2,35,135,62,26,5,9,2,8,218,7
2020-07,54,0,0,0,0,1,5,2,0,0,0,0,1,1,4,6,0,2,0,0,0,0,2,0,1,13,1,4,0,0,2,1,1,3,0,0,0,0,5,4,26,2,0,4,3,1,1,2,2,3,0,1,6,0,67,0
2020-07,55,7,36,6,0,7,5,0,1,7,0,0,0,3,4,33,29,3,2,6,0,1,3,0,0,29,4,3,1,5,11,4,4,1,3,0,0,0,6,1,94,2,9,10,4,4,8,33,1,4,0,0,0,1,52,1
2020-07,56,65,66,25,1,61,27,3,12,11,2,1,0,15,8,193,81,10,5,8,12,4,4,35,1,70,3,2,6,185,19,25,11,23,70,6,10,15,7,5,175,2,48,48,45,10,59,124,2,1,10,3,0,3,11,7
2020-07,57,16,4,1,0,9,1,2,16,3,2,0,0,5,7,52,162,0,1,2,4,0,4,15,5,15,0,3,3,44,4,9,5,8,31,3,8,13,3,2,12,1,15,8,8,1,6,34,0,1,1,0,0,1,0,0
2020-07,58,67,9,7,0,40,26,4,16,7,3,2,0,7,14,120,374,5,1,14,5,1,6,179,2,20,8,1,5,66,32,8,12,4,55,9,7,11,15,7,109,2,279,54,32,3,22,71,3,3,4,2,2,2,3,1
2020-07,59,22,10,5,0,17,7,0,10,2,2,0,0,9,2,49,294,1,1,6,4,3,0,107,1,7,13,4,1,39,1,4,7,2,21,0,2,1,4,4,27,5,15,21,14,6,13,43,1,1,0,5,0,1,10,1
2020-07,60,26,18,2,1,19,28,0,14,13,1,1,0,7,7,71,148,7,0,15,11,6,1,17,2,2,16,7,5,169,32,4,8,14,38,0,3,7,4,5,68,1,14,23,45,5,23,109,2,2,7,1,1,3,31,10
2020-07,61,66,12,2,6,41,37,5,27,14,16,3,0,10,23,138,175,7,9,29,8,10,17,642,16,31,14,5,8,106,39,10,14,6,52,4,6,12,17,8,155,6,20,83,60,3,20,102,13,6,3,17,1,5,1000,1
2020-07,62,37,8,4,0,15,3,1,5,13,0,0,0,11,3,47,83,4,2,4,1,2,2,8,2,27,1,10,1,52,3,3,10,3,29,3,4,3,10,2,20,2,3,20,13,6,9,25,2,1,2,3,0,2,5,3
2020-07,63,58,16,6,3,28,17,5,11,7,2,2,0,14,14,115,352,1,2,14,9,0,9,55,2,34,8,4,2,74,12,6,7,7,34,2,5,6,11,8,94,2,16,55,42,0,21,70,1,4,2,4,0,0,39,3
2020-07,64,57,52,1,2,15,5,2,3,10,1,1,0,9,5,51,21,5,4,6,3,0,2,26,1,81,3,4,0,222,2,7,12,8,33,0,9,15,5,3,75,3,8,22,14,8,18,39,2,0,6,0,2,1,0,9
2020-07,65,75,48,10,2,30,11,2,9,13,0,1,0,12,1,66,109,9,6,5,6,1,3,2,9,25,4,4,3,61,6,8,24,12,51,0,2,3,9,0,192,6,7,48,42,20,31,63,2,4,10,5,0,8,5,6
2020-07,66,64,31,29,3,82,56,13,23,21,3,5,0,42,36,237,206,12,2,73,7,3,11,41,16,71,8,25,5,103,53,7,21,7,50,2,9,9,31,9,140,1,19,89,67,3,44,131,17,23,5,13,0,9,204,6
2020-07,67,49,45,10,0,35,49,13,12,13,39,3,0,25,40,198,40,14,5,76,2,5,3,22,4,17,22,16,3,138,64,9,13,6,74,3,3,9,25,16,118,4,27,78,58,1,27,116,33,22,5,13,1,12,2140,8
2020-07,68,44,24,3,2,23,47,12,8,4,23,0,0,12,28,92,30,7,3,20,5,7,7,21,0,28,12,16,2,95,48,9,23,4,46,0,24,35,19,14,78,8,48,88,46,4,27,87,58,25,8,6,1,11,2551,6
2020-07,69,72,42,8,1,31,62,20,27,12,22,4,2,31,41,136,19,18,3,43,8,4,8,13,4,32,34,15,8,51,57,9,31,9,59,0,0,5,19,8,89,4,216,64,42,0,31,95,36,9,4,21,4,12,910,10
2020-07,70,43,27,3,2,50,21,6,8,19,2,2,2,29,17,243,48,18,8,21,7,1,17,3,3,47,14,15,2,134,17,8,21,14,45,0,8,18,45,10,233,3,19,106,42,5,47,93,6,21,6,8,4,8,183,14
2020-07,71,92,46,9,7,66,63,18,30,22,14,0,0,52,49,247,13,17,4,79,9,9,13,6,0,42,89,31,3,172,82,15,42,11,83,2,6,8,38,18,162,6,34,137,84,4,39,149,35,31,4,12,6,16,551,18
2020-07,72,22,4,7,1,31,8,1,12,8,0,2,3,29,5,95,14,9,17,4,4,11,0,1,1,35,24,14,1,21,11,12,16,14,21,2,0,2,6,4,88,7,18,189,40,8,40,72,2,2,14,7,4,1,13,15
2020-07,73,67,32,2,4,41,22,7,18,9,19,1,0,59,28,141,15,15,5,12,3,8,6,14,4,40,26,33,3,48,39,10,27,20,29,0,2,6,33,15,118,2,41,137,39,2,58,178,33,9,4,8,1,14,136,18
2020-07,74,9,6,7,0,21,3,1,6,2,1,1,1,12,0,86,1,3,0,7,1,0,6,0,1,39,13,1,0,93,3,5,9,8,16,0,2,6,4,0,54,5,25,72,32,5,30,71,8,1,7,6,1,0,8,3
2020-07,75,21,18,4,1,28,14,1,19,4,33,1,1,16,10,120,10,12,7,11,4,6,6,3,1,63,14,14,1,40,16,2,13,14,20,1,3,3,9,12,125,4,23,195,39,6,45,85,12,8,5,15,2,5,102,15
2020-07,76,9,0,2,0,7,1,1,10,6,0,1,0,3,2,11,1,2,0,1,0,1,0,1,0,6,0,2,1,2,2,5,1,1,1,0,0,0,0,0,10,3,5,4,3,1,4,7,0,1,0,1,1,0,1,1
2020-07,77,55,11,24,3,11,18,6,36,9,2,3,0,8,9,36,135,14,5,9,9,1,3,1,0,68,1,12,7,108,20,11,34,4,19,1,1,2,4,4,48,6,33,47,22,19,17,144,5,2,11,7,0,1,8,52
2020-08,0,3959,1312,611,109,2193,1813,407,1183,800,538,126,94,1307,1215,6203,7477,628,250,597,544,252,480,1751,213,2321,848,823,316,6526,1858,504,850,855,2320,66,241,452,820,491,8588,771,1886,12915,13022,513,2915,5696,714,585,466,456,91,237,14524,1048
2020-08,1,46,6,10,0,12,45,14,14,17,0,1,0,19,10,31,191,8,2,6,8,4,14,32,2,30,5,6,3,121,20,2,7,12,24,0,0,3,3,1,54,18,23,192,248,8,39,63,1,13,14,10,1,3,10,18
2020-08,2,70,17,20,0,33,49,11,27,18,2,3,1,52,18,101,58,18,4,7,8,2,10,2,7,69,2,13,5,177,48,11,14,11,46,0,4,7,9,3,122,26,37,425,666,15,86,147,4,10,16,13,1,1,18,36
2020-08,3,38,12,10,2,10,21,6,21,20,2,3,0,5,18,26,142,8,1,6,9,2,5,0,0,24,2,8,11,47,19,3,8,11,37,2,2,7,6,1,32,4,28,165,188,10,36,79,0,6,15,13,3,6,1,19
2020-08,4,25,19,9,0,30,15,2,22,15,0,2,11,12,7,46,142,5,5,9,6,13,9,4,2,29,4,8,2,80,12,16,13,15,22,0,1,9,4,3,79,6,38,169,196,17,45,81,1,6,12,19,2,2,8,39
2020-08,5,51,5,16,0,48,5,0,14,1,0,1,3,28,8,68,101,13,2,5,11,0,8,0,2,34,5,17,1,144,12,11,9,16,19,0,0,1,5,8,98,17,62,448,458,15,89,150,2,1,11,12,2,0,3,39
2020-08,6,39,8,22,2,52,18,8,55,14,5,3,1,29,41,91,223,16,2,4,16,1,6,4,4,53,13,11,18,288,65,9,22,17,33,2,0,3,6,13,74,20,39,464,525,16,85,138,5,6,23,22,1,2,13,40
2020-08,7,28,5,12,0,33,24,6,42,3,5,3,6,12,9,38,140,17,4,2,12,1,2,0,0,28,5,5,9,111,50,7,12,7,38,0,1,6,7,4,81,11,51,176,190,12,46,82,2,2,16,10,0,3,5,28
2020-08,8,12,2,4,0,7,29,3,62,1,8,3,20,5,17,10,179,11,0,5,12,1,8,9,1,37,0,7,28,48,28,2,6,11,63,2,2,4,5,12,94,10,55,16,26,2,7,28,2,7,10,7,0,1,13,0
2020-08,9,2,9,0,1,10,6,0,4,2,0,0,0,5,0,27,1,2,0,2,3,0,1,0,0,14,5,2,1,6,1,12,2,5,9,0,0,1,1,0,13,1,8,32,21,5,25,37,1,2,4,2,3,1,0,5
2020-08,10,30,35,5,1,44,9,1,12,29,0,0,1,17,3,131,6,13,5,11,9,5,5,0,0,51,18,9,1,82,20,26,13,20,55,0,0,4,4,1,113,6,19,227,227,13,63,102,1,4,11,3,1,1,5,14
2020-08,11,51,26,11,1,17,10,0,8,26,0,1,2,8,4,67,25,10,7,4,5,1,6,1,1,19,9,8,1,187,6,8,9,15,31,0,0,5,0,9,155,12,21,118,81,14,37,96,5,5,7,15,0,3,7,25
2020-08,12,18,5,10,3,22,10,1,4,15,0,1,2,21,3,66,22,4,1,7,1,1,3,12,0,45,6,11,2,75,7,9,9,11,22,0,0,4,1,8,117,10,38,223,180,11,55,69,0,2,17,4,1,2,6,35
2020-08,13,27,8,4,0,8,12,4,5,22,0,0,0,9,6,26,56,6,0,7,5,4,3,4,0,26,3,4,2,26,23,3,7,11,9,0,4,3,2,1,38,3,56,143,123,9,30,44,0,1,6,6,0,1,5,9
2020-08,14,36,18,14,2,24,23,6,9,25,0,1,0,25,14,97,168,5,4,8,4,1,7,1,5,46,24,12,4,106,14,11,8,7,59,1,7,2,5,6,83,11,5,212,216,6,53,90,1,10,16,11,1,4,2,38
2020-08,15,135,38,21,1,49,37,2,31,23,0,2,0,27,15,150,92,10,9,13,12,10,10,7,3,30,17,17,8,297,48,16,15,35,27,1,2,6,21,18,468,40,30,679,763,29,128,182,12,13,10,9,1,2,9,66
2020-08,16,94,22,22,0,52,29,4,25,44,1,2,0,23,25,125,249,16,4,12,6,4,10,3,4,37,15,19,10,188,23,5,11,11,36,1,6,11,11,9,336,57,50,724,725,33,105,197,5,4,9,13,1,1,6,63
2020-08,17,95,40,11,1,70,21,1,6,14,0,1,0,43,6,153,25,9,8,10,14,0,6,0,2,24,7,11,4,156,21,13,9,28,32,2,0,5,7,4,227,26,19,379,913,22,166,154,2,5,9,3,0,1,6,21
2020-08,18,31,6,5,1,12,9,0,1,4,1,0,0,2,5,33,14,3,7,3,5,0,2,1,0,22,0,4,0,28,6,3,1,12,7,0,0,1,2,0,60,12,15,84,132,3,25,33,0,4,3,2,0,2,2,8
2020-08,19,88,32,14,1,79,39,5,30,15,0,3,0,26,20,223,108,15,14,14,30,3,9,2,3,48,20,12,7,191,19,20,17,28,27,1,3,7,23,7,180,17,15,384,501,3,91,160,8,13,8,6,1,4,4,13
2020-08,20,28,10,5,0,21,13,0,8,3,2,1,0,3,9,66,38,5,1,3,3,0,1,9,0,10,7,2,0,51,7,0,6,9,21,0,2,4,4,4,65,11,14,168,199,6,40,55,0,3,3,0,0,3,5,5
2020-08,21,51,10,4,2,45,17,3,14,8,4,0,0,11,17,59,302,10,1,6,10,0,7,69,5,28,16,8,11,89,18,12,6,10,54,0,3,3,6,9,148,12,18,263,177,17,35,91,2,3,9,5,2,1,3,26
2020-08,22,77,11,30,2,91,38,3,35,14,5,6,0,25,28,160,388,25,5,18,25,4,10,10,8,36,33,19,10,227,48,9,19,17,39,2,0,9,13,8,249,38,55,585,431,35,83,176,6,8,21,11,2,4,15,88
2020-08,23,107,13,12,1,70,47,7,23,13,26,6,2,14,38,173,77,17,3,11,13,3,11,97,3,41,12,16,4,202,54,2,10,8,107,3,5,11,15,5,88,12,17,211,106,3,43,97,27,8,5,5,1,3,308,18
2020-08,24,119,34,18,3,133,36,6,70,39,7,6,1,36,39,163,417,25,3,21,36,3,21,167,10,51,62,23,15,370,76,19,27,33,86,1,10,26,16,18,259,22,41,153,163,31,71,382,9,3,31,16,6,4,30,46
2020-08,25,272,43,35,7,90,119,31,29,15,32,6,3,57,76,341,45,15,32,36,24,12,17,80,10,76,37,34,6,210,80,5,29,37,55,2,8,18,51,23,309,31,53,667,592,14,103,182,30,28,7,6,2,7,502,18
2020-08,26,66,16,5,0,23,27,4,6,7,19,0,0,17,27,83,4,7,5,8,8,6,3,4,1,24,4,13,3,43,19,4,1,3,13,0,0,0,10,4,96,5,11,147,66,1,20,28,19,7,0,0,0,0,354,3
2020-08,27,64,15,2,0,34,26,7,4,5,32,1,0,10,37,106,29,6,1,11,3,2,1,1,3,19,8,4,1,84,28,2,12,3,26,0,1,3,9,2,120,7,47,86,36,2,12,25,19,3,0,0,0,2,535,5
2020-08,28,54,9,2,3,27,16,3,58,2,20,2,1,18,23,45,182,13,3,16,13,2,7,15,1,61,11,10,12,96,34,6,9,18,54,0,4,22,12,15,85,20,138,52,44,5,24,45,5,9,9,10,3,1,111,8
2020-08,29,76,13,9,2,34,42,11,9,15,45,2,0,20,37,113,36,4,5,8,14,1,4,7,2,45,13,18,5,82,28,6,10,7,26,0,0,5,24,10,99,8,18,66,63,0,15,28,17,11,1,5,0,1,1076,6
2020-08,30,59,30,36,1,52,32,5,15,34,8,1,1,19,21,132,351,11,7,2,10,12,17,355,5,40,13,25,3,155,22,7,48,14,40,2,10,15,23,6,206,6,11,87,49,5,30,207,8,14,11,4,4,5,28,6
2020-08,31,36,16,5,2,38,24,3,22,12,5,1,2,9,21,66,298,14,6,9,11,5,5,210,2,30,12,5,7,82,31,5,9,18,52,0,3,9,10,5,217,3,29,23,19,2,5,26,4,7,6,6,0,3,28,4
2020-08,32,19,2,3,0,1,10,0,37,10,3,8,0,6,3,2,212,10,0,2,3,1,0,1,1,10,0,7,13,16,4,2,4,11,26,0,3,0,2,12,45,6,41,6,10,0,7,1,0,8,4,3,0,1,4,0
2020-08,33,5,1,1,5,1,6,0,9,0,2,0,0,6,10,9,30,9,0,2,2,0,3,4,0,17,0,6,5,11,7,3,2,6,26,0,0,2,5,7,15,3,16,9,10,3,2,8,0,2,4,4,0,3,22,0
2020-08,34,7,0,2,1,3,8,2,11,4,2,1,0,1,4,13,71,1,0,1,1,0,0,7,0,2,5,3,2,44,9,3,1,5,6,0,0,2,1,0,65,3,3,8,10,6,9,14,0,0,4,0,0,1,17,4
2020-08,35,22,4,1,0,9,18,8,5,3,2,0,5,3,0,13,13,4,2,1,2,0,1,6,1,6,2,7,3,6,7,2,3,2,11,1,2,1,3,7,82,1,15,18,9,0,5,33,8,2,1,0,0,0,65,0
2020-08,36,35,1,0,3,2,7,2,0,5,3,1,1,4,1,4,4,3,0,1,3,12,0,0,0,1,0,2,0,1,5,1,3,0,1,0,0,0,1,1,21,0,1,9,13,3,5,3,1,0,0,7,1,1,181,3
2020-08,37,16,0,0,0,4,2,1,2,3,1,0,0,3,3,11,1,0,0,0,1,0,1,4,1,5,5,1,0,14,2,0,1,0,0,0,0,0,1,2,14,1,7,27,6,0,3,5,1,3,0,2,1,0,87,2
2020-08,38,66,2,10,1,23,37,15,8,2,23,2,1,18,15,45,16,4,0,6,7,1,2,3,1,13,10,12,5,55,18,3,20,7,72,0,0,9,7,5,116,1,27,59,42,3,10,34,8,5,2,20,0,12,1042,10
2020-08,39,24,6,0,3,5,27,9,7,3,3,1,3,6,1,9,7,2,1,0,1,0,6,2,4,13,4,5,2,20,12,1,11,1,42,0,4,5,4,2,15,1,1,20,48,5,14,13,3,2,1,15,0,2,93,3
2020-08,40,19,5,0,2,3,13,10,6,0,11,0,1,4,9,15,10,2,0,2,2,0,2,0,0,5,1,5,2,19,4,5,7,2,9,0,0,2,5,4,127,3,14,48,21,0,10,9,5,1,1,6,1,5,630,1
2020-08,41,28,2,2,0,7,15,3,17,3,3,0,1,7,0,17,25,4,0,5,0,2,1,0,1,21,3,5,2,24,18,3,4,5,18,0,0,8,3,1,42,9,13,46,62,5,12,21,0,3,5,6,1,2,3,6
2020-08,42,40,25,8,4,20,36,7,9,5,4,1,2,15,12,68,8,8,2,3,3,12,7,2,0,30,19,11,0,28,36,5,17,0,13,0,8,7,11,7,62,2,12,93,99,3,22,22,11,5,3,7,0,7,710,3
2020-08,43,100,30,6,1,19,112,29,17,7,13,3,0,53,38,104,7,18,4,16,13,5,3,14,6,45,32,33,3,41,72,17,10,8,66,1,9,9,31,20,129,11,13,135,90,3,28,55,18,16,11,12,4,12,222,4
2020-08,44,92,33,6,1,25,44,14,17,13,8,2,0,41,31,109,6,8,2,19,7,4,13,1,5,20,20,24,2,39,60,10,11,14,11,2,7,8,22,13,110,9,22,148,96,4,35,76,31,21,4,5,2,2,212,6
2020-08,45,15,21,4,0,20,17,2,3,3,6,0,0,18,4,52,4,1,0,15,3,1,5,3,1,17,29,7,1,9,8,1,4,7,6,0,2,7,11,5,51,7,4,67,39,1,15,24,9,3,0,2,0,0,46,5
2020-08,46,60,20,7,1,26,24,10,11,3,9,1,0,19,22,75,87,4,3,6,8,2,5,0,7,40,9,16,1,37,31,7,15,2,22,2,5,3,36,5,162,8,14,117,72,2,28,71,14,21,7,8,1,8,286,10
2020-08,47,13,2,0,0,4,4,1,1,0,2,0,0,5,3,10,1,1,0,2,0,0,0,0,0,8,5,0,0,2,3,1,2,1,2,0,0,3,2,0,36,1,2,36,28,0,4,6,9,2,0,2,0,0,34,0
2020-08,48,30,13,4,1,17,4,2,6,7,1,1,0,25,3,48,17,3,2,4,0,2,9,1,0,13,14,3,7,14,7,0,16,8,11,2,9,0,14,9,17,6,6,87,72,4,24,50,3,5,1,3,1,8,43,8
2020-08,49,73,72,12,6,50,48,11,14,21,33,1,2,50,47,205,6,20,5,22,6,4,8,6,6,57,37,28,2,90,45,8,32,29,65,1,9,16,28,14,241,19,30,361,556,0,80,141,62,29,2,2,3,10,612,11
2020-08,50,19,4,2,1,8,5,1,3,7,1,0,1,3,4,30,0,2,0,3,0,1,1,0,3,4,8,11,0,9,4,0,4,5,6,0,0,1,3,1,18,0,6,49,62,0,12,20,7,8,1,0,0,1,18,2
2020-08,51,26,12,3,0,12,10,4,14,5,4,1,0,7,6,59,66,2,5,5,1,4,4,1,4,31,9,12,3,17,5,4,14,4,10,2,3,2,6,2,68,5,12,200,52,1,12,34,6,8,1,9,1,2,119,5
2020-08,52,42,44,5,1,44,3,6,5,9,0,1,1,6,7,70,66,3,2,5,2,0,4,0,3,7,8,2,1,8,14,0,8,12,16,0,3,10,4,5,76,7,9,119,59,1,20,39,4,3,3,3,2,1,10,5
2020-08,53,61,29,3,1,35,29,6,6,15,29,2,0,34,45,134,2,12,2,12,3,1,17,3,8,34,27,15,1,72,48,8,24,18,21,0,0,7,34,13,196,18,21,329,646,3,79,153,62,27,3,2,0,8,273,14
2020-08,54,3,0,0,0,4,0,1,1,0,1,0,3,1,0,8,0,2,0,2,0,0,3,0,0,17,2,2,0,3,0,0,1,0,0,0,0,0,4,1,8,0,5,15,16,0,3,2,2,0,1,0,5,0,43,0
2020-08,55,3,11,2,0,16,5,0,4,1,0,1,1,3,0,36,23,1,0,0,1,1,4,1,0,10,6,1,0,2,6,1,5,0,13,0,4,5,10,2,39,12,8,51,21,2,10,35,1,3,1,1,3,2,28,5
2020-08,56,56,52,4,4,34,10,1,19,18,2,1,0,18,5,119,114,6,4,16,5,6,4,25,1,57,7,12,3,208,25,19,7,35,38,3,0,2,17,7,241,7,40,209,140,7,48,93,0,3,2,0,3,2,5,7
2020-08,57,39,4,0,0,10,5,1,3,1,1,0,0,6,0,36,235,1,1,2,6,0,2,3,1,14,1,3,1,36,14,6,3,3,16,1,1,2,4,2,34,4,8,70,33,4,14,31,2,2,4,1,1,1,14,1
2020-08,58,63,19,5,3,35,12,2,12,10,1,1,0,9,11,90,547,11,1,3,4,0,6,29,10,38,6,7,4,71,42,6,7,4,48,5,10,19,11,4,97,4,81,89,51,2,21,75,0,2,3,2,0,0,3,4
2020-08,59,22,14,2,0,18,6,1,7,17,0,2,0,5,1,33,299,3,4,0,3,4,5,38,0,15,2,10,1,50,4,2,3,1,14,2,4,3,2,1,53,2,27,25,10,2,9,28,1,4,3,8,0,3,6,2
2020-08,60,34,10,4,2,29,20,3,18,10,2,2,1,9,7,76,215,4,0,9,8,0,3,9,0,12,7,2,3,194,30,3,8,11,29,2,8,3,1,6,59,14,29,19,43,4,26,70,4,5,9,1,0,1,17,11
2020-08,61,77,19,6,1,37,32,8,23,12,17,2,0,10,15,110,216,8,2,5,8,9,16,345,11,33,7,16,2,99,39,5,20,12,31,1,2,13,18,12,310,12,25,135,102,2,45,108,23,8,3,10,2,8,1087,5
2020-08,62,37,11,8,1,14,8,1,2,5,0,0,0,4,3,32,118,4,1,2,2,0,2,0,4,58,0,4,3,39,1,10,5,6,27,2,3,4,4,4,69,4,3,46,43,3,26,19,3,5,1,1,0,4,1,1
2020-08,63,80,11,14,0,32,27,4,16,4,0,1,1,12,6,102,385,2,2,5,2,1,4,44,9,14,6,7,1,69,16,2,5,8,29,6,11,17,9,2,72,1,6,167,69,2,44,51,4,6,3,2,0,2,12,6
2020-08,64,53,28,7,0,7,6,1,7,6,2,0,0,10,0,47,5,4,6,2,5,2,7,13,4,67,1,4,0,238,7,8,9,8,16,0,6,4,4,1,85,7,7,67,94,11,16,48,0,4,1,3,1,1,5,4
2020-08,65,70,32,18,2,28,17,1,9,2,0,1,0,8,2,68,79,14,5,1,8,5,9,15,0,86,2,5,4,64,7,2,20,8,34,1,8,3,8,1,129,5,11,59,52,5,25,50,1,4,1,0,0,1,11,3
2020-08,66,102,33,9,1,48,50,4,16,14,5,6,0,26,39,179,148,13,0,6,12,4,12,10,6,49,11,21,2,90,35,11,19,14,45,2,8,5,27,9,89,3,14,137,121,3,59,115,24,17,5,3,0,7,126,5
2020-08,67,73,22,8,1,27,34,12,15,8,33,2,0,27,54,135,52,6,4,11,11,10,7,15,5,38,13,17,0,129,55,2,17,11,32,1,4,9,21,6,118,8,15,157,114,3,31,102,58,20,3,5,0,6,1853,2
2020-08,68,62,19,7,1,11,44,14,9,5,13,1,0,18,39,72,29,5,1,7,6,4,9,4,3,34,10,18,2,80,24,8,10,2,82,1,2,8,24,15,71,17,28,90,83,5,25,47,27,22,3,3,1,4,1804,2
2020-08,69,109,43,2,4,32,48,20,25,9,18,1,0,23,39,142,6,25,5,18,15,8,7,3,5,33,16,29,8,48,66,7,15,11,37,1,0,0,31,20,155,6,58,158,99,0,29,67,41,28,5,8,2,15,573,9
2020-08,70,46,21,2,6,31,21,2,13,8,2,5,2,31,12,183,22,14,6,16,4,2,23,1,3,35,7,20,4,122,29,16,17,28,64,2,7,4,9,8,106,4,31,129,90,8,62,145,3,5,4,9,2,5,132,15
2020-08,71,104,41,9,3,53,64,14,20,11,22,6,0,35,45,189,27,13,8,24,4,7,8,23,5,56,34,16,2,122,57,12,14,19,52,2,18,9,26,5,195,7,32,173,110,3,42,114,28,23,4,6,2,5,580,14
2020-08,72,9,5,2,1,27,6,1,8,11,1,0,7,26,4,83,1,1,3,11,1,1,9,0,1,27,21,15,2,20,8,10,23,16,26,0,0,17,9,2,79,11,11,288,298,8,69,63,4,4,8,6,1,1,8,20
2020-08,73,58,31,3,4,38,20,3,13,14,5,2,0,51,35,139,4,10,7,17,7,24,7,3,4,17,17,22,6,49,34,8,24,20,8,1,2,5,10,14,140,8,14,277,252,0,46,85,17,16,2,3,1,4,250,17
2020-08,74,6,5,8,0,14,1,1,2,1,0,0,0,2,1,74,0,4,2,14,1,1,1,2,0,17,18,2,2,44,2,9,9,14,11,0,1,2,0,2,59,7,35,178,205,10,40,63,0,2,5,3,4,0,2,8
2020-08,75,36,14,3,1,18,20,4,14,9,18,2,2,17,19,93,6,5,3,8,3,3,8,0,3,15,16,5,3,44,23,4,9,10,3,0,0,1,13,6,228,16,24,420,406,5,74,91,10,6,6,2,3,5,106,9
2020-08,76,16,0,1,0,1,3,0,3,1,0,0,0,3,0,7,2,1,2,0,1,1,0,1,0,5,2,3,2,0,2,0,4,2,11,0,0,0,1,0,10,0,5,10,4,0,3,7,0,0,0,1,0,0,3,2
2020-08,77,64,6,25,3,21,27,8,31,20,3,2,2,12,8,32,176,9,2,2,13,4,4,3,0,48,1,6,12,80,26,5,5,5,25,0,0,1,8,9,69,9,19,187,140,13,20,81,1,4,11,12,3,0,8,45
2020-09,0,3693,1342,574,121,1977,1756,420,874,926,433,146,118,1395,1084,5453,10172,606,200,519,457,274,457,410,203,2096,888,836,232,6606,1631,457,1064,640,2243,57,198,347,808,323,6861,345,1485,3885,2205,491,1626,3807,543,566,961,399,211,162,8624,729
2020-09,1,49,11,8,4,8,34,9,13,7,3,1,0,19,2,25,293,6,1,5,7,0,15,9,2,28,5,17,2,136,26,7,5,8,22,0,3,3,3,1,85,8,29,52,33,5,17,40,1,6,16,10,4,6,3,12
2020-09,2,92,20,20,3,33,42,8,30,12,1,2,11,65,15,98,144,16,3,16,7,3,3,6,8,39,5,17,1,184,27,12,30,26,49,2,4,9,13,5,97,5,17,119,65,16,40,85,3,5,13,12,6,4,6,18
2020-09,3,30,7,6,1,3,29,4,12,9,0,1,0,9,16,8,239,3,2,1,9,3,4,8,4,30,2,5,8,66,17,9,7,7,22,0,0,0,5,2,31,3,10,45,31,4,11,39,0,7,48,9,2,0,2,26
2020-09,4,30,10,12,2,13,15,1,21,9,0,0,20,14,8,41,284,13,4,5,2,6,9,4,0,34,8,14,5,90,19,11,9,2,23,0,2,0,5,2,66,4,6,58,34,9,33,48,3,1,31,9,9,0,5,23
2020-09,5,42,8,12,1,35,8,0,15,36,3,1,0,23,9,54,187,16,1,4,6,2,4,4,0,39,3,5,4,100,10,11,12,13,29,0,4,5,2,2,81,2,18,123,70,13,26,85,3,8,59,24,2,0,7,28
2020-09,6,14,12,17,2,66,25,3,46,16,4,4,2,28,17,81,369,18,3,17,10,2,10,12,2,35,9,12,11,266,41,5,13,12,47,0,3,9,6,9,86,3,42,102,55,17,31,116,4,5,73,12,4,0,8,23
2020-09,7,19,14,9,1,35,20,3,34,32,2,2,0,20,10,42,208,17,0,11,9,0,4,11,0,32,15,15,6,122,34,9,15,17,58,0,3,6,2,3,82,2,36,30,32,19,19,90,12,4,37,25,2,2,5,20
2020-09,8,18,6,0,0,10,19,6,57,3,4,0,0,2,10,11,123,19,3,3,4,2,7,2,1,38,1,13,14,50,28,5,5,9,40,1,2,2,10,10,98,8,55,4,5,0,14,73,2,11,33,5,0,2,11,0
2020-09,9,3,5,8,0,4,7,1,3,3,0,0,1,3,1,26,0,3,2,0,5,0,1,7,0,32,5,2,1,3,1,5,2,2,4,0,0,0,1,0,4,4,0,16,8,6,14,19,0,2,6,1,12,1,0,1
2020-09,10,46,16,14,4,35,6,0,4,58,2,0,1,27,3,95,12,9,6,8,7,8,6,11,1,39,23,7,1,118,75,13,10,23,18,0,2,3,8,1,106,12,11,68,41,16,39,79,1,3,13,5,10,1,0,13
2020-09,11,69,13,9,2,24,15,1,5,20,1,0,0,14,7,55,11,8,1,8,5,1,3,15,2,22,2,7,0,179,56,8,6,16,72,1,3,0,4,3,67,1,15,31,33,13,25,56,2,2,7,1,7,1,3,27
2020-09,12,23,5,0,1,18,1,0,3,18,0,1,0,13,3,72,9,3,5,1,4,3,1,8,0,39,13,7,0,56,4,6,3,8,18,0,0,1,2,1,78,6,30,60,45,11,40,65,1,1,12,5,14,0,1,21
2020-09,13,17,12,3,0,10,14,2,9,26,0,0,0,12,6,43,46,3,4,2,2,1,4,0,1,7,5,8,2,38,7,1,7,2,37,0,1,2,4,3,43,3,12,19,18,6,15,63,0,0,12,4,0,0,0,10
2020-09,14,26,15,14,1,26,22,6,6,10,2,2,0,24,6,50,250,12,9,7,7,4,2,6,6,29,30,15,3,90,29,2,11,5,45,1,9,7,8,3,103,1,8,26,27,8,28,56,3,6,15,8,1,4,2,25
2020-09,15,109,28,16,0,52,22,8,16,34,0,4,4,30,10,130,150,17,6,19,12,15,15,2,5,52,16,16,4,219,67,10,18,19,40,0,0,1,10,5,344,6,45,91,83,25,60,132,6,3,33,6,7,6,4,36
2020-09,16,84,34,24,1,37,52,4,10,22,0,2,0,34,16,84,390,11,5,11,11,6,16,2,4,28,27,11,3,157,37,16,18,9,56,0,0,5,7,8,202,10,38,102,82,24,45,103,2,4,34,11,1,4,3,54
2020-09,17,79,61,17,2,53,30,1,17,24,0,1,1,13,5,130,35,12,8,11,8,8,15,20,1,34,10,2,3,121,13,4,15,27,13,0,2,4,11,3,180,9,8,45,184,24,69,84,2,1,9,7,22,6,0,16
2020-09,18,15,15,4,0,19,4,1,6,9,0,0,0,5,1,37,19,2,3,1,1,0,6,28,1,35,16,2,1,26,8,3,7,5,6,0,0,0,3,2,31,3,4,17,49,2,17,21,4,4,2,3,1,0,3,6
2020-09,19,94,28,14,4,74,26,1,24,31,1,2,2,22,13,196,202,10,12,14,15,11,7,12,4,37,24,21,3,182,24,9,17,31,73,0,5,10,20,2,169,3,18,49,68,4,47,106,2,8,14,10,5,7,3,10
2020-09,20,28,7,6,0,20,10,2,5,12,1,3,0,1,2,57,60,5,2,0,5,3,3,9,1,13,3,2,2,41,8,2,7,3,11,1,0,0,6,0,32,3,5,13,26,3,20,45,0,3,2,4,0,1,1,8
2020-09,21,43,26,6,0,40,26,2,11,3,1,1,1,10,8,48,449,10,2,4,3,0,3,5,4,17,15,14,3,92,18,4,6,10,34,0,0,4,11,3,54,5,12,30,30,12,18,41,2,5,22,8,2,3,3,15
2020-09,22,54,11,31,1,66,33,3,30,22,5,5,2,40,22,115,718,28,1,16,15,6,7,3,13,42,25,15,7,229,49,14,13,20,213,7,4,11,14,10,132,9,49,75,92,18,34,117,12,2,43,14,2,3,24,44
2020-09,23,114,16,24,3,63,48,8,5,12,24,4,3,18,35,143,179,6,4,15,14,3,10,11,10,28,12,14,3,138,31,5,7,8,57,1,2,8,12,5,139,5,35,38,20,20,23,63,13,19,4,7,0,2,350,5
2020-09,24,80,24,20,1,94,37,7,55,35,6,7,3,51,48,163,977,32,7,24,22,6,15,6,8,49,55,14,15,380,58,14,21,25,90,0,7,9,18,9,187,3,46,38,24,16,31,126,6,4,69,17,8,3,20,45
2020-09,25,207,53,30,2,106,105,32,22,31,24,9,0,49,70,308,73,21,7,25,15,10,20,10,9,51,32,35,3,218,73,11,23,25,28,0,2,6,39,23,259,11,94,177,88,27,50,148,39,22,12,8,4,7,446,17
2020-09,26,76,10,5,0,21,19,13,6,9,27,2,1,3,18,88,42,0,2,7,9,4,3,1,1,13,2,12,2,47,14,4,3,3,11,0,0,4,9,4,42,6,9,36,10,1,5,32,12,4,1,1,0,1,275,1
2020-09,27,72,18,7,1,17,20,7,4,2,14,0,1,8,20,70,35,8,0,4,2,0,4,1,3,15,8,11,1,104,25,1,5,0,28,0,1,2,10,7,62,8,28,28,6,3,4,20,7,6,2,0,1,0,464,2
2020-09,28,45,9,6,3,36,29,5,22,18,13,8,7,9,20,69,312,15,0,4,17,4,5,6,2,50,14,17,16,80,23,4,8,10,44,2,1,15,11,9,65,2,75,19,6,5,9,23,1,6,21,6,2,0,101,8
2020-09,29,76,24,14,0,29,57,12,6,8,39,4,1,23,51,100,56,9,0,14,6,1,9,2,10,43,13,19,0,104,20,5,12,9,39,0,1,7,17,10,137,4,31,50,14,3,10,29,14,4,3,4,1,2,552,2
2020-09,30,102,32,43,4,39,28,7,24,20,6,6,1,8,20,102,434,3,7,5,18,1,13,1,1,71,5,14,2,149,21,12,45,9,55,1,0,10,22,3,199,11,16,26,10,2,24,78,8,8,5,5,2,2,26,7
2020-09,31,34,7,6,2,28,17,3,16,2,4,0,0,5,24,62,444,11,4,6,14,3,9,16,2,32,8,5,3,69,24,5,6,7,39,1,2,13,7,2,220,2,19,9,6,3,1,24,8,14,17,3,0,1,4,2
2020-09,32,29,2,6,0,2,9,2,30,1,1,5,1,3,3,2,204,10,0,3,2,0,2,9,0,7,0,10,9,7,7,2,4,6,19,1,0,0,0,7,42,8,53,1,2,0,1,1,0,14,22,2,1,1,0,0
2020-09,33,8,1,1,1,5,8,1,11,3,0,2,0,3,3,11,33,5,0,2,3,1,0,8,0,14,0,4,7,15,1,1,0,0,4,0,0,0,3,4,22,1,13,0,8,0,1,6,0,4,8,3,0,0,8,1
2020-09,34,9,2,0,0,6,2,1,8,1,1,1,0,1,5,13,138,5,0,1,2,0,13,0,1,6,3,0,3,33,4,2,1,2,15,0,0,4,0,1,33,0,8,0,5,1,3,14,0,2,8,0,0,0,2,0
2020-09,35,14,8,0,0,4,13,1,9,8,0,1,0,2,2,12,12,3,0,1,1,0,0,1,0,2,4,11,0,8,4,6,2,5,26,0,2,2,4,0,44,1,9,6,4,3,4,20,1,2,3,2,0,1,48,3
2020-09,36,10,2,0,0,4,6,2,1,5,0,0,2,15,0,9,5,5,0,0,0,2,1,1,0,3,1,2,0,7,0,0,0,0,16,0,0,1,1,5,7,0,0,4,1,0,2,4,0,2,0,0,0,0,64,0
2020-09,37,18,0,0,0,4,5,5,2,1,8,0,0,1,1,9,2,0,0,1,0,0,0,3,0,4,0,2,3,19,2,0,3,0,8,0,0,0,5,2,6,2,2,19,2,0,2,4,5,2,0,1,0,0,157,1
2020-09,38,56,14,5,1,24,22,11,7,4,21,1,4,14,7,57,3,3,1,4,4,0,8,5,1,7,11,10,5,61,26,1,10,1,13,2,5,4,11,5,48,1,22,46,9,24,6,35,1,5,5,2,2,2,485,4
2020-09,39,15,2,0,3,7,34,18,5,1,0,0,7,9,4,15,7,4,0,1,3,0,1,3,0,19,7,8,2,21,5,1,2,3,11,1,0,3,1,4,9,0,3,10,2,2,6,9,1,2,11,1,0,0,47,2
2020-09,40,32,9,3,0,4,14,6,4,2,15,1,5,12,9,16,6,5,0,1,3,0,2,1,2,2,0,7,3,14,3,1,3,1,10,0,0,3,5,1,82,0,10,35,2,0,2,26,0,4,1,1,0,1,279,2
2020-09,41,21,1,4,1,6,18,4,9,0,1,2,2,12,4,16,30,6,0,1,1,0,5,2,0,24,2,9,5,19,6,0,1,3,8,1,0,5,1,1,45,1,21,15,14,6,3,17,0,4,15,2,1,0,3,3
2020-09,42,45,15,3,1,18,22,7,3,10,6,2,5,22,8,42,7,4,0,3,3,5,5,1,1,16,30,6,1,28,19,2,10,1,11,0,0,3,9,5,48,3,9,31,17,0,11,21,4,6,10,7,0,3,344,5
2020-09,43,102,26,4,1,29,97,33,11,8,7,2,1,32,30,90,11,12,7,7,7,8,13,7,8,63,31,32,4,59,48,6,13,5,54,4,8,5,22,8,178,3,6,87,43,10,23,59,18,18,9,3,3,4,96,4
2020-09,44,79,31,4,4,37,51,12,22,15,4,2,0,34,42,102,19,10,0,21,4,5,11,1,2,26,10,19,4,37,39,4,15,7,43,0,20,16,13,19,161,2,24,78,28,5,28,70,10,19,6,7,1,3,102,3
2020-09,45,52,18,3,2,13,8,3,4,2,4,0,0,24,7,47,5,5,3,4,2,5,1,1,0,8,10,5,3,19,7,3,4,7,7,0,0,0,2,4,123,4,1,55,20,2,13,22,8,5,6,1,1,1,4,3
2020-09,46,54,35,3,4,28,51,14,7,7,12,4,0,31,19,94,39,3,1,7,9,8,2,1,2,36,12,17,3,30,22,11,5,1,30,2,14,11,16,4,125,11,15,85,73,12,21,46,21,11,3,7,1,3,96,3
2020-09,47,9,1,0,0,5,5,1,0,0,2,1,1,5,2,15,0,0,0,4,0,1,0,0,0,8,14,1,0,5,5,0,0,0,1,0,0,1,3,0,25,0,0,17,4,1,4,6,3,2,0,0,0,0,25,0
2020-09,48,29,21,0,2,13,9,2,1,7,1,1,0,11,7,53,10,4,0,6,4,0,6,9,2,4,21,6,0,14,6,2,14,2,3,0,1,3,9,3,63,5,14,46,8,1,20,37,6,8,4,1,1,2,5,9
2020-09,49,98,66,10,5,22,44,13,5,12,19,4,4,61,56,179,19,17,8,17,6,18,5,17,2,45,24,29,3,127,48,14,21,16,50,4,10,12,34,5,207,4,14,177,71,9,73,62,39,25,4,4,3,16,153,8
2020-09,50,23,6,0,0,8,17,0,5,0,0,0,2,1,16,36,0,1,0,2,2,0,1,0,3,9,7,8,1,7,5,1,3,1,5,0,0,1,6,1,11,0,3,17,6,7,5,8,5,1,2,0,1,0,9,1
2020-09,51,18,15,1,0,8,12,5,5,0,3,1,1,12,8,60,19,2,0,6,1,0,2,3,0,23,10,22,1,24,12,2,12,0,12,0,0,0,14,3,74,3,30,96,24,0,11,16,7,6,1,3,2,2,5,6
2020-09,52,41,37,4,1,34,8,4,3,5,0,1,0,12,14,72,61,7,0,1,1,0,4,7,1,8,1,6,1,10,16,1,17,5,16,0,0,1,6,6,86,10,13,77,13,3,18,39,3,4,2,3,9,2,0,3
2020-09,53,40,40,2,0,28,19,4,3,7,13,0,2,37,24,112,3,14,5,11,1,4,8,1,7,23,30,18,1,94,24,1,11,12,14,1,2,3,18,7,154,13,10,144,78,2,51,75,37,23,5,7,3,4,109,13
2020-09,54,1,0,0,0,0,4,1,0,0,0,0,0,0,1,7,0,0,0,1,0,2,1,0,0,3,0,1,0,1,3,1,0,0,0,0,2,3,5,2,11,10,0,8,2,0,0,3,0,2,0,0,0,0,9,1
2020-09,55,4,19,0,2,11,6,1,6,2,1,0,0,4,3,28,22,2,0,4,2,1,2,0,1,3,8,1,0,3,5,2,3,3,2,0,0,4,7,0,72,6,13,8,4,3,15,15,1,4,2,2,0,0,0,0
2020-09,56,64,46,5,3,32,15,1,12,12,2,1,0,19,9,71,92,19,3,3,12,5,6,1,5,31,6,6,3,125,12,17,10,26,24,0,10,14,12,1,126,4,8,22,20,8,52,95,2,4,8,6,5,2,1,5
2020-09,57,26,3,7,1,6,4,1,4,6,0,1,0,5,0,24,165,4,1,2,1,0,0,2,1,6,2,1,0,28,8,3,3,6,9,5,7,5,6,2,9,0,14,0,3,1,11,14,0,3,1,2,0,1,1,0
2020-09,58,54,12,12,0,32,12,5,12,30,0,0,0,9,5,65,456,1,7,5,7,11,12,0,4,13,4,9,4,131,16,3,8,6,29,3,6,6,12,3,119,4,11,26,11,1,17,37,1,7,10,5,1,0,1,4
2020-09,59,19,8,5,0,15,8,1,4,1,1,3,0,6,3,42,297,3,3,6,0,1,0,3,2,12,3,8,2,24,3,4,2,1,11,0,0,3,7,1,51,1,7,14,2,1,8,30,0,2,8,1,3,0,4,3
2020-09,60,24,14,2,1,25,26,1,8,5,4,1,1,16,12,55,245,7,0,11,6,1,3,7,2,12,9,14,2,151,31,4,6,12,11,1,5,7,0,2,63,2,36,9,9,10,15,58,1,3,14,0,10,0,12,3
2020-09,61,72,11,3,3,34,49,14,13,7,5,4,0,24,14,76,195,6,2,4,9,4,8,3,7,30,17,13,0,193,58,13,158,5,35,0,0,3,22,2,176,6,18,53,17,4,37,85,10,10,5,4,0,1,587,0
2020-09,62,29,6,2,2,9,3,2,0,6,0,0,0,5,2,35,122,5,0,3,2,2,0,1,3,38,5,2,2,34,1,2,6,3,27,0,0,2,12,1,61,1,11,10,7,2,9,15,4,0,2,3,0,0,3,0
2020-09,63,72,22,6,1,25,24,2,15,6,0,3,0,14,3,82,381,3,1,2,7,0,2,1,8,13,8,8,0,87,8,8,4,6,28,2,7,9,11,3,37,3,12,15,7,1,16,26,1,4,2,3,0,2,5,2
2020-09,64,41,22,6,4,13,12,0,3,8,0,0,0,11,1,48,12,2,5,1,3,1,6,1,1,64,0,4,1,182,7,10,5,7,17,1,3,6,5,3,59,1,31,12,2,1,19,25,1,0,5,0,0,1,0,5
2020-09,65,76,20,5,4,16,13,2,5,21,2,2,0,18,10,55,84,6,0,4,6,4,14,3,1,150,3,14,1,59,14,6,6,5,31,0,2,4,9,1,101,3,17,16,6,8,15,25,0,8,1,11,4,2,3,1
2020-09,66,81,25,12,6,46,35,16,12,17,7,3,0,34,23,158,209,3,2,10,11,5,11,0,6,27,16,20,11,114,36,1,8,8,49,3,4,5,38,9,159,10,22,65,25,1,32,55,15,24,13,2,0,5,144,2
2020-09,67,91,18,2,7,35,35,3,8,21,28,3,1,30,52,134,65,6,1,7,8,16,2,4,4,24,15,14,0,287,33,15,211,5,24,0,0,2,20,6,102,4,13,157,37,0,17,86,40,11,2,6,2,7,1438,2
2020-09,68,50,35,0,0,18,30,8,6,25,38,2,0,30,35,77,26,5,1,4,8,7,5,9,2,6,16,15,3,101,21,5,9,6,27,1,3,6,15,6,70,3,22,88,33,1,21,45,31,17,8,3,1,1,1422,3
2020-09,69,75,41,4,2,23,38,22,15,13,19,2,1,27,42,119,4,13,3,19,7,7,8,2,4,20,19,16,3,62,42,7,15,6,62,2,5,10,34,10,55,5,21,113,50,5,22,66,25,37,6,7,2,8,204,9
2020-09,70,58,27,6,1,39,17,2,7,22,1,4,1,27,12,155,71,5,3,9,7,3,10,4,4,33,7,9,0,136,20,16,12,14,67,0,1,6,15,3,77,11,9,51,25,2,24,55,3,11,9,3,5,2,71,9
2020-09,71,91,47,3,3,66,54,17,7,15,6,5,3,37,43,173,23,15,8,11,8,5,16,9,3,49,36,17,0,141,57,12,13,16,48,1,13,7,36,4,135,5,25,94,47,1,35,99,17,29,9,4,8,5,220,8
2020-09,72,8,5,5,1,23,9,2,4,13,0,1,3,27,4,85,4,2,8,12,9,9,2,1,0,21,9,25,2,25,4,12,13,11,11,4,3,4,8,4,48,6,6,108,20,4,29,45,5,2,8,8,2,0,6,16
2020-09,73,60,22,4,3,26,18,3,12,23,3,3,3,44,19,115,8,9,5,6,2,7,7,11,2,34,22,14,3,58,20,7,19,14,5,0,1,1,20,12,48,4,12,107,39,3,32,70,22,10,7,3,5,10,93,7
2020-09,74,9,7,1,2,14,5,0,1,6,0,1,0,9,1,67,6,1,0,9,1,2,4,1,1,16,25,6,0,48,4,3,13,10,3,0,0,0,2,1,48,3,9,41,21,2,32,40,4,0,7,4,0,0,4,4
2020-09,75,37,16,5,1,30,16,1,9,5,11,1,5,20,10,96,6,5,7,7,5,8,11,6,1,30,17,16,2,39,20,9,12,8,4,0,1,5,19,2,97,9,33,182,54,4,21,51,13,25,8,6,0,0,21,9
2020-09,76,13,0,1,2,2,2,1,2,3,0,0,1,10,1,5,7,1,0,0,1,0,0,0,0,16,0,0,0,1,1,1,1,0,1,0,0,1,2,0,15,5,2,4,5,0,5,3,0,1,3,2,1,0,1,1
2020-09,77,46,7,20,0,14,27,5,17,7,0,3,0,13,12,16,289,12,1,7,5,0,4,22,3,35,2,3,5,64,11,8,10,14,21,0,0,0,8,0,48,5,32,40,30,5,15,61,5,5,30,13,2,1,1,36
2020-10,0,3237,1228,644,115,1722,1658,519,882,768,312,92,167,1111,894,4558,5803,535,135,442,463,217,359,197,198,1518,586,732,234,5124,1152,346,670,393,1988,74,175,372,744,325,6095,349,1505,2143,1015,370,1186,2532,399,466,390,402,61,377,4522,861
2020-10,1,46,13,3,2,6,26,5,19,13,2,1,0,13,2,24,140,5,3,1,7,2,9,9,4,20,1,7,6,102,23,0,20,2,51,1,4,0,1,3,20,1,34,22,20,5,8,23,2,3,5,8,1,5,0,15
2020-10,2,71,20,32,6,28,38,11,17,23,3,2,5,28,8,83,64,14,0,6,4,3,8,3,7,39,2,33,5,139,24,7,27,11,30,1,0,0,14,7,42,6,13,52,57,7,36,46,1,6,5,11,0,5,0,25
2020-10,3,18,4,7,6,10,22,4,15,19,3,4,3,13,19,14,99,7,3,2,8,2,4,5,0,24,1,11,7,69,8,4,4,1,16,0,1,2,3,2,14,1,18,19,4,7,8,20,0,5,12,17,0,0,0,32
2020-10,4,35,11,11,1,18,11,0,9,16,0,0,43,25,15,24,76,10,1,6,11,2,3,8,1,22,4,21,2,79,22,2,14,8,14,1,4,4,4,4,81,3,14,37,30,7,23,35,0,1,12,8,1,0,0,57
2020-10,5,33,3,15,0,30,9,1,14,7,1,1,3,19,8,48,114,16,0,4,6,0,6,0,3,44,4,20,2,87,11,7,15,6,9,0,1,5,2,2,61,2,15,21,12,11,15,59,1,3,7,6,0,1,0,38
2020-10,6,24,10,19,0,46,41,6,35,8,0,1,3,28,27,51,171,16,1,4,17,0,8,11,1,23,7,11,19,250,54,8,15,9,18,4,1,2,6,7,44,5,36,24,43,9,22,101,2,8,40,17,3,1,0,46
2020-10,7,22,4,11,1,27,23,3,26,6,0,1,0,13,8,42,118,26,2,7,12,2,5,1,2,23,3,7,6,97,54,8,15,10,46,0,0,10,3,4,50,4,27,13,15,12,21,55,3,6,15,15,0,1,0,42
2020-10,8,11,5,4,0,8,16,3,60,6,3,3,3,14,3,11,127,17,0,6,3,0,7,3,0,42,1,10,25,37,22,5,4,4,50,4,2,11,8,11,85,3,69,3,5,0,4,16,1,7,9,7,0,2,2,3
2020-10,9,3,12,1,0,14,4,2,1,4,0,0,1,6,0,22,3,1,0,1,6,2,3,1,0,6,1,5,0,4,0,7,3,2,2,0,0,3,2,0,6,1,3,10,8,5,14,19,0,0,4,1,0,0,0,5
2020-10,10,39,24,9,5,40,12,2,9,12,0,0,1,21,5,108,9,8,5,7,8,4,3,2,0,24,4,11,4,70,19,16,9,13,19,2,4,2,5,2,156,7,23,68,40,12,26,68,1,2,7,4,0,2,0,16
2020-10,11,32,13,8,0,15,13,0,5,16,1,0,4,18,3,43,19,7,1,4,3,4,4,0,0,19,10,17,0,114,9,9,8,10,25,0,0,2,3,1,63,6,22,33,18,3,21,37,0,1,4,4,3,9,0,34
2020-10,12,12,5,2,1,19,3,2,1,10,0,0,2,28,1,50,16,4,2,7,5,1,2,0,0,24,8,10,1,30,4,13,12,2,7,0,0,1,2,2,56,8,14,28,29,9,25,38,0,4,7,3,0,1,0,27
2020-10,13,20,7,6,3,9,14,4,10,23,2,1,1,10,7,29,12,6,0,3,3,3,1,1,0,11,3,11,1,25,5,0,5,7,39,0,0,1,1,5,47,1,13,18,6,5,8,14,1,3,2,5,0,0,0,7
2020-10,14,42,15,12,0,19,24,8,9,8,1,0,0,25,15,54,181,8,3,3,8,2,5,0,4,26,15,18,0,66,14,2,9,3,43,1,1,8,4,9,35,1,9,18,12,5,8,32,1,0,3,4,1,2,0,32
2020-10,15,116,22,14,1,40,16,7,21,19,2,5,5,31,14,149,103,7,9,12,12,6,12,1,2,22,15,9,2,180,20,4,10,9,34,0,2,5,8,7,245,2,23,51,45,9,33,101,4,7,9,15,0,8,1,40
2020-10,16,66,23,25,1,35,32,6,17,16,1,1,0,22,12,58,172,7,3,11,9,6,10,0,3,48,19,13,8,116,13,7,8,6,58,2,8,8,4,4,215,7,24,33,43,16,30,63,1,5,4,11,0,5,0,48
2020-10,17,66,38,11,2,60,20,2,19,13,0,0,0,6,6,99,19,8,3,14,14,2,5,0,2,22,9,5,3,87,19,6,15,7,6,0,6,3,2,0,266,6,18,26,26,18,63,58,0,2,5,7,0,7,0,24
2020-10,18,7,5,7,1,26,10,1,2,8,0,0,0,3,2,28,8,1,1,4,0,0,0,1,5,17,4,0,1,19,3,5,5,5,7,1,1,3,2,3,45,2,10,10,9,2,11,23,3,1,1,0,0,5,2,3
2020-10,19,85,28,15,1,52,20,9,19,22,1,3,0,22,15,167,95,6,7,10,1,5,9,5,2,33,20,14,3,144,18,10,25,19,28,2,10,11,20,3,197,6,36,26,16,2,29,66,3,15,4,14,1,8,0,9
2020-10,20,12,12,2,0,11,9,5,7,7,2,0,0,6,6,36,41,0,5,1,2,2,3,8,0,15,0,4,3,40,6,5,5,5,9,0,0,2,10,0,36,2,1,15,9,4,6,23,1,4,1,3,0,6,0,2
2020-10,21,52,13,2,6,24,22,2,14,6,2,2,2,11,10,51,217,9,0,4,9,4,1,0,15,18,16,10,3,55,11,5,6,4,28,1,2,4,5,3,46,4,18,26,14,7,13,37,2,1,8,5,1,3,0,32
2020-10,22,93,10,35,10,60,25,10,29,31,3,5,1,21,15,103,274,21,1,10,20,7,4,7,7,34,30,14,2,179,31,7,13,9,51,4,2,10,11,14,125,5,41,24,34,43,33,70,4,7,17,8,0,11,0,61
2020-10,23,72,29,25,6,54,42,9,16,5,13,2,4,19,32,124,124,8,4,10,6,3,16,1,4,19,9,9,4,161,24,8,11,10,28,2,11,7,23,8,64,11,14,27,10,1,18,29,3,10,1,7,0,11,177,14
2020-10,24,61,26,36,5,85,40,8,34,45,6,3,3,41,32,139,405,32,3,18,28,6,18,4,6,45,54,19,10,308,29,7,17,20,77,3,2,21,14,9,167,11,65,34,10,15,22,65,10,8,21,21,2,9,2,55
2020-10,25,196,57,21,3,75,116,35,17,22,30,3,1,44,73,226,31,18,16,25,15,16,10,4,2,49,16,41,5,182,71,11,26,11,60,2,3,14,40,10,169,17,41,97,36,5,32,183,20,32,11,14,2,26,376,15
2020-10,26,49,0,10,0,12,24,16,7,3,13,2,0,10,23,68,15,4,1,6,5,2,1,2,3,21,3,2,2,34,12,2,2,0,17,0,1,0,11,3,57,2,9,21,4,0,10,13,4,2,0,1,0,3,206,0
2020-10,27,76,9,8,0,17,32,4,5,5,26,2,1,7,20,65,17,3,0,6,5,1,1,0,1,11,0,11,1,76,17,0,3,1,12,0,0,3,10,6,103,4,25,22,2,9,5,7,3,2,1,1,0,7,275,7
2020-10,28,25,10,7,2,13,26,11,49,7,13,5,1,6,17,49,156,15,0,9,9,4,4,2,5,39,9,7,12,52,7,3,13,11,74,1,3,11,16,19,102,7,58,9,6,3,9,44,2,5,6,7,1,4,60,8
2020-10,29,56,10,11,0,29,51,21,7,10,29,5,1,15,32,99,37,4,2,13,14,3,1,1,9,29,6,11,0,99,16,1,10,5,40,5,7,14,22,6,90,7,16,14,8,0,8,64,5,5,0,3,0,8,483,3
2020-10,30,69,21,58,1,33,39,8,24,9,7,1,4,22,28,108,385,8,1,9,13,1,9,2,10,29,6,14,2,131,19,9,25,10,27,1,6,13,28,3,187,5,24,20,11,1,12,79,3,9,2,7,2,6,6,2
2020-10,31,32,11,1,1,33,14,6,18,11,3,0,1,3,10,32,263,10,1,6,9,0,4,4,7,28,4,9,3,55,18,1,5,3,36,2,3,2,7,3,204,1,17,3,2,1,4,26,2,6,5,12,0,5,1,2
2020-10,32,22,0,2,0,2,3,2,27,1,0,2,1,5,1,1,131,4,0,3,0,0,1,5,1,25,1,3,14,7,8,0,4,4,62,0,6,0,3,2,40,8,42,3,3,0,1,7,0,5,5,3,1,1,0,0
2020-10,33,12,1,0,1,3,9,1,3,1,0,1,4,2,2,6,59,3,1,0,1,1,1,0,1,17,0,1,4,13,2,0,0,2,11,1,0,2,1,0,32,1,28,2,3,3,1,4,0,0,4,4,1,1,4,0
2020-10,34,16,0,3,0,3,4,3,7,0,1,0,0,2,2,6,65,3,0,3,4,0,0,0,0,2,1,3,4,37,0,4,0,3,13,0,0,1,1,2,25,1,9,1,0,0,5,9,0,1,5,0,0,0,0,2
2020-10,35,13,2,1,1,5,13,7,6,8,4,0,3,2,3,9,11,3,1,5,2,0,0,6,0,3,5,2,0,7,4,1,6,2,14,0,0,4,1,5,42,3,13,2,1,0,3,10,2,2,3,1,2,0,8,0
2020-10,36,5,2,1,0,3,9,2,2,0,0,0,2,1,0,3,5,3,0,0,0,1,0,2,0,2,1,0,0,1,1,1,0,0,3,0,0,0,0,0,6,7,1,1,0,1,0,9,1,1,0,1,0,0,2,2
2020-10,37,13,4,2,0,2,3,4,4,2,6,0,1,3,4,4,8,1,0,0,0,0,0,5,0,5,0,2,0,24,2,0,2,0,4,0,1,0,1,1,8,0,7,6,1,0,3,10,1,0,0,2,2,1,98,0
2020-10,38,45,14,2,1,27,15,7,4,1,6,1,3,15,6,49,6,3,1,3,5,1,0,3,0,9,1,2,1,49,11,0,3,0,38,0,0,1,13,2,21,1,15,19,5,1,3,22,0,5,6,5,1,4,174,6
2020-10,39,9,2,1,0,4,17,17,10,14,1,0,0,8,2,7,1,3,1,0,5,2,1,0,0,6,4,1,2,20,3,2,3,1,3,0,1,2,5,2,46,5,9,9,1,0,1,4,0,1,9,7,0,1,15,1
2020-10,40,22,7,2,1,3,22,11,2,1,4,1,1,7,10,9,1,0,0,5,8,3,1,0,0,5,0,3,2,16,7,2,4,0,17,0,0,0,5,2,35,4,16,10,1,0,1,3,1,3,0,3,0,2,223,1
2020-10,41,20,2,2,0,7,7,1,7,3,2,0,4,2,3,4,8,3,0,10,2,2,11,16,1,22,5,5,1,15,2,3,4,4,19,2,1,7,6,5,33,5,10,4,7,4,8,14,0,4,15,3,0,0,0,3
2020-10,42,46,15,2,0,9,26,11,8,3,4,0,9,7,6,48,5,3,0,3,3,6,6,0,3,9,0,4,0,19,22,3,4,2,32,0,2,1,6,1,92,1,14,9,3,0,13,10,5,4,6,3,1,6,71,1
2020-10,43,82,23,2,3,27,88,39,8,5,7,2,2,28,31,63,9,14,1,12,11,6,10,4,2,27,33,17,5,39,29,5,20,2,16,1,2,2,26,6,114,9,6,44,28,3,28,47,13,13,1,12,1,7,33,7
2020-10,44,61,44,5,5,26,75,25,10,25,2,1,1,34,24,74,6,10,2,1,6,17,11,0,1,14,11,9,2,44,31,4,14,3,6,0,3,3,16,11,103,2,15,57,21,4,11,22,11,12,4,10,1,13,41,7
2020-10,45,25,10,2,0,12,9,2,5,2,1,0,0,15,7,43,2,5,0,0,7,4,1,0,4,13,6,5,1,24,7,4,5,3,25,2,3,7,17,3,26,1,4,36,2,0,4,12,16,5,2,0,1,2,8,1
2020-10,46,55,34,6,4,25,32,14,8,6,9,2,2,22,9,68,34,9,0,8,6,2,6,5,0,33,4,20,2,37,22,8,6,2,10,1,5,3,12,1,92,8,15,40,21,1,15,34,23,13,2,3,0,7,15,4
2020-10,47,8,0,0,0,4,8,2,2,3,2,0,1,0,4,9,0,1,0,2,4,0,1,0,0,9,6,1,0,3,5,2,4,0,0,0,0,1,1,0,12,0,0,13,1,1,2,6,5,2,0,1,0,0,12,0
2020-10,48,29,17,3,0,10,4,0,5,2,2,2,1,9,10,31,6,4,1,5,3,2,2,0,0,15,5,4,1,15,9,1,7,3,16,1,6,11,14,3,38,1,24,35,10,1,10,21,6,9,0,2,0,3,1,1
2020-10,49,72,52,5,3,42,26,5,16,14,23,0,1,33,40,155,3,8,2,11,5,2,8,1,2,19,20,35,1,107,40,5,14,5,19,2,8,11,24,8,213,9,18,109,19,3,34,53,50,29,4,7,2,16,15,6
2020-10,50,29,4,0,0,10,10,1,1,2,1,0,0,2,0,22,0,0,1,1,2,2,1,22,2,5,5,10,0,6,2,2,3,2,0,0,0,0,8,1,42,2,6,15,7,0,5,8,1,2,1,0,0,1,8,0
2020-10,51,12,10,13,0,15,5,2,1,5,0,0,2,10,6,39,24,4,1,5,1,3,3,0,0,14,9,2,0,8,13,1,7,2,17,0,4,8,16,2,44,1,12,48,8,0,10,10,6,10,1,3,0,2,20,3
2020-10,52,55,34,12,0,35,7,1,3,2,1,0,1,4,6,61,42,2,0,1,3,0,2,0,2,13,0,7,1,9,4,2,9,3,10,1,1,3,5,5,65,0,27,18,4,2,10,26,2,3,2,2,1,4,0,1
2020-10,53,39,45,9,0,31,29,9,4,8,3,0,1,24,20,111,1,6,0,12,1,1,16,1,6,12,18,7,0,74,40,6,22,8,16,2,5,10,22,12,77,5,10,82,25,0,40,50,21,17,6,1,4,8,85,2
2020-10,54,0,0,0,0,0,1,1,1,0,0,0,7,1,0,6,1,1,0,0,0,0,0,0,0,12,0,5,0,2,2,0,2,1,2,0,0,1,6,1,18,2,0,12,0,0,2,2,5,3,0,1,0,0,64,0
2020-10,55,13,21,4,0,23,4,2,1,1,0,0,2,2,4,34,9,3,0,3,1,0,3,0,2,10,5,1,2,7,4,4,2,4,22,1,0,0,6,3,43,1,5,11,2,2,12,18,1,6,2,2,0,0,17,2
2020-10,56,69,44,3,4,25,4,3,10,11,0,0,0,10,5,67,65,10,1,11,8,4,3,4,1,17,3,5,0,98,7,24,16,10,9,3,2,3,11,9,78,5,52,14,9,8,24,53,0,2,5,7,4,16,0,2
2020-10,57,24,7,0,0,4,5,3,9,2,1,0,0,4,1,30,110,1,0,2,2,2,0,0,2,8,0,1,0,20,4,2,6,3,6,0,0,0,0,2,21,0,14,3,1,0,5,14,0,4,0,0,0,0,3,0
2020-10,58,58,7,30,1,28,16,6,10,29,0,0,0,12,3,81,280,10,0,3,8,4,5,1,3,33,6,6,1,68,9,4,2,2,37,0,3,16,5,1,84,4,12,15,12,2,12,28,3,2,6,4,1,3,0,4
2020-10,59,22,6,4,0,11,9,2,2,5,0,2,2,2,2,19,204,2,0,5,4,4,0,5,0,5,7,5,0,11,6,1,3,1,23,1,2,6,3,2,75,1,16,13,3,40,14,11,1,0,3,1,0,3,0,4
2020-10,60,39,9,2,0,17,20,3,15,9,2,0,0,23,9,49,136,10,2,5,9,8,3,2,0,14,4,9,2,124,9,4,4,6,24,1,0,4,5,6,59,8,15,7,12,2,15,35,2,1,7,1,0,2,1,1
2020-10,61,77,13,4,1,22,20,8,22,6,2,2,1,13,13,83,299,5,8,10,3,4,8,0,4,17,8,14,7,71,25,5,3,5,46,1,0,6,21,4,125,8,35,26,9,1,18,24,8,12,6,4,6,7,332,2
2020-10,62,32,8,2,1,11,5,2,3,4,1,0,0,3,5,15,79,3,0,1,2,0,2,0,4,9,0,2,0,23,5,2,5,1,18,2,8,10,5,0,51,4,11,6,3,6,4,3,0,3,0,1,0,1,1,0
2020-10,63,62,20,8,2,24,32,1,12,8,2,1,0,30,6,61,192,3,2,0,8,2,3,2,11,17,1,5,2,59,10,4,2,4,22,0,3,4,16,7,54,1,6,15,7,1,14,15,1,6,1,2,2,5,1,0
2020-10,64,35,34,2,3,3,14,1,2,19,0,0,1,11,3,24,12,5,3,2,2,2,3,1,2,9,2,11,3,142,4,10,6,4,11,0,0,0,7,0,76,11,16,11,2,2,7,11,0,0,2,1,2,0,0,2
2020-10,65,52,28,1,1,12,24,3,2,6,0,2,0,11,1,26,51,10,2,5,3,3,3,2,1,3,1,8,3,30,3,4,7,5,46,2,0,1,11,0,67,2,54,9,6,1,15,18,0,3,0,4,0,7,1,2
2020-10,66,81,33,20,2,39,40,8,19,17,5,4,2,17,21,119,116,11,1,4,6,4,4,2,12,26,10,10,11,99,25,6,11,8,55,2,2,2,19,6,103,4,20,23,19,2,21,42,7,18,4,4,1,12,33,4
2020-10,67,67,12,4,0,23,34,10,14,11,14,1,4,14,25,109,38,3,3,6,9,3,9,1,6,12,8,18,4,149,29,1,8,8,67,0,1,5,21,8,67,4,10,86,28,0,23,20,23,12,7,2,0,10,820,1
2020-10,68,27,20,5,1,19,45,16,4,10,13,0,2,9,22,81,15,7,3,6,14,1,7,1,2,23,14,19,1,105,21,0,5,2,21,1,3,7,13,4,57,5,14,37,14,0,5,26,25,18,5,3,2,1,486,1
2020-10,69,74,45,5,0,19,51,25,11,8,19,1,1,16,33,98,5,8,0,8,5,4,6,2,1,11,20,9,3,66,36,3,12,7,21,1,2,6,22,6,176,16,41,88,9,0,20,43,33,17,4,7,3,7,94,5
2020-10,70,61,34,9,3,37,8,5,5,32,0,2,1,26,6,125,36,4,2,14,0,3,10,7,6,39,8,14,1,81,15,10,10,12,29,0,0,12,19,0,115,15,22,36,14,4,26,35,1,7,4,7,0,10,38,8
2020-10,71,76,30,5,5,53,47,30,20,13,1,4,8,33,23,170,12,14,5,14,10,3,11,0,1,28,31,22,4,161,29,4,12,4,62,1,3,5,21,9,196,7,38,76,23,17,25,50,16,15,11,7,1,19,151,3
2020-10,72,8,6,1,1,24,7,0,0,18,0,1,1,22,4,74,0,2,0,6,2,0,7,2,1,18,7,11,0,5,4,3,10,5,60,1,0,1,10,1,35,12,9,68,16,8,22,29,2,5,2,4,1,14,1,16
2020-10,73,52,44,6,3,27,23,2,6,12,1,2,1,20,24,113,1,9,6,8,7,4,7,3,3,26,12,14,1,48,19,7,18,7,32,2,8,7,15,10,135,4,17,61,24,1,34,57,15,9,3,3,0,14,34,1
2020-10,74,7,7,1,1,15,3,1,2,15,0,0,0,6,1,44,0,5,2,3,3,1,0,0,0,16,6,2,0,27,2,8,7,6,25,1,3,10,1,0,27,5,12,23,4,1,21,18,0,0,2,5,0,2,2,4
2020-10,75,35,5,2,1,17,9,5,7,6,4,2,0,16,14,65,0,5,5,5,2,6,2,1,2,9,6,5,3,17,5,1,12,9,14,1,0,2,11,9,70,3,18,91,17,3,27,26,8,7,4,7,2,3,19,11
2020-10,76,8,0,3,0,3,7,0,7,6,0,0,1,8,0,11,2,1,0,0,1,1,0,1,0,4,3,3,0,0,0,1,1,0,3,0,0,0,1,0,9,1,0,2,1,0,2,6,0,0,1,0,0,0,0,0
2020-10,77,27,3,20,1,13,15,5,20,2,1,3,0,17,5,28,202,5,0,2,3,4,5,4,4,47,5,6,3,50,12,3,6,5,21,0,2,5,1,3,70,4,17,23,25,12,33,43,1,5,7,6,0,1,0,36
2020-11,0,2926,1237,363,52,1648,1357,470,1277,769,266,73,230,823,761,4096,7402,494,115,588,371,222,387,113,177,1422,721,532,189,3537,823,251,501,302,2552,53,216,408,677,526,4972,407,1341,1409,912,331,887,1463,357,467,251,279,31,216,2573,2304
2020-11,1,30,19,7,2,7,27,6,9,7,2,1,0,12,3,31,124,4,3,4,5,6,3,2,1,18,1,10,2,54,7,1,3,4,22,0,0,1,4,7,18,2,19,10,11,5,4,6,0,0,4,2,0,3,0,54
2020-11,2,115,18,10,0,20,25,8,19,25,2,1,5,24,7,82,75,9,2,5,6,10,4,1,6,26,2,15,2,91,23,2,14,3,71,0,2,6,9,29,63,13,33,41,50,6,34,78,6,8,4,15,0,7,0,68
2020-11,3,28,0,4,3,4,19,2,13,5,2,1,1,11,20,9,188,3,2,3,8,1,7,4,0,16,2,3,5,41,18,4,5,5,17,0,0,7,6,2,15,3,13,12,6,6,5,8,0,2,6,2,1,2,0,81
2020-11,4,31,6,11,0,17,8,2,23,12,3,0,47,13,9,29,109,8,3,9,6,1,19,3,1,14,1,34,4,55,11,3,5,9,3,0,0,4,3,12,18,5,28,11,19,3,9,41,3,4,11,17,0,0,0,111
2020-11,5,16,7,7,1,37,9,1,18,6,1,0,1,7,5,35,116,19,1,8,3,3,6,1,3,27,2,7,0,56,5,2,9,8,41,0,1,7,5,8,35,4,17,21,13,5,10,37,0,7,4,4,1,3,0,105
2020-11,6,35,9,13,0,43,26,4,69,16,1,4,5,19,11,52,205,11,1,12,4,3,3,3,1,24,4,8,21,166,39,2,16,5,47,0,4,1,1,22,31,16,50,17,12,29,15,60,1,4,14,15,2,6,0,156
2020-11,7,24,5,12,1,23,15,2,39,5,1,0,6,10,14,44,125,18,2,15,11,4,5,3,0,19,6,7,4,75,31,3,8,39,75,1,6,14,4,13,48,4,26,15,17,7,23,26,0,5,8,21,2,3,0,133
2020-11,8,12,2,0,1,4,22,1,96,8,5,5,9,4,8,5,104,17,1,5,8,2,8,11,0,18,5,9,21,26,12,4,4,3,106,4,9,20,10,8,79,13,59,2,5,2,0,3,3,5,1,3,1,2,1,7
2020-11,9,4,10,0,0,10,6,0,14,13,0,0,0,1,0,33,0,1,0,2,2,0,15,2,0,10,1,3,0,1,1,3,4,2,4,0,0,1,2,4,8,1,1,9,11,2,7,9,1,0,2,4,1,1,0,14
2020-11,10,37,28,3,2,33,4,1,12,45,0,0,0,15,2,72,7,10,1,8,6,3,8,3,3,21,10,5,1,63,4,14,8,9,21,1,0,6,2,6,90,8,19,41,37,5,37,44,0,10,6,8,0,0,0,34
2020-11,11,32,15,1,1,12,8,3,18,7,2,1,2,6,2,50,21,11,0,2,5,3,3,1,0,14,2,8,0,80,6,9,4,5,28,0,1,0,1,7,29,7,19,17,18,0,18,30,2,1,2,0,0,0,0,71
2020-11,12,18,2,1,0,21,5,0,6,13,1,0,3,10,3,43,13,3,0,9,4,0,0,1,1,16,11,16,0,21,2,3,4,5,9,0,0,1,2,7,33,4,4,21,26,5,17,27,2,4,3,4,0,1,0,64
2020-11,13,16,6,3,0,8,10,1,14,11,0,0,1,11,4,20,42,5,1,1,0,3,1,0,0,6,6,11,1,17,11,3,4,1,11,0,0,1,4,3,26,6,5,10,10,1,6,16,0,3,4,2,0,2,0,44
2020-11,14,39,26,20,1,23,22,8,18,27,0,0,7,10,8,42,195,5,3,2,8,7,2,1,0,42,17,10,1,40,7,2,12,1,51,0,2,5,8,7,56,4,7,19,23,1,13,27,1,4,2,2,0,2,0,110
2020-11,15,74,6,4,1,41,22,7,40,24,0,1,1,13,10,102,93,19,5,14,8,8,11,3,1,25,14,5,0,166,15,11,10,6,26,3,4,9,7,21,110,11,20,42,26,23,54,46,4,5,7,3,1,4,0,127
2020-11,16,80,21,23,1,43,13,5,31,19,0,1,14,15,14,69,244,8,3,15,8,2,6,0,1,55,30,12,5,111,8,2,9,3,58,0,5,4,24,10,77,2,26,38,36,18,41,38,3,9,6,10,1,1,0,167
2020-11,17,53,29,7,1,32,17,3,17,14,1,1,0,8,8,94,18,14,0,13,4,4,3,0,1,14,7,4,2,50,5,3,7,2,25,0,0,0,6,6,106,8,24,21,14,5,32,43,6,4,1,3,1,2,0,29
2020-11,18,9,5,3,0,8,7,0,8,8,1,0,0,4,2,7,24,1,1,1,4,0,1,0,0,3,4,1,0,18,5,1,2,0,13,0,2,4,2,2,27,0,9,1,7,0,9,5,0,1,1,1,0,0,1,5
2020-11,19,99,21,16,1,59,21,12,25,19,3,0,1,17,15,112,140,9,3,19,4,5,5,0,6,34,16,2,1,95,10,2,15,10,120,5,0,8,11,5,161,1,20,26,30,26,23,23,6,7,2,10,0,4,0,18
2020-11,20,23,4,11,0,19,7,2,8,7,0,0,0,2,6,45,60,5,0,1,2,0,0,3,1,10,5,2,1,30,9,0,9,0,14,1,1,4,4,3,47,2,1,6,8,1,5,19,0,0,2,0,0,1,2,13
2020-11,21,33,13,9,0,27,6,3,20,8,2,1,1,7,9,52,250,7,0,1,9,0,4,0,5,13,15,7,2,58,6,0,6,5,54,2,2,6,9,1,48,9,15,13,24,8,13,18,1,3,4,4,0,1,0,62
2020-11,22,48,10,20,3,79,23,5,39,24,6,7,2,19,17,78,390,29,2,12,15,1,5,1,8,28,40,7,5,146,32,1,18,5,79,2,5,6,5,9,65,16,79,12,23,3,15,36,2,0,11,12,2,3,0,183
2020-11,23,69,16,7,1,54,28,17,22,10,13,1,6,16,27,118,117,4,2,24,19,4,6,1,5,11,16,5,2,110,22,5,9,2,24,2,2,4,10,11,69,6,22,19,6,7,17,9,15,8,5,8,0,0,183,25
2020-11,24,57,17,21,1,85,39,3,71,24,4,7,1,28,31,114,629,24,2,19,20,7,18,4,5,36,52,7,16,231,26,8,14,18,69,0,6,10,6,10,131,6,17,15,17,4,10,22,7,6,12,6,0,4,5,144
2020-11,25,147,48,12,0,56,52,33,30,19,24,2,1,36,64,212,90,10,8,53,18,7,14,4,5,31,19,21,8,123,40,6,14,5,81,0,2,8,28,14,121,16,53,55,31,2,32,38,10,18,6,10,4,6,542,28
2020-11,26,40,3,7,0,9,26,8,2,4,4,1,1,4,15,41,38,7,0,12,2,3,1,0,3,7,9,5,1,21,11,3,2,4,20,0,3,2,3,2,48,3,20,6,1,0,5,4,6,5,2,0,0,7,562,1
2020-11,27,44,22,3,2,19,21,11,7,6,12,1,4,5,32,45,40,3,1,10,3,1,0,3,1,11,12,3,2,57,15,5,3,1,16,0,0,9,20,11,68,5,31,9,6,1,1,3,7,9,1,3,1,1,354,7
2020-11,28,39,3,3,1,23,10,9,53,10,5,1,5,7,11,40,251,6,1,6,8,4,5,4,2,20,5,5,16,48,14,7,9,6,66,0,4,17,12,14,120,14,59,9,6,2,10,6,1,8,4,6,0,2,57,22
2020-11,29,53,4,6,0,17,33,15,6,8,36,0,1,11,25,77,62,7,2,11,6,1,6,1,7,27,6,8,2,94,13,5,7,1,54,4,6,1,13,5,130,10,14,14,7,1,6,15,8,6,1,1,0,2,838,3
2020-11,30,63,24,4,1,28,21,9,28,17,4,7,2,7,25,102,315,4,2,4,8,12,8,1,7,29,6,9,1,105,15,6,9,5,80,0,7,9,16,3,84,9,5,9,11,12,11,25,2,10,34,3,0,2,20,12
2020-11,31,27,6,3,0,16,16,1,25,3,4,0,0,13,13,34,319,7,5,0,10,3,4,2,6,19,6,7,3,37,23,3,3,7,71,0,0,6,10,6,155,6,12,4,1,3,2,21,5,6,3,1,0,0,5,3
2020-11,32,33,1,6,1,0,6,1,57,5,0,0,2,7,3,0,200,10,0,1,2,0,3,2,0,18,0,7,6,8,1,6,6,5,22,0,4,0,2,6,48,4,27,1,0,0,0,1,0,4,0,1,0,0,0,0
2020-11,33,4,2,0,0,2,6,1,12,1,0,0,2,2,1,10,58,11,0,3,2,0,2,0,0,14,5,2,2,6,11,4,0,0,23,1,1,7,0,9,28,2,17,0,2,0,0,0,0,0,0,1,0,1,0,4
2020-11,34,6,1,1,1,3,2,3,8,2,3,0,0,3,10,12,107,7,0,4,1,7,0,0,0,6,3,0,2,23,2,0,1,1,10,0,0,1,1,5,76,0,10,0,2,5,2,5,0,0,1,0,0,0,0,3
2020-11,35,9,3,0,0,3,10,6,13,4,0,2,7,2,0,4,13,1,0,1,2,1,0,0,1,4,3,2,1,7,3,1,1,1,13,0,0,1,4,0,20,6,14,0,3,0,1,4,0,1,0,1,0,3,0,3
2020-11,36,7,1,0,0,1,5,2,0,0,0,0,1,1,1,2,0,0,0,1,0,0,0,0,0,1,0,0,0,2,1,0,0,0,7,0,2,2,5,2,4,1,2,2,0,0,0,1,0,4,0,0,0,0,0,3
2020-11,37,6,1,2,0,2,3,4,2,1,0,0,1,0,3,7,10,0,0,2,1,0,1,0,0,9,3,2,1,11,0,0,0,0,12,0,0,2,2,2,6,1,4,7,3,0,1,0,1,1,0,0,0,2,0,0
2020-11,38,30,6,1,0,10,19,13,6,4,4,1,12,5,8,26,10,5,0,6,1,0,1,2,1,18,10,2,0,26,7,2,5,3,29,0,6,7,9,4,79,11,27,17,1,2,0,7,2,4,0,1,0,3,0,6
2020-11,39,9,6,1,0,4,12,8,6,1,1,1,1,5,3,14,5,2,2,1,2,0,0,1,0,13,2,2,0,8,0,1,6,1,10,0,0,1,4,1,5,3,1,1,2,2,5,10,0,1,2,2,0,0,0,5
2020-11,40,28,2,0,2,1,14,9,1,2,1,0,7,7,5,18,11,2,0,2,0,3,0,0,1,10,0,1,1,4,8,0,6,0,22,1,2,3,7,3,36,3,9,8,1,0,0,1,2,1,0,0,0,1,0,3
2020-11,41,12,2,0,0,7,18,2,16,9,1,0,1,14,0,11,15,1,0,7,2,0,0,0,0,11,8,4,3,8,4,1,1,1,49,2,0,1,1,4,21,4,18,9,3,4,7,6,0,2,10,4,0,2,0,11
2020-11,42,27,9,7,0,14,31,12,3,6,3,1,9,10,4,32,6,1,0,3,4,2,12,0,2,7,51,5,3,14,8,4,5,1,3,0,0,2,2,4,74,2,30,9,18,0,2,3,5,5,2,2,0,4,0,8
2020-11,43,101,37,6,1,21,88,41,11,5,5,3,5,9,22,68,2,10,5,3,7,7,6,1,1,23,16,10,2,24,37,2,15,2,87,0,15,8,24,11,112,8,16,16,17,1,16,26,9,12,2,5,1,9,0,7
2020-11,44,53,49,1,6,27,48,10,19,15,6,1,2,17,17,76,1,8,2,12,5,5,2,1,0,7,21,7,2,25,8,3,15,3,19,0,1,3,10,10,151,3,25,41,19,0,12,21,18,9,2,6,0,6,0,6
2020-11,45,25,10,1,1,13,4,2,4,4,0,0,3,12,5,50,2,2,0,3,1,1,4,0,3,6,13,2,0,11,6,2,1,1,8,0,1,3,5,2,66,6,2,24,13,0,5,7,7,2,2,0,0,0,0,3
2020-11,46,62,37,6,2,27,48,20,16,5,11,5,0,17,8,67,31,2,4,12,7,3,11,0,7,19,3,11,0,23,19,9,5,6,44,0,2,5,20,5,82,2,8,27,17,0,10,21,15,20,1,3,0,4,0,5
2020-11,47,0,1,0,0,1,0,0,0,1,0,0,0,0,1,6,3,0,0,3,1,0,0,0,0,3,2,3,0,2,3,0,1,0,1,0,0,1,8,0,5,0,4,5,1,0,3,3,4,4,0,0,0,0,0,0
2020-11,48,23,9,1,0,13,5,1,12,4,0,0,2,8,2,45,8,2,2,2,2,0,10,1,1,21,0,3,1,9,5,2,5,1,44,1,2,10,10,6,79,3,8,14,18,0,8,22,2,6,2,2,1,4,0,6
2020-11,49,83,55,2,1,30,39,14,7,13,9,1,1,32,42,131,9,13,2,10,2,3,3,2,1,22,30,10,3,95,17,6,15,14,43,4,8,17,33,15,254,7,14,82,29,1,25,40,40,10,0,8,0,13,0,7
2020-11,50,11,0,3,0,8,5,3,4,4,3,0,0,2,3,31,2,2,1,2,1,0,2,1,0,11,1,1,0,8,2,1,1,2,0,0,0,0,3,2,13,1,4,10,0,0,7,4,4,5,1,0,1,2,0,3
2020-11,51,12,26,1,0,12,8,5,8,5,1,0,2,11,3,37,33,3,0,6,3,1,2,3,2,6,10,3,2,7,2,4,10,3,18,0,0,16,6,8,89,3,4,36,7,0,6,8,6,8,0,8,0,1,1,7
2020-11,52,38,40,2,0,31,4,2,0,4,5,0,1,6,3,46,65,1,0,6,0,3,2,0,0,4,7,3,2,2,3,1,8,12,7,0,0,2,10,10,41,1,3,11,7,17,11,7,4,1,1,2,0,3,0,5
2020-11,53,38,39,2,2,33,13,7,3,12,6,4,2,18,24,95,7,9,3,9,3,1,8,0,1,33,12,7,1,60,18,1,13,1,13,1,12,9,26,9,54,2,8,52,22,0,21,17,23,29,2,7,1,12,0,10
2020-11,54,0,0,0,0,0,5,3,0,2,0,0,5,3,4,3,0,0,0,0,0,1,0,0,0,18,3,0,0,1,1,0,1,0,0,0,0,2,0,0,6,1,0,6,1,0,0,1,2,3,0,0,0,0,0,1
2020-11,55,10,20,0,0,26,5,2,2,0,0,0,4,9,1,30,13,1,0,5,0,0,4,0,3,8,6,1,0,1,2,3,2,2,12,0,2,2,2,0,29,2,3,2,1,0,8,8,0,6,0,1,0,0,0,1
2020-11,56,39,64,4,0,32,5,0,15,17,2,0,0,12,1,52,90,6,1,10,15,7,5,2,2,19,4,3,3,49,15,3,6,6,68,1,2,15,9,8,85,5,29,8,11,9,23,41,0,0,1,3,0,5,0,5
2020-11,57,24,15,0,1,9,6,0,9,5,0,0,0,3,4,19,177,2,0,1,0,1,0,0,3,9,3,2,1,12,3,0,2,6,24,1,2,3,1,5,51,4,6,4,0,8,6,4,0,1,1,0,0,1,0,2
2020-11,58,44,7,5,0,24,17,1,18,14,1,0,0,5,7,58,353,10,2,4,6,0,3,2,3,28,2,1,2,28,5,4,6,1,38,1,5,7,22,5,79,3,10,2,13,0,7,23,2,8,3,0,1,1,0,7
2020-11,59,13,7,1,0,4,3,0,7,3,2,0,0,4,4,27,340,2,0,0,4,0,1,3,1,14,2,6,3,7,1,0,1,1,29,1,1,6,2,2,64,1,15,7,8,12,5,8,1,0,2,1,0,1,0,2
2020-11,60,34,12,4,1,23,9,3,13,1,5,1,0,4,7,36,183,7,0,6,11,3,0,1,0,9,12,1,2,69,7,4,3,2,19,0,0,7,1,5,48,6,29,7,8,3,5,18,1,0,4,0,0,0,0,14
2020-11,61,57,11,7,1,26,25,9,25,11,5,0,2,10,8,89,243,1,0,9,5,0,8,1,4,42,16,16,1,50,19,0,9,2,52,0,4,7,17,5,58,0,22,18,16,1,14,30,7,9,1,1,1,2,0,3
2020-11,62,42,16,1,0,5,3,1,6,1,0,0,0,4,0,22,130,2,0,11,2,0,4,1,6,6,2,8,2,19,1,3,2,1,8,1,2,3,5,2,45,1,4,8,1,1,2,7,1,0,0,2,0,0,0,1
2020-11,63,57,9,4,0,19,22,2,16,10,1,2,0,13,6,67,298,3,3,8,2,1,3,2,2,67,5,10,0,32,7,4,2,1,17,2,2,7,16,5,40,7,3,10,6,3,11,13,3,13,2,0,0,1,0,4
2020-11,64,41,37,1,0,15,4,1,7,8,0,0,0,11,0,18,23,7,3,2,1,1,1,1,0,8,0,1,0,111,8,11,2,1,14,0,0,3,3,5,48,5,8,6,1,0,8,8,0,0,1,3,1,1,0,7
2020-11,65,59,26,1,2,13,13,1,9,9,1,1,0,6,0,38,77,0,0,4,4,1,2,1,6,14,3,4,2,18,3,8,7,0,21,0,0,2,6,4,51,8,31,7,5,10,4,18,0,2,1,2,1,2,0,9
2020-11,66,73,43,7,0,56,30,16,10,24,2,2,2,20,15,112,140,2,4,14,6,3,35,0,17,56,8,5,1,74,18,5,13,4,30,2,5,4,19,20,82,4,21,15,13,1,20,24,0,16,2,5,1,8,0,5
2020-11,67,69,4,4,0,32,46,10,10,14,6,1,0,15,17,114,47,3,2,14,3,5,7,0,3,9,2,18,0,76,14,1,4,0,88,0,2,5,16,6,51,2,13,50,13,3,20,17,23,10,4,3,0,5,1,3
2020-11,68,40,24,6,2,23,37,15,10,15,10,0,4,14,14,84,32,7,1,6,8,4,3,0,5,9,8,10,2,55,19,2,5,1,11,0,5,5,18,8,104,8,25,31,11,2,8,23,24,22,4,3,0,1,0,0
2020-11,69,61,54,2,1,25,56,25,24,15,10,0,2,29,23,83,11,5,2,27,2,6,2,1,2,25,23,17,0,44,21,3,11,4,35,0,0,1,13,9,110,10,30,33,3,0,13,18,21,17,3,2,1,9,0,5
2020-11,70,36,24,2,2,32,10,0,9,22,3,0,5,18,10,110,48,5,3,8,2,3,8,2,5,51,7,15,2,44,10,4,10,7,65,1,4,4,15,4,146,13,18,23,22,5,9,17,1,10,1,4,0,8,0,9
2020-11,71,56,49,6,0,44,55,18,14,17,5,1,7,32,15,149,16,20,4,21,0,19,16,1,5,20,27,13,0,87,15,5,18,6,70,1,29,9,25,22,79,10,20,44,19,0,32,43,17,24,2,2,1,11,0,10
2020-11,72,10,8,2,0,17,3,0,6,4,0,1,3,15,2,71,4,1,2,9,8,2,9,0,0,5,13,27,1,9,3,5,12,3,32,1,2,4,7,5,31,12,7,71,12,1,10,12,1,3,3,3,0,6,1,58
2020-11,73,70,26,1,0,30,10,5,12,26,0,0,2,18,16,74,7,15,5,4,0,10,11,4,1,16,14,7,2,33,18,4,8,5,27,6,14,13,20,11,170,2,12,56,16,0,19,24,3,12,4,6,0,7,0,7
2020-11,74,13,11,0,0,16,2,0,8,7,1,0,0,3,0,58,2,3,2,5,3,0,3,0,0,29,12,8,0,15,1,6,4,3,5,0,0,8,2,1,28,5,3,15,4,3,11,14,0,0,1,3,0,0,0,5
2020-11,75,21,16,2,0,23,11,1,7,10,13,0,3,11,14,84,0,3,2,11,7,8,7,12,4,23,14,7,0,2,9,0,4,4,3,0,2,2,14,0,65,3,25,45,13,1,16,22,5,14,2,0,0,4,0,29
2020-11,76,8,0,0,0,1,3,0,8,1,1,0,0,8,0,3,3,0,0,1,1,1,0,0,2,5,2,1,0,0,0,0,0,0,4,0,1,3,2,1,7,3,6,9,1,0,2,5,0,2,0,0,0,0,0,3
2020-11,77,37,12,9,0,13,21,9,24,2,0,1,3,3,5,18,163,9,1,9,8,1,5,2,2,22,1,8,4,32,12,3,3,5,20,0,2,4,3,7,36,5,19,15,17,43,8,68,1,4,8,2,2,1,0,108
2020-12,0,2658,979,564,66,1755,1327,544,1080,1002,226,109,209,708,703,4035,15964,365,112,921,336,333,320,208,276,3345,780,344,221,3465,1010,239,453,287,2193,75,179,389,632,261,3195,395,1503,669,319,163,538,789,283,348,335,301,64,281,0,469
2020-12,1,40,8,8,0,12,29,7,6,9,1,2,0,10,5,19,395,8,0,0,8,3,4,18,6,20,1,3,1,66,17,0,12,0,17,1,2,8,3,3,13,2,23,6,10,1,12,25,0,3,8,3,1,0,0,18
2020-12,2,66,17,14,6,32,29,5,31,31,0,2,3,10,12,58,231,6,1,6,7,6,4,1,3,42,13,9,4,76,28,4,13,9,28,3,2,3,3,3,15,3,47,15,13,11,18,74,1,4,8,16,4,5,0,8
2020-12,3,29,3,3,0,12,34,18,21,14,3,0,2,6,16,12,570,4,0,14,7,1,1,0,3,25,8,4,6,36,12,4,3,4,21,0,0,9,2,4,33,7,13,1,3,3,2,5,1,5,7,7,0,1,0,18
2020-12,4,22,11,4,2,16,14,6,18,28,1,1,59,9,6,23,421,8,1,4,2,9,0,2,1,48,10,16,5,45,11,3,6,2,39,0,0,1,6,1,23,2,15,7,5,3,5,9,4,2,14,17,2,1,0,17
2020-12,5,25,8,7,0,21,10,1,20,6,0,1,5,24,6,50,399,15,0,9,4,2,5,0,0,26,8,2,4,58,7,2,5,9,24,0,0,4,1,6,60,2,18,8,8,2,7,11,0,6,9,8,1,0,0,20
2020-12,6,22,7,15,2,39,19,10,105,22,2,4,7,17,10,57,698,12,1,28,10,2,11,0,6,42,15,9,12,146,24,8,11,7,16,2,2,11,3,6,62,1,35,6,5,3,13,14,1,1,27,13,2,9,0,25
2020-12,7,11,3,13,2,28,9,1,37,16,0,3,2,10,12,29,458,15,1,11,7,5,8,1,0,68,6,2,5,72,42,5,8,13,28,0,1,5,3,11,47,6,41,5,5,3,7,7,4,0,16,17,2,1,0,27
2020-12,8,12,6,3,1,6,21,17,90,14,5,2,6,6,15,11,196,11,1,19,4,3,1,32,0,47,4,5,15,29,17,2,4,3,46,1,1,3,5,4,90,8,60,7,2,0,3,5,2,2,11,5,1,4,0,3
2020-12,9,6,11,1,0,15,4,0,9,5,0,0,0,2,0,12,1,3,0,0,2,2,1,1,1,17,3,1,2,1,1,3,10,1,4,0,0,1,2,0,16,2,3,3,5,1,9,5,0,0,8,2,0,1,0,2
2020-12,10,25,15,11,3,55,13,0,20,48,1,2,1,8,3,60,14,5,1,8,6,3,2,2,1,80,16,4,0,45,1,11,10,6,30,0,0,5,3,3,57,3,9,15,3,5,14,22,6,1,6,9,1,5,0,7
2020-12,11,26,11,3,0,20,5,1,14,18,0,0,0,9,1,39,31,3,3,10,3,0,2,0,0,41,1,2,0,72,8,5,4,5,14,1,2,2,2,1,51,1,12,3,3,0,9,5,5,1,4,1,1,1,0,10
2020-12,12,7,2,0,0,18,1,1,5,8,0,0,0,14,1,49,39,2,2,12,0,0,1,0,0,25,7,1,0,11,3,3,1,5,10,0,1,0,0,3,18,4,26,7,12,5,11,13,0,0,11,0,1,1,0,9
2020-12,13,12,5,2,0,11,5,1,6,8,3,0,1,3,4,13,122,1,0,6,3,0,1,1,0,2,1,3,1,11,6,0,2,5,27,1,1,3,4,2,20,1,8,6,1,3,5,3,0,0,1,3,0,1,0,4
2020-12,14,39,8,17,0,18,26,4,15,11,0,1,0,18,11,50,567,7,1,9,7,2,0,1,4,23,15,1,2,56,15,5,6,3,53,0,1,5,3,3,41,2,7,4,11,3,7,12,0,0,5,7,1,3,0,16
2020-12,15,72,12,13,1,43,25,3,22,26,0,3,2,10,6,128,219,9,2,17,11,18,11,1,4,40,12,1,7,122,24,10,19,12,32,0,1,0,1,6,85,7,32,8,9,11,13,12,1,4,5,8,1,8,0,18
2020-12,16,75,25,14,0,45,14,7,18,18,0,4,2,4,6,78,652,8,2,20,10,3,10,1,1,57,32,2,1,90,21,2,6,6,49,2,7,6,4,2,72,7,28,22,13,11,10,28,0,3,11,11,5,6,0,34
2020-12,17,45,34,9,2,35,14,3,15,21,1,3,1,5,4,74,51,2,2,18,4,1,4,0,8,91,22,0,6,98,19,0,6,8,8,0,2,1,6,5,33,3,8,8,10,18,12,27,2,3,5,5,1,6,0,2
2020-12,18,10,4,2,0,12,5,1,6,3,0,0,0,4,4,25,72,1,3,8,0,0,8,0,0,38,2,0,0,8,5,2,6,6,8,0,0,4,2,1,9,1,7,3,4,0,1,1,0,0,0,3,0,3,0,3
2020-12,19,70,7,14,3,46,24,6,19,35,1,2,1,17,5,137,443,7,9,27,5,38,6,3,12,67,16,6,3,84,10,8,13,5,57,3,4,7,7,4,75,6,23,7,6,1,14,27,2,6,7,10,8,5,0,1
2020-12,20,24,4,9,0,9,12,3,6,10,0,0,0,6,1,37,185,1,0,7,1,5,1,1,2,19,4,1,0,25,5,1,9,1,26,0,0,2,3,0,46,7,0,0,2,1,18,7,1,2,2,0,1,2,0,3
2020-12,21,44,10,18,2,28,14,6,13,6,2,1,0,13,5,49,697,4,0,9,6,1,5,2,11,36,26,4,3,59,8,2,2,2,20,1,3,1,5,1,24,1,11,6,6,4,5,10,0,0,4,0,0,3,0,12
2020-12,22,54,15,21,1,56,24,10,32,12,2,2,3,18,10,70,1423,10,1,14,13,3,17,2,11,66,25,3,2,121,28,5,8,15,39,4,5,12,6,7,56,4,70,14,12,18,15,21,4,2,18,3,1,2,0,48
2020-12,23,70,17,24,0,49,32,28,17,12,13,4,3,13,45,117,347,4,4,33,15,7,9,1,11,27,11,5,3,109,33,3,11,2,63,0,4,9,27,5,91,7,25,11,3,2,12,22,3,11,3,7,0,5,0,12
2020-12,24,55,20,18,0,89,42,3,61,36,3,1,1,28,19,100,2027,22,2,36,20,2,20,6,6,124,57,10,10,190,35,2,15,8,93,1,2,12,13,10,101,10,35,10,4,10,10,37,0,5,22,18,2,4,0,49
2020-12,25,158,35,22,7,73,70,26,28,31,16,3,0,26,33,212,151,14,7,70,10,14,12,6,13,92,24,15,6,138,64,3,16,11,54,0,2,5,49,16,96,18,34,40,13,1,18,16,17,12,5,9,0,12,0,2
2020-12,26,37,2,6,0,22,22,12,4,8,17,2,0,5,14,62,50,1,4,14,5,9,2,1,2,17,9,6,0,26,13,1,1,3,15,8,5,1,6,3,11,2,6,14,3,0,2,8,10,1,0,0,0,1,0,0
2020-12,27,40,22,5,0,17,25,5,0,10,19,1,0,6,28,73,57,2,3,50,3,1,2,1,1,31,25,5,4,61,13,1,3,6,22,0,0,7,5,5,7,1,16,4,1,1,2,2,8,2,0,2,1,1,0,0
2020-12,28,27,10,3,1,22,16,8,60,9,3,4,7,6,16,34,352,5,0,10,4,2,3,0,0,106,11,2,10,49,13,12,6,5,55,0,4,16,12,8,132,4,75,6,2,0,10,12,2,2,3,7,1,1,0,3
2020-12,29,34,4,10,0,21,31,14,6,8,23,1,3,20,34,90,60,4,0,26,17,15,7,9,2,28,8,14,4,71,18,4,4,2,36,0,1,7,15,4,38,10,21,13,1,1,5,3,11,7,0,3,2,5,0,3
2020-12,30,68,17,33,0,37,29,12,22,7,1,5,0,9,20,97,534,1,3,19,13,4,3,0,17,111,8,16,2,91,11,4,13,11,75,0,1,8,21,1,56,1,9,4,3,1,8,17,4,2,2,2,0,0,0,0
2020-12,31,39,4,8,3,21,16,5,12,15,2,1,0,2,15,33,564,4,1,3,13,5,0,2,2,65,3,3,6,26,16,1,6,3,23,0,1,7,6,3,29,4,11,1,0,1,4,2,2,1,3,5,0,1,0,3
2020-12,32,14,1,2,0,0,8,3,26,7,1,3,3,1,3,1,342,9,0,1,3,0,2,4,1,10,1,4,7,12,4,0,0,4,19,1,0,0,2,6,40,7,47,1,0,0,1,1,0,5,4,1,0,2,0,0
2020-12,33,8,1,2,1,0,8,2,20,1,1,0,3,1,0,3,37,8,0,1,1,1,0,0,3,29,8,0,1,6,10,5,3,0,12,1,0,0,2,2,31,2,9,0,1,0,2,0,0,1,1,2,2,0,0,1
2020-12,34,6,1,1,0,1,1,1,3,3,0,0,0,0,6,12,160,1,0,2,0,0,0,0,1,4,0,0,3,16,3,1,0,1,8,0,0,1,0,2,27,3,9,0,1,0,0,9,0,0,0,0,0,0,0,0
2020-12,35,9,1,5,0,8,13,5,8,10,1,0,4,2,1,14,7,1,1,5,3,1,0,5,1,19,5,0,1,6,3,3,1,1,8,0,0,2,1,2,21,6,12,2,3,0,1,0,1,0,0,2,1,0,0,0
2020-12,36,6,1,0,0,0,3,5,0,0,0,0,4,1,0,2,1,1,0,2,0,0,0,0,0,18,0,0,0,2,4,1,1,0,1,0,0,0,0,0,19,2,3,0,0,0,0,1,0,0,1,0,0,3,0,0
2020-12,37,2,0,1,0,3,5,0,0,3,0,1,0,4,0,14,16,0,0,1,0,1,1,0,2,19,0,0,1,8,1,0,0,1,7,0,0,0,1,1,4,3,12,1,7,0,0,2,3,2,0,0,0,0,0,0
2020-12,38,23,9,4,0,16,21,7,5,5,10,0,7,13,5,35,15,1,0,7,1,1,1,1,3,15,14,4,1,25,14,4,3,2,4,1,2,2,1,6,39,10,27,10,1,0,5,4,1,2,0,1,0,4,0,1
2020-12,39,23,6,0,1,9,17,9,6,14,2,0,8,1,2,15,3,2,1,7,1,0,0,0,0,6,0,2,1,10,5,2,2,0,3,0,0,2,4,0,6,2,7,1,1,0,0,3,0,1,2,2,1,1,0,2
2020-12,40,4,2,0,0,3,14,7,3,3,8,0,14,6,10,9,15,3,0,1,5,2,0,0,0,5,0,6,1,16,10,0,2,0,17,1,2,5,6,11,16,0,9,4,0,0,0,5,2,1,1,1,0,3,0,2
2020-12,41,7,4,0,0,9,8,5,6,0,0,1,2,7,0,15,12,2,0,0,0,0,2,0,0,16,1,1,7,17,3,5,1,3,13,2,1,2,2,0,11,4,40,0,7,4,3,1,0,0,6,3,0,0,0,4
2020-12,42,27,4,12,0,14,20,18,8,7,2,0,4,3,3,29,3,2,1,1,1,5,2,2,1,28,2,5,1,9,7,6,5,0,9,0,0,3,13,3,13,12,17,7,5,3,3,3,4,3,2,1,1,1,0,2
2020-12,43,77,23,19,1,25,104,57,11,10,5,2,3,9,17,74,7,6,1,25,12,6,17,2,0,85,17,11,2,28,58,2,6,3,166,1,15,14,29,11,59,13,22,8,6,0,3,9,10,13,4,2,2,5,0,4
2020-12,44,56,32,5,2,19,38,15,8,11,4,2,1,23,17,77,8,13,2,20,4,13,9,2,3,38,15,16,8,16,37,4,12,3,4,0,0,2,16,2,110,7,13,19,3,1,7,7,11,14,1,5,4,6,0,2
2020-12,45,17,9,0,1,17,8,1,1,3,2,0,2,4,6,32,9,2,0,8,5,2,0,3,1,14,7,2,2,4,4,0,12,1,10,0,0,5,7,2,43,5,12,9,1,0,6,1,7,2,0,0,0,5,0,2
2020-12,46,29,14,7,1,32,21,20,6,16,5,5,1,17,13,93,37,3,0,19,1,4,2,7,1,40,9,7,2,15,17,0,6,0,78,0,5,3,17,4,86,1,10,15,5,0,4,4,10,8,2,2,0,6,0,3
2020-12,47,1,0,3,0,5,0,3,0,1,0,0,3,1,3,11,0,0,0,3,2,1,2,0,0,12,0,1,0,1,4,1,3,0,7,0,0,0,1,0,0,0,0,4,1,0,1,1,1,4,0,0,0,2,0,0
2020-12,48,22,10,6,0,10,1,1,5,13,0,2,0,16,3,36,3,3,0,8,4,2,2,11,2,49,5,4,2,4,3,0,3,1,17,1,7,9,8,3,41,5,15,8,5,0,11,5,7,4,0,2,1,3,0,0
2020-12,49,68,55,5,1,37,24,9,3,31,6,1,5,18,35,132,36,8,4,10,6,4,6,1,3,67,21,6,3,83,24,4,18,7,62,2,8,18,26,4,111,27,24,47,9,1,21,27,22,18,2,7,2,17,0,0
2020-12,50,9,1,0,0,12,10,0,1,2,0,0,2,0,1,20,0,0,0,4,0,0,0,0,0,16,4,4,1,2,4,0,1,0,0,0,0,0,3,0,11,2,4,6,2,0,3,2,1,2,0,1,0,1,0,0
2020-12,51,12,8,9,0,11,4,10,7,6,1,0,2,27,2,34,31,1,0,14,1,5,0,3,3,29,9,8,2,7,2,0,4,0,7,0,2,6,12,1,14,6,33,13,4,0,4,3,4,6,1,2,0,3,0,3
2020-12,52,35,37,13,0,52,1,2,5,3,3,1,0,3,0,34,67,1,0,3,1,0,8,0,6,44,4,3,0,1,4,1,1,5,33,2,11,5,3,4,66,13,16,13,1,1,8,11,0,1,0,2,1,0,0,0
2020-12,53,48,26,6,1,29,23,8,3,8,6,0,4,11,29,60,8,9,3,17,2,17,5,25,7,55,22,9,2,54,9,0,13,2,14,1,5,13,21,3,42,3,10,20,4,1,16,15,14,26,3,1,1,20,0,6
2020-12,54,1,2,0,0,0,4,1,0,3,0,0,3,2,5,3,0,0,0,2,0,1,0,0,0,8,2,0,0,0,0,0,0,0,8,0,0,2,9,1,12,3,2,3,0,0,0,1,0,1,0,1,0,0,0,0
2020-12,55,16,9,3,0,22,2,0,1,1,1,0,0,4,1,22,16,1,0,1,0,0,2,5,3,18,13,1,0,4,1,1,4,4,27,1,2,7,1,1,77,0,9,0,0,1,7,9,0,0,1,3,0,3,0,0
2020-12,56,31,44,10,0,25,10,1,9,19,0,0,1,7,6,56,59,3,3,9,3,3,4,2,10,95,5,5,2,51,5,15,4,5,34,5,4,11,6,3,68,2,23,3,2,1,6,10,1,1,1,1,0,11,0,2
2020-12,57,40,2,6,1,6,4,0,10,4,0,0,0,8,1,22,158,1,0,3,0,0,2,0,7,37,1,2,3,17,5,3,2,3,15,1,2,5,6,3,8,1,7,1,1,0,2,5,0,4,0,0,0,2,0,0
2020-12,58,48,6,10,0,24,19,3,10,37,0,1,0,4,2,79,485,9,2,8,2,10,6,3,10,55,5,2,3,122,11,3,0,2,51,1,4,12,8,0,68,5,15,2,2,2,8,13,1,2,2,0,0,3,0,1
2020-12,59,16,6,6,0,12,5,1,11,7,1,0,0,3,0,31,456,4,1,5,2,2,0,2,1,21,8,0,4,17,2,0,3,1,27,1,0,2,2,0,11,2,7,2,0,8,6,11,2,2,2,2,0,1,0,1
2020-12,60,35,9,14,0,19,6,2,17,10,0,2,0,4,2,40,145,5,4,7,3,3,3,0,1,60,6,0,1,67,5,0,4,3,26,0,0,2,2,1,19,0,22,1,0,0,9,33,1,3,8,0,1,2,0,4
2020-12,61,64,9,18,1,29,16,14,23,7,3,4,1,8,5,51,229,2,1,16,7,7,6,0,10,144,26,9,4,68,15,2,5,1,55,4,4,12,10,1,35,7,39,12,3,1,20,9,6,14,3,2,0,2,0,0
2020-12,62,31,9,2,3,11,2,0,3,10,0,0,0,2,2,16,104,2,3,2,0,3,0,4,8,31,1,0,1,11,1,1,3,1,15,1,3,9,4,4,13,0,2,1,4,0,2,1,0,5,0,4,1,7,0,0
2020-12,63,55,13,2,1,29,18,4,10,7,0,6,0,14,5,58,312,1,0,12,2,2,8,1,8,42,10,5,3,53,5,5,5,2,40,1,3,4,26,2,17,2,8,2,5,0,5,6,2,11,2,0,0,2,0,1
2020-12,64,40,31,2,2,19,6,0,4,11,0,0,0,3,4,66,28,4,1,3,7,4,6,1,6,73,1,1,0,144,5,10,4,1,10,0,0,3,4,0,24,4,52,2,0,1,2,0,0,2,1,2,0,1,0,1
2020-12,65,51,31,3,0,12,10,2,3,11,1,0,0,8,1,31,64,4,2,4,0,3,6,0,6,54,3,1,6,25,3,10,5,5,30,2,5,7,11,0,36,4,8,4,2,0,5,1,1,4,1,2,0,2,0,1
2020-12,66,89,27,9,1,47,35,16,6,19,4,6,1,8,17,123,174,6,3,30,2,8,4,1,14,43,5,6,1,45,16,5,5,5,36,2,4,9,25,4,62,5,7,9,5,0,8,11,8,15,4,6,0,11,0,1
2020-12,67,52,9,7,1,27,23,16,7,8,6,0,2,12,13,125,67,1,1,31,6,8,5,1,6,41,38,12,1,73,29,0,15,1,20,0,7,3,12,2,36,5,11,20,5,0,7,5,14,14,11,0,0,9,0,1
2020-12,68,44,12,2,0,21,31,14,6,16,10,1,2,7,18,81,41,1,1,18,1,9,9,0,3,33,7,10,0,61,21,2,5,1,13,3,7,4,23,5,33,13,16,19,6,0,4,7,12,12,12,2,1,8,0,0
2020-12,69,51,29,1,1,25,36,26,13,21,15,2,1,15,38,81,6,11,6,23,5,8,3,2,4,14,23,10,0,30,39,3,11,4,37,1,3,7,22,11,78,7,45,17,1,0,5,6,23,7,7,6,1,4,0,4
2020-12,70,53,23,18,4,26,19,2,5,55,2,2,4,14,5,87,75,8,3,14,3,3,9,2,4,202,9,3,4,45,21,6,5,13,29,0,0,6,10,2,64,15,20,13,8,1,9,7,2,8,4,5,0,0,0,1
2020-12,71,59,47,2,2,45,52,21,12,16,2,2,2,22,20,156,17,6,4,25,5,14,10,0,6,36,18,5,7,119,25,1,10,6,50,3,4,5,17,6,73,12,21,10,5,0,9,25,10,22,6,4,0,11,0,3
2020-12,72,13,5,2,0,22,7,1,8,19,0,2,3,15,4,28,18,3,2,6,5,3,2,2,0,22,15,7,3,5,3,5,4,3,34,3,3,5,1,1,18,7,10,20,9,4,7,11,2,5,3,3,1,6,0,8
2020-12,73,36,27,2,2,42,12,4,6,28,2,2,0,18,18,82,3,3,4,7,4,6,7,3,1,50,15,7,0,21,12,3,9,2,40,2,0,5,19,6,69,8,15,18,6,0,10,14,4,6,1,4,0,7,0,3
2020-12,74,8,16,0,0,13,3,1,8,5,0,0,0,6,1,58,1,7,1,6,0,1,0,0,0,23,9,2,0,14,6,3,3,1,16,0,4,4,1,5,9,6,6,25,3,2,6,4,0,3,2,4,2,0,0,0
2020-12,75,28,9,3,0,21,4,1,8,17,3,1,4,11,7,63,1,3,2,10,2,2,6,14,0,61,6,4,1,10,11,3,8,6,19,2,5,6,6,1,26,12,14,30,4,3,9,10,4,3,0,2,1,9,0,2
2020-12,76,0,0,2,0,3,2,0,6,3,0,0,0,3,0,4,0,0,0,0,0,0,0,1,0,19,3,1,1,0,0,0,1,2,7,1,0,1,0,1,4,1,5,0,0,1,0,1,0,0,1,0,0,0,0,0
2020-12,77,30,2,10,2,15,15,2,21,6,0,5,4,4,5,22,662,5,0,3,4,2,2,3,2,24,4,3,4,29,11,3,2,3,23,0,2,1,4,3,18,4,60,3,3,3,12,13,1,3,8,10,0,0,0,26
2021-01,0,3053,816,714,35,1845,1214,464,845,778,127,102,186,532,502,3756,7161,272,130,473,255,331,360,104,315,4251,861,322,209,3011,1273,191,343,517,1907,52,138,398,626,154,2911,411,1640,528,176,186,429,603,286,366,322,125,46,202,0,97
2021-01,1,35,7,8,1,8,26,11,4,19,0,2,0,1,6,13,149,5,4,2,1,1,3,1,3,26,4,4,2,50,11,1,2,2,21,0,2,5,2,0,22,1,9,1,0,7,3,2,0,2,11,7,1,0,0,5
2021-01,2,65,9,40,3,23,31,6,10,19,0,2,0,9,6,47,104,8,0,6,7,6,3,0,7,126,8,4,7,95,16,7,7,24,26,0,1,6,6,3,28,11,12,3,13,6,15,19,0,1,9,2,0,3,0,7
2021-01,3,20,5,6,0,10,35,10,24,5,0,1,2,3,10,14,196,3,0,9,4,2,2,0,0,61,2,4,8,69,13,1,3,7,27,0,0,2,5,6,24,1,28,0,1,1,2,4,0,2,16,2,2,1,0,3
2021-01,4,34,6,34,0,27,4,1,20,10,0,4,15,3,3,26,118,5,4,4,3,7,6,1,2,86,11,7,1,36,14,0,1,7,28,1,4,4,6,2,11,3,16,2,0,3,1,8,2,3,8,3,0,0,0,3
2021-01,5,23,6,23,0,45,8,0,12,16,0,2,9,2,0,47,93,5,1,4,2,7,3,1,2,67,6,2,3,60,5,0,5,7,20,0,0,4,6,0,37,5,14,5,11,1,4,21,1,1,15,4,0,3,0,9
2021-01,6,20,9,44,3,42,23,3,76,8,0,2,1,9,9,49,272,7,3,13,8,1,10,0,3,110,21,4,19,115,25,6,5,8,23,0,1,5,10,2,28,9,44,5,5,9,8,20,0,4,20,10,1,0,0,9
2021-01,7,19,9,17,0,46,21,2,40,12,1,2,1,8,6,34,119,7,1,6,2,7,3,3,3,78,1,5,7,50,50,2,6,27,20,1,0,1,2,7,49,7,42,5,3,2,4,15,4,1,12,6,1,1,0,4
2021-01,8,16,5,0,1,5,22,3,69,5,0,2,4,2,9,12,133,13,1,7,5,1,6,0,3,73,2,0,14,20,13,2,3,11,46,0,1,7,3,3,64,11,56,0,0,0,1,2,0,3,7,2,0,2,0,0
2021-01,9,5,5,2,0,10,3,0,2,7,0,0,0,3,1,16,0,2,1,1,3,1,0,0,0,30,2,0,2,0,2,1,4,0,3,0,0,2,0,0,6,1,0,2,0,0,7,4,0,0,2,0,1,0,0,1
2021-01,10,31,16,4,0,41,5,0,21,52,0,0,2,0,4,55,9,3,2,9,6,7,4,1,0,95,8,1,1,36,7,9,5,10,24,0,0,4,4,1,54,4,11,4,3,9,23,16,2,2,9,5,3,0,0,0
2021-01,11,21,10,3,0,28,10,2,10,24,0,4,1,5,5,50,16,3,4,6,3,7,3,4,0,70,5,1,0,61,10,4,6,24,20,2,0,4,1,1,28,1,5,3,0,2,7,4,0,0,6,0,0,2,0,3
2021-01,12,6,5,1,0,31,3,0,2,15,0,1,0,4,1,35,10,1,1,1,2,2,1,0,1,50,13,10,1,11,2,0,3,8,26,0,0,2,1,1,21,1,31,3,4,11,7,8,0,2,3,1,0,4,0,1
2021-01,13,18,6,6,1,12,6,2,6,2,0,0,1,4,1,17,67,5,0,2,1,1,6,0,0,62,6,3,0,5,4,1,3,10,17,0,1,1,1,0,13,5,20,1,2,2,2,4,1,0,0,2,0,0,0,0
2021-01,14,25,9,27,0,30,16,4,26,14,0,1,1,8,4,68,153,4,4,16,1,0,1,0,4,83,31,2,6,30,9,2,10,5,39,0,6,3,4,3,25,3,10,5,0,11,4,8,0,0,5,3,1,9,0,4
2021-01,15,94,2,10,1,53,21,6,8,18,0,2,7,22,6,100,176,1,6,15,9,13,11,0,8,100,27,3,2,124,13,6,5,18,36,0,2,7,7,2,79,2,54,3,6,0,8,9,3,9,13,3,1,2,0,2
2021-01,16,91,11,24,0,52,13,9,24,19,1,1,1,11,6,103,252,3,2,11,4,3,17,0,2,119,24,3,5,91,12,3,4,5,57,2,3,9,8,3,74,7,43,14,7,5,2,11,4,1,12,3,0,1,0,5
2021-01,17,58,29,10,0,46,9,5,15,23,0,1,0,7,2,64,14,7,4,11,1,20,1,0,4,74,9,1,1,60,13,4,6,15,10,0,2,2,5,0,57,8,7,9,7,37,17,16,2,3,6,3,1,7,0,1
2021-01,18,24,10,5,0,10,8,3,3,0,1,2,0,1,0,27,19,1,2,4,1,1,2,0,0,16,5,1,4,10,1,0,2,9,15,0,2,2,5,0,19,0,1,0,0,0,9,16,0,0,2,0,0,1,0,0
2021-01,19,100,14,28,0,54,20,5,13,15,3,3,0,9,13,118,107,7,2,3,3,13,6,3,4,136,22,4,5,83,18,5,6,25,44,0,4,6,13,3,134,6,32,3,5,0,10,17,2,3,4,1,2,2,0,0
2021-01,20,20,7,20,0,17,6,0,2,13,0,1,0,3,1,32,56,0,2,1,5,1,5,0,2,44,8,0,1,15,8,2,3,5,30,0,2,2,5,0,21,3,3,2,3,0,3,1,0,1,3,1,0,1,0,1
2021-01,21,46,10,28,1,39,15,3,3,3,3,0,5,5,7,82,345,4,1,4,10,2,6,0,2,80,10,5,2,36,9,1,4,3,33,1,7,10,6,2,34,3,11,8,1,2,0,7,0,2,5,0,1,0,0,1
2021-01,22,57,7,49,0,66,23,4,20,11,0,0,1,11,7,85,314,22,1,15,19,5,11,3,4,123,58,3,3,101,23,7,5,8,65,3,3,8,14,3,20,8,42,22,2,6,7,14,3,3,12,9,1,1,0,4
2021-01,23,80,17,10,4,46,23,18,14,15,5,2,4,9,26,122,80,4,1,9,9,5,5,1,9,48,21,7,0,71,26,2,5,4,61,2,5,9,15,1,14,7,14,3,4,2,6,12,10,10,3,3,2,5,0,2
2021-01,24,55,8,51,1,72,27,4,48,44,1,5,3,11,12,94,503,8,2,16,18,3,30,5,13,101,61,6,8,145,26,2,8,25,81,1,5,19,11,9,60,9,46,4,5,4,9,18,4,7,13,9,1,6,0,12
2021-01,25,142,29,19,1,66,61,33,20,28,9,8,4,16,36,171,70,10,7,30,7,11,9,5,12,77,36,16,4,91,40,4,18,19,73,1,6,15,24,5,89,7,50,16,8,0,28,27,9,16,7,3,2,13,0,0
2021-01,26,45,4,11,1,10,22,13,7,3,10,0,1,4,18,41,31,3,3,7,5,4,2,0,2,27,2,1,2,16,5,1,4,2,13,1,3,3,2,0,18,6,12,9,0,0,1,1,7,6,2,1,0,1,0,0
2021-01,27,54,10,1,0,22,26,15,1,1,12,0,3,10,13,67,29,3,5,24,1,5,2,0,7,13,31,4,0,90,15,2,4,2,28,0,0,6,8,2,15,5,17,10,3,0,2,1,8,6,0,0,0,0,0,0
2021-01,28,34,9,7,1,22,19,8,45,8,5,6,3,6,10,29,200,11,0,6,5,0,7,16,2,139,17,2,12,55,24,3,6,7,81,2,1,17,5,5,127,18,133,4,1,1,3,10,0,7,2,5,1,1,0,2
2021-01,29,50,4,2,1,26,33,14,5,10,6,0,1,11,21,73,42,5,1,23,2,14,6,0,5,25,11,13,5,47,20,3,7,2,28,0,3,3,11,4,44,5,13,3,4,1,5,3,5,12,0,1,0,0,0,0
2021-01,30,90,18,9,0,33,40,15,13,8,1,3,1,8,11,101,385,0,2,10,8,6,9,2,11,99,7,9,2,69,16,3,22,2,23,1,4,10,14,2,42,9,4,7,0,2,8,14,5,2,1,1,0,3,0,1
2021-01,31,21,4,14,0,22,19,4,17,19,1,0,0,0,8,56,411,5,0,8,12,6,5,1,4,99,4,1,3,24,15,4,1,5,18,0,0,5,6,1,37,2,14,2,0,0,3,10,3,2,6,1,1,0,0,0
2021-01,32,14,2,2,1,0,3,2,16,4,0,2,2,1,2,1,196,7,1,0,1,1,2,1,2,49,1,1,4,18,3,0,2,2,30,0,0,3,4,9,40,15,55,0,0,0,0,0,0,2,2,3,1,0,0,0
2021-01,33,8,1,5,0,5,9,0,14,6,1,2,0,2,1,2,32,3,0,1,0,20,0,1,2,42,2,0,2,7,5,1,2,0,20,0,0,0,2,0,27,2,16,0,0,2,0,0,0,0,1,1,2,0,0,0
2021-01,34,10,2,7,0,6,2,2,6,3,1,0,0,2,0,5,50,1,0,1,1,0,0,0,0,39,0,0,0,21,7,0,2,1,5,0,0,0,0,1,42,2,6,0,1,0,2,2,0,0,1,1,0,2,0,0
2021-01,35,13,2,4,0,3,3,9,7,0,0,0,10,3,1,8,4,1,0,1,0,0,0,1,0,8,2,2,2,5,1,3,3,4,8,0,0,0,4,0,9,5,7,1,0,0,1,8,0,0,1,1,1,0,0,0
2021-01,36,1,0,0,1,1,5,5,0,1,1,0,2,0,0,2,1,1,0,1,0,0,0,0,0,3,0,1,0,2,1,1,0,2,3,0,2,2,0,0,1,2,5,0,0,0,0,0,0,0,0,1,0,1,0,0
2021-01,37,1,5,2,0,2,1,4,0,0,2,0,0,4,2,5,5,0,0,1,0,1,0,0,4,19,0,1,0,5,2,0,1,0,7,1,1,4,0,1,9,3,11,7,2,0,0,1,0,0,0,0,0,0,0,0
2021-01,38,48,7,3,0,16,22,3,1,3,4,0,9,10,4,21,13,1,2,7,3,1,3,1,2,21,4,3,1,20,19,1,3,2,36,0,0,9,12,3,6,0,37,0,2,0,1,5,4,3,2,0,0,3,0,0
2021-01,39,32,8,0,0,5,12,5,1,2,0,0,5,4,2,7,4,0,0,3,0,0,2,0,1,2,2,1,3,42,2,2,2,2,9,0,0,2,2,0,16,2,11,0,1,2,1,0,2,5,3,0,0,1,0,0
2021-01,40,8,1,0,0,4,17,11,3,1,2,0,6,9,5,6,4,0,0,0,0,9,1,2,1,12,0,6,1,20,1,0,0,0,39,0,0,0,6,5,17,2,10,0,0,0,1,1,5,1,1,0,0,0,0,0
2021-01,41,17,1,3,0,4,6,4,7,4,0,0,7,2,0,11,5,1,1,1,0,3,1,3,0,58,5,2,1,34,6,1,1,3,13,0,0,0,0,0,33,10,21,2,2,4,5,7,0,1,8,1,0,0,0,3
2021-01,42,26,6,2,1,19,26,17,4,6,4,1,1,8,4,42,2,9,1,3,2,3,6,1,6,26,8,3,0,7,15,2,4,1,16,0,4,6,5,4,46,5,31,4,1,0,1,1,8,3,5,1,0,3,0,0
2021-01,43,103,13,5,0,22,82,54,5,9,3,1,2,16,16,44,6,5,0,16,10,2,14,0,5,39,21,16,4,20,59,1,3,9,34,3,9,12,20,5,44,9,7,6,5,0,6,13,9,23,4,4,0,5,0,1
2021-01,44,103,33,2,0,19,35,14,8,7,0,1,0,16,15,72,5,10,1,11,1,4,5,0,3,55,17,6,5,13,21,5,9,10,21,0,5,4,7,8,48,2,15,5,3,0,8,13,14,4,4,2,1,3,0,2
2021-01,45,23,6,0,0,8,4,1,6,3,1,1,6,13,9,26,4,2,0,3,5,0,1,1,3,46,9,7,0,2,2,2,3,5,7,0,3,4,10,1,7,9,1,5,1,1,1,1,4,7,1,0,0,4,0,2
2021-01,46,69,12,9,0,34,22,10,7,9,3,3,0,15,10,85,32,2,3,11,2,4,2,2,3,36,10,10,0,27,8,5,9,3,27,0,2,6,32,1,67,4,11,8,4,0,7,11,17,16,1,0,0,10,0,0
2021-01,47,2,0,0,0,3,1,0,0,2,0,1,4,2,6,4,0,0,1,1,0,0,3,0,0,8,3,0,0,3,3,0,1,1,0,0,2,2,4,2,14,0,2,8,0,0,0,1,3,4,1,0,0,2,0,0
2021-01,48,15,5,0,0,10,3,2,2,13,0,1,1,10,0,34,5,0,0,2,2,3,3,1,0,42,10,1,1,6,6,2,7,6,23,0,1,1,9,0,59,6,30,17,1,0,3,16,4,5,3,1,0,3,0,0
2021-01,49,68,31,9,3,37,22,7,4,30,5,1,7,14,18,111,31,7,6,10,2,25,17,1,9,77,31,7,1,69,14,7,6,14,54,4,6,14,21,4,50,6,28,51,1,4,19,32,29,15,1,0,0,15,0,0
2021-01,50,12,1,1,2,6,0,1,0,9,1,0,2,2,1,8,0,0,1,2,2,1,1,0,0,20,2,4,0,2,5,0,0,1,1,0,0,0,4,1,34,3,4,8,2,0,3,8,2,3,0,1,1,1,0,0
2021-01,51,17,8,7,0,13,5,3,4,10,2,2,3,2,3,28,34,0,3,6,2,6,2,3,1,68,10,4,0,9,1,1,5,4,24,0,5,6,11,0,20,4,8,18,2,0,6,5,6,5,1,2,6,9,0,0
2021-01,52,54,24,4,0,45,4,2,6,2,2,0,0,7,7,47,40,3,0,4,4,2,4,2,7,22,5,4,0,6,5,0,4,5,26,2,4,9,10,0,50,3,9,5,0,1,3,8,0,6,0,0,0,0,0,0
2021-01,53,28,26,8,0,31,22,8,4,6,2,2,3,24,8,71,4,3,3,7,2,6,12,1,19,39,26,13,0,56,13,0,9,6,5,1,1,6,23,1,75,8,10,47,3,0,15,17,16,15,2,0,3,8,0,1
2021-01,54,1,0,0,0,1,2,0,0,1,0,0,1,1,1,1,0,0,0,0,0,0,0,0,0,16,2,1,0,1,0,0,1,0,1,0,0,1,5,0,10,2,7,0,0,0,0,0,0,1,0,1,0,0,0,1
2021-01,55,18,5,2,0,23,2,0,1,1,0,0,0,0,0,20,4,0,0,2,1,0,4,0,3,16,2,0,0,2,2,2,1,0,15,0,0,3,5,0,26,1,14,0,2,0,3,4,0,6,0,1,1,4,0,0
2021-01,56,28,29,2,0,34,8,0,11,30,1,1,4,5,4,69,84,1,4,4,2,14,1,8,5,70,11,1,2,49,6,17,4,11,22,2,4,9,5,0,110,13,17,4,1,1,18,20,1,2,2,0,2,0,0,1
2021-01,57,19,4,2,0,7,5,0,6,7,0,1,1,3,1,24,176,0,0,2,1,0,0,0,2,34,0,2,5,9,10,1,1,2,12,1,0,3,3,4,18,7,15,1,1,0,1,1,0,0,0,3,0,3,0,0
2021-01,58,70,8,10,0,46,15,1,5,6,0,2,0,5,5,90,367,1,0,7,4,1,5,0,5,91,5,4,2,16,123,0,1,4,37,5,5,15,2,1,55,4,13,3,2,2,6,5,1,1,1,0,0,2,0,1
2021-01,59,14,5,1,0,13,9,1,3,7,0,1,0,3,2,15,234,1,3,1,1,7,5,0,3,24,2,3,1,15,7,1,1,5,9,0,0,6,3,0,8,6,33,1,0,23,2,1,0,0,1,0,0,4,0,1
2021-01,60,33,4,2,0,35,7,1,11,7,0,1,1,3,9,29,152,3,6,2,0,0,6,0,2,33,6,0,0,61,14,1,2,7,13,1,0,1,5,2,26,1,11,0,2,0,2,14,1,3,7,0,0,1,0,0
2021-01,61,49,6,10,0,35,27,11,5,5,6,1,1,2,8,93,206,3,4,6,2,2,5,0,12,108,11,11,3,106,124,1,4,4,24,2,2,10,11,0,28,3,12,10,3,1,3,13,10,9,1,0,0,2,0,0
2021-01,62,31,9,12,0,9,1,1,7,5,0,1,0,7,2,21,90,2,1,0,3,2,4,0,6,48,4,4,1,12,4,0,2,0,9,2,0,1,2,0,9,5,15,1,0,1,4,3,0,1,0,1,0,0,0,0
2021-01,63,51,16,34,0,24,6,0,4,7,1,4,0,10,5,65,276,3,1,5,3,0,5,0,9,50,8,4,1,48,60,2,4,3,14,1,5,8,14,0,8,0,9,2,0,1,4,8,1,4,1,2,0,2,0,0
2021-01,64,43,27,6,1,11,6,1,4,8,0,0,8,6,0,21,27,1,3,1,3,1,2,1,3,41,4,1,1,89,5,12,1,6,4,1,0,3,2,0,23,7,12,1,3,1,8,2,0,0,3,0,1,2,0,0
2021-01,65,57,24,5,0,17,4,0,4,2,1,1,1,6,3,31,98,0,5,3,1,8,0,2,25,53,3,1,2,9,4,2,5,6,25,1,0,3,12,2,64,3,17,5,1,2,5,2,0,1,1,1,1,1,0,0
2021-01,66,118,21,7,1,50,25,12,13,18,1,3,3,16,13,122,135,1,0,18,3,3,8,0,21,92,18,10,10,44,20,4,6,10,19,2,3,9,25,3,80,5,13,4,2,2,9,11,2,9,1,0,0,5,0,0
2021-01,67,76,13,0,0,37,27,10,11,9,5,0,2,18,10,143,17,0,1,7,4,3,1,0,5,72,23,13,4,167,136,4,9,0,16,1,0,6,22,4,44,15,15,22,5,0,3,6,26,16,3,2,0,4,0,0
2021-01,68,22,17,5,0,13,35,9,11,14,13,1,1,11,7,64,38,4,0,3,3,4,1,0,2,34,13,7,0,46,12,1,4,2,15,0,0,2,16,1,43,6,27,20,1,0,4,7,11,8,5,1,0,1,0,0
2021-01,69,76,36,8,0,25,42,15,14,6,5,1,1,17,20,73,9,13,2,11,4,3,5,1,6,62,18,8,3,24,23,4,3,6,28,0,0,4,17,2,63,5,61,26,5,1,5,1,11,15,6,0,1,8,0,1
2021-01,70,61,21,3,1,28,5,4,4,18,0,0,4,8,6,91,36,4,2,6,3,8,8,0,5,69,6,12,0,28,7,7,9,9,26,0,0,3,15,5,81,10,82,6,2,1,4,7,1,10,3,2,0,3,0,0
2021-01,71,91,27,1,0,34,45,20,2,6,1,3,5,10,11,109,12,3,4,9,4,8,12,1,5,58,25,6,4,63,20,3,9,6,15,1,0,7,21,4,52,2,16,19,4,0,13,9,15,16,1,0,0,4,0,0
2021-01,72,7,4,1,2,13,2,0,4,12,0,1,4,4,1,23,4,0,0,3,0,2,2,0,0,16,13,3,1,0,4,1,11,9,19,1,2,9,9,0,19,5,9,9,4,4,14,5,0,7,5,0,0,5,0,0
2021-01,73,32,17,2,0,32,12,1,4,10,0,2,0,8,3,59,1,3,1,2,1,1,13,1,1,34,21,3,5,16,10,0,10,9,22,2,1,10,24,7,48,11,9,8,3,0,8,3,4,17,5,0,0,3,0,0
2021-01,74,6,12,1,0,21,4,0,6,7,0,0,1,2,0,33,0,1,2,4,0,2,1,2,3,40,14,2,1,8,1,1,0,7,51,0,0,1,5,0,15,5,6,4,3,1,6,1,1,1,6,0,0,1,0,0
2021-01,75,28,15,4,1,17,6,3,6,12,0,0,7,9,10,41,3,2,0,2,1,3,2,18,2,82,6,4,6,6,6,1,3,17,18,0,3,8,5,0,51,10,17,27,0,2,6,3,3,8,7,0,1,8,0,1
2021-01,76,16,0,1,0,3,1,0,3,1,0,0,0,4,0,2,4,1,0,0,0,0,1,2,2,11,1,3,0,0,1,0,0,0,0,0,0,2,1,1,3,0,1,0,0,0,1,0,0,0,2,0,0,0,0,0
2021-01,77,35,2,9,1,10,14,7,21,3,0,3,0,3,5,29,238,4,1,0,5,6,5,0,1,29,4,1,2,32,10,4,3,7,49,0,0,1,1,1,19,15,80,5,3,5,8,5,0,2,5,1,1,0,0,2
2021-02,0,2869,424,110,84,1146,2457,999,345,778,71,84,58,350,402,2406,5459,276,133,3836,215,1032,300,121,354,3362,1931,318,143,1209,1309,201,291,176,1351,43,99,300,573,97,2886,318,1567,66,116,122,258,529,190,250,230,154,45,351,0,18
2021-02,1,19,10,0,0,5,59,9,2,12,1,2,0,2,5,10,57,0,3,24,3,5,5,0,3,32,9,2,2,20,36,1,2,1,8,0,0,1,2,0,26,3,30,0,0,4,0,9,0,0,6,5,1,0,0,0
2021-02,2,73,8,4,5,23,54,17,3,5,1,0,1,5,6,34,35,3,5,46,7,24,3,2,5,58,38,2,1,38,46,2,7,5,12,1,0,4,4,3,73,2,18,3,2,3,8,11,0,5,6,4,1,8,0,0
2021-02,3,20,5,0,1,2,47,16,8,8,1,0,0,6,3,7,72,4,0,41,8,6,2,2,2,69,14,5,1,14,25,2,3,2,12,0,0,2,1,1,25,4,23,3,1,0,3,34,0,0,3,3,0,0,0,1
2021-02,4,21,6,1,1,10,19,10,3,20,1,3,0,6,3,15,39,2,9,57,3,33,2,1,1,38,57,4,2,15,25,5,0,1,41,0,1,3,2,0,59,10,4,3,8,1,2,7,0,1,10,7,1,1,0,0
2021-02,5,35,6,2,4,22,22,2,8,3,0,3,0,5,4,23,125,6,1,43,4,8,1,2,1,117,14,4,0,29,17,5,1,6,27,0,0,2,1,1,32,2,8,2,3,2,1,6,1,1,3,0,0,1,0,2
2021-02,6,34,7,2,2,22,53,10,15,6,2,1,0,6,7,31,111,6,3,58,8,10,11,7,6,63,19,2,7,40,46,4,3,3,49,0,0,0,2,1,40,6,50,3,0,6,1,4,1,6,17,4,2,2,0,1
2021-02,7,32,3,2,0,20,26,6,4,13,0,1,0,2,2,29,121,7,0,49,7,4,6,1,5,44,14,0,2,15,42,0,2,21,33,0,0,1,5,2,68,6,26,1,5,4,7,7,2,2,8,5,1,1,0,1
2021-02,8,16,1,2,0,1,22,14,27,6,2,3,3,3,5,6,76,10,0,46,8,12,3,1,3,61,6,1,9,10,12,1,3,8,30,0,3,13,3,3,59,15,77,1,0,0,0,1,0,1,5,0,2,2,0,0
2021-02,9,5,1,1,2,7,1,0,1,8,0,0,0,0,0,16,0,1,0,12,2,4,0,11,0,7,16,0,0,0,1,1,0,0,2,0,1,6,0,0,29,1,11,0,0,2,1,2,0,1,2,2,1,1,0,0
2021-02,10,55,13,1,2,42,7,1,4,10,0,0,0,3,4,35,0,5,1,39,4,6,2,0,3,21,63,3,0,9,9,13,8,3,22,0,0,2,1,0,74,6,13,2,3,3,8,9,0,2,3,6,0,13,0,0
2021-02,11,16,4,2,2,19,9,2,1,20,1,0,1,8,0,27,12,1,1,59,2,8,2,1,3,44,60,0,1,29,6,8,2,3,30,0,0,2,3,1,28,4,18,4,3,1,1,9,0,0,3,5,0,1,0,0
2021-02,12,17,1,0,0,17,6,0,0,11,0,0,0,3,0,23,6,1,5,22,3,11,1,2,0,43,48,2,0,5,2,0,4,1,17,0,0,3,2,0,22,0,25,1,5,1,6,11,1,0,2,2,1,0,0,0
2021-02,13,19,2,3,1,5,6,3,5,4,0,0,9,1,0,11,13,3,1,15,1,6,0,3,0,9,6,2,0,1,6,0,3,0,4,0,0,0,1,0,14,2,16,0,2,1,2,6,1,1,2,2,0,1,0,0
2021-02,14,40,4,6,1,12,35,10,5,11,1,1,0,4,3,37,76,2,1,39,1,6,2,8,5,61,17,1,4,11,47,5,4,1,36,0,0,4,2,1,38,1,15,0,2,7,3,26,0,1,5,3,1,2,0,0
2021-02,15,93,9,0,1,37,36,10,13,31,3,1,1,4,9,75,139,3,2,95,2,16,8,4,4,101,123,3,0,52,29,6,4,15,25,1,2,4,4,1,73,4,26,3,4,3,8,13,2,1,4,4,0,9,0,1
2021-02,16,68,13,3,1,31,53,12,9,8,0,3,2,5,10,36,231,2,5,62,3,13,14,0,2,122,77,5,3,39,22,6,5,2,36,3,2,6,7,3,54,6,25,5,4,3,6,11,2,1,7,3,1,8,0,0
2021-02,17,53,11,2,1,32,17,5,2,25,0,1,0,3,6,72,25,5,2,84,4,23,1,5,2,77,23,2,0,34,11,6,4,3,33,0,2,2,5,1,98,5,10,0,8,1,8,9,0,3,7,3,1,5,0,0
2021-02,18,25,4,1,0,9,12,3,1,1,1,1,0,3,1,19,28,1,0,19,0,2,2,0,0,13,10,2,0,9,3,0,0,2,8,0,0,2,3,0,6,0,5,0,1,0,3,4,1,3,1,1,0,1,0,0
2021-02,19,99,10,0,0,33,44,14,7,26,3,1,1,2,9,80,161,4,3,83,3,30,7,0,4,79,60,7,2,29,39,4,7,1,52,2,4,2,11,5,70,7,29,2,4,4,13,12,1,4,2,7,0,9,0,0
2021-02,20,14,2,1,0,9,14,4,3,3,2,2,0,0,0,23,62,1,1,17,1,5,5,0,4,41,14,2,1,5,15,0,1,1,14,0,0,2,6,0,15,1,13,0,1,2,2,3,0,5,1,0,0,2,0,1
2021-02,21,58,7,2,2,20,25,7,7,9,1,0,0,1,8,24,201,5,5,45,10,4,5,0,4,42,46,6,0,17,13,3,4,0,20,1,1,6,4,1,40,6,118,0,0,1,4,4,2,2,6,5,0,1,0,0
2021-02,22,53,4,6,5,35,60,15,7,15,2,4,0,7,6,48,549,6,0,86,6,14,4,0,8,91,80,5,0,55,55,6,8,4,55,2,3,8,8,5,23,6,52,0,1,3,2,21,5,7,16,5,1,9,0,0
2021-02,23,78,6,5,1,22,72,34,7,10,2,4,0,4,6,76,151,6,1,76,6,29,5,0,27,34,34,11,1,26,26,4,7,0,44,1,2,10,8,1,55,8,24,0,0,2,2,4,6,4,2,3,0,9,0,1
2021-02,24,39,4,5,1,52,53,17,13,20,4,3,2,13,17,52,671,14,5,217,6,27,41,0,12,85,147,0,6,76,71,4,6,10,58,2,2,17,7,6,51,10,62,2,2,13,3,16,2,1,18,6,1,7,0,2
2021-02,25,139,9,3,2,45,182,65,11,31,0,6,1,20,31,98,81,7,7,144,6,55,10,8,9,71,91,26,2,35,59,1,14,2,27,2,6,10,23,1,63,1,36,1,7,0,4,5,8,13,6,3,0,18,0,0
2021-02,26,17,2,1,0,7,35,8,7,2,0,0,0,0,11,26,40,0,1,16,4,14,1,0,5,14,3,1,1,5,9,0,1,0,15,0,14,1,8,0,10,2,16,0,0,0,4,0,4,3,1,0,0,1,0,0
2021-02,27,36,7,2,0,10,42,10,1,4,1,1,0,0,12,45,16,2,2,68,0,8,4,0,3,23,21,5,2,15,26,2,3,2,12,1,1,1,3,0,45,6,17,0,0,0,2,2,8,1,0,0,0,1,0,0
2021-02,28,30,4,0,1,20,52,14,20,22,0,2,1,2,8,29,138,10,0,89,7,10,8,1,2,142,50,4,6,22,14,8,3,2,39,0,2,6,2,4,79,3,64,0,1,2,1,46,2,1,5,5,3,3,0,1
2021-02,29,57,3,2,1,14,71,33,4,10,5,2,0,4,12,57,30,2,2,86,2,20,2,0,5,57,15,3,1,28,22,3,4,1,6,0,0,5,16,2,46,5,30,0,0,10,3,2,9,6,0,1,0,4,0,0
2021-02,30,72,5,2,2,20,59,29,4,14,1,4,0,8,12,57,198,2,3,78,2,19,4,1,24,80,18,1,3,30,14,3,4,0,33,0,5,12,15,2,76,4,34,2,1,6,4,9,2,8,1,4,0,2,0,1
2021-02,31,26,7,1,1,18,30,20,9,16,1,1,0,3,8,24,253,12,3,147,3,47,2,3,5,110,38,3,3,15,18,2,5,7,17,0,0,8,4,4,10,3,17,0,0,1,1,3,2,3,2,2,2,4,0,0
2021-02,32,25,0,3,0,1,9,3,5,8,0,3,0,3,1,1,159,6,0,6,0,0,2,0,0,68,0,0,8,3,2,4,0,8,25,0,4,10,1,2,17,10,94,0,0,1,0,0,0,0,0,3,0,0,0,0
2021-02,33,6,0,0,0,5,11,5,3,5,0,4,0,1,2,4,19,0,0,4,0,2,1,7,0,23,4,4,4,0,3,2,5,0,15,0,0,0,1,0,10,0,6,1,1,0,0,0,0,2,1,1,0,1,0,0
2021-02,34,11,0,0,0,1,5,0,3,2,0,0,4,0,0,8,50,3,0,9,0,2,0,0,0,11,5,0,2,10,3,0,1,0,13,0,0,1,1,0,34,1,7,0,0,0,0,4,1,0,1,0,0,0,0,0
2021-02,35,11,0,0,0,2,18,8,5,6,0,2,1,0,0,6,4,2,0,6,0,3,4,1,0,7,5,4,0,0,2,0,1,0,4,0,0,3,0,0,27,1,6,0,0,0,4,0,0,0,1,0,0,0,0,0
2021-02,36,2,0,0,0,1,11,7,0,0,0,0,1,0,0,0,1,0,0,13,0,8,0,1,0,0,3,1,0,0,1,0,0,0,1,0,0,0,1,0,7,4,2,0,0,0,0,1,0,0,0,0,0,0,0,0
2021-02,37,6,0,0,0,3,0,3,0,3,0,1,0,0,1,5,5,1,1,10,0,2,1,0,0,20,1,0,1,2,0,0,0,0,2,0,1,0,0,0,12,1,4,0,0,0,3,1,0,3,0,0,0,0,0,0
2021-02,38,20,10,0,1,11,52,20,6,0,0,1,0,2,6,17,6,3,1,35,4,9,5,0,0,10,21,1,1,17,25,0,1,0,28,0,1,2,6,1,21,0,22,0,0,1,2,2,0,9,0,1,0,3,0,0
2021-02,39,15,2,1,0,3,37,26,1,1,2,0,0,4,3,2,1,3,1,11,0,0,2,0,1,7,7,2,3,9,10,0,0,0,11,1,1,4,3,0,32,6,1,0,1,0,0,3,2,3,1,0,2,1,0,0
2021-02,40,6,0,1,0,2,44,22,2,0,2,1,0,1,4,5,6,1,0,30,2,3,1,0,0,10,3,1,1,7,22,1,1,1,24,0,2,2,9,0,16,0,7,0,1,0,0,0,0,5,1,0,0,2,0,0
2021-02,41,5,1,0,1,6,22,6,6,3,0,0,1,3,2,8,3,2,0,9,3,2,5,1,1,11,19,5,3,8,5,1,0,3,5,0,1,5,4,0,7,3,13,0,0,1,0,2,0,1,9,0,1,0,0,1
2021-02,42,35,2,1,0,9,46,21,5,4,1,1,1,4,6,29,5,2,1,21,4,8,6,0,2,14,10,16,1,7,14,1,7,0,3,0,0,0,3,1,22,5,26,1,2,0,1,5,2,0,2,1,1,3,0,0
2021-02,43,49,8,1,0,7,129,105,8,9,1,0,0,8,10,36,8,8,2,64,4,34,3,3,4,48,22,10,10,12,65,3,9,0,16,0,0,3,24,2,32,9,12,1,1,0,2,2,11,15,3,5,2,6,0,1
2021-02,44,47,9,1,1,18,92,38,7,18,2,1,0,6,11,47,2,5,2,74,1,17,11,5,2,12,25,12,4,9,20,4,9,3,13,0,4,4,17,1,43,3,13,1,0,1,2,4,5,6,1,0,2,15,0,0
2021-02,45,11,3,0,0,13,6,2,2,4,0,0,0,3,4,22,3,1,1,9,2,4,2,0,2,14,6,7,0,1,1,0,2,1,19,0,0,1,15,0,23,0,4,1,1,1,0,2,2,2,2,0,0,1,0,0
2021-02,46,25,3,0,1,14,45,25,4,9,0,1,1,7,6,29,15,4,1,46,2,31,7,3,10,30,11,6,1,10,8,1,6,0,18,0,0,0,25,0,10,0,10,0,3,0,2,7,12,5,3,0,1,15,0,0
2021-02,47,5,0,0,1,1,0,1,0,2,0,0,0,0,0,3,0,0,0,15,1,9,2,0,0,2,2,0,0,0,0,0,1,0,2,0,0,0,6,0,1,1,1,0,0,0,0,1,0,0,0,0,0,1,0,0
2021-02,48,28,8,0,0,8,7,1,0,3,0,0,0,10,4,21,3,0,2,37,4,10,2,5,3,20,20,2,0,7,16,0,10,1,13,0,0,3,8,1,19,1,13,0,1,1,2,39,3,4,1,1,0,4,0,0
2021-02,49,58,20,0,0,25,53,19,4,17,3,2,0,12,9,74,17,3,2,92,5,27,4,1,6,51,50,16,0,33,14,2,12,1,21,2,3,3,28,2,99,6,14,1,2,1,8,1,7,12,7,1,1,17,0,0
2021-02,50,19,0,0,2,4,12,1,1,3,0,0,1,2,1,12,0,2,0,15,0,3,2,1,3,10,7,2,1,1,2,1,2,0,0,0,0,1,2,0,6,2,8,0,1,0,1,3,1,2,1,0,0,4,0,0
2021-02,51,25,4,3,0,8,4,1,1,7,1,2,1,5,4,24,4,3,0,54,3,4,2,0,2,56,13,7,0,1,5,4,8,0,9,1,0,3,18,0,26,3,7,2,2,0,2,9,3,6,0,1,0,6,0,0
2021-02,52,51,14,3,0,31,7,2,0,2,1,0,0,13,3,32,22,1,0,85,1,0,2,0,5,45,33,8,0,3,11,1,2,0,13,0,0,2,4,1,27,2,6,0,0,0,6,4,0,2,0,0,0,1,0,0
2021-02,53,44,10,1,1,23,32,25,1,14,2,1,0,10,3,52,12,2,6,102,2,41,4,0,8,23,17,9,0,31,7,0,5,2,3,0,2,8,21,3,45,19,9,3,4,0,1,6,10,12,1,2,1,14,0,0
2021-02,54,15,0,0,0,1,11,1,0,0,0,0,5,1,0,3,0,1,1,1,0,4,1,0,0,5,3,2,0,1,9,3,0,0,2,0,0,1,1,0,3,3,12,0,0,0,0,0,0,1,0,0,1,2,0,0
2021-02,55,7,7,6,0,21,0,0,0,4,0,0,0,2,2,20,4,0,0,18,0,0,2,0,4,31,24,1,0,0,1,1,1,1,0,0,0,2,2,0,30,0,7,0,0,1,7,5,0,2,0,0,1,0,0,0
2021-02,56,39,12,2,2,16,15,3,2,24,1,1,4,3,2,35,44,4,5,47,1,27,1,1,8,57,13,8,3,14,4,1,10,7,15,4,2,9,7,0,58,8,13,0,0,15,14,8,1,1,0,3,0,8,0,0
2021-02,57,30,0,0,0,2,9,1,1,9,2,1,0,1,3,10,141,5,0,11,1,3,3,5,1,14,5,1,0,7,10,3,1,1,16,2,2,7,2,5,7,3,23,0,0,0,2,1,0,2,1,4,0,0,0,0
2021-02,58,85,5,0,0,17,14,6,7,14,1,0,0,2,5,43,235,4,0,11,1,8,1,2,9,54,6,3,0,8,35,5,2,2,12,3,4,3,7,7,43,2,12,0,0,0,2,7,1,2,0,1,0,2,0,0
2021-02,59,15,3,1,1,11,7,3,1,2,1,0,0,7,3,24,199,1,0,14,2,7,3,1,4,26,17,1,0,6,3,0,0,1,3,0,0,2,3,1,22,0,15,0,0,0,1,2,0,0,0,0,0,0,0,0
2021-02,60,33,8,1,0,20,23,3,0,8,1,0,3,2,7,24,74,3,1,81,3,3,1,1,1,33,35,3,3,24,24,4,2,4,28,0,0,6,2,0,10,3,16,1,0,0,5,12,2,1,1,0,0,4,0,0
2021-02,61,73,3,1,2,21,35,13,3,24,1,0,0,3,8,43,108,2,1,73,6,20,7,2,12,40,31,7,1,16,19,5,2,1,18,0,6,11,9,0,44,4,12,2,2,0,4,12,5,1,3,3,1,4,0,0
2021-02,62,36,2,1,1,10,6,5,0,13,1,0,0,8,0,25,95,3,0,15,1,10,2,1,15,21,8,1,1,5,9,1,0,0,3,0,1,1,6,1,14,0,3,0,1,0,2,1,0,1,1,4,1,3,0,0
2021-02,63,54,5,2,1,17,17,8,2,7,0,2,2,1,5,40,137,1,2,41,0,4,2,0,5,37,2,4,4,10,16,0,3,1,6,1,2,3,7,1,48,2,10,0,2,0,6,1,1,2,4,2,0,5,0,0
2021-02,64,59,17,0,4,7,14,0,0,8,0,1,0,2,2,14,44,3,1,21,1,6,5,1,4,37,5,0,1,43,11,7,5,1,23,2,0,3,4,2,67,7,11,0,0,1,4,20,0,1,2,2,0,0,0,0
2021-02,65,67,7,5,12,11,16,2,1,12,0,0,0,5,4,18,99,5,0,22,1,8,3,0,10,77,2,4,2,5,3,1,7,0,4,1,0,5,16,1,39,1,23,0,2,0,4,2,1,3,2,2,0,2,0,0
2021-02,66,93,15,6,2,14,65,31,6,20,3,2,1,10,5,54,89,4,3,121,3,17,13,1,20,59,18,15,1,30,24,2,7,3,7,1,0,4,28,5,82,6,27,0,2,1,6,3,7,9,2,0,0,13,0,0
2021-02,67,48,1,2,3,15,35,40,7,10,2,0,0,7,6,68,31,3,1,126,5,33,0,1,8,42,26,5,2,22,16,3,4,1,13,0,1,5,21,1,24,7,7,0,1,1,2,8,11,5,3,0,1,12,0,0
2021-02,68,27,10,0,1,10,51,25,3,6,2,0,0,10,6,45,17,8,4,92,11,34,2,0,5,23,16,4,2,18,13,3,5,1,10,0,2,3,20,1,13,7,18,2,1,1,4,3,14,8,1,2,1,9,0,1
2021-02,69,66,8,1,1,15,88,49,4,13,1,1,3,15,11,47,3,10,5,67,3,37,3,2,4,20,12,9,6,21,27,6,5,2,23,1,3,6,13,3,35,8,38,1,4,0,6,3,4,4,3,0,0,5,0,0
2021-02,70,51,8,1,2,20,12,2,1,32,2,2,1,10,6,68,10,5,5,70,3,25,7,1,13,91,10,5,3,28,19,9,3,5,19,1,0,14,15,2,106,6,10,2,1,0,10,4,1,3,1,5,2,11,0,1
2021-02,71,78,9,0,2,21,85,40,7,11,1,0,0,9,6,75,8,6,1,112,1,23,9,0,13,54,33,8,3,18,19,3,9,3,22,1,6,6,30,1,72,1,16,2,2,1,7,7,14,7,2,3,0,13,0,0
2021-02,72,22,4,0,0,16,6,2,2,13,0,0,1,2,1,29,0,4,3,19,2,21,0,7,0,29,31,3,0,5,6,5,3,3,3,1,0,1,2,0,55,4,25,1,2,0,3,1,1,3,6,0,2,6,0,1
2021-02,73,34,3,0,0,24,31,8,3,8,1,3,0,9,17,56,2,6,3,102,2,8,3,0,4,49,32,0,3,9,19,1,11,3,12,2,0,1,9,3,68,11,10,2,5,0,1,3,4,9,1,0,2,20,0,0
2021-02,74,13,20,0,1,10,1,0,1,21,0,1,0,7,1,30,0,5,2,10,0,8,0,3,2,39,52,2,0,8,2,3,3,3,0,2,0,3,0,0,23,3,5,1,1,0,9,7,0,2,0,2,0,0,0,0
2021-02,75,31,3,1,0,20,17,6,7,8,0,0,5,3,8,41,1,3,3,31,2,13,0,0,4,31,17,3,3,5,6,2,3,5,0,0,0,4,5,0,43,6,37,0,0,0,8,5,1,6,4,2,2,11,0,0
2021-02,76,6,0,2,1,2,2,1,2,4,0,0,0,1,0,3,3,0,0,6,0,0,1,0,0,32,2,1,1,0,1,0,0,0,12,0,0,0,2,0,13,1,5,0,0,0,0,0,0,0,0,1,0,0,0,0
2021-02,77,24,2,1,0,8,32,9,10,3,0,0,0,3,6,9,53,5,0,16,2,15,0,1,2,120,16,1,4,7,11,3,1,1,25,1,0,0,2,0,30,9,15,3,2,8,2,12,1,1,4,2,0,1,0,1
2021-03,0,4840,1037,975,131,2422,1747,535,495,938,592,90,72,1021,1156,5425,9431,587,159,1197,399,281,513,103,131,6289,1851,470,191,5031,1957,508,548,740,2215,68,195,487,645,589,5549,587,1840,807,525,418,1135,1917,503,396,832,205,62,373,0,435
2021-03,1,46,8,15,0,8,38,9,7,10,0,2,2,14,4,23,99,1,2,5,6,9,5,0,1,107,7,1,2,68,26,9,5,9,20,1,0,9,7,4,18,11,19,10,7,21,23,16,0,2,24,3,1,7,0,11
2021-03,2,154,12,43,1,42,30,8,9,21,3,0,2,23,13,91,56,17,5,22,9,6,7,26,0,133,28,8,0,148,61,14,12,8,40,1,2,4,4,3,51,4,17,16,12,10,27,36,2,5,31,5,2,3,0,9
2021-03,3,39,2,5,1,11,48,5,7,7,3,0,5,15,31,14,246,2,3,14,9,1,7,0,3,68,10,5,4,43,20,1,7,4,30,1,0,9,1,3,34,5,45,1,7,4,7,21,0,3,21,5,0,5,0,10
2021-03,4,75,5,11,0,24,10,1,9,16,1,0,0,12,5,43,99,7,6,19,3,3,3,1,1,79,26,2,4,90,22,0,5,8,28,0,2,6,2,9,50,9,29,13,9,10,17,39,2,2,20,5,1,2,0,14
2021-03,5,37,6,22,4,50,12,2,3,14,1,2,1,6,12,56,289,11,1,16,7,8,1,1,0,93,12,4,4,104,20,11,15,9,36,0,3,7,9,13,47,6,25,2,15,9,11,43,3,1,30,8,2,1,0,16
2021-03,6,48,5,33,6,50,43,8,25,6,3,3,0,15,19,78,319,19,4,16,8,1,13,13,5,104,7,4,8,191,47,7,5,10,118,0,5,5,4,5,74,7,78,5,15,15,16,40,2,1,43,3,3,2,0,29
2021-03,7,36,6,15,1,35,20,4,16,10,3,0,7,14,7,48,257,19,1,10,12,2,10,4,0,77,10,4,6,72,64,8,7,17,34,2,3,14,4,22,76,10,43,5,3,13,11,21,1,5,26,7,0,3,0,28
2021-03,8,22,11,3,1,12,27,5,25,3,2,4,4,20,14,11,240,16,1,5,6,4,3,5,1,123,5,7,14,37,33,2,4,12,68,2,13,22,3,8,150,29,61,3,0,4,1,8,1,3,10,0,0,0,0,3
2021-03,9,6,8,12,2,16,2,0,4,12,0,0,0,5,3,25,0,2,0,4,1,0,2,0,0,78,15,4,2,6,1,12,0,5,11,0,0,6,1,1,93,3,13,12,7,4,15,7,1,1,1,2,0,2,0,2
2021-03,10,62,15,23,6,64,12,3,7,28,0,0,1,9,2,76,8,14,3,17,0,2,4,0,0,166,46,10,2,66,11,30,6,19,16,0,0,5,0,3,279,9,23,14,26,15,38,41,3,2,13,6,2,2,0,4
2021-03,11,29,4,13,2,42,13,3,11,14,2,0,1,13,1,51,30,3,0,14,4,3,5,0,0,145,26,1,2,119,11,15,8,19,26,0,2,1,4,0,74,4,37,12,19,9,18,28,2,2,7,5,0,6,0,15
2021-03,12,17,4,8,1,40,4,0,1,22,0,0,1,16,1,61,41,8,1,10,5,1,1,0,0,92,19,4,1,25,2,6,0,15,16,0,0,2,0,2,46,9,38,17,14,10,22,30,0,1,10,7,0,1,0,11
2021-03,13,25,2,18,4,15,13,2,1,7,0,0,0,16,7,30,35,2,0,2,3,1,1,0,0,39,13,2,1,22,26,4,2,5,5,0,1,3,1,2,12,1,28,10,11,0,9,16,0,0,6,0,0,0,0,5
2021-03,14,74,7,24,0,32,18,2,11,24,0,1,0,12,14,50,181,4,0,7,3,3,10,3,4,129,25,7,1,62,24,7,14,5,41,3,2,5,2,13,48,8,3,13,5,8,13,26,0,2,23,5,0,5,0,27
2021-03,15,116,14,40,2,76,35,3,9,42,2,1,0,20,18,133,170,16,1,30,9,9,11,0,2,147,78,3,5,200,36,13,14,27,47,3,5,4,11,6,87,8,60,26,25,17,38,44,2,2,38,11,7,15,0,7
2021-03,16,103,21,30,1,51,23,1,14,14,1,6,0,9,19,81,373,7,3,15,15,4,10,0,1,153,52,9,2,120,34,10,6,7,51,5,6,8,4,12,135,8,30,16,12,11,9,48,7,3,40,8,4,2,0,32
2021-03,17,70,33,18,2,52,14,7,3,14,1,0,1,29,5,135,16,8,3,20,13,5,11,1,3,126,38,6,1,101,14,8,17,29,13,1,2,2,5,18,151,9,16,17,12,21,56,55,0,2,12,10,0,7,0,6
2021-03,18,23,6,8,2,13,6,0,8,5,3,0,0,4,2,27,24,2,0,18,3,0,5,0,0,33,13,2,0,21,3,3,7,5,4,0,0,0,1,1,31,4,10,4,3,3,6,16,0,1,2,1,0,1,0,0
2021-03,19,163,14,38,1,80,20,9,12,42,5,3,0,21,12,153,277,22,2,21,8,6,10,0,5,138,63,10,5,104,13,7,7,39,62,0,5,5,10,9,115,9,40,3,13,2,32,50,5,6,25,9,3,7,0,2
2021-03,20,46,2,24,0,19,16,2,8,15,1,0,0,9,6,35,92,4,5,8,4,1,5,0,1,40,7,0,1,35,12,3,5,4,31,1,2,3,8,2,17,2,3,1,9,8,12,29,1,6,15,6,0,2,0,3
2021-03,21,66,14,16,2,50,24,8,9,15,2,1,0,14,11,56,386,2,3,15,8,4,7,0,6,144,10,6,2,77,29,4,7,8,35,0,2,5,12,11,65,8,40,6,8,3,13,28,2,4,26,0,0,2,0,9
2021-03,22,121,11,48,5,89,34,5,18,12,10,1,1,20,16,142,809,20,2,34,23,1,12,0,3,160,88,9,3,163,61,29,10,20,84,1,8,11,11,20,115,8,209,15,15,20,29,72,5,6,37,7,0,2,0,38
2021-03,23,166,11,17,3,69,46,14,11,23,25,2,1,20,50,150,211,11,0,33,13,2,9,2,2,83,41,14,5,134,48,4,7,5,67,1,1,5,17,8,68,12,14,18,1,8,14,55,9,6,11,1,0,11,0,9
2021-03,24,118,12,37,1,119,48,5,14,23,13,2,1,33,41,133,871,24,1,42,19,11,36,2,8,151,140,11,6,222,87,9,13,41,68,1,3,12,8,20,94,15,33,11,4,23,25,46,8,6,37,7,1,2,0,34
2021-03,25,259,41,54,2,97,103,31,19,32,51,5,0,49,79,253,92,21,17,84,15,9,24,5,4,146,68,24,1,156,166,14,29,23,64,3,7,21,49,19,89,11,34,32,18,10,44,66,46,25,18,3,0,21,0,4
2021-03,26,51,3,13,0,18,12,4,2,3,22,1,1,6,45,76,41,3,2,14,5,2,5,1,0,42,14,1,3,28,35,6,5,1,10,0,0,3,11,8,39,10,20,8,3,2,2,6,19,3,1,0,0,0,0,0
2021-03,27,58,11,6,0,30,28,6,3,4,35,1,0,18,32,97,26,5,2,21,5,1,9,3,3,76,24,3,0,88,35,2,3,3,14,0,1,5,8,22,76,11,16,7,1,2,7,5,15,5,1,0,1,2,0,1
2021-03,28,41,22,11,2,31,31,4,22,32,5,1,0,9,19,50,194,17,2,22,3,26,9,7,2,225,27,6,12,55,41,11,10,7,77,4,3,20,5,35,114,6,115,5,3,1,7,14,3,2,11,10,2,4,0,4
2021-03,29,100,13,5,0,30,49,14,0,13,73,8,1,13,60,120,86,8,1,32,14,9,3,2,0,48,29,5,0,96,42,7,7,1,11,1,0,10,16,11,89,13,33,15,2,2,8,20,11,16,3,0,0,8,0,1
2021-03,30,174,18,26,1,45,45,14,16,11,2,1,0,14,28,122,496,2,5,20,7,3,12,0,2,113,23,11,5,102,35,4,21,19,33,1,2,11,15,15,134,9,16,7,9,4,15,41,13,4,7,4,2,4,0,0
2021-03,31,43,9,3,3,30,16,5,11,11,7,1,0,12,23,69,362,4,5,23,9,12,4,0,1,94,18,9,6,51,28,2,8,5,65,0,0,11,6,13,105,6,46,2,0,4,0,21,0,2,13,0,0,4,0,1
2021-03,32,16,1,10,3,1,6,1,6,0,1,5,1,1,3,3,264,7,0,2,1,0,0,1,1,34,0,5,6,5,6,1,4,9,53,1,4,5,2,4,34,14,48,0,0,1,2,2,0,4,5,2,0,1,0,0
2021-03,33,33,0,6,2,2,7,2,5,3,0,4,0,1,2,6,36,4,0,6,1,0,1,0,0,22,2,1,5,3,5,1,1,6,8,0,0,0,3,3,47,9,16,0,1,2,3,4,0,0,6,1,0,1,0,1
2021-03,34,9,4,3,0,5,3,0,5,0,2,0,1,0,4,17,39,4,1,6,1,0,0,0,0,25,2,1,4,29,7,3,0,2,11,1,0,4,4,3,56,4,18,2,3,2,1,4,0,0,0,0,0,0,0,1
2021-03,35,24,2,1,1,7,9,7,2,1,2,0,1,4,2,12,10,4,1,4,0,4,0,1,0,12,2,3,4,0,0,2,1,1,12,2,2,3,2,6,41,5,15,3,7,2,5,11,2,0,3,0,1,0,0,2
2021-03,36,4,2,0,0,2,3,3,0,0,2,1,0,1,3,2,7,3,0,0,0,0,1,0,1,5,0,2,0,1,4,0,0,0,30,4,10,8,1,0,1,8,5,2,0,3,0,1,0,0,1,0,0,0,0,0
2021-03,37,9,0,0,0,3,4,1,0,1,1,0,0,2,2,9,5,1,0,2,0,0,3,0,0,6,1,0,0,5,2,1,0,0,11,0,0,2,2,2,6,2,4,3,1,0,3,0,4,1,0,0,0,2,0,0
2021-03,38,74,18,8,2,20,32,6,1,7,30,1,0,8,12,34,18,11,4,14,2,5,3,0,2,10,20,5,3,51,22,2,1,2,32,1,5,13,10,15,41,1,17,8,4,9,9,67,4,2,23,3,0,5,0,0
2021-03,39,31,10,0,0,7,18,8,2,4,2,0,3,7,4,8,6,2,1,5,6,1,2,0,1,16,6,1,1,33,5,0,1,4,17,0,1,5,2,2,10,5,1,7,2,2,1,5,2,1,7,0,0,1,0,1
2021-03,40,5,2,2,1,2,21,5,0,1,28,1,3,9,10,22,13,0,0,10,0,0,0,1,1,18,1,2,1,27,16,1,3,2,19,0,0,1,4,9,21,2,8,4,3,0,0,5,2,4,2,0,0,2,0,0
2021-03,41,14,1,0,0,7,14,3,9,2,0,3,3,6,1,5,15,3,0,6,0,0,6,0,1,29,6,2,1,22,6,2,3,3,23,0,0,5,8,0,12,14,10,3,3,18,5,7,1,2,14,0,2,1,0,5
2021-03,42,41,18,2,2,26,37,10,1,8,9,2,2,11,9,55,12,11,1,18,5,3,16,0,2,36,8,10,1,24,39,6,7,1,9,0,0,0,10,10,76,3,7,4,4,0,5,9,7,0,10,1,0,10,0,1
2021-03,43,119,12,12,1,16,112,70,5,16,7,3,2,14,42,82,15,26,5,19,4,11,7,0,3,88,17,17,2,27,106,4,10,5,36,0,3,6,19,15,67,22,15,10,11,2,11,28,17,20,12,3,1,7,0,2
2021-03,44,100,36,10,3,19,55,24,7,15,11,1,1,22,26,98,17,14,1,22,5,5,10,1,1,90,44,17,5,17,51,3,8,12,47,3,8,3,10,10,65,7,23,12,12,3,26,26,14,6,4,2,0,12,0,3
2021-03,45,20,10,2,2,21,8,3,2,6,2,0,1,9,6,52,10,3,1,6,4,2,2,0,0,24,9,3,0,12,8,3,6,2,9,0,3,2,3,2,55,6,5,5,1,2,13,11,7,1,7,0,0,10,0,3
2021-03,46,70,10,6,2,27,31,15,4,12,19,1,0,13,43,117,40,4,1,13,4,4,7,0,4,72,16,3,2,28,19,8,17,1,31,0,3,9,12,6,44,5,13,20,7,1,10,21,13,7,7,1,0,7,0,0
2021-03,47,3,0,2,0,4,0,0,0,4,1,0,1,4,0,15,0,2,0,2,1,0,0,0,0,17,2,1,0,6,4,2,0,2,12,0,0,4,0,0,0,0,1,3,1,0,1,7,2,0,2,0,0,0,0,0
2021-03,48,21,14,7,1,18,7,2,1,12,1,1,0,11,5,58,4,0,2,10,3,9,6,2,0,78,39,1,1,12,15,4,7,9,21,1,3,6,5,8,43,5,5,6,1,2,22,35,3,9,2,0,1,4,0,2
2021-03,49,96,63,11,0,66,34,11,3,27,35,1,0,29,39,177,39,27,9,28,4,9,19,0,1,96,71,16,0,103,38,10,23,24,63,2,11,15,26,19,228,7,7,41,10,4,45,59,39,29,7,2,4,21,0,1
2021-03,50,8,2,1,1,6,4,1,3,1,1,0,0,2,12,15,0,2,0,6,0,0,1,0,1,19,11,2,0,4,2,0,2,3,3,0,0,0,9,1,9,1,3,5,1,0,3,4,4,6,0,0,0,2,0,1
2021-03,51,27,13,6,0,15,2,2,3,9,2,0,0,12,7,33,24,2,1,7,1,2,12,0,1,39,31,6,1,17,10,3,12,0,24,0,0,7,13,6,58,11,11,10,2,1,5,12,5,5,3,1,1,7,0,3
2021-03,52,51,29,4,1,69,4,2,1,4,7,0,0,8,6,71,45,2,1,6,3,0,0,0,1,88,39,9,1,2,16,8,8,7,16,0,2,4,9,5,160,2,21,7,6,1,14,22,2,3,7,0,0,6,0,0
2021-03,53,66,23,4,1,44,23,16,2,19,19,1,2,27,20,115,12,9,4,24,0,6,9,0,1,66,47,15,0,90,27,8,12,20,2,1,1,11,12,8,218,16,18,31,10,2,27,35,24,15,7,1,0,13,0,3
2021-03,54,6,0,0,0,1,1,1,0,2,0,0,1,2,3,5,0,3,2,4,0,0,1,0,0,13,3,0,0,1,6,3,0,0,5,0,0,0,5,0,3,0,3,1,0,0,0,3,2,1,0,0,0,1,0,0
2021-03,55,9,9,3,0,27,3,0,4,5,1,0,0,6,3,35,11,1,0,8,3,1,6,0,0,18,31,0,1,2,3,3,0,5,1,0,0,0,4,3,52,2,12,1,2,2,7,15,1,1,3,0,2,6,0,1
2021-03,56,77,18,9,2,34,18,4,4,13,1,0,0,22,5,72,68,6,4,13,7,6,3,3,1,71,12,5,3,108,10,18,10,12,18,3,10,12,4,2,151,20,15,8,11,5,28,32,2,3,8,0,1,9,0,1
2021-03,57,61,1,4,2,13,5,0,4,4,1,0,0,4,3,19,164,3,0,6,5,0,2,0,1,35,2,10,0,49,11,5,2,3,24,0,4,10,4,0,12,1,4,0,1,0,6,15,0,2,5,3,0,2,0,0
2021-03,58,134,12,28,6,42,21,4,0,8,0,0,1,11,9,99,407,2,0,4,7,0,8,0,6,114,8,3,2,132,26,8,4,2,51,0,2,11,7,3,44,17,15,8,4,2,11,17,4,5,5,2,0,5,0,1
2021-03,59,31,7,10,0,17,13,1,2,1,0,1,0,6,7,63,336,0,2,3,4,0,3,0,0,53,8,4,3,21,9,1,2,4,42,1,0,6,5,10,25,2,17,4,3,24,13,9,3,1,5,1,0,0,0,1
2021-03,60,48,9,12,3,29,25,3,6,9,4,0,3,16,6,60,151,4,3,48,6,0,2,2,0,88,15,2,1,115,32,1,3,8,17,0,3,6,2,8,29,10,13,6,10,11,19,48,2,1,5,1,0,2,0,8
2021-03,61,112,10,6,3,31,27,8,7,10,8,0,0,16,15,105,174,9,1,16,8,3,7,2,6,57,24,10,5,158,25,15,7,5,28,2,3,6,13,6,80,14,15,21,3,1,19,20,13,9,6,1,0,9,0,2
2021-03,62,63,16,6,1,13,4,1,2,12,2,0,0,3,1,41,129,5,1,4,3,2,0,3,2,30,6,3,3,44,1,3,0,2,8,0,0,2,1,4,24,1,4,2,1,0,3,4,1,1,0,2,0,5,0,1
2021-03,63,90,26,23,3,25,9,6,10,7,1,2,0,19,13,88,266,3,3,7,2,5,10,0,4,85,15,2,3,83,12,8,4,5,23,0,4,7,6,9,66,6,5,5,7,4,6,16,1,6,4,1,0,1,0,1
2021-03,64,77,45,2,3,11,13,0,0,10,1,0,0,18,4,27,37,3,8,6,6,2,8,1,0,50,6,1,1,178,4,7,5,5,7,1,2,3,2,5,111,2,5,12,1,2,6,16,1,0,11,1,1,1,0,2
2021-03,65,76,48,1,8,18,17,3,4,18,1,2,2,8,2,48,121,7,1,8,1,2,5,0,5,96,8,5,3,32,5,2,8,8,8,1,3,7,21,0,66,0,12,7,2,1,18,12,0,7,8,2,0,6,0,1
2021-03,66,142,17,14,3,55,34,10,11,20,1,3,0,10,30,149,174,12,1,24,11,6,15,1,4,117,23,12,2,101,44,8,15,18,31,2,2,4,20,10,146,19,28,16,9,2,24,29,7,10,6,2,0,4,0,2
2021-03,67,78,14,6,3,57,35,9,5,16,25,1,0,14,31,185,44,6,2,21,11,6,4,3,2,73,27,8,1,230,27,7,14,9,14,1,5,6,22,7,63,5,15,23,12,0,18,24,32,14,3,2,0,10,0,1
2021-03,68,80,14,5,1,30,35,11,3,19,34,0,0,6,32,91,22,5,0,33,9,9,7,0,1,55,17,11,0,76,33,4,5,9,22,0,2,6,13,8,91,3,23,12,9,0,15,11,40,17,5,1,1,3,0,2
2021-03,69,112,22,5,2,25,76,32,16,22,13,2,2,19,36,130,23,14,0,30,2,7,15,1,2,65,22,18,5,42,40,5,16,11,50,0,6,4,21,28,128,11,26,15,16,0,24,29,28,24,3,3,1,18,0,0
2021-03,70,82,48,8,1,42,13,1,8,8,2,1,4,28,9,136,73,11,5,18,2,1,10,2,1,225,10,11,0,58,29,14,3,31,23,0,0,14,10,3,203,13,45,24,7,3,29,38,2,7,3,3,1,5,0,3
2021-03,71,138,24,4,5,60,65,43,10,14,18,1,0,32,32,184,17,12,4,46,3,8,7,0,0,189,56,17,0,150,66,8,11,11,27,2,3,12,27,16,85,8,25,36,5,3,23,47,19,13,8,5,4,16,0,2
2021-03,72,29,12,12,0,36,7,2,3,8,1,0,3,9,2,69,2,4,1,10,1,1,5,0,3,139,50,5,0,4,5,15,7,13,14,1,2,3,18,3,95,14,13,30,8,4,22,28,6,5,11,2,0,6,0,6
2021-03,73,49,23,10,3,53,13,9,1,18,7,1,2,36,28,108,0,14,2,31,6,2,14,1,4,143,49,17,2,34,44,12,15,38,18,4,4,3,15,6,67,7,10,24,9,3,44,47,9,17,10,4,2,6,0,2
2021-03,74,12,23,13,0,27,3,0,1,4,0,0,0,4,1,66,0,7,0,2,3,1,3,1,0,101,47,4,1,23,4,13,4,15,7,0,0,4,6,0,17,7,8,11,2,5,14,15,0,4,2,2,5,2,0,3
2021-03,75,34,15,18,0,22,7,3,2,17,10,0,2,14,19,102,1,9,3,12,2,8,5,0,2,129,46,2,3,25,12,4,15,8,8,0,2,8,13,5,61,4,23,21,15,2,18,64,13,4,7,5,3,7,0,4
2021-03,76,5,1,0,0,3,5,1,3,5,0,0,1,11,0,6,1,1,0,1,0,0,0,0,2,21,2,3,0,1,1,2,1,2,6,0,0,3,0,0,17,6,9,1,1,2,2,1,0,0,0,0,0,0,0,0
2021-03,77,66,3,40,3,24,24,7,12,31,3,5,0,16,8,42,153,4,2,13,3,1,14,1,5,80,8,3,6,40,13,8,5,12,49,2,2,3,1,1,45,2,30,7,9,12,10,14,2,0,23,7,0,4,0,27
2021-04,0,3816,862,775,107,2042,1627,448,394,837,681,77,90,998,966,5081,9683,603,178,490,462,289,495,108,160,4433,715,660,201,4998,1497,479,559,852,2406,48,123,378,788,476,3399,482,1579,1391,486,863,1526,2152,490,501,609,232,114,251,0,660
2021-04,1,52,4,2,11,8,27,12,5,3,3,0,3,16,7,31,199,9,3,2,7,0,9,1,11,49,3,4,2,74,25,7,3,3,45,1,0,5,3,4,15,5,29,12,15,52,10,26,2,3,15,2,1,0,0,16
2021-04,2,107,8,24,2,24,24,5,4,13,0,3,3,21,15,90,99,10,1,3,11,3,6,1,0,102,13,14,3,142,50,4,5,11,45,0,0,6,14,8,40,10,17,34,15,33,33,39,0,2,15,3,0,11,0,21
2021-04,3,49,4,9,1,10,14,1,4,1,4,0,0,10,9,13,306,5,0,6,6,2,2,0,3,80,3,12,5,94,6,2,14,7,68,1,3,5,9,2,28,6,27,1,3,10,15,21,1,1,19,4,1,1,0,25
2021-04,4,51,6,9,0,22,14,7,2,61,0,0,0,15,4,36,199,6,1,8,7,4,9,2,1,68,5,9,3,87,25,6,6,10,42,3,0,4,5,4,36,6,13,11,8,22,17,43,0,4,21,12,0,2,0,38
2021-04,5,36,2,12,1,34,11,0,3,5,0,0,0,13,5,50,253,17,0,2,6,0,5,0,0,31,3,4,2,96,13,15,4,10,32,1,0,1,4,5,30,4,13,10,9,24,16,42,3,2,13,1,2,2,0,23
2021-04,6,42,7,15,2,42,35,2,13,9,1,1,0,34,25,71,497,20,0,9,11,3,16,0,6,66,7,11,5,211,33,8,16,18,113,2,2,5,6,6,41,9,76,11,12,38,17,37,2,3,43,7,2,3,0,26
2021-04,7,24,1,16,3,29,5,2,11,11,1,1,3,7,11,44,294,20,0,9,6,7,23,0,1,64,4,8,3,75,56,7,9,13,37,2,3,12,2,10,13,8,34,3,8,26,23,45,0,4,31,5,1,1,0,24
2021-04,8,15,4,1,0,9,22,9,30,5,4,4,2,3,6,11,203,10,1,5,7,0,3,4,2,100,5,9,17,35,47,8,5,13,51,1,3,3,5,13,81,10,69,1,4,7,9,5,1,6,19,3,0,0,0,0
2021-04,9,6,15,5,0,14,3,0,1,9,0,0,0,2,0,21,4,2,1,1,16,1,1,0,0,27,0,0,4,6,0,10,2,4,11,0,0,1,1,0,27,6,2,8,9,7,12,12,0,0,6,0,0,0,0,6
2021-04,10,50,16,12,3,39,10,0,4,17,1,0,3,36,2,89,27,10,1,9,4,5,2,1,0,104,25,8,12,80,9,28,7,23,43,1,16,3,1,6,48,5,10,45,19,22,47,51,2,3,14,8,2,3,0,7
2021-04,11,36,3,18,2,24,4,2,5,19,0,0,0,14,2,46,54,5,7,8,4,11,3,5,0,54,9,4,0,108,4,10,2,16,38,0,0,5,1,6,32,6,10,13,8,15,15,25,1,5,7,10,1,1,0,29
2021-04,12,9,2,6,0,20,8,0,3,9,0,0,2,16,3,41,43,5,2,3,8,0,8,1,1,65,6,9,0,41,5,5,2,12,10,0,0,2,3,2,12,4,10,23,8,30,24,21,0,0,8,1,2,2,0,21
2021-04,13,23,8,5,0,14,8,1,0,6,2,0,1,8,3,18,72,6,0,2,3,0,0,1,0,35,2,2,0,29,20,4,1,10,19,0,0,5,1,9,16,1,14,10,3,9,11,11,1,0,4,1,1,1,0,11
2021-04,14,38,4,17,1,21,22,9,10,11,1,0,0,15,10,60,201,14,2,6,7,3,10,0,2,81,10,2,0,81,14,4,9,8,37,0,3,0,3,3,20,4,6,8,14,19,12,25,2,2,14,2,0,2,0,34
2021-04,15,74,14,21,0,71,33,4,14,15,4,1,1,16,13,141,138,14,5,15,1,0,16,4,3,97,28,7,3,220,28,19,6,27,49,1,2,10,6,4,107,11,23,25,10,39,46,62,0,7,16,5,2,1,0,28
2021-04,16,90,8,26,2,59,35,3,9,21,4,3,1,13,7,70,484,7,6,9,17,4,17,0,0,144,25,12,1,172,21,15,12,16,32,2,5,8,11,5,28,9,33,27,17,34,49,93,4,3,19,4,0,0,0,40
2021-04,17,40,24,26,0,34,24,6,8,20,0,1,1,18,6,100,35,13,4,16,14,3,2,1,0,67,12,9,3,100,10,8,6,35,20,0,4,6,5,8,145,5,11,24,13,44,43,39,0,4,4,5,1,1,0,18
2021-04,18,24,5,9,1,4,5,0,3,4,0,0,4,6,2,17,17,7,0,2,2,1,2,0,0,39,2,1,1,9,3,4,6,5,12,0,0,0,2,0,16,0,2,4,1,6,11,9,3,1,1,1,0,1,0,1
2021-04,19,93,13,34,1,73,32,5,3,27,1,3,1,19,6,168,145,17,2,18,6,5,9,0,7,78,14,18,10,126,23,17,13,25,60,5,2,10,15,3,73,14,31,11,10,23,40,80,7,12,12,6,1,5,0,5
2021-04,20,35,2,18,0,17,13,3,5,5,0,1,0,3,3,55,45,5,4,2,5,0,3,7,3,18,3,7,1,37,15,1,2,2,22,0,1,1,9,1,41,5,7,7,2,6,20,23,0,6,3,0,0,0,0,7
2021-04,21,67,14,14,2,46,14,1,4,6,4,0,0,7,14,55,394,7,2,4,10,1,18,1,7,37,14,10,1,83,16,6,7,10,50,3,1,3,14,4,39,4,15,10,12,25,16,26,1,7,8,3,0,0,0,15
2021-04,22,58,13,42,1,74,33,0,9,12,2,1,0,26,14,117,676,23,3,6,14,4,24,0,5,87,28,12,5,208,41,11,16,23,105,1,8,10,11,8,39,15,110,28,18,39,39,84,6,1,20,6,0,6,0,47
2021-04,23,125,13,30,0,83,54,8,8,9,26,4,2,22,48,165,161,3,4,12,11,8,10,0,3,46,14,13,4,160,49,5,9,10,192,2,2,12,21,8,31,9,21,17,5,8,22,48,20,19,9,3,0,5,0,16
2021-04,24,67,9,35,2,78,39,5,10,46,12,1,1,26,33,116,868,21,6,20,22,14,26,3,5,148,48,4,16,266,57,15,11,38,88,2,2,8,11,22,64,10,41,17,8,31,32,74,7,7,43,12,1,1,0,49
2021-04,25,276,27,33,1,115,94,26,14,24,82,3,4,28,65,268,51,25,28,34,21,8,22,4,4,131,25,34,8,159,108,9,17,30,68,0,12,21,39,20,77,23,22,72,18,14,65,68,33,34,10,1,4,8,0,12
2021-04,26,86,4,9,1,18,15,2,5,4,31,0,0,9,39,60,45,10,0,7,7,1,3,0,5,6,6,5,2,28,14,1,2,1,27,0,0,6,2,3,17,4,3,14,1,1,9,4,21,6,3,1,0,0,0,0
2021-04,27,71,4,4,0,19,27,5,2,4,26,0,0,11,23,58,33,3,2,4,1,1,3,5,3,23,6,6,0,98,35,2,1,7,24,0,0,1,12,5,33,6,18,19,3,14,9,5,13,11,4,0,0,1,0,0
2021-04,28,53,7,3,0,11,17,11,14,4,8,3,0,9,22,35,248,28,1,7,12,1,4,5,1,128,19,12,9,63,20,4,16,20,55,1,0,12,6,17,39,15,64,9,8,3,12,14,3,1,15,0,1,1,0,3
2021-04,29,85,13,10,1,24,27,14,7,9,118,2,0,15,60,113,70,10,1,13,2,5,2,1,0,48,8,11,2,89,25,8,8,3,35,2,1,5,28,11,52,9,33,21,0,0,24,10,13,21,1,3,1,3,0,0
2021-04,30,58,15,59,3,33,30,11,4,10,7,5,1,9,23,125,519,7,3,7,8,2,22,6,3,88,12,10,4,84,26,15,6,10,47,0,2,2,21,11,73,7,27,16,5,10,16,41,2,5,3,3,0,0,0,1
2021-04,31,49,9,5,1,35,14,3,8,12,2,1,1,9,14,51,399,6,1,3,12,7,4,1,1,60,7,4,6,44,11,10,4,28,41,0,1,5,3,12,85,3,23,1,2,2,8,9,0,1,6,1,0,2,0,5
2021-04,32,17,1,3,0,1,4,0,10,3,3,5,1,5,6,1,173,10,1,0,1,0,10,0,0,41,0,10,1,9,6,3,4,10,26,1,1,7,2,5,45,11,35,0,2,1,3,2,0,1,3,2,0,1,0,0
2021-04,33,3,2,7,2,2,15,2,7,4,1,0,3,5,4,4,20,2,0,0,2,5,0,1,0,11,1,7,2,5,4,3,1,1,10,1,0,2,2,4,24,2,21,4,2,2,2,2,0,0,3,1,0,0,0,0
2021-04,34,5,2,2,0,4,4,0,5,0,1,0,0,4,1,6,131,0,0,2,2,0,2,0,0,19,0,0,4,20,9,0,0,7,17,0,0,1,0,3,9,1,12,0,1,1,1,9,0,0,1,0,0,1,0,0
2021-04,35,33,0,0,0,5,8,3,0,1,1,3,1,8,4,8,9,6,0,3,2,0,4,0,1,18,0,4,2,2,3,1,4,0,7,0,0,3,4,1,10,7,18,4,0,7,0,7,0,2,0,2,0,1,0,1
2021-04,36,6,3,1,1,1,7,5,0,0,0,0,0,3,1,4,1,0,0,2,0,0,0,0,0,1,1,3,0,2,0,1,2,0,6,0,0,2,2,1,1,1,1,1,0,1,2,4,0,0,1,0,0,0,0,0
2021-04,37,3,4,1,0,2,1,1,0,2,5,0,0,2,3,12,13,2,0,0,0,0,0,0,1,7,1,3,1,19,4,0,2,2,2,0,0,0,2,0,3,1,0,5,1,1,1,2,6,4,0,0,0,3,0,0
2021-04,38,39,10,2,1,18,18,10,4,4,41,1,1,24,7,30,10,1,2,2,4,3,1,0,0,22,7,8,1,81,18,3,2,2,29,0,0,7,11,8,7,1,23,16,5,4,4,12,2,6,3,0,1,3,0,5
2021-04,39,25,9,0,0,13,26,9,4,2,1,0,0,5,0,13,7,3,0,1,2,5,5,0,2,8,2,7,1,18,7,0,3,7,6,0,0,1,6,2,19,1,1,2,3,1,5,6,1,0,3,1,1,1,0,5
2021-04,40,11,2,2,0,3,20,15,0,1,14,0,2,7,5,15,12,1,1,4,2,0,2,0,0,22,1,14,1,22,7,0,2,1,4,0,0,2,10,3,9,3,12,3,1,1,2,10,0,5,1,0,1,2,0,2
2021-04,41,9,0,0,0,5,16,2,3,6,0,0,0,6,1,17,20,2,2,2,1,0,0,0,6,37,2,9,2,25,7,2,5,7,6,0,0,2,0,6,15,4,22,3,1,9,2,6,0,2,20,5,1,0,0,2
2021-04,42,45,7,3,1,27,43,11,2,6,18,0,5,31,7,32,4,4,2,5,6,5,8,0,0,25,4,12,1,14,18,5,6,0,15,0,0,4,6,9,102,4,19,9,5,2,5,11,6,6,4,1,0,3,0,1
2021-04,43,135,15,14,3,28,104,39,6,33,13,3,2,22,29,89,21,12,6,10,10,27,4,2,1,76,10,15,2,29,50,8,21,13,101,0,6,5,30,12,51,6,3,26,3,7,23,37,13,26,6,7,6,24,0,7
2021-04,44,73,20,11,1,25,52,23,6,12,18,1,1,17,21,109,5,2,3,9,9,7,8,2,4,43,20,13,1,30,29,4,12,9,26,0,1,2,20,18,35,4,23,29,10,2,22,29,11,17,7,4,2,5,0,3
2021-04,45,23,10,2,3,10,9,0,1,9,0,0,1,11,15,40,7,2,4,4,2,1,3,0,0,15,5,8,2,6,4,1,7,1,7,0,0,6,7,0,43,5,2,26,3,2,7,14,13,7,0,3,0,8,0,3
2021-04,46,50,13,4,5,36,33,17,4,12,6,0,0,24,23,90,40,4,1,6,6,4,5,0,7,65,15,11,2,27,28,2,8,2,60,0,7,6,12,2,38,5,12,43,8,3,28,45,17,14,2,7,0,12,0,8
2021-04,47,5,0,0,0,4,3,0,2,4,1,2,0,0,1,11,0,0,0,1,0,0,1,0,0,2,2,0,0,5,6,0,0,0,3,0,0,0,2,0,0,1,0,5,1,1,5,8,1,0,0,0,0,1,0,1
2021-04,48,27,9,0,2,10,6,0,3,8,6,1,2,3,8,39,21,4,0,4,3,1,3,0,2,41,5,7,1,13,3,5,10,8,12,0,2,1,11,5,29,4,12,18,7,3,30,33,8,11,1,4,0,7,0,1
2021-04,49,85,52,6,3,54,31,14,4,13,29,3,6,18,39,168,21,17,3,11,7,4,8,1,0,150,42,19,0,122,27,7,25,28,24,0,0,9,42,10,154,8,20,64,12,5,41,60,46,31,3,5,5,12,0,5
2021-04,50,12,0,4,1,9,2,0,1,3,2,0,0,2,3,28,1,0,0,0,1,0,0,0,2,8,6,9,0,6,2,2,2,3,0,0,0,7,11,5,7,1,4,5,2,1,7,2,2,4,1,1,0,1,0,0
2021-04,51,21,15,2,0,15,7,3,3,2,2,1,1,14,11,53,23,6,4,4,2,1,1,0,1,31,6,15,0,9,11,0,14,2,17,1,0,5,13,4,32,6,6,27,2,2,7,14,5,2,0,1,2,7,0,0
2021-04,52,39,21,2,1,42,9,0,2,3,7,0,0,2,3,68,33,1,0,2,2,0,1,0,1,15,7,11,2,8,4,6,5,16,5,0,4,2,7,4,125,5,10,13,3,11,13,26,4,7,4,4,1,2,0,1
2021-04,53,42,19,12,3,24,35,7,4,11,16,2,0,26,30,96,3,9,5,13,4,1,6,0,7,72,14,11,0,89,34,5,13,14,18,0,1,4,18,8,108,10,15,42,11,5,44,44,32,28,3,2,0,6,0,3
2021-04,54,3,0,0,0,1,4,1,0,13,0,0,0,3,8,4,1,0,1,0,2,1,0,0,0,26,1,5,0,1,5,0,1,1,5,0,0,2,5,0,0,1,1,3,0,0,2,4,0,4,2,0,0,1,0,1
2021-04,55,10,9,3,0,27,7,1,3,3,1,0,0,7,0,30,6,4,0,4,0,0,1,0,0,16,3,4,0,2,12,3,4,6,2,0,0,3,5,1,62,4,11,6,2,1,16,12,1,1,3,2,0,3,0,3
2021-04,56,64,18,3,1,35,12,1,2,22,1,0,0,12,5,78,84,15,3,9,5,3,15,8,1,67,8,10,1,119,18,7,4,19,16,2,4,3,6,4,96,11,16,4,11,12,44,40,0,0,3,4,1,3,0,6
2021-04,57,42,3,0,1,15,5,0,2,4,1,0,0,7,2,19,148,6,0,3,2,2,1,1,0,27,3,1,3,20,4,3,2,5,18,0,4,2,8,3,6,3,10,2,2,2,9,5,0,0,2,0,1,0,0,2
2021-04,58,72,16,36,4,29,27,4,5,10,1,2,1,8,12,73,412,6,1,5,9,6,7,0,7,83,6,4,1,61,20,10,3,10,47,1,0,2,20,4,90,6,26,9,6,3,31,36,3,2,5,3,0,2,0,2
2021-04,59,19,4,1,0,12,16,1,0,2,2,0,1,1,3,47,296,5,0,1,3,1,0,1,0,24,2,2,2,27,5,1,6,2,25,1,0,11,5,4,28,6,13,2,2,18,5,9,2,1,4,0,0,1,0,4
2021-04,60,57,15,8,1,25,19,2,4,7,5,1,3,14,4,53,118,6,6,6,5,6,5,5,0,61,3,4,1,142,20,2,6,15,14,0,0,1,3,5,34,4,26,7,7,3,21,113,1,1,12,2,0,2,0,2
2021-04,61,70,6,6,0,36,32,9,11,12,8,0,0,13,20,128,193,2,2,5,14,1,11,0,10,58,7,10,2,78,22,3,5,9,27,0,2,6,24,3,45,4,15,23,5,5,69,30,27,18,3,3,0,0,0,1
2021-04,62,40,15,5,0,10,5,1,0,5,4,0,1,7,1,29,83,1,0,1,2,0,1,0,2,29,3,1,2,33,4,1,2,3,11,0,0,5,2,1,24,0,4,7,1,6,5,10,0,2,1,2,0,1,0,1
2021-04,63,61,23,11,0,29,13,1,5,15,0,0,2,16,6,61,297,8,2,3,4,6,9,1,5,18,3,1,3,44,12,6,7,6,26,0,0,6,13,7,24,4,2,14,4,1,32,7,0,2,3,1,0,4,0,1
2021-04,64,40,45,1,5,12,15,1,6,7,0,0,1,10,3,42,26,8,2,4,4,4,2,0,1,45,4,3,0,169,5,9,2,5,23,2,0,2,4,1,91,6,3,8,4,5,19,10,1,3,3,5,1,1,0,3
2021-04,65,76,32,8,4,14,7,1,6,11,0,0,0,12,1,41,89,9,5,3,2,11,3,0,3,92,5,5,2,65,2,9,11,10,4,0,0,6,9,1,68,2,16,15,8,4,17,9,1,2,2,2,0,6,0,0
2021-04,66,97,24,18,2,45,44,12,15,19,9,2,1,20,27,148,176,6,3,27,5,17,7,2,4,63,11,17,1,92,42,4,9,19,18,1,1,5,18,18,51,7,29,24,8,2,30,47,15,7,4,4,2,9,0,0
2021-04,67,112,18,12,1,32,49,2,7,17,32,2,0,21,38,154,56,7,2,16,8,8,5,1,3,54,9,21,1,108,51,7,21,11,29,0,3,8,27,10,32,15,26,39,9,3,35,30,26,15,13,4,1,9,0,3
2021-04,68,48,11,4,1,26,37,16,3,10,28,1,0,12,31,115,41,10,0,11,15,2,8,1,1,73,9,9,4,72,39,5,11,5,12,1,3,10,24,17,67,8,20,30,4,41,18,22,34,13,17,1,0,1,0,2
2021-04,69,110,18,3,1,33,43,29,6,7,16,4,1,22,26,112,12,10,2,13,7,9,2,1,5,47,11,23,4,23,41,5,13,11,38,1,4,12,34,23,63,10,20,41,11,2,19,40,20,20,9,2,2,4,0,2
2021-04,70,41,37,5,7,42,21,2,8,14,0,1,2,19,7,139,37,17,3,10,4,1,9,1,1,79,13,10,2,46,17,25,14,31,18,1,0,11,17,4,113,10,128,56,12,4,44,49,0,12,2,4,1,5,0,6
2021-04,71,112,26,17,2,57,39,22,5,20,17,1,0,38,26,187,23,13,4,11,16,9,12,6,1,280,24,27,2,89,47,20,25,24,33,1,3,6,26,14,50,12,20,42,7,5,34,43,25,17,4,8,3,12,0,2
2021-04,72,16,4,4,1,20,4,2,1,11,0,0,1,8,1,61,0,8,9,7,2,1,4,5,0,59,12,2,2,3,6,11,6,18,13,0,1,1,9,7,36,9,13,75,10,11,15,29,2,3,6,7,1,3,0,8
2021-04,73,50,21,5,4,40,18,7,1,12,9,1,3,27,15,127,0,15,3,4,2,13,14,6,1,141,24,10,2,32,17,9,18,23,33,2,2,12,22,13,47,11,20,43,3,1,27,49,11,11,3,5,0,5,0,3
2021-04,74,7,12,2,0,14,5,0,0,1,2,0,0,7,2,50,0,0,0,2,1,0,5,0,0,45,13,2,0,28,1,5,1,14,8,0,0,4,3,1,23,4,15,12,2,10,14,18,1,3,6,0,54,0,0,2
2021-04,75,27,9,7,1,28,14,4,5,46,12,0,12,10,8,77,3,5,4,7,1,18,1,6,1,75,17,12,4,21,10,3,8,12,17,0,0,3,10,3,53,6,16,57,6,7,27,36,5,10,4,1,3,8,0,5
2021-04,76,9,1,0,2,1,3,5,0,2,0,1,0,3,0,4,1,0,0,0,3,0,0,1,0,17,1,3,0,2,0,0,1,3,3,0,1,0,2,2,6,4,3,6,0,1,1,2,0,0,1,1,0,0,0,1
2021-04,77,36,3,9,0,17,22,6,6,17,4,1,1,6,4,34,227,9,1,1,10,2,17,2,2,54,6,7,4,55,7,5,4,9,47,1,0,2,0,0,26,11,41,9,11,31,16,27,0,0,25,8,0,7,0,24
2021-05,0,3504,613,616,103,1830,1666,479,265,676,1127,97,103,1222,971,4893,7779,685,331,472,361,350,553,359,168,2802,670,855,204,6019,2011,431,592,794,2317,41,146,366,795,417,3824,377,1778,1731,1175,705,1982,3730,605,529,427,350,70,277,2978,1110
2021-05,1,47,4,3,7,8,35,12,4,2,0,2,3,14,12,23,114,0,0,1,4,0,15,2,2,11,3,9,3,83,19,0,14,5,20,2,3,4,5,1,22,0,33,24,23,28,20,34,0,1,8,4,3,2,6,24
2021-05,2,96,14,16,2,24,24,8,5,6,0,2,1,25,14,75,83,14,1,5,1,3,11,2,0,62,6,27,3,158,67,9,8,11,50,3,0,5,9,6,28,3,16,38,60,9,43,72,4,4,9,5,0,1,5,24
2021-05,3,36,1,5,0,13,21,8,2,5,2,0,1,13,19,14,170,7,1,10,3,1,8,3,3,29,1,12,1,57,15,5,7,6,31,0,0,1,9,3,9,3,31,14,11,9,16,36,3,5,6,1,1,2,1,35
2021-05,4,23,3,12,1,19,9,1,1,5,1,0,1,12,9,42,146,9,2,4,9,0,5,1,1,31,2,20,1,77,17,5,0,7,17,0,1,3,2,4,28,5,27,29,34,26,22,67,0,3,6,4,1,0,1,37
2021-05,5,24,2,12,0,24,9,6,1,14,2,2,0,12,4,50,146,13,1,7,5,1,1,0,1,36,2,2,0,117,13,5,4,16,8,2,2,5,2,1,14,3,38,22,39,14,25,79,1,3,9,5,0,3,6,32
2021-05,6,34,2,20,0,42,27,5,12,13,1,4,11,27,38,57,253,15,0,12,5,3,16,1,4,56,7,16,5,225,42,9,6,11,58,0,3,3,7,7,39,3,44,15,31,23,44,87,1,8,32,9,0,3,0,43
2021-05,7,33,5,12,2,32,20,2,6,13,1,2,1,28,17,58,141,11,1,3,7,0,23,0,1,62,0,10,4,128,102,5,7,16,21,1,1,14,6,4,38,9,49,13,31,23,27,79,1,6,9,15,0,2,1,34
2021-05,8,20,3,3,0,3,37,6,18,14,1,1,10,5,10,17,174,17,0,4,6,1,7,13,4,94,1,8,17,49,54,7,4,20,98,1,3,10,3,24,86,14,44,5,8,1,8,40,4,18,0,9,0,0,3,1
2021-05,9,9,6,5,0,10,1,0,1,4,1,0,0,5,1,21,3,5,3,2,2,0,3,0,0,9,0,3,0,5,3,9,4,6,3,1,0,0,1,1,12,1,4,11,13,11,18,12,0,0,2,2,1,1,1,10
2021-05,10,22,2,12,1,36,17,2,5,21,1,1,0,24,8,69,12,7,6,4,8,1,8,2,1,51,17,9,8,84,22,17,7,20,19,1,0,10,6,4,64,1,9,40,27,21,43,75,0,1,8,11,3,1,4,22
2021-05,11,35,3,4,0,13,14,4,2,3,0,0,1,11,3,44,28,10,1,3,6,1,8,0,1,40,9,3,1,143,49,18,9,18,24,0,3,7,6,6,43,8,11,21,17,4,22,61,3,3,5,1,1,4,5,30
2021-05,12,14,8,2,0,12,7,0,2,9,0,1,0,17,1,42,9,11,0,5,4,1,9,0,2,24,8,7,0,65,12,4,1,7,12,0,0,4,2,4,16,5,12,49,24,16,41,41,1,1,5,2,0,0,3,45
2021-05,13,18,3,7,1,14,9,3,3,2,0,0,0,9,3,32,26,7,0,4,3,0,2,0,1,40,3,9,3,15,13,3,3,5,16,0,0,3,1,11,20,1,23,14,5,8,21,26,2,1,2,1,1,0,2,15
2021-05,14,50,7,32,0,24,13,4,1,16,0,2,2,28,9,59,85,4,2,10,7,2,13,0,5,50,12,10,0,74,15,5,5,5,32,0,1,2,9,1,13,1,20,19,28,16,24,43,3,6,10,3,0,2,5,53
2021-05,15,86,8,25,2,47,32,6,8,21,0,1,2,24,17,145,162,12,4,14,10,4,11,1,0,53,14,13,4,253,67,11,12,24,71,0,2,6,10,4,88,5,29,47,38,34,66,90,3,6,14,6,1,4,2,70
2021-05,16,71,3,19,1,30,28,5,6,14,1,2,2,12,15,91,154,15,6,12,5,10,29,3,6,47,16,10,4,197,31,11,11,7,27,1,3,4,8,9,36,5,21,49,33,19,35,111,2,3,11,10,1,4,7,85
2021-05,17,69,12,13,2,34,22,3,3,14,0,0,1,34,11,119,60,17,5,13,8,3,7,0,1,28,9,4,1,132,29,15,11,29,22,0,0,3,6,0,87,3,15,41,25,27,73,101,6,3,5,7,2,8,10,24
2021-05,18,15,2,3,0,8,21,1,2,6,1,1,0,2,2,23,22,5,1,5,2,1,5,0,0,23,8,0,1,22,4,2,3,7,8,0,3,2,7,1,15,1,7,3,6,3,11,19,0,2,1,2,0,3,4,10
2021-05,19,79,5,34,4,63,30,12,4,12,5,2,0,19,8,170,164,17,10,10,8,4,8,5,10,69,8,13,3,159,21,15,11,21,78,0,1,5,16,4,70,8,36,23,17,11,46,68,4,4,6,6,3,8,7,11
2021-05,20,15,1,19,1,17,15,6,2,3,0,1,0,2,2,52,71,1,2,5,3,0,0,2,0,11,9,5,0,64,11,1,6,8,32,0,0,2,3,1,11,1,1,15,5,9,11,42,0,2,3,1,0,1,1,12
2021-05,21,41,5,12,0,24,15,1,2,10,0,1,0,11,12,47,349,14,2,5,5,7,9,0,3,38,12,16,6,102,19,9,5,3,46,2,2,7,4,3,57,6,37,15,15,10,17,38,4,1,7,6,0,2,6,40
2021-05,22,61,15,24,2,63,42,1,3,9,6,4,0,33,26,94,506,28,2,8,20,8,19,3,7,53,9,22,2,245,61,9,13,16,111,0,16,10,16,9,61,9,82,43,37,70,85,229,6,8,19,15,2,1,20,82
2021-05,23,73,12,20,1,69,39,19,9,18,34,1,0,10,30,140,145,10,4,18,7,3,16,11,2,33,17,22,3,145,65,1,4,10,73,1,12,7,12,13,59,4,19,12,15,14,78,80,14,6,3,2,0,4,26,15
2021-05,24,47,15,23,0,89,30,5,3,30,10,1,1,49,42,141,727,31,11,23,19,6,34,2,6,112,45,16,4,355,69,9,10,27,81,2,7,7,8,15,121,9,78,32,30,31,40,152,8,4,15,18,0,2,10,65
2021-05,25,278,14,20,3,88,84,32,10,25,58,5,0,47,64,265,53,30,85,28,10,17,17,2,8,84,31,61,4,184,87,1,26,21,57,1,1,10,57,14,81,12,31,67,43,13,75,178,39,32,11,6,8,6,64,18
2021-05,26,92,2,2,0,10,23,5,3,9,36,1,0,11,25,57,49,4,3,5,10,3,4,0,2,8,4,5,0,29,17,2,6,1,23,0,0,4,6,8,27,2,11,21,6,2,11,15,15,3,2,2,4,0,41,1
2021-05,27,49,5,9,0,20,26,8,7,4,30,0,5,15,19,60,40,1,0,6,0,0,4,0,3,18,18,11,2,93,28,1,7,2,28,0,1,6,9,11,28,5,18,13,5,11,8,22,10,22,0,2,0,3,17,5
2021-05,28,45,7,2,1,24,31,5,11,7,19,1,0,14,15,34,253,12,1,10,11,0,3,4,2,87,6,18,12,104,23,5,9,10,68,3,6,17,9,14,58,18,105,11,4,12,19,61,3,3,6,8,0,1,17,4
2021-05,29,75,4,7,0,30,30,14,2,7,69,1,0,23,45,108,68,12,1,8,3,1,2,1,2,45,12,23,0,90,27,8,7,7,38,1,6,10,15,6,69,6,40,25,8,3,29,36,14,14,5,3,1,3,89,2
2021-05,30,53,10,25,4,39,25,10,8,12,4,1,0,12,24,105,446,11,2,6,4,3,12,19,4,84,0,8,3,100,29,10,10,18,23,2,1,8,18,3,52,9,10,19,9,4,53,69,5,6,48,4,2,3,12,10
2021-05,31,33,5,6,2,25,30,3,5,12,4,1,2,14,14,55,423,7,2,5,6,10,16,107,4,50,3,11,5,79,24,3,11,24,58,0,0,10,10,2,107,5,56,2,7,13,6,46,0,0,3,4,0,3,6,4
2021-05,32,18,1,3,1,1,4,0,2,3,3,0,0,0,1,2,243,9,1,0,2,1,6,0,1,29,0,5,8,12,11,0,2,15,30,2,3,5,2,10,46,4,45,1,1,2,4,1,0,8,5,1,1,1,0,0
2021-05,33,8,4,1,1,3,10,2,2,2,0,0,7,10,2,6,40,5,0,3,2,1,2,0,2,15,1,12,3,8,8,2,1,2,16,0,0,3,1,1,20,0,15,1,2,2,2,8,0,1,2,3,1,0,3,3
2021-05,34,9,1,0,0,2,3,1,3,3,0,0,2,3,6,17,94,4,0,3,1,0,0,0,0,4,1,1,1,44,9,1,0,5,12,0,0,1,1,0,29,1,10,1,1,1,6,11,1,0,1,0,0,0,4,1
2021-05,35,21,0,0,0,5,5,2,2,0,0,0,1,11,4,8,24,4,0,1,2,0,1,0,0,3,0,4,1,3,5,3,5,6,20,1,3,2,4,3,28,3,11,3,5,0,5,23,0,1,1,1,2,0,2,0
2021-05,36,6,1,0,0,1,6,4,0,0,1,0,3,0,1,8,8,2,0,1,0,0,1,0,0,3,0,1,0,0,0,1,0,1,11,0,0,4,2,0,3,3,1,0,2,1,11,2,0,0,0,0,0,0,4,0
2021-05,37,4,2,1,0,2,6,2,0,0,6,0,0,7,2,10,5,0,0,2,0,0,0,0,1,12,0,1,1,10,2,0,2,0,8,0,0,0,3,1,11,0,3,5,4,0,10,6,7,0,0,0,0,0,36,0
2021-05,38,53,9,3,1,17,28,8,1,4,38,1,0,22,9,39,19,4,0,2,4,0,2,0,1,43,9,8,3,53,14,5,0,6,60,3,3,2,5,2,27,3,25,20,12,1,18,32,6,1,2,3,0,0,33,10
2021-05,39,12,4,0,0,3,28,12,5,0,2,0,0,7,3,15,7,5,1,1,2,1,3,0,0,12,0,1,1,33,10,0,2,6,10,0,0,1,3,8,30,3,25,8,1,1,14,21,1,2,0,1,0,0,3,3
2021-05,40,39,6,3,0,5,20,22,1,1,17,1,0,15,8,11,6,3,1,3,2,3,2,0,0,15,0,9,1,33,10,2,4,0,54,0,0,2,6,3,12,4,6,5,5,0,18,12,2,2,2,3,1,1,13,0
2021-05,41,23,0,3,0,6,12,4,4,2,1,1,5,2,0,8,14,5,0,1,2,2,2,0,0,21,1,8,4,31,3,7,1,5,6,0,0,2,3,1,30,19,10,7,10,9,4,11,1,1,5,2,0,0,0,3
2021-05,42,56,5,4,2,15,30,7,2,8,19,2,2,18,10,47,12,12,1,5,4,7,5,0,0,28,4,12,3,25,21,2,3,1,11,0,1,12,9,6,56,4,19,7,13,3,5,20,5,4,3,3,0,6,28,2
2021-05,43,95,10,5,0,22,108,51,3,25,10,4,0,26,30,80,14,21,4,8,14,12,11,2,3,48,11,35,3,22,44,4,8,5,66,2,10,15,31,7,89,10,18,37,25,4,32,60,13,21,3,3,3,7,100,3
2021-05,44,51,15,7,2,23,50,20,3,17,6,1,0,27,18,96,6,17,1,9,4,1,19,0,2,34,14,17,6,34,65,5,14,10,9,0,2,2,19,16,58,3,49,43,19,3,31,50,21,25,2,6,2,7,65,9
2021-05,45,29,3,1,0,17,5,0,0,3,1,2,0,16,10,35,5,8,1,8,2,0,3,0,2,20,25,10,1,6,5,5,0,0,2,1,1,2,6,1,31,10,12,19,5,0,16,37,4,5,3,4,0,2,6,11
2021-05,46,73,16,7,2,28,30,7,1,7,12,1,0,25,14,89,54,7,3,11,4,8,8,2,4,38,20,14,0,32,43,2,12,6,6,0,4,3,19,3,136,3,14,38,23,2,23,50,22,17,5,4,1,3,289,5
2021-05,47,6,0,0,0,3,2,0,0,2,2,1,0,1,3,14,1,0,0,4,0,0,1,0,0,2,0,2,0,0,5,2,3,0,1,0,0,0,4,0,4,0,0,6,3,0,0,7,3,1,0,0,0,0,39,1
2021-05,48,18,10,0,2,25,8,0,3,8,7,3,3,18,6,43,12,5,0,2,6,1,8,0,0,14,11,6,2,18,12,0,17,8,23,0,1,6,6,6,75,3,23,16,8,1,20,48,10,8,3,2,0,5,33,1
2021-05,49,88,35,4,7,49,29,13,2,19,168,4,1,58,27,140,23,28,10,16,0,18,18,3,7,51,39,42,2,121,57,26,23,24,25,0,4,10,40,6,167,20,19,79,23,9,41,64,50,24,0,8,3,29,228,4
2021-05,50,9,2,0,3,10,7,1,1,1,1,0,0,5,8,29,5,0,5,5,1,4,3,1,4,15,9,3,1,3,6,1,3,5,1,0,0,2,5,5,16,0,4,12,3,0,3,7,5,8,3,2,1,11,19,2
2021-05,51,37,3,4,0,13,12,5,4,5,6,1,0,11,12,43,40,1,1,1,2,1,3,3,1,39,7,6,1,6,27,1,16,3,11,0,0,1,9,7,41,2,8,35,22,3,11,19,7,6,2,5,0,0,28,4
2021-05,52,41,8,10,0,35,4,0,2,1,6,0,0,3,5,72,69,1,0,9,1,2,2,0,4,29,5,9,1,10,40,6,10,16,10,0,0,0,8,3,43,4,3,10,12,1,19,38,2,8,21,9,0,1,17,4
2021-05,53,61,27,4,2,36,31,10,3,12,196,0,1,23,22,115,6,12,25,10,3,12,4,0,5,26,16,20,2,87,50,9,17,18,11,0,0,5,12,2,124,3,4,46,25,2,38,38,49,7,5,10,2,15,482,3
2021-05,54,6,0,0,0,0,0,2,0,1,0,0,0,0,3,4,0,2,0,1,0,1,1,0,0,24,1,0,0,1,4,0,2,2,4,0,0,0,3,3,15,2,1,2,1,1,1,2,0,0,0,2,0,1,97,2
2021-05,55,11,5,1,0,17,3,0,1,0,0,0,0,11,5,27,6,1,0,3,1,3,2,0,1,12,8,7,1,6,8,0,0,4,5,0,0,2,5,3,19,5,7,7,2,4,6,13,5,1,7,0,1,2,11,3
2021-05,56,45,41,4,4,31,16,0,2,6,1,0,1,14,5,70,116,10,0,2,4,0,11,0,1,58,5,9,2,211,11,14,7,41,27,0,0,4,12,2,98,1,18,10,11,8,65,83,6,8,4,3,1,1,2,5
2021-05,57,38,0,1,0,10,6,0,3,3,0,0,0,3,1,27,158,4,0,3,3,1,0,0,1,24,1,3,0,54,10,1,3,6,9,0,0,0,4,5,8,0,9,9,6,1,9,13,2,1,1,0,0,2,4,1
2021-05,58,56,1,13,2,36,32,10,4,6,1,3,2,7,6,76,295,9,0,4,5,3,4,18,1,66,8,5,2,60,14,4,7,5,36,0,1,7,9,3,34,2,4,9,5,8,14,35,3,3,3,1,0,2,0,5
2021-05,59,24,3,2,0,10,7,2,4,3,2,3,1,2,2,28,308,0,0,2,1,0,1,3,1,41,5,7,1,28,6,2,3,3,33,0,0,7,3,3,16,0,9,2,7,40,25,30,1,1,2,4,0,0,6,6
2021-05,60,22,5,10,1,23,15,2,5,9,3,1,1,10,4,56,144,9,1,6,10,0,7,2,1,18,4,4,2,182,22,1,7,8,27,0,3,3,3,3,31,5,39,11,12,8,28,122,4,1,8,9,2,3,16,6
2021-05,61,57,8,11,1,29,32,2,5,6,29,2,0,22,16,100,123,6,2,2,7,2,14,112,2,53,9,9,5,78,27,5,10,7,39,0,0,5,22,4,90,8,22,26,16,6,21,50,16,10,4,4,2,2,78,2
2021-05,62,40,6,5,0,8,6,0,2,11,2,0,0,8,1,39,106,2,0,2,1,0,3,0,0,21,0,6,3,80,1,2,6,7,31,0,2,4,10,1,16,0,3,6,2,8,6,13,1,3,0,3,0,1,1,4
2021-05,63,45,7,10,1,24,17,5,4,9,6,1,0,20,5,57,278,3,3,0,8,1,4,1,3,22,9,5,0,41,9,1,5,4,28,0,2,2,11,3,39,2,8,14,14,3,14,24,0,8,1,2,0,6,1,2
2021-05,64,46,17,4,12,6,9,1,1,7,1,0,0,8,1,38,19,5,1,5,0,0,2,3,0,42,2,4,2,174,9,7,4,8,20,1,4,4,9,4,107,4,11,7,2,8,25,28,4,1,3,8,0,6,4,5
2021-05,65,71,19,6,4,13,6,2,2,13,0,0,0,10,2,37,61,6,1,1,1,0,2,0,4,38,5,6,2,57,5,3,9,14,39,2,2,4,5,0,53,11,16,21,6,5,13,42,3,6,5,2,0,3,1,1
2021-05,66,85,12,14,0,51,32,19,4,18,6,1,2,24,24,125,129,9,2,7,2,2,14,1,3,50,9,15,5,104,40,6,15,17,40,2,4,9,35,11,28,6,14,18,20,7,23,42,12,20,8,11,0,13,25,5
2021-05,67,81,22,7,2,32,46,1,1,17,37,3,0,22,28,126,24,10,5,8,7,1,5,2,8,26,20,24,2,119,46,5,18,6,73,0,2,7,23,17,86,7,12,44,17,3,19,45,29,12,2,5,0,6,170,7
2021-05,68,45,7,4,6,15,50,17,2,10,39,1,1,13,36,87,9,2,1,6,17,7,2,1,3,34,7,7,4,117,53,6,7,5,17,1,1,6,20,12,69,5,14,37,18,4,18,35,42,19,5,9,1,6,323,3
2021-05,69,115,21,9,1,24,41,16,5,12,30,1,1,28,24,84,10,14,2,9,10,4,1,0,5,28,15,21,8,57,45,6,14,8,12,0,1,0,30,16,143,10,123,34,32,1,28,54,17,19,1,1,3,0,75,10
2021-05,70,71,23,4,2,43,17,2,6,14,2,9,5,23,7,154,27,19,3,16,3,0,9,0,3,71,8,11,5,65,27,12,5,30,42,0,1,12,20,3,96,4,60,49,20,3,44,68,6,12,2,4,1,9,30,11
2021-05,71,100,31,6,2,53,43,14,4,15,26,0,2,38,38,167,17,22,7,6,7,5,8,3,1,38,17,19,1,132,59,6,31,19,54,1,7,9,37,15,100,11,30,63,17,4,48,111,37,36,9,11,3,21,128,8
2021-05,72,14,5,8,1,25,7,3,2,5,4,2,9,14,2,58,4,9,50,3,3,112,7,6,0,50,7,8,1,7,18,11,15,13,14,0,2,2,6,0,46,2,8,66,12,2,52,56,4,7,8,2,2,5,15,19
2021-05,73,60,17,10,3,44,25,4,6,8,62,2,1,34,12,118,2,15,14,10,5,10,10,2,0,28,23,26,5,47,49,14,16,29,44,1,4,6,23,14,37,4,19,46,29,3,45,51,25,13,1,11,1,11,67,7
2021-05,74,8,3,2,0,13,7,0,0,0,2,0,2,17,1,68,1,5,0,6,2,0,3,0,3,36,14,5,0,46,5,15,11,6,12,0,0,0,4,2,15,6,8,22,3,10,38,48,2,1,2,2,0,2,15,4
2021-05,75,28,7,5,0,24,18,2,1,15,84,0,2,4,15,88,0,7,25,8,2,22,8,0,2,47,25,16,2,33,25,6,11,10,26,0,0,2,17,3,104,3,21,54,18,7,47,45,21,15,5,7,1,10,92,22
2021-05,76,11,0,0,0,4,2,2,2,2,1,2,1,12,0,4,5,0,0,1,1,0,1,0,0,6,2,2,0,11,0,3,0,1,0,0,0,0,0,1,12,7,3,0,2,0,7,4,0,0,0,1,0,0,1,1
2021-05,77,25,3,12,1,20,25,5,4,23,0,3,3,8,13,19,148,6,1,1,2,8,5,10,2,30,1,7,6,85,16,3,2,11,29,0,0,2,4,4,27,5,38,23,25,21,18,42,0,3,8,4,0,0,2,39
2021-06,0,3864,698,582,305,2035,1957,599,207,798,918,87,50,1354,1118,5776,8874,834,263,797,443,256,591,2371,203,2929,1028,745,231,8019,1984,661,1599,845,2450,43,89,382,701,448,4402,460,2162,3473,3350,561,2343,5387,777,483,372,1763,56,1110,8973,978
2021-06,1,44,6,5,9,7,30,10,2,4,1,0,1,14,7,28,143,6,2,5,7,5,9,1,6,45,2,7,1,125,23,12,22,13,23,0,1,0,6,3,34,4,19,40,40,10,22,47,1,4,6,16,0,23,2,18
2021-06,2,76,9,20,4,27,30,10,4,11,4,1,0,42,12,94,62,19,2,6,7,8,14,2,1,37,4,21,4,222,59,10,37,23,26,1,6,4,5,10,48,5,19,98,113,15,54,111,3,9,10,44,1,25,8,21
2021-06,3,22,6,1,3,5,26,12,3,10,3,0,0,12,30,13,296,19,1,16,6,6,7,2,0,16,2,15,1,74,17,2,14,10,46,0,0,2,0,8,24,4,55,23,15,7,23,39,3,8,15,17,0,8,3,24
2021-06,4,24,6,5,2,33,12,4,3,15,0,0,2,18,9,59,164,12,2,8,7,0,8,3,2,22,7,16,3,130,14,10,10,7,16,0,0,0,9,7,40,2,10,39,48,15,36,73,1,5,10,38,0,7,5,31
2021-06,5,32,0,6,5,32,10,0,1,9,1,1,0,14,5,57,259,16,2,7,6,1,3,1,1,28,10,10,4,160,26,6,21,16,25,1,1,1,5,3,23,4,41,49,48,10,38,90,1,1,7,22,1,10,0,37
2021-06,6,32,6,9,7,35,47,8,2,10,4,3,0,24,25,71,429,22,6,18,13,5,14,1,1,48,4,13,9,301,44,10,41,15,49,0,3,13,2,6,42,6,56,27,32,16,53,90,3,8,27,44,4,17,7,44
2021-06,7,49,7,16,5,46,19,1,11,7,3,1,0,10,17,61,237,23,1,4,11,1,5,6,4,49,8,7,5,136,64,13,27,17,88,2,0,8,2,7,63,6,43,29,59,12,44,79,8,5,13,43,2,17,8,29
2021-06,8,19,2,5,2,10,31,7,15,5,2,4,0,8,11,18,252,12,1,11,7,11,7,9,2,58,1,4,15,62,44,7,17,14,141,1,1,5,3,20,88,14,79,12,18,6,25,29,0,3,5,16,2,7,13,1
2021-06,9,7,5,2,1,19,6,0,0,12,3,0,0,1,0,22,0,2,5,6,2,1,3,0,0,59,18,1,1,7,0,20,4,2,5,0,0,0,1,0,20,2,16,21,6,10,31,31,0,1,6,4,0,2,1,11
2021-06,10,46,5,6,8,48,15,2,1,15,0,0,1,28,5,113,14,16,11,17,8,0,3,2,1,76,70,11,4,155,12,35,32,21,35,0,0,8,1,4,50,7,43,84,61,32,65,109,6,2,5,26,1,19,7,17
2021-06,11,46,6,4,10,27,6,3,1,7,0,2,1,5,6,56,28,12,6,10,6,1,3,0,0,31,8,9,1,174,59,9,26,16,18,0,1,4,3,5,37,1,23,45,48,5,31,73,1,1,2,23,0,13,8,32
2021-06,12,20,6,3,5,19,4,1,0,8,1,0,1,19,3,62,13,5,3,12,4,4,3,7,0,62,45,8,0,64,7,10,15,6,15,0,0,1,6,1,34,8,11,60,39,11,53,127,3,1,5,16,2,8,0,27
2021-06,13,11,7,5,6,18,6,1,2,10,0,0,1,11,7,28,54,6,1,4,0,0,26,0,0,46,16,9,2,28,10,2,7,10,23,0,0,1,2,3,8,8,21,33,12,3,30,32,0,3,2,9,1,8,0,14
2021-06,14,46,1,10,1,27,19,5,3,11,0,1,0,8,10,51,124,7,3,11,3,3,16,2,3,66,7,9,2,111,14,4,27,6,46,0,0,4,0,2,19,3,5,44,56,18,37,65,2,4,6,41,0,16,1,55
2021-06,15,105,8,15,6,57,33,7,3,19,2,0,0,24,16,150,111,35,15,21,17,2,6,24,2,56,20,13,3,347,63,19,36,15,50,5,7,13,10,4,100,11,53,99,81,21,78,149,9,2,13,41,2,29,12,53
2021-06,16,75,6,13,9,42,31,6,5,38,3,1,3,30,14,93,337,5,6,9,12,5,35,2,3,124,13,10,7,299,26,11,57,17,51,1,3,8,13,5,58,8,26,70,77,27,52,125,1,2,5,43,1,15,12,69
2021-06,17,92,12,17,8,60,19,9,3,18,3,1,0,22,8,120,55,19,5,31,14,1,5,0,4,58,16,8,0,151,12,18,46,20,16,1,2,2,2,9,88,23,19,55,51,16,66,139,5,4,8,32,0,34,1,25
2021-06,18,27,4,4,0,13,9,3,1,1,0,0,0,2,1,23,20,7,6,3,2,1,3,0,2,25,9,1,1,29,3,10,8,4,4,0,0,2,5,0,5,5,7,11,16,4,18,54,0,1,0,13,0,7,5,3
2021-06,19,100,11,30,9,66,54,17,10,20,4,2,1,28,20,224,178,19,13,27,13,8,22,3,11,91,6,12,4,257,34,19,42,25,65,2,0,13,22,5,55,6,48,34,40,10,64,121,7,9,5,42,1,44,21,10
2021-06,20,36,1,11,5,22,19,10,1,6,1,0,0,8,5,55,36,5,1,6,3,1,1,16,0,26,4,1,0,82,10,7,28,13,17,1,1,4,5,2,18,0,1,13,22,5,18,53,5,2,0,18,0,19,1,13
2021-06,21,49,9,12,3,43,24,5,0,9,2,1,0,25,7,67,334,2,0,8,7,0,8,3,1,27,11,9,0,137,12,2,17,11,38,3,1,5,6,2,47,0,37,21,40,12,26,89,3,3,9,30,0,14,9,23
2021-06,22,83,25,30,10,76,34,8,6,31,8,3,0,38,21,92,543,25,6,15,13,10,23,11,5,55,46,7,7,326,64,14,58,20,63,1,3,10,6,10,83,6,125,97,63,20,67,130,7,4,19,63,2,53,25,63
2021-06,23,115,6,22,4,59,45,20,7,25,31,2,1,15,36,162,139,11,7,28,10,4,13,61,6,27,26,13,1,226,80,17,46,12,53,1,0,7,7,6,26,7,25,50,42,12,33,114,20,9,3,29,0,61,368,14
2021-06,24,50,13,31,8,90,61,7,7,20,9,5,0,40,47,155,944,18,5,23,25,2,31,26,4,97,64,14,10,516,60,16,47,33,101,1,2,7,15,27,107,12,80,68,56,36,34,190,11,4,18,66,0,47,22,69
2021-06,25,291,22,27,10,88,88,44,5,41,47,13,1,80,70,346,69,44,35,35,18,26,51,283,9,121,23,39,7,238,125,22,76,38,30,1,3,9,43,14,148,14,49,133,121,17,60,249,23,32,10,75,2,164,767,24
2021-06,26,58,8,14,1,11,19,12,1,4,21,0,0,9,30,71,52,3,10,5,7,3,3,17,0,14,0,6,3,41,24,4,12,2,50,0,3,4,11,8,50,6,17,27,16,0,14,27,17,3,0,7,0,14,719,0
2021-06,27,49,5,11,2,20,22,12,4,4,32,1,0,11,39,74,51,12,1,6,2,1,2,7,6,24,10,7,1,112,33,6,9,2,12,0,0,7,9,11,42,7,40,18,10,10,11,50,18,6,2,8,0,5,572,2
2021-06,28,53,5,5,3,21,25,8,6,12,18,2,2,10,13,39,323,16,0,22,11,2,3,12,3,51,9,9,10,130,23,8,18,20,56,0,0,13,5,25,79,12,70,13,23,6,29,51,3,6,8,27,0,1,260,5
2021-06,29,91,8,5,1,29,45,10,1,6,63,1,1,22,53,130,74,10,2,11,4,4,6,104,2,56,8,17,2,122,28,14,14,6,16,1,1,9,17,9,37,12,33,39,22,4,16,59,20,15,2,14,0,12,1469,6
2021-06,30,123,17,15,5,46,43,6,7,22,9,0,1,18,27,145,514,17,9,21,9,2,8,566,3,59,10,8,0,180,34,8,34,37,97,1,2,17,16,6,100,9,18,70,58,9,33,78,16,3,11,14,0,9,63,3
2021-06,31,25,11,4,3,24,19,1,2,4,2,0,1,15,20,49,385,8,3,12,12,7,2,310,1,45,4,8,2,100,28,5,19,8,35,1,1,7,9,19,101,7,25,10,8,4,7,34,2,2,5,15,0,2,15,1
2021-06,32,12,0,4,0,1,7,1,2,2,2,0,1,3,4,6,166,7,0,1,3,1,2,0,3,18,0,3,11,11,8,0,4,7,35,0,0,0,1,5,55,3,72,0,0,1,5,4,0,9,0,4,0,1,0,0
2021-06,33,16,0,1,0,5,3,1,0,0,3,0,0,5,5,6,34,4,1,1,2,0,0,0,1,10,1,3,1,5,7,4,3,4,53,0,0,4,3,4,66,11,17,6,10,3,8,37,0,1,1,6,0,2,4,0
2021-06,34,13,4,2,0,2,4,4,2,1,2,0,0,2,2,22,64,6,1,2,6,1,0,11,0,6,3,3,9,37,5,3,2,2,9,0,0,3,3,1,49,1,8,1,3,4,5,19,0,0,0,3,2,0,0,2
2021-06,35,28,0,0,0,4,25,3,1,6,2,0,1,4,4,12,3,8,0,2,4,0,6,0,0,17,1,5,0,4,9,2,5,2,11,0,0,1,0,1,24,7,12,5,11,0,4,24,1,3,2,8,1,1,13,0
2021-06,36,12,1,0,0,3,17,7,0,1,0,0,0,0,0,4,1,1,1,0,0,0,0,0,0,2,0,0,0,4,5,0,1,1,3,0,0,0,3,1,5,0,1,3,2,2,1,47,0,1,1,0,0,2,7,1
2021-06,37,9,0,0,0,4,5,1,0,0,4,1,0,0,2,17,12,4,0,2,1,0,1,0,0,15,5,0,0,28,2,0,0,0,11,0,0,0,1,3,13,1,4,7,3,0,1,11,3,2,0,0,0,0,51,0
2021-06,38,42,7,4,1,16,26,14,2,4,26,0,1,5,12,46,14,11,4,4,4,0,3,2,1,14,11,4,7,93,24,7,11,4,26,0,6,8,10,6,33,4,45,16,19,5,3,60,7,6,1,9,2,7,143,4
2021-06,39,16,2,3,0,9,38,7,1,0,3,1,1,11,7,17,1,10,2,0,2,1,4,0,1,19,2,5,3,49,4,4,7,2,3,0,0,1,2,3,69,3,15,11,6,0,0,52,0,4,1,5,0,2,0,5
2021-06,40,32,8,0,1,3,20,8,2,0,18,0,1,5,7,11,12,3,0,3,1,7,3,2,0,8,0,4,4,31,8,5,2,0,14,0,0,3,5,4,12,6,20,9,1,1,9,15,1,0,0,8,2,0,74,0
2021-06,41,13,2,2,2,6,19,3,1,0,0,0,1,5,0,11,21,9,0,6,0,1,0,0,0,20,4,10,6,51,13,6,2,2,14,2,0,4,4,4,33,5,21,12,27,5,10,22,0,1,14,12,0,1,1,10
2021-06,42,64,2,6,2,18,22,10,2,6,15,0,4,2,8,49,12,7,1,11,2,1,3,1,1,31,6,8,1,20,11,17,8,1,5,0,1,2,10,1,45,5,36,17,27,2,5,28,5,5,4,17,1,5,51,1
2021-06,43,103,21,3,7,33,99,46,0,17,9,3,0,46,21,74,13,16,0,20,9,3,6,1,7,57,27,26,5,28,55,6,34,10,52,1,1,5,23,9,114,14,14,46,71,1,38,89,22,17,4,44,1,12,65,3
2021-06,44,90,18,11,21,32,42,41,3,15,9,5,0,35,16,118,6,19,1,16,2,13,12,1,2,31,25,11,6,50,37,9,19,9,21,1,4,6,16,6,94,5,30,94,102,1,29,100,33,11,6,45,1,11,85,13
2021-06,45,25,8,1,5,10,7,0,0,0,7,0,2,23,8,46,3,5,1,13,3,1,5,0,0,10,22,4,5,7,9,5,12,4,5,0,0,2,7,3,20,9,10,46,25,1,19,39,4,5,4,18,0,12,33,11
2021-06,46,59,19,1,12,43,35,9,1,9,14,1,1,30,24,95,37,9,1,20,5,6,10,2,3,30,18,8,1,28,33,10,32,3,47,1,3,11,9,5,79,5,12,66,52,6,35,106,28,17,2,49,1,18,255,7
2021-06,47,5,0,0,2,2,5,2,0,1,0,1,0,9,1,8,0,3,0,0,0,0,5,2,0,2,1,3,0,2,1,0,4,1,1,0,0,1,1,0,3,0,0,13,17,0,1,11,3,1,0,3,0,1,36,0
2021-06,48,23,4,3,6,19,13,4,2,4,6,1,0,17,3,51,5,3,1,2,1,3,4,6,1,23,9,6,1,22,13,2,18,12,11,0,3,6,7,4,49,5,6,40,69,4,59,81,9,6,4,26,0,8,43,5
2021-06,49,80,20,8,6,37,49,11,4,20,93,0,0,55,46,187,9,13,9,25,7,11,16,6,2,29,37,36,4,212,62,15,37,27,22,0,3,10,54,7,154,7,29,179,188,15,92,184,81,35,3,84,4,45,361,4
2021-06,50,17,3,0,2,4,5,1,0,8,0,1,1,7,7,20,0,0,0,1,6,0,0,3,0,6,10,4,0,1,6,2,5,2,2,0,0,2,3,0,18,0,11,19,13,3,14,13,5,5,1,4,0,5,26,3
2021-06,51,12,13,8,0,24,13,2,1,5,7,0,0,14,7,65,9,1,0,13,3,2,15,35,6,14,13,18,2,18,23,3,11,6,13,0,0,6,14,8,42,2,9,64,17,1,14,29,13,8,2,18,0,3,50,7
2021-06,52,35,4,5,0,50,9,3,1,1,5,1,0,11,5,74,76,3,0,15,2,0,10,4,3,15,21,8,0,8,17,7,17,18,5,0,0,0,5,2,60,2,20,25,21,1,19,49,4,5,1,11,0,9,23,4
2021-06,53,75,22,8,8,33,46,12,5,17,119,1,0,38,42,112,10,11,4,15,4,4,8,30,6,37,21,21,1,145,45,12,32,18,129,0,0,7,27,6,127,12,17,73,68,2,69,108,56,19,4,66,2,28,354,8
2021-06,54,8,2,0,0,3,2,2,0,8,1,0,1,1,0,6,3,0,0,0,0,3,1,0,0,4,0,2,0,0,2,1,1,0,6,0,0,0,2,1,12,0,7,6,3,0,4,7,4,1,0,1,0,4,14,1
2021-06,55,11,6,1,1,21,10,0,0,1,1,0,0,5,0,27,13,1,1,1,0,0,6,1,5,10,12,5,1,6,13,2,6,4,6,0,0,2,3,0,14,1,22,15,10,2,13,32,2,3,1,9,1,4,17,0
2021-06,56,48,47,9,5,40,24,6,5,14,3,0,0,9,5,98,117,19,5,19,8,6,10,5,2,60,5,8,1,199,15,15,22,23,23,3,6,12,9,3,164,4,48,23,38,5,51,111,1,5,5,34,4,8,7,5
2021-06,57,28,8,5,3,13,9,1,3,2,0,1,0,4,1,28,224,8,1,4,0,0,1,7,0,21,3,3,2,49,9,0,8,5,44,1,0,3,4,2,8,3,23,22,38,2,10,24,0,2,2,2,0,0,19,0
2021-06,58,76,2,7,1,31,16,6,3,7,2,5,0,6,15,86,355,6,1,2,4,1,2,49,2,18,5,6,1,66,28,4,19,6,55,1,0,7,13,3,80,5,32,41,57,3,38,54,5,2,1,9,0,11,6,3
2021-06,59,26,2,4,0,16,9,4,1,5,6,1,0,3,8,36,299,7,0,4,0,0,0,73,0,15,3,6,0,39,10,1,12,5,15,0,0,10,3,3,21,1,13,12,26,19,16,45,3,1,3,13,0,2,14,2
2021-06,60,59,10,9,0,20,38,2,0,6,2,1,0,5,10,63,108,2,3,5,20,3,8,26,1,19,3,6,1,237,20,3,11,14,24,0,1,3,3,10,60,4,16,19,45,6,28,90,4,1,2,13,3,2,17,6
2021-06,61,73,15,6,3,25,38,7,3,9,26,0,0,24,27,147,125,18,7,9,9,9,13,451,12,28,12,14,4,124,25,8,22,9,43,0,0,9,15,8,161,8,41,54,85,3,39,100,19,12,2,17,0,8,453,4
2021-06,62,29,4,5,0,8,6,1,3,6,1,0,0,5,3,43,89,8,1,2,3,1,5,3,1,32,0,2,0,76,6,6,11,0,35,0,0,5,5,0,24,0,22,8,13,2,5,26,2,2,1,7,0,1,12,0
2021-06,63,86,10,18,3,31,23,8,2,8,2,1,0,11,6,107,280,11,1,16,2,1,7,73,6,27,22,7,2,71,8,13,19,9,26,2,1,6,15,5,78,1,17,81,99,2,37,57,2,4,2,8,0,5,20,1
2021-06,64,59,21,9,6,12,14,5,0,28,0,0,0,13,2,30,24,8,6,7,3,10,4,3,4,72,10,5,1,266,5,18,17,7,14,0,1,0,2,4,64,4,12,11,11,5,13,29,0,3,3,11,1,6,3,2
2021-06,65,42,19,5,4,28,21,2,4,11,0,0,0,9,4,55,68,15,1,6,6,1,4,14,6,117,7,6,1,74,13,4,21,14,49,1,0,4,16,0,57,4,7,19,35,3,22,39,0,1,1,11,1,5,2,1
2021-06,66,94,8,22,5,36,43,20,8,18,16,1,0,30,25,158,152,19,6,20,4,2,7,36,18,56,12,14,5,110,37,8,16,18,42,1,3,3,23,5,39,7,27,49,65,5,40,82,19,9,2,32,0,12,37,5
2021-06,67,60,25,6,5,35,57,23,8,17,52,2,1,39,29,141,22,10,4,10,12,3,4,6,4,15,29,13,3,154,40,9,32,9,24,0,0,2,10,12,103,11,47,75,69,2,35,98,47,15,0,25,1,13,700,7
2021-06,68,52,14,1,3,20,58,14,2,7,31,3,0,22,37,94,26,6,3,15,7,3,2,1,6,29,11,28,3,142,45,11,12,8,24,0,4,9,20,10,45,6,25,49,64,1,27,73,60,9,1,17,1,8,1038,3
2021-06,69,100,22,5,6,35,49,18,8,5,33,1,0,38,29,131,9,14,1,12,7,4,9,4,3,23,27,7,10,48,51,5,39,12,37,0,2,7,18,14,48,8,50,59,80,2,36,106,32,26,9,26,0,16,184,8
2021-06,70,52,21,2,8,44,22,4,2,19,7,0,3,22,17,207,47,9,5,13,3,1,6,6,3,104,10,16,1,86,16,13,28,30,45,1,0,1,16,2,95,12,92,101,60,6,43,80,1,6,9,37,1,20,17,14
2021-06,71,111,42,10,5,38,67,16,4,35,28,4,1,57,44,168,6,42,4,19,7,12,16,6,5,83,31,32,1,148,86,14,50,18,55,2,6,5,38,14,172,17,19,132,111,4,34,112,33,26,7,34,0,38,130,4
2021-06,72,8,4,8,0,20,10,4,0,10,0,2,3,16,2,85,1,8,9,4,1,0,8,1,2,37,37,5,1,18,15,11,26,6,17,0,0,9,3,1,49,2,30,140,78,19,58,66,5,5,10,14,1,14,11,21
2021-06,73,68,5,2,9,28,30,9,0,20,35,1,3,22,25,107,3,10,3,17,3,4,7,0,0,23,19,18,2,42,45,7,43,23,19,0,1,3,16,16,106,10,17,106,111,1,55,118,32,13,3,41,2,19,88,6
2021-06,74,10,2,1,0,11,8,1,0,3,0,0,1,19,2,61,0,3,2,4,4,4,4,3,0,41,22,5,0,64,7,15,12,8,12,0,0,2,5,1,16,3,9,50,22,8,29,56,4,1,2,11,0,1,5,4
2021-06,75,34,5,5,2,22,20,2,1,15,49,1,5,24,11,83,2,8,1,9,1,4,3,4,2,31,27,7,2,24,23,10,18,10,13,1,1,6,5,7,95,16,20,155,92,8,56,72,24,11,6,31,1,20,96,15
2021-06,76,19,0,0,0,8,3,0,1,2,0,1,0,19,2,12,5,0,0,1,0,0,0,2,0,8,2,7,0,8,4,4,2,5,5,0,0,4,0,0,12,1,10,1,3,2,9,6,0,0,1,4,0,0,0,0
2021-06,77,34,3,9,6,12,20,5,2,11,2,1,0,13,9,24,148,16,1,8,6,4,8,10,1,43,1,11,12,72,12,10,19,8,15,0,0,0,3,3,41,6,33,61,42,10,37,69,4,2,7,20,0,10,4,34
2021-07,0,3842,674,715,159,2091,2089,595,189,884,701,96,50,1406,1237,6233,8691,795,202,818,417,259,489,1666,220,3597,780,828,200,8667,1989,625,1012,985,2569,46,102,324,843,519,4358,382,1727,3542,2548,664,2084,4751,732,531,4607,481,56,364,6138,1134
2021-07,1,42,7,10,1,12,30,5,0,4,2,1,0,14,7,33,81,5,1,2,8,1,4,0,7,45,7,11,2,129,20,7,11,3,30,0,0,3,7,2,15,1,9,31,23,16,15,36,0,3,29,7,1,5,4,26
2021-07,2,80,10,22,3,38,46,11,3,12,0,5,0,34,17,113,116,20,6,10,5,9,19,24,0,30,6,30,3,231,72,11,13,23,25,0,3,2,12,5,16,6,11,76,77,12,62,114,4,6,103,9,1,1,9,33
2021-07,3,28,4,7,0,6,31,7,3,8,2,5,1,9,16,12,114,13,2,6,6,2,5,2,2,41,3,9,4,63,15,6,16,8,45,0,0,2,5,7,17,3,34,23,16,9,28,44,1,1,26,3,0,3,5,29
2021-07,4,19,0,9,0,22,16,2,1,9,2,1,0,14,10,53,180,10,3,9,4,4,3,2,4,32,0,10,1,126,15,11,9,8,35,0,0,3,1,2,15,2,31,66,68,23,35,92,4,8,90,10,2,2,7,41
2021-07,5,30,4,10,2,37,22,3,0,48,2,2,2,19,7,64,217,5,0,8,14,0,2,0,0,37,4,11,3,163,14,3,13,11,25,1,0,4,4,7,24,6,32,48,50,10,35,91,2,4,122,10,1,2,7,30
2021-07,6,21,4,19,6,38,39,5,6,49,7,1,0,42,23,65,194,26,4,23,18,2,5,1,1,107,5,25,13,336,24,13,20,14,50,2,0,5,2,8,34,4,89,31,37,17,43,87,4,7,160,15,0,13,12,47
2021-07,7,36,0,11,3,34,21,1,2,10,2,2,3,9,17,56,354,31,4,15,14,0,4,1,0,43,6,12,6,146,65,13,10,18,97,0,5,14,4,11,40,5,46,31,47,6,24,78,3,2,150,14,1,5,16,26
2021-07,8,29,5,11,0,4,41,5,9,7,7,2,4,13,24,24,199,10,0,11,7,1,7,3,2,83,2,16,8,72,25,5,9,26,60,2,8,10,2,35,25,13,54,4,11,4,13,33,2,7,43,8,1,0,14,2
2021-07,9,7,4,4,1,49,2,1,0,9,1,0,0,6,1,24,2,3,8,2,2,0,1,1,0,21,7,1,0,24,2,4,6,4,8,0,0,0,1,1,34,3,6,20,27,3,24,26,0,2,52,3,0,1,0,4
2021-07,10,30,9,14,8,35,24,0,6,25,2,0,1,25,3,106,25,15,3,19,6,1,10,3,1,92,25,14,0,185,17,34,20,19,51,0,1,5,6,2,58,1,33,71,91,21,61,110,2,2,137,11,0,10,3,19
2021-07,11,40,7,10,4,26,13,3,0,4,2,0,1,22,4,95,27,16,0,9,3,0,2,0,2,82,9,4,1,187,109,19,19,25,19,0,2,5,2,8,38,4,28,47,44,11,34,63,2,1,122,5,1,11,6,28
2021-07,12,16,1,5,0,20,6,2,1,7,2,1,3,26,1,65,48,4,1,8,5,1,5,0,2,60,14,9,0,101,9,11,9,17,20,0,0,0,1,5,37,4,13,41,47,9,36,63,0,3,94,5,1,3,4,41
2021-07,13,13,0,8,2,12,6,0,1,11,0,0,0,11,2,32,29,5,1,2,3,1,5,0,0,62,11,7,2,36,6,0,3,2,28,1,1,4,3,3,17,0,17,21,16,50,23,45,2,0,27,2,0,2,7,11
2021-07,14,42,6,30,3,37,32,7,3,10,2,1,2,12,7,95,86,5,3,11,3,2,3,1,2,88,4,6,3,110,18,4,13,27,32,3,8,6,7,4,12,0,19,47,44,14,30,69,1,1,89,6,0,6,5,52
2021-07,15,82,7,18,3,49,52,11,2,25,1,2,0,26,18,140,134,17,5,22,11,2,22,1,8,128,18,19,0,375,42,27,29,34,40,1,0,5,8,6,78,7,43,122,116,39,70,131,6,5,184,13,1,8,8,66
2021-07,16,83,8,28,1,52,39,7,6,24,2,0,2,19,16,105,324,17,1,13,8,0,25,2,6,145,16,15,1,270,28,20,12,41,32,0,1,7,9,11,53,1,11,73,88,27,53,102,4,7,143,23,1,1,11,66
2021-07,17,80,15,19,3,52,29,2,0,17,1,2,0,20,3,146,89,18,6,18,11,1,11,0,5,54,13,14,2,172,12,10,16,23,11,2,0,6,11,7,89,2,10,63,47,14,67,97,3,5,129,7,2,5,4,23
2021-07,18,21,5,1,0,12,14,2,0,1,0,0,0,12,3,42,17,4,2,7,1,2,3,1,0,16,6,4,1,29,6,4,2,12,18,0,0,3,4,2,18,0,5,25,24,4,16,25,2,3,22,5,0,1,5,4
2021-07,19,111,10,36,4,71,48,6,4,27,3,1,0,31,17,190,120,9,11,25,16,7,11,12,10,69,10,12,3,292,36,13,23,31,130,2,1,5,26,7,67,9,26,35,30,11,37,115,3,11,102,14,0,8,13,16
2021-07,20,20,2,10,2,22,16,2,1,7,0,1,0,16,9,66,37,1,2,11,2,1,3,0,1,19,2,3,2,75,8,7,11,2,20,0,0,0,4,2,6,1,0,8,16,5,11,39,1,3,31,0,0,1,11,16
2021-07,21,56,5,11,1,45,22,3,1,4,0,1,0,11,17,55,334,6,1,10,8,3,7,1,2,29,5,10,3,141,8,6,14,8,36,0,0,1,5,5,30,4,13,22,35,11,27,63,0,4,65,8,0,4,15,39
2021-07,22,58,13,33,6,69,43,14,5,22,7,1,0,33,21,136,538,27,5,12,32,5,14,4,3,67,31,12,4,307,58,13,32,22,74,0,8,7,5,6,89,2,78,47,49,23,39,99,7,9,124,22,1,15,23,83
2021-07,23,78,3,16,4,44,61,13,3,30,41,0,1,14,53,167,97,19,8,26,9,2,11,147,7,41,14,19,1,179,46,11,32,15,39,1,2,3,15,7,39,3,27,58,36,9,33,103,13,11,36,6,1,21,165,18
2021-07,24,62,8,41,4,106,62,7,8,29,7,2,1,56,57,130,831,35,5,14,26,11,25,75,9,106,39,15,12,508,64,17,35,44,75,1,6,19,5,13,89,11,57,42,32,31,26,167,4,5,208,22,0,11,34,68
2021-07,25,236,17,38,3,87,111,32,9,21,63,3,1,59,77,352,120,34,18,30,19,14,18,27,6,135,12,38,5,235,102,21,70,35,77,1,2,13,43,17,152,14,23,200,114,16,82,225,31,25,112,17,6,28,584,22
2021-07,26,123,2,12,1,20,29,19,4,2,32,1,0,11,34,88,20,4,1,5,4,6,6,25,1,14,12,7,3,62,26,6,7,2,30,0,3,4,8,5,25,1,6,27,14,1,16,37,11,5,8,1,1,6,577,1
2021-07,27,84,8,2,0,17,30,9,0,6,22,0,0,9,26,73,30,6,0,15,0,2,2,63,6,35,12,7,1,94,27,4,15,3,25,0,0,5,14,20,46,7,48,31,14,3,10,24,7,5,11,3,1,2,338,6
2021-07,28,40,4,8,2,21,25,8,2,6,11,5,4,17,32,46,349,18,1,12,10,3,5,66,2,68,5,11,15,183,31,6,5,19,52,2,1,9,5,28,83,19,96,9,8,2,17,44,7,6,62,10,0,1,51,2
2021-07,29,69,5,12,2,37,49,15,2,13,50,1,0,20,61,111,59,10,1,15,4,3,8,23,4,67,8,22,4,151,42,9,13,2,29,1,0,7,19,7,59,2,18,44,24,0,20,61,29,13,33,5,4,5,957,5
2021-07,30,116,2,29,2,42,44,18,7,19,7,6,0,11,41,124,413,7,9,7,8,11,10,424,12,142,20,12,1,185,23,7,19,28,19,3,7,2,17,12,28,5,17,22,29,10,27,90,11,13,42,7,0,5,18,12
2021-07,31,35,7,6,2,25,18,3,1,4,0,2,2,7,25,63,351,9,7,25,5,12,1,232,5,101,4,13,4,132,41,2,10,19,64,2,0,3,10,4,116,3,24,3,12,7,6,63,3,4,43,7,1,4,25,10
2021-07,32,33,0,2,3,0,12,2,2,4,1,10,0,3,26,1,262,14,0,4,1,0,1,6,2,51,1,5,11,20,8,7,5,18,45,0,7,4,2,16,27,15,56,1,2,1,7,3,0,4,5,3,0,0,2,0
2021-07,33,13,0,0,0,3,1,1,1,0,0,0,1,2,5,8,53,6,0,0,0,0,2,1,2,59,0,2,4,12,4,2,1,7,9,0,0,2,0,2,16,1,24,1,4,5,7,5,0,2,12,1,0,0,5,0
2021-07,34,11,4,1,0,4,10,2,7,1,0,0,0,4,6,18,125,2,0,6,2,0,1,0,2,3,1,0,7,51,14,2,1,1,21,0,0,4,3,5,41,1,1,1,1,0,1,9,0,1,15,1,0,1,2,0
2021-07,35,17,2,1,0,1,14,8,1,3,3,0,0,7,3,9,11,5,1,6,3,0,7,3,0,12,1,4,2,4,14,2,4,2,17,0,0,2,1,3,46,3,18,3,2,2,2,28,2,0,5,1,0,3,10,1
2021-07,36,6,0,1,0,3,4,2,0,0,2,0,0,1,1,6,1,2,0,6,0,0,1,0,0,4,0,1,0,9,0,0,0,0,9,1,0,4,0,0,3,0,2,1,1,0,4,14,0,0,1,0,0,0,7,1
2021-07,37,8,0,0,0,2,3,1,0,0,8,0,0,0,5,10,13,3,0,2,0,1,0,0,0,10,16,1,1,22,3,1,1,0,5,0,0,0,4,1,9,0,10,9,2,0,2,4,5,0,5,0,0,0,39,0
2021-07,38,56,2,3,0,15,37,16,0,5,22,0,0,18,12,38,13,7,0,6,4,1,2,0,1,5,0,5,3,89,19,5,7,3,34,0,0,2,19,9,32,2,40,17,9,3,14,49,4,2,14,2,0,0,55,3
2021-07,39,24,3,1,0,7,23,16,0,1,1,2,2,15,1,10,0,16,0,3,6,3,2,0,0,16,2,3,1,34,3,0,5,3,16,0,2,1,1,4,17,5,3,7,11,3,6,12,5,3,9,6,0,3,10,5
2021-07,40,13,1,1,1,2,24,10,0,1,12,2,0,13,7,11,9,6,1,2,1,1,0,2,1,12,0,11,0,24,9,1,0,1,15,0,0,2,9,2,14,1,16,4,1,0,2,18,2,8,2,4,0,1,60,1
2021-07,41,26,0,0,0,8,14,3,2,1,1,3,0,4,1,9,12,3,0,11,3,0,1,0,0,15,5,6,4,37,9,1,3,2,11,1,0,4,2,3,42,2,18,16,18,7,11,20,0,2,28,5,0,0,3,2
2021-07,42,34,7,9,3,21,26,15,3,24,5,1,0,9,17,49,8,8,3,5,0,6,6,0,8,42,10,6,2,25,22,8,2,3,27,0,0,6,11,3,35,5,26,21,13,1,8,42,9,6,8,5,0,2,27,3
2021-07,43,95,19,8,1,23,105,54,2,10,19,1,0,84,25,65,2,17,3,18,5,1,10,1,5,59,19,24,1,40,60,12,15,10,74,1,7,9,33,10,164,16,11,86,35,7,20,66,29,20,29,6,1,4,164,12
2021-07,44,57,18,5,7,21,66,27,3,10,11,1,0,30,33,110,8,16,6,11,2,25,18,3,1,37,11,23,6,43,31,14,16,7,55,2,1,5,23,13,98,8,22,113,52,3,45,70,19,21,66,10,4,8,76,9
2021-07,45,21,2,1,1,14,13,3,0,2,5,0,0,20,14,44,4,3,2,1,1,2,1,7,1,22,4,5,3,10,12,2,6,5,18,0,0,3,11,2,15,10,0,44,16,3,15,31,9,9,28,4,2,1,24,5
2021-07,46,80,8,1,3,32,31,14,2,6,13,0,0,14,24,78,16,10,2,10,4,8,4,0,3,40,8,14,0,52,32,4,16,7,38,1,0,5,33,3,120,9,14,84,32,1,27,67,27,11,67,1,1,10,388,8
2021-07,47,6,0,1,2,3,5,1,0,3,4,0,0,8,2,15,0,2,0,3,0,0,3,0,0,4,2,4,0,5,6,1,1,1,4,0,0,2,4,0,0,0,2,13,3,0,8,10,4,2,6,0,0,2,31,0
2021-07,48,24,8,4,1,16,17,3,3,1,3,1,1,14,8,53,2,4,1,4,1,0,5,0,2,40,8,10,2,24,21,2,6,9,55,0,2,6,17,4,53,5,25,44,37,3,33,63,9,7,50,4,1,2,73,4
2021-07,49,99,27,11,5,53,59,16,1,37,57,1,0,49,34,182,28,21,4,24,14,6,12,4,6,40,35,33,2,181,64,24,37,26,38,2,2,5,45,14,334,13,35,160,64,13,48,202,75,36,119,11,3,12,383,10
2021-07,50,30,5,0,2,6,2,2,0,3,5,0,1,6,8,28,2,1,1,2,0,0,0,0,1,7,2,8,0,11,5,3,4,2,9,0,0,1,7,0,12,2,4,21,9,1,12,12,2,1,22,5,0,1,35,3
2021-07,51,23,8,0,1,22,14,3,1,1,6,1,1,7,10,101,12,7,1,9,2,5,9,0,0,12,17,11,1,12,41,2,10,4,23,0,0,2,22,8,33,2,9,107,15,0,21,39,7,18,33,7,2,2,66,7
2021-07,52,43,15,3,0,31,9,2,1,4,0,2,0,18,2,47,17,9,0,12,0,0,7,0,4,12,48,5,1,17,26,12,13,9,22,0,0,4,19,3,59,5,2,16,12,6,17,29,1,3,46,4,0,2,12,2
2021-07,53,50,26,2,3,45,42,17,2,19,33,1,0,22,28,147,12,17,6,21,5,4,17,1,4,30,23,19,0,146,49,20,33,13,43,0,0,7,20,14,170,8,16,104,47,2,49,93,52,16,75,13,0,19,306,19
2021-07,54,10,0,1,0,0,2,2,0,3,0,0,0,1,2,3,0,3,0,0,2,4,2,0,1,8,0,2,0,0,3,1,1,1,7,0,0,1,3,1,13,1,1,12,3,0,1,7,8,1,1,4,0,1,10,0
2021-07,55,18,7,3,0,19,1,0,0,1,0,0,0,4,0,30,17,2,0,1,2,0,1,0,3,9,5,3,0,0,8,3,5,14,29,1,0,4,2,2,19,0,7,18,7,1,8,26,3,0,14,1,0,0,13,1
2021-07,56,68,42,9,4,33,10,3,3,15,1,1,0,11,12,124,137,11,1,9,4,3,8,3,0,115,3,12,3,237,18,13,12,12,64,0,0,4,10,2,106,5,16,58,43,14,40,70,0,3,124,5,1,4,10,7
2021-07,57,49,3,3,0,10,6,0,2,12,0,0,0,5,3,39,256,3,2,4,1,0,3,3,2,18,7,2,2,36,9,3,1,7,26,1,0,2,5,2,22,1,5,3,7,1,7,13,1,2,18,1,0,1,6,0
2021-07,58,48,16,20,1,33,26,8,2,5,0,4,0,11,10,113,451,3,4,4,5,3,5,25,2,35,12,6,4,82,28,4,2,8,57,0,1,7,11,1,51,3,15,13,9,9,22,50,2,2,38,1,2,5,5,2
2021-07,59,19,3,1,0,19,6,2,4,8,1,0,0,5,6,21,268,0,0,2,2,1,0,66,2,27,1,4,1,39,6,3,5,6,14,0,0,6,2,7,23,2,21,10,5,16,10,25,3,0,49,1,0,0,6,0
2021-07,60,39,3,8,1,30,23,4,0,3,3,1,0,10,12,89,187,7,1,16,7,0,9,13,1,16,5,7,1,234,25,3,5,10,26,1,0,8,1,4,97,3,25,28,37,20,26,73,3,7,97,3,0,2,8,17
2021-07,61,87,24,8,2,31,35,10,3,6,21,2,0,25,25,137,220,14,3,20,11,7,7,297,9,24,8,15,0,144,39,10,10,8,29,1,8,5,17,6,88,3,32,50,40,11,18,74,13,12,51,5,0,5,87,2
2021-07,62,21,1,5,2,16,5,0,0,3,0,0,0,4,2,50,145,3,1,1,0,1,2,1,1,21,1,4,1,80,3,3,3,1,36,0,0,2,8,2,21,1,8,15,39,4,11,23,1,4,32,0,0,2,8,2
2021-07,63,60,5,20,1,17,18,2,10,16,1,0,0,13,12,95,270,5,2,9,2,5,4,17,9,68,8,12,0,91,20,7,6,12,31,0,1,5,14,9,48,3,16,25,31,5,27,47,1,9,38,5,0,0,11,1
2021-07,64,38,21,6,3,19,13,1,0,22,1,0,0,10,2,80,4,12,1,5,2,3,2,4,0,48,4,3,1,385,10,4,21,8,59,0,0,2,2,1,50,7,10,14,7,12,21,28,1,4,82,8,0,3,2,6
2021-07,65,58,16,2,7,19,13,3,5,22,0,2,0,13,7,68,82,10,0,3,4,1,5,7,1,35,9,12,3,105,8,4,20,18,19,0,0,0,5,1,47,6,8,34,44,9,36,35,0,4,39,5,0,1,3,3
2021-07,66,106,24,16,1,58,45,13,11,17,12,2,0,38,29,189,207,13,6,16,9,6,11,16,6,61,9,16,2,185,48,13,21,36,48,2,2,8,26,10,125,11,13,82,135,7,41,96,23,18,63,6,0,9,27,4
2021-07,67,109,20,3,0,45,59,12,3,23,41,0,1,34,32,190,55,11,2,31,7,8,2,15,7,41,8,18,1,156,52,2,18,6,19,0,0,3,26,8,48,12,41,71,73,0,34,97,71,15,68,4,0,6,335,3
2021-07,68,85,22,4,2,21,46,10,2,8,22,0,5,22,26,103,35,9,3,11,6,5,9,1,4,41,9,19,2,131,23,13,17,3,26,2,0,2,19,15,108,11,45,70,26,1,17,52,51,15,19,3,0,4,363,3
2021-07,69,108,23,6,1,36,56,26,4,14,26,3,0,36,22,108,12,13,0,22,5,10,5,4,4,45,13,24,5,68,59,12,16,13,28,2,0,4,43,17,118,5,40,92,42,3,40,110,28,19,51,9,1,13,122,8
2021-07,70,74,33,8,5,44,25,3,5,25,3,1,5,14,11,218,27,10,5,28,11,7,8,6,1,133,9,6,2,109,23,19,31,26,12,0,2,3,18,12,77,11,18,82,55,6,47,89,7,10,110,12,1,10,27,10
2021-07,71,108,41,14,8,55,53,33,3,33,40,1,0,56,46,250,28,26,5,28,2,5,12,11,7,41,39,25,1,131,67,15,47,27,44,2,3,7,36,15,131,7,14,147,116,11,81,177,45,29,120,6,2,9,109,17
2021-07,72,16,2,6,2,19,8,2,2,6,0,0,2,20,2,61,0,6,8,6,1,6,5,0,1,54,19,6,0,36,8,10,13,15,23,1,2,1,13,1,68,13,20,96,18,9,61,71,0,3,77,3,2,6,7,26
2021-07,73,61,16,5,8,43,22,5,3,11,26,1,1,46,40,153,4,13,4,9,4,1,11,2,4,28,20,12,3,51,28,8,25,43,37,0,0,0,15,13,109,7,15,128,66,2,53,107,26,9,99,10,1,6,98,13
2021-07,74,6,3,1,0,13,4,1,0,9,0,0,2,10,0,59,0,5,1,5,1,2,0,4,0,19,17,6,0,85,3,7,6,10,3,0,0,4,2,2,43,0,17,53,29,8,28,31,2,1,48,1,0,3,19,5
2021-07,75,54,10,2,1,20,18,3,4,12,12,1,0,17,7,107,4,16,2,10,0,5,3,0,0,18,25,5,4,46,25,6,14,17,34,0,1,2,7,6,132,6,17,152,26,6,45,69,13,9,78,8,4,8,132,20
2021-07,76,16,0,1,1,2,10,1,0,0,0,1,0,8,0,3,11,0,0,0,0,0,0,0,0,25,1,3,0,1,0,2,2,0,1,0,0,2,0,2,13,6,12,6,3,0,4,5,0,1,17,1,0,0,0,1
2021-07,77,28,2,18,3,16,33,10,2,4,0,1,0,17,8,33,126,12,1,10,3,4,9,2,2,76,5,8,5,68,13,11,9,6,13,0,2,0,7,2,12,2,33,22,15,30,27,54,0,1,30,8,0,3,14,42
2021-08,0,3829,748,684,124,1768,2016,588,349,837,633,118,39,1641,1369,5497,9035,704,217,619,430,241,436,1316,217,2470,574,788,264,7584,1912,605,806,815,2594,44,169,414,830,477,5231,468,1791,4713,3405,767,2107,4988,661,522,1925,469,51,300,4508,992
2021-08,1,41,3,6,0,5,33,14,4,4,0,0,0,17,7,25,183,9,2,2,2,1,5,11,2,33,4,14,4,130,18,12,10,11,31,0,0,2,5,3,26,2,15,81,77,9,20,41,3,6,15,8,1,17,2,17
2021-08,2,91,15,30,7,42,34,7,8,14,3,2,0,50,20,95,119,19,1,14,7,7,16,18,3,27,3,19,7,187,47,6,24,16,40,0,2,7,8,4,58,5,20,136,176,9,57,138,6,17,47,16,0,12,10,34
2021-08,3,41,7,3,1,8,28,7,5,14,6,2,0,7,35,16,143,7,1,6,3,3,7,0,1,12,3,6,3,77,21,4,8,4,20,0,0,6,2,7,27,5,39,31,23,9,24,39,1,1,16,11,1,5,5,19
2021-08,4,35,3,6,0,17,15,6,4,7,0,2,0,24,8,48,128,9,3,2,10,3,5,2,5,15,7,10,2,93,9,6,2,7,25,0,1,5,5,1,31,14,23,62,52,23,29,87,3,5,40,3,0,1,0,31
2021-08,5,27,3,12,2,25,23,1,6,5,0,3,2,21,13,54,218,10,2,7,7,1,4,3,2,18,3,5,3,139,10,3,10,14,28,2,4,2,2,6,8,6,12,47,43,22,29,100,1,1,32,10,1,6,10,35
2021-08,6,46,2,22,0,34,33,12,22,9,5,2,0,37,29,61,334,27,4,19,15,19,6,7,2,46,7,10,21,274,64,8,19,10,75,3,3,13,4,6,49,10,63,47,51,9,47,80,5,7,70,8,0,2,3,36
2021-08,7,31,2,12,1,34,24,4,15,5,3,2,0,25,24,56,296,25,2,5,9,2,12,2,2,39,7,11,8,125,73,10,18,15,69,0,1,10,2,11,38,1,43,38,53,14,30,62,1,10,47,22,2,9,14,23
2021-08,8,29,2,7,0,7,45,17,28,6,7,4,0,6,22,8,219,25,2,11,3,0,4,1,3,48,3,9,17,65,37,4,15,45,80,2,4,8,5,41,60,26,104,12,11,3,8,65,3,9,16,8,0,1,3,0
2021-08,9,10,1,4,0,12,3,1,0,5,0,0,0,5,2,28,0,1,2,3,4,0,1,1,0,21,6,2,0,19,3,1,4,2,23,1,0,1,0,2,25,3,7,38,23,7,23,27,1,0,27,2,2,1,1,5
2021-08,10,61,14,6,4,45,16,2,5,22,3,0,1,24,8,87,22,10,3,15,3,3,13,6,2,76,10,14,1,122,9,24,19,25,27,1,0,0,3,4,118,6,31,220,156,50,97,145,4,3,62,6,1,1,4,20
2021-08,11,43,5,6,0,21,8,3,0,18,4,0,1,33,11,64,82,8,2,16,4,0,1,8,1,58,8,5,0,127,16,7,9,14,23,0,0,2,4,7,46,4,26,132,77,17,44,65,2,0,45,4,1,1,5,29
2021-08,12,15,3,3,0,22,7,2,0,19,0,0,1,23,2,60,60,4,1,5,5,4,4,0,0,73,13,6,4,86,7,7,4,14,12,0,0,1,0,1,28,8,10,133,102,11,40,53,0,0,49,12,1,2,0,43
2021-08,13,19,2,6,2,13,13,1,1,6,0,0,1,9,8,30,35,7,2,5,2,0,5,2,0,38,2,3,3,45,18,2,3,5,15,0,1,1,2,4,17,0,10,34,29,18,31,44,0,3,18,0,1,3,1,10
2021-08,14,29,5,17,0,25,34,9,4,19,2,1,0,29,22,65,135,8,1,6,4,2,5,3,3,24,6,14,6,90,17,4,15,3,45,0,2,5,3,4,66,7,18,44,56,8,24,69,3,9,32,9,0,6,2,62
2021-08,15,77,6,26,3,47,42,9,8,40,3,0,1,24,15,166,101,14,4,16,10,7,13,3,2,61,6,9,3,297,20,19,16,28,84,0,5,7,8,11,81,4,18,143,85,48,71,145,12,3,79,18,0,4,14,56
2021-08,16,57,16,32,3,32,31,5,6,58,1,4,2,30,33,72,394,11,7,7,9,4,19,13,3,89,13,14,2,198,31,7,12,10,64,2,1,6,6,17,47,12,24,93,56,38,55,114,10,4,62,16,1,4,10,53
2021-08,17,81,12,24,7,49,19,4,4,13,1,1,1,14,7,126,52,11,9,21,7,1,6,0,4,48,3,13,1,134,18,15,18,25,17,0,0,4,6,5,66,14,17,73,46,128,54,89,5,1,52,3,1,3,2,15
2021-08,18,30,6,3,2,15,7,1,1,2,0,0,0,4,4,39,13,7,2,8,1,1,5,5,1,14,5,6,0,28,3,5,5,18,7,0,0,4,10,3,42,5,2,23,28,4,17,34,1,6,12,3,0,5,1,1
2021-08,19,142,19,36,3,50,37,7,13,29,4,9,1,25,19,198,165,10,6,22,6,8,6,18,7,64,6,13,4,235,25,18,29,28,104,2,16,13,16,1,61,13,41,47,37,10,45,137,2,5,38,20,1,5,16,16
2021-08,20,25,1,7,1,19,6,0,0,5,0,0,0,5,2,63,29,5,3,6,1,0,3,2,0,12,0,9,0,64,12,5,8,3,10,0,0,1,5,1,35,0,10,12,15,10,16,56,0,0,15,3,1,0,1,11
2021-08,21,67,5,5,1,24,20,6,3,10,1,0,1,17,8,36,267,7,2,9,10,2,13,7,13,20,2,11,5,147,20,1,3,16,32,2,3,2,7,3,33,5,13,46,25,11,29,63,2,3,25,5,0,3,12,34
2021-08,22,59,6,28,4,60,28,8,6,31,2,4,0,36,35,100,470,27,7,24,32,9,12,18,4,36,12,14,2,295,49,10,30,20,51,0,6,13,8,6,66,9,63,52,52,69,53,143,8,8,52,19,4,9,18,68
2021-08,23,86,7,12,8,45,50,16,8,13,42,2,2,25,60,123,109,16,2,10,13,8,4,49,9,32,9,26,4,173,79,8,19,5,26,0,3,2,16,6,35,5,13,44,39,15,16,157,28,6,25,13,2,8,61,11
2021-08,24,78,4,21,2,78,66,8,15,19,22,6,0,72,48,130,754,24,5,20,20,4,21,53,6,97,23,23,14,397,84,9,36,26,112,0,10,8,3,20,106,11,52,56,44,40,34,146,7,6,67,30,1,8,46,65
2021-08,25,176,27,23,4,64,109,44,9,43,42,6,1,73,75,280,54,34,17,32,41,3,11,23,6,87,15,23,11,213,106,19,38,25,55,2,3,8,44,15,125,14,42,169,128,11,71,208,27,32,64,14,2,14,123,15
2021-08,26,95,5,1,0,14,32,7,3,7,32,2,1,15,46,55,17,1,2,12,6,2,5,29,1,9,5,9,5,66,19,2,3,3,41,0,6,4,3,4,15,2,19,40,18,1,19,24,13,2,5,1,0,1,142,0
2021-08,27,63,5,10,1,19,17,14,1,4,36,0,0,13,51,58,47,6,0,5,5,0,5,9,4,28,6,11,3,96,24,7,4,3,52,0,4,6,14,8,66,6,33,42,25,7,5,32,17,11,10,1,0,2,74,5
2021-08,28,37,1,12,1,25,40,10,25,11,10,6,0,27,23,52,581,11,1,9,13,3,7,34,0,60,4,12,18,98,50,5,7,23,77,2,4,22,6,26,96,9,70,28,14,4,24,93,5,7,90,8,1,4,44,2
2021-08,29,79,0,12,0,29,50,21,3,11,51,1,0,23,47,126,76,12,0,6,7,4,3,11,3,47,6,19,2,158,18,10,11,7,15,0,4,14,16,6,135,10,45,65,36,2,14,65,23,14,12,6,0,4,612,8
2021-08,30,93,13,23,1,40,64,20,6,13,6,5,0,34,36,114,462,12,7,7,8,7,4,352,8,72,10,4,6,199,49,16,9,14,39,0,3,13,13,4,58,4,31,66,93,11,37,94,12,6,18,9,0,6,24,6
2021-08,31,37,4,8,4,28,18,3,4,3,3,0,1,22,27,57,389,13,1,20,7,4,0,148,2,61,4,9,4,82,29,7,13,6,79,1,1,14,7,6,260,4,44,15,12,5,10,41,3,3,17,10,0,4,26,3
2021-08,32,39,2,5,1,2,7,2,9,2,0,6,0,7,4,5,295,14,1,2,0,0,1,0,0,41,0,8,16,12,16,1,3,5,42,1,3,2,3,14,47,3,49,0,1,0,2,7,0,6,4,3,0,0,1,1
2021-08,33,13,1,1,1,2,15,9,3,2,2,0,0,2,6,6,62,7,1,1,0,1,0,3,0,18,0,1,2,3,7,4,5,3,7,1,2,1,1,7,31,2,17,4,3,1,6,10,1,2,12,7,0,0,11,0
2021-08,34,10,2,2,1,4,5,1,4,1,2,0,0,3,3,21,70,0,0,4,0,0,1,4,0,3,0,3,2,19,17,4,0,2,14,0,0,9,2,4,13,10,23,7,1,0,8,19,1,1,3,0,1,2,14,0
2021-08,35,13,2,1,0,1,18,7,4,4,5,3,2,1,4,9,13,3,0,0,0,1,7,2,1,15,1,10,2,3,10,2,2,4,53,0,0,2,5,5,27,3,12,6,7,1,3,13,1,1,4,3,2,3,20,2
2021-08,36,6,1,0,0,4,1,2,0,3,0,1,0,0,1,10,5,2,1,0,1,1,2,0,0,3,0,1,0,8,1,0,0,0,6,0,0,1,0,1,6,1,0,4,4,0,0,10,0,0,2,0,0,0,0,2
2021-08,37,7,0,0,0,3,4,2,0,0,4,1,0,0,3,11,5,3,0,0,2,0,1,0,3,12,5,2,1,26,1,2,2,0,27,0,1,0,0,2,3,2,9,13,13,0,3,2,5,4,6,1,0,1,12,0
2021-08,38,73,15,3,0,12,31,15,3,2,30,2,0,25,47,31,14,12,0,8,9,1,2,1,2,13,9,9,2,88,17,5,3,3,57,0,0,2,17,9,89,5,28,22,29,5,7,63,6,3,11,6,0,1,64,4
2021-08,39,7,2,0,1,6,28,9,4,1,2,1,0,7,4,10,2,7,0,4,3,2,3,0,5,9,3,2,3,33,14,0,2,0,17,1,0,2,5,4,6,2,3,6,9,0,3,13,5,3,6,2,0,0,6,0
2021-08,40,16,11,0,0,1,19,9,0,1,9,0,0,6,21,10,7,0,0,4,2,1,1,1,1,11,0,7,2,19,4,4,2,2,24,0,0,1,9,0,37,11,19,3,4,0,5,17,3,2,1,4,0,0,173,0
2021-08,41,16,3,3,1,3,18,3,2,3,1,1,0,11,2,17,8,6,0,7,5,3,0,0,0,16,9,4,4,28,3,2,1,9,11,0,0,3,0,0,20,2,15,10,13,3,9,18,4,1,12,3,0,0,4,7
2021-08,42,75,6,4,1,20,37,7,1,4,13,2,1,15,18,55,9,12,3,11,5,2,9,0,3,25,7,11,0,20,22,10,4,0,8,0,2,4,21,3,24,4,18,28,8,1,12,49,8,4,3,0,0,0,19,4
2021-08,43,99,22,3,3,19,119,49,7,9,13,2,0,34,30,75,7,20,4,15,4,10,4,6,5,35,26,32,5,53,45,5,14,4,36,1,4,7,32,13,125,16,16,75,57,1,27,97,16,14,15,5,0,11,19,10
2021-08,44,86,33,9,3,17,48,13,5,11,13,0,1,40,21,103,18,16,0,14,1,4,8,1,0,36,12,29,4,52,46,3,11,9,39,0,4,6,16,15,83,6,12,84,61,1,45,87,23,19,24,4,1,6,34,11
2021-08,45,30,12,0,1,13,6,5,4,5,7,0,0,19,9,40,2,4,1,1,2,1,3,0,1,9,1,4,2,11,8,3,6,5,8,0,0,0,11,0,41,5,13,66,48,2,20,29,7,4,17,3,0,3,8,3
2021-08,46,62,5,0,2,26,23,6,6,10,3,1,0,50,29,77,14,3,2,4,2,3,10,2,3,11,7,16,2,35,39,1,16,3,68,1,2,16,26,4,134,2,6,80,65,5,14,58,21,12,23,3,1,5,130,10
2021-08,47,9,0,0,0,4,4,1,0,1,2,0,0,2,2,11,1,1,0,3,0,0,0,0,1,3,0,0,0,5,6,0,0,1,3,0,0,0,1,0,8,0,0,15,9,0,2,5,0,5,3,0,0,0,4,1
2021-08,48,29,6,1,1,9,4,1,2,15,0,1,0,20,8,43,6,5,1,4,2,0,2,2,2,28,4,6,1,27,12,0,7,9,11,0,2,3,11,3,41,6,9,80,52,3,32,40,4,2,26,1,0,3,10,4
2021-08,49,78,26,7,1,54,58,22,3,22,45,5,3,87,33,203,29,20,4,12,9,5,9,1,12,42,37,27,3,167,63,17,17,35,42,1,15,12,66,23,239,20,18,238,110,4,60,122,66,30,41,5,3,13,476,17
2021-08,50,15,9,0,0,10,3,0,0,3,0,1,0,14,3,40,2,0,0,2,0,0,3,0,0,7,4,5,0,6,3,1,4,7,2,0,0,1,11,3,27,2,8,36,22,0,12,11,3,4,7,4,0,2,12,5
2021-08,51,22,12,0,0,17,5,5,1,4,2,0,0,18,8,56,26,4,6,8,0,0,4,0,0,9,10,10,2,18,15,3,8,6,15,3,0,4,14,2,91,3,10,104,40,3,40,47,3,13,10,4,1,3,35,3
2021-08,52,40,15,2,1,36,4,1,0,6,4,2,1,8,6,58,61,2,0,1,2,0,3,0,2,12,11,8,0,9,13,3,0,12,13,1,0,2,10,2,102,8,19,52,26,10,23,25,4,4,11,2,3,0,24,2
2021-08,53,61,36,1,2,37,31,8,0,10,34,1,0,31,37,125,21,13,5,22,2,11,9,2,6,44,39,15,1,153,54,10,12,20,54,0,2,5,31,10,164,8,14,102,62,2,44,131,38,21,28,8,1,8,333,12
2021-08,54,5,0,0,0,1,3,0,0,0,1,0,1,3,3,2,0,1,1,0,0,0,1,1,0,8,0,4,0,1,2,0,0,0,0,0,0,2,5,0,32,2,0,2,9,0,3,2,0,1,0,0,0,0,6,1
2021-08,55,13,6,5,1,10,4,0,1,3,1,0,0,4,3,20,14,2,0,0,2,1,1,0,0,17,1,4,0,2,7,2,5,6,6,0,0,4,2,0,26,4,6,17,3,1,4,17,3,3,4,1,0,1,8,2
2021-08,56,83,33,7,2,29,14,0,5,20,1,1,0,30,5,132,83,15,2,4,15,5,10,5,1,66,5,6,5,229,23,29,15,15,32,1,10,15,10,5,60,9,50,64,37,13,51,86,0,4,32,4,1,3,8,3
2021-08,57,52,1,5,0,11,7,1,2,8,0,1,0,4,1,30,244,2,0,0,0,0,1,4,2,21,0,1,0,41,10,10,0,5,9,1,0,5,9,1,12,1,3,12,12,0,6,16,0,1,19,0,1,1,3,1
2021-08,58,61,1,28,1,25,18,5,5,7,1,1,0,9,13,86,396,2,6,5,6,5,2,12,7,24,8,3,2,118,31,4,12,10,49,2,2,7,12,6,48,4,9,54,57,3,28,64,1,5,8,4,0,3,5,5
2021-08,59,31,6,0,0,14,6,3,4,2,1,2,0,10,7,29,275,4,3,3,1,2,5,69,1,8,2,7,0,39,13,3,0,5,33,0,0,8,2,1,10,0,10,48,52,14,17,26,1,1,8,1,0,0,8,9
2021-08,60,62,6,5,0,15,30,4,2,3,1,1,0,13,11,65,202,7,4,9,8,2,6,5,3,8,5,4,2,189,29,5,15,7,31,0,0,5,10,4,55,6,21,56,66,2,25,86,3,5,34,1,1,1,10,6
2021-08,61,84,16,47,3,40,38,6,6,7,15,2,0,13,37,108,247,5,4,6,8,8,10,249,6,30,13,13,2,146,35,11,11,6,38,1,3,2,23,9,202,2,30,61,59,4,19,67,16,12,17,2,0,1,235,6
2021-08,62,32,10,5,0,4,3,0,2,7,0,0,0,6,0,60,120,4,0,1,1,10,5,1,2,10,5,7,2,73,3,3,2,3,13,0,0,2,6,0,43,2,5,14,13,4,15,21,0,1,10,2,0,0,4,0
2021-08,63,59,9,45,0,28,19,3,7,17,1,2,0,26,10,88,285,4,4,5,3,0,9,0,4,41,3,8,1,108,14,13,4,9,16,1,4,7,9,2,120,3,22,39,68,1,29,44,1,2,8,3,0,1,12,6
2021-08,64,51,18,2,2,16,9,6,0,12,1,1,0,12,2,53,9,11,2,4,1,6,2,1,1,23,3,2,0,289,7,15,15,3,16,0,1,4,3,3,76,2,14,14,12,3,15,30,0,2,15,4,3,0,10,2
2021-08,65,38,17,1,3,18,14,5,4,10,1,0,0,12,1,81,88,7,3,3,5,3,2,0,2,39,3,4,3,86,6,3,14,11,24,0,0,4,17,0,37,4,11,39,27,4,23,46,1,2,21,8,0,3,2,2
2021-08,66,86,19,10,2,35,52,14,5,22,10,0,1,40,42,147,175,14,5,9,3,2,9,24,7,35,7,23,4,142,40,11,17,12,32,1,1,3,29,4,178,2,35,112,102,4,52,89,19,20,27,10,1,12,18,9
2021-08,67,87,28,5,1,34,48,8,1,18,32,2,0,31,31,131,33,4,7,11,10,7,6,33,2,19,10,21,4,157,46,15,15,4,23,0,2,6,18,8,91,12,28,158,80,2,40,80,49,20,23,5,0,7,978,4
2021-08,68,53,19,2,0,23,54,18,2,14,23,0,0,21,34,77,11,10,1,8,3,1,8,6,5,19,13,17,3,112,35,10,11,3,27,0,0,5,27,8,158,7,22,63,59,2,16,51,52,20,12,3,1,8,113,6
2021-08,69,84,28,2,0,21,73,25,5,17,18,4,1,51,24,98,1,17,0,15,8,10,3,3,8,40,9,25,6,54,39,13,8,10,24,0,5,10,26,17,85,4,47,90,30,0,34,124,11,13,23,2,1,5,45,5
2021-08,70,91,26,13,6,33,26,0,4,20,1,1,2,27,5,170,56,9,13,15,4,0,21,9,4,93,9,11,0,123,20,18,21,21,44,2,2,6,13,5,123,6,51,94,78,7,44,95,2,5,38,14,0,4,38,12
2021-08,71,116,36,11,7,47,50,17,5,19,21,1,1,51,40,192,25,16,3,12,8,10,9,25,6,30,8,24,2,138,56,29,27,26,61,1,6,14,41,13,135,11,24,166,52,2,33,128,35,26,42,12,1,6,75,15
2021-08,72,8,2,2,1,24,13,2,1,6,1,2,4,13,2,56,1,2,7,4,1,1,8,0,2,24,21,13,1,28,9,7,12,12,26,0,0,1,8,4,51,10,27,118,76,15,51,67,3,7,57,5,1,0,19,14
2021-08,73,61,21,4,6,42,25,12,0,3,9,2,3,44,21,182,7,11,5,11,5,7,4,1,5,32,13,15,1,56,28,24,16,34,87,1,7,11,25,10,207,6,13,118,55,1,44,114,17,10,34,2,1,2,78,9
2021-08,74,8,3,3,0,15,5,1,2,12,0,0,0,9,3,67,0,3,0,3,4,0,0,1,0,32,9,2,2,74,10,17,7,5,17,3,2,1,1,0,22,4,10,42,10,3,25,40,5,1,14,2,1,1,4,2
2021-08,75,19,12,5,2,20,24,0,2,15,13,0,0,22,14,84,0,6,13,10,2,1,0,1,2,34,24,4,2,60,16,13,16,15,27,0,0,2,6,6,105,9,29,126,48,1,41,89,11,11,32,4,0,9,132,14
2021-08,76,9,0,6,1,6,8,3,5,3,0,0,1,5,0,8,1,1,0,1,2,0,0,0,0,20,1,0,0,1,4,1,4,0,0,0,0,0,0,1,8,4,5,4,3,3,5,3,0,0,4,0,0,0,0,0
2021-08,77,30,6,6,4,9,33,9,4,8,1,1,0,16,14,23,131,3,2,3,5,2,7,3,1,30,6,7,5,64,28,8,19,9,24,0,0,3,3,3,65,9,43,98,71,13,37,74,4,7,15,14,0,20,2,28
2021-09,0,3606,591,587,81,1606,1811,509,549,861,403,91,52,1605,1129,4701,7814,678,203,499,454,256,499,541,207,2217,588,752,274,7099,1531,502,636,794,2730,54,159,358,777,409,3635,443,1717,2423,1098,524,1413,3731,561,585,841,232,149,152,6508,871
2021-09,1,44,6,6,0,9,37,13,12,2,2,0,0,23,10,23,136,15,1,2,11,5,4,4,1,7,0,10,5,117,16,9,15,4,35,0,1,2,1,6,21,7,28,30,21,11,15,32,3,3,15,2,2,3,2,10
2021-09,2,89,9,16,3,28,27,7,9,8,2,4,0,36,14,78,96,12,0,11,7,6,10,14,3,23,4,15,9,169,36,4,9,20,50,0,2,12,6,1,45,3,8,71,45,11,45,82,4,2,18,5,6,5,7,26
2021-09,3,36,3,3,0,7,34,10,5,10,3,1,0,13,17,14,96,5,1,4,1,3,2,3,3,5,3,7,4,64,29,2,7,10,27,2,0,7,1,5,53,5,34,12,8,10,11,50,0,2,16,6,0,3,4,29
2021-09,4,45,0,3,0,16,15,0,9,17,3,0,1,32,5,38,104,13,3,3,8,19,10,15,5,20,2,10,3,103,15,5,3,12,27,0,2,2,3,6,14,1,27,31,23,19,23,60,8,6,17,4,1,0,3,32
2021-09,5,43,1,12,3,37,7,3,7,5,0,0,1,10,4,51,108,15,1,2,9,0,1,2,3,14,1,9,3,119,13,3,7,17,45,3,5,5,5,2,30,5,25,24,22,20,26,107,0,1,26,3,0,1,9,22
2021-09,6,38,5,26,2,35,35,9,39,10,0,2,0,39,21,64,162,25,4,11,16,3,8,14,0,34,6,10,19,254,38,12,8,17,49,5,2,9,9,4,21,3,49,25,14,21,23,72,4,6,46,9,1,2,3,23
2021-09,7,27,3,12,2,32,24,6,22,8,2,0,0,14,13,44,182,25,1,10,17,0,8,6,2,35,5,17,9,130,56,6,9,33,104,1,2,3,3,4,34,0,19,29,19,45,37,48,1,4,29,8,6,1,3,17
2021-09,8,20,2,2,1,8,37,7,45,7,5,5,0,23,20,11,269,21,0,7,4,1,1,2,1,61,0,8,29,60,39,3,18,18,114,1,7,11,3,27,65,17,105,2,4,4,8,13,4,12,9,13,0,2,23,3
2021-09,9,6,2,5,1,8,5,0,3,5,0,2,1,8,0,21,0,3,3,0,0,1,4,0,0,25,9,3,1,27,2,4,9,31,5,0,1,1,0,0,10,2,11,13,3,4,19,26,0,1,5,3,0,1,0,4
2021-09,10,42,11,18,3,31,12,0,1,47,1,0,0,16,5,95,24,10,10,10,6,2,14,14,1,73,20,10,4,150,3,33,12,20,29,0,0,7,2,5,50,5,13,61,27,25,46,99,0,2,27,6,7,4,3,17
2021-09,11,33,7,10,0,14,12,5,6,12,1,1,2,13,3,46,47,6,3,5,6,1,3,1,1,37,6,12,1,107,12,18,8,20,28,2,0,2,4,8,42,3,17,23,4,6,22,55,0,5,9,7,20,3,4,26
2021-09,12,19,3,2,0,10,6,1,2,10,0,0,1,25,8,45,34,10,3,7,5,2,4,3,1,35,8,7,1,67,7,2,4,7,17,2,0,2,1,2,28,1,6,35,22,14,42,42,1,4,15,6,11,0,1,36
2021-09,13,46,4,9,1,6,6,2,7,12,0,0,0,10,7,18,32,3,1,2,6,1,6,12,0,11,7,8,3,30,9,1,4,7,8,1,0,4,1,4,26,6,21,20,12,3,14,28,3,4,5,4,2,0,2,12
2021-09,14,40,8,14,2,32,15,7,11,13,0,1,0,32,30,72,75,6,8,6,5,3,5,16,3,48,4,6,1,82,11,7,9,6,30,1,3,0,3,3,35,2,16,29,24,6,31,52,4,2,20,3,5,1,1,51
2021-09,15,76,5,37,2,42,35,7,17,32,1,3,0,34,10,129,153,28,10,14,14,1,11,17,5,59,13,7,3,239,22,8,11,39,38,1,7,5,6,4,96,10,45,38,27,36,43,115,5,9,24,6,2,1,3,39
2021-09,16,61,9,17,0,44,22,4,11,17,1,2,1,20,13,92,226,9,4,11,10,5,31,15,7,63,14,4,3,221,26,12,12,19,41,0,3,7,5,10,54,6,15,40,36,13,48,87,6,5,23,9,2,0,6,65
2021-09,17,56,10,24,0,29,14,2,2,10,0,0,0,19,1,98,26,14,3,11,12,2,6,5,2,71,14,8,2,97,11,10,7,16,13,1,0,3,2,2,55,10,14,22,13,70,47,78,1,5,26,2,6,1,3,17
2021-09,18,29,3,1,0,9,12,3,0,7,1,0,0,6,9,20,23,3,3,5,5,1,2,3,1,23,0,1,1,18,3,4,5,8,3,0,3,1,1,4,27,1,2,13,5,1,4,25,0,1,6,3,0,0,0,3
2021-09,19,99,7,33,3,40,24,6,7,19,3,7,0,35,33,150,115,7,7,14,13,4,5,6,10,70,7,15,1,221,20,10,21,22,204,2,10,2,18,3,109,13,35,17,14,5,19,59,6,14,16,10,2,8,4,16
2021-09,20,35,5,7,0,19,12,0,2,2,1,0,0,8,4,43,24,1,1,4,0,0,1,3,3,21,5,3,0,46,4,3,4,4,75,5,8,8,4,0,23,1,7,10,4,6,15,61,2,7,5,0,0,0,1,12
2021-09,21,31,8,10,0,26,12,2,1,28,0,2,2,13,9,29,136,9,1,1,8,3,13,2,2,43,8,10,2,82,13,5,3,5,35,0,0,5,4,3,22,1,13,14,8,12,13,91,3,2,14,3,4,1,2,31
2021-09,22,59,11,37,1,59,52,8,13,29,4,4,0,45,22,97,467,33,6,5,21,2,12,7,3,90,25,14,2,272,52,10,8,21,74,0,4,7,12,8,56,5,79,35,30,14,39,171,10,7,31,7,3,1,8,44
2021-09,23,74,11,12,1,49,46,14,9,16,27,1,0,17,46,117,87,18,4,16,12,7,8,14,6,34,12,11,3,210,63,9,18,10,36,2,9,6,14,12,15,12,14,40,10,12,20,48,20,10,13,2,2,1,70,15
2021-09,24,73,8,32,4,73,55,11,24,22,7,2,0,50,41,125,795,22,8,26,24,12,47,66,7,93,34,18,17,442,61,12,15,31,95,0,5,12,13,15,112,4,65,28,15,18,17,99,2,6,35,9,1,4,40,61
2021-09,25,162,9,27,3,56,108,26,13,33,41,4,10,80,82,195,42,20,27,21,9,8,23,4,10,48,23,20,6,222,75,9,32,24,33,0,2,3,47,11,80,9,100,114,41,5,54,107,31,23,20,9,5,3,193,15
2021-09,26,34,3,3,0,24,32,7,12,4,22,1,0,7,21,69,28,3,1,5,4,3,1,1,2,4,2,1,0,36,24,2,5,2,8,0,3,3,6,6,16,5,10,17,5,1,8,17,7,5,0,2,0,1,166,3
2021-09,27,55,9,1,1,17,31,4,2,11,21,1,1,8,24,58,23,4,2,5,1,2,6,4,2,27,2,7,1,90,33,2,3,3,21,1,1,11,8,12,70,12,15,25,7,1,10,32,11,2,2,3,1,1,114,1
2021-09,28,68,9,8,5,26,31,9,24,19,11,3,0,27,11,36,469,15,3,8,11,2,8,19,3,80,6,17,14,81,38,5,4,23,60,1,1,18,11,14,67,13,119,13,11,1,17,56,1,6,8,5,1,0,64,4
2021-09,29,91,12,4,2,21,49,13,1,7,39,1,0,14,46,118,81,6,2,13,6,3,3,2,1,37,6,21,2,169,26,3,5,5,31,0,1,6,17,4,49,11,18,45,13,7,12,55,19,9,5,0,0,3,867,1
2021-09,30,115,9,18,1,41,37,19,12,7,8,2,1,26,29,104,491,1,3,10,13,5,14,4,1,34,10,16,8,146,25,8,16,10,30,2,2,13,12,8,36,7,14,31,19,4,17,42,3,11,7,1,0,2,52,9
2021-09,31,52,4,9,0,18,23,7,6,12,3,0,0,9,27,55,404,9,1,10,1,2,1,53,4,41,2,10,4,67,23,4,4,19,32,0,0,6,12,5,142,6,23,5,5,4,4,25,1,1,4,3,1,2,20,2
2021-09,32,25,0,4,1,1,8,0,17,1,1,2,0,4,4,2,293,16,0,2,1,0,2,5,0,20,0,4,13,31,14,2,6,11,67,2,2,5,3,11,34,15,68,0,1,4,2,2,0,9,7,3,0,0,2,2
2021-09,33,14,1,0,0,4,4,1,6,4,0,1,0,5,8,5,37,6,0,0,0,0,0,4,2,27,0,0,5,16,4,1,4,3,27,0,0,1,1,1,14,4,10,2,4,4,5,7,0,4,3,1,0,0,13,3
2021-09,34,10,3,1,0,6,5,1,3,0,0,0,0,11,5,15,55,1,1,1,2,0,0,0,0,10,1,1,7,30,4,1,0,4,11,2,1,3,3,2,18,4,14,3,2,2,3,19,0,1,1,0,0,0,1,0
2021-09,35,17,3,2,0,7,11,2,4,4,1,1,7,3,1,17,25,3,1,2,0,1,5,1,0,3,2,2,3,5,8,4,6,2,24,0,0,0,4,1,16,4,12,5,1,3,1,9,5,0,3,0,0,3,29,1
2021-09,36,11,2,0,0,2,2,1,0,1,0,0,1,2,1,6,4,1,0,0,0,0,1,0,0,2,0,2,0,7,2,0,1,1,1,0,0,0,5,0,9,3,0,3,3,0,1,19,0,1,1,0,0,0,77,1
2021-09,37,14,1,0,0,0,2,0,0,0,2,0,0,1,4,10,5,0,0,0,1,0,1,0,0,7,4,1,1,28,0,1,0,0,16,0,0,1,0,0,4,0,8,7,7,0,3,4,7,1,0,0,0,1,289,1
2021-09,38,47,8,4,1,9,25,8,4,1,9,0,0,19,21,30,11,6,0,12,5,4,2,0,2,6,4,8,3,58,13,2,5,5,23,0,0,3,13,1,60,4,15,10,0,3,6,21,4,13,2,0,2,1,380,2
2021-09,39,12,2,0,1,8,25,9,4,1,3,0,0,6,1,10,3,3,0,2,0,1,2,0,2,3,2,4,1,38,8,1,2,1,12,0,0,0,5,4,10,2,8,6,2,2,1,16,1,3,5,1,0,0,43,3
2021-09,40,4,0,0,0,2,19,7,1,0,4,0,0,15,4,10,8,5,0,1,2,1,0,0,0,4,0,5,4,20,7,5,0,0,8,0,4,9,21,1,44,4,19,4,3,0,4,90,2,12,0,0,1,0,207,0
2021-09,41,14,0,1,0,7,18,8,4,0,3,0,1,10,5,15,16,2,0,7,1,0,2,1,1,9,2,10,3,35,4,2,2,7,66,2,4,6,1,6,10,7,27,11,4,1,7,14,1,5,23,2,0,0,3,7
2021-09,42,60,8,7,1,13,33,9,3,8,6,2,1,14,20,34,3,11,3,5,4,2,4,2,7,19,3,6,4,21,26,7,2,0,7,0,0,4,10,7,21,6,35,21,9,0,5,28,6,6,5,2,0,3,271,5
2021-09,43,98,8,6,3,28,113,41,7,15,4,3,0,68,29,87,9,14,4,7,16,9,9,0,9,16,9,27,2,48,55,5,21,8,76,0,12,12,18,8,41,6,28,56,27,4,22,31,16,26,6,2,1,3,200,8
2021-09,44,92,33,6,2,23,48,32,6,19,4,0,0,40,21,86,13,11,1,7,2,6,11,1,1,33,14,26,1,50,40,1,6,8,61,0,5,9,21,8,59,15,20,62,33,1,20,51,22,16,12,2,3,5,74,9
2021-09,45,25,7,1,1,8,1,3,0,7,2,0,1,9,15,30,3,4,2,4,4,6,0,3,0,8,3,7,1,21,6,0,9,5,10,0,0,4,6,4,28,1,1,43,7,0,17,28,3,4,1,0,2,4,39,5
2021-09,46,80,4,3,1,19,30,8,1,10,8,2,0,23,21,73,29,8,4,5,8,9,8,5,3,18,9,15,0,48,25,2,5,6,31,2,1,3,24,5,82,3,5,61,25,4,19,37,26,19,8,0,0,8,164,7
2021-09,47,4,3,0,0,4,1,0,0,1,4,1,0,2,2,11,2,0,0,3,0,0,0,0,1,3,1,1,0,3,5,2,0,0,10,0,0,2,3,0,5,1,1,8,0,0,1,6,2,2,0,0,0,0,52,0
2021-09,48,18,4,1,0,16,5,0,3,5,2,0,0,27,8,36,2,5,0,4,7,0,5,1,0,32,8,9,3,24,15,2,9,4,14,0,0,3,5,0,97,1,11,50,22,0,22,38,5,7,8,0,0,2,80,8
2021-09,49,121,45,5,2,42,37,11,12,25,13,0,3,76,46,149,24,22,4,7,6,3,8,8,5,21,27,32,3,162,35,9,24,19,73,2,5,10,22,17,186,7,12,114,26,1,47,118,32,22,12,2,1,5,229,12
2021-09,50,14,13,0,0,4,12,1,2,6,0,1,3,7,4,11,0,3,0,3,1,0,2,0,0,7,6,1,1,5,3,0,3,0,7,0,0,4,10,1,17,1,12,15,10,0,11,25,4,5,1,1,0,2,17,3
2021-09,51,23,6,8,0,22,9,6,4,7,3,1,2,18,2,69,18,1,0,5,0,2,4,1,1,14,15,7,2,23,12,9,1,4,12,0,0,2,18,2,39,9,12,78,15,0,12,23,6,16,3,0,5,3,63,12
2021-09,52,46,7,4,0,29,10,0,2,0,3,1,0,6,4,58,73,7,0,7,6,0,2,11,1,8,7,6,0,17,11,3,5,15,17,0,0,1,13,7,57,5,33,19,8,3,15,29,1,3,8,0,3,0,11,4
2021-09,53,62,16,3,1,19,43,8,4,11,10,2,2,31,29,110,7,8,3,10,4,3,24,4,7,19,20,22,0,91,36,17,21,24,14,0,2,2,35,10,112,6,26,115,30,2,39,85,30,33,11,4,1,6,170,8
2021-09,54,11,0,0,0,2,7,8,0,4,1,0,2,1,2,4,2,2,0,0,1,3,1,0,1,14,1,4,0,0,4,3,2,1,0,0,0,1,5,0,20,0,2,13,4,0,1,7,3,4,1,0,1,1,11,0
2021-09,55,5,3,2,0,8,8,0,2,3,0,0,0,9,0,22,4,6,3,3,0,2,4,0,0,18,7,1,0,6,7,2,2,4,29,1,0,1,6,2,17,0,9,13,8,1,4,25,1,5,2,1,9,0,11,0
2021-09,56,45,29,8,2,23,15,1,7,13,4,0,0,26,3,96,64,10,4,5,10,12,4,0,1,31,2,8,4,149,13,29,26,11,15,0,1,7,5,1,137,7,12,25,28,7,44,64,0,3,11,1,3,0,5,3
2021-09,57,34,2,1,0,5,13,2,0,6,0,0,0,3,5,26,152,2,0,4,3,1,1,0,0,31,3,2,0,29,8,7,3,2,17,0,0,2,2,2,8,4,15,5,2,0,4,22,1,8,4,1,0,0,8,0
2021-09,58,58,3,2,0,20,16,3,7,20,0,2,0,10,13,62,383,5,6,4,17,7,3,62,6,22,6,8,2,95,16,8,10,5,26,1,1,4,15,8,46,15,27,24,14,2,12,29,2,2,9,4,2,5,4,2
2021-09,59,19,2,5,0,8,10,1,6,5,3,0,1,5,4,22,297,7,0,1,0,0,1,16,1,10,1,8,0,35,9,1,1,3,11,2,1,7,2,0,19,3,12,15,7,10,7,19,1,1,9,0,1,0,5,6
2021-09,60,38,10,1,3,25,13,3,3,6,1,2,0,13,4,53,188,8,1,8,8,3,2,3,0,16,4,8,3,172,15,6,5,3,41,0,2,7,4,9,45,3,22,13,23,6,16,54,4,1,9,0,3,1,13,8
2021-09,61,98,7,8,2,25,27,3,8,10,12,3,0,26,27,91,233,13,1,10,7,5,10,17,6,21,4,16,4,196,21,9,8,6,39,2,1,9,34,7,68,6,25,38,19,3,16,56,21,12,12,0,0,0,529,1
2021-09,62,36,4,3,0,14,6,0,7,8,0,0,0,7,1,45,122,4,0,2,0,2,2,0,1,22,1,3,0,44,3,5,5,3,13,0,0,0,2,0,34,4,2,10,3,3,2,8,1,0,3,1,0,2,3,1
2021-09,63,41,8,8,0,17,12,10,9,3,5,1,0,22,5,65,247,2,3,1,6,1,8,1,9,36,5,5,2,99,23,6,4,6,22,0,2,3,12,5,51,4,13,18,25,0,17,21,1,7,9,0,0,0,6,4
2021-09,64,74,9,1,0,13,9,0,1,18,0,1,0,11,3,64,5,7,2,3,2,2,4,5,2,19,3,2,1,221,5,17,6,17,30,0,0,2,5,4,57,4,12,9,2,4,15,18,1,1,7,3,1,1,3,6
2021-09,65,59,18,3,4,17,21,2,2,20,0,0,0,11,4,69,84,8,3,4,11,10,5,15,1,35,4,5,2,88,7,18,13,11,37,0,3,2,15,2,32,10,8,9,4,3,12,14,2,5,8,5,0,1,1,0
2021-09,66,70,15,11,4,49,53,14,7,31,4,7,0,27,29,146,211,8,6,8,6,3,13,0,10,40,7,14,2,138,26,6,10,10,28,0,2,7,27,5,96,1,6,36,27,4,30,77,10,11,13,3,1,3,19,6
2021-09,67,79,5,2,0,37,47,13,6,17,31,2,1,36,41,147,38,8,0,1,5,3,11,0,4,23,8,21,2,244,39,6,13,4,43,0,3,2,27,11,32,26,11,71,29,1,24,91,49,15,5,5,0,4,565,4
2021-09,68,40,13,0,1,14,50,24,7,11,17,3,1,24,34,80,14,2,3,8,6,2,7,0,2,19,11,22,2,106,26,7,6,2,11,1,4,5,22,3,74,7,12,52,16,2,13,29,34,32,4,2,0,2,441,1
2021-09,69,73,17,9,0,24,58,21,9,16,8,2,0,52,28,88,6,18,2,11,5,12,4,9,4,36,8,17,8,69,37,6,17,7,32,1,5,2,20,14,33,5,23,52,23,3,17,63,27,13,10,3,0,4,122,5
2021-09,70,71,28,12,4,27,12,1,5,29,2,1,4,22,11,164,38,8,0,12,5,3,13,6,9,90,5,4,2,88,17,16,7,25,50,0,0,9,13,6,41,6,21,36,17,4,30,62,8,12,15,11,0,1,14,11
2021-09,71,104,14,15,2,31,53,26,4,22,13,0,0,63,33,132,11,12,1,20,7,8,11,7,4,42,19,28,4,124,43,8,17,19,47,0,7,3,42,19,101,10,11,98,25,2,23,161,30,28,18,5,1,8,354,12
2021-09,72,13,3,2,0,28,5,0,5,4,0,0,1,23,2,55,2,5,5,4,4,1,3,0,1,27,22,9,1,26,12,10,11,10,32,0,1,4,4,0,32,15,12,74,5,6,20,55,3,9,24,0,4,2,34,6
2021-09,73,36,17,1,0,25,7,2,3,16,1,1,0,35,18,88,1,12,5,6,3,2,7,3,7,23,24,14,2,89,25,2,21,18,50,3,3,10,19,10,113,4,27,79,25,2,34,61,17,7,9,7,1,5,124,7
2021-09,74,9,3,1,0,12,6,1,4,7,0,0,0,18,0,56,0,0,5,5,3,1,1,2,1,31,15,4,2,67,5,6,2,6,31,0,0,1,2,0,17,6,5,16,5,2,17,48,2,1,6,0,4,1,25,2
2021-09,75,32,10,1,1,22,8,2,7,13,8,0,0,18,11,65,1,10,5,14,5,12,6,1,0,27,28,27,5,26,15,16,11,10,12,0,3,1,16,5,48,3,21,92,16,7,30,47,7,15,14,1,6,5,115,6
2021-09,76,11,0,5,0,3,2,0,5,4,0,0,0,15,0,6,0,0,0,1,0,0,0,3,0,7,3,5,1,1,3,1,1,0,12,0,0,2,0,0,10,3,6,0,1,0,1,3,0,1,1,0,0,1,0,0
2021-09,77,41,1,12,3,18,25,4,14,8,2,0,0,19,11,26,116,13,0,11,5,5,14,13,2,22,2,6,7,68,14,6,8,1,118,0,0,0,3,2,38,3,59,20,20,9,12,63,3,7,22,6,2,4,4,33
2021-10,0,3311,562,593,173,1387,1801,647,387,792,363,112,88,1155,897,4070,6568,625,160,424,434,272,432,292,241,1982,466,631,266,6418,1197,417,1040,683,2581,28,112,353,818,360,4930,547,1995,2691,2569,355,1310,2939,500,509,589,1167,55,402,0,793
2021-10,1,46,4,7,6,10,33,9,4,6,2,1,0,11,4,19,60,6,5,3,3,4,3,0,8,16,2,6,3,128,16,4,18,10,29,0,1,3,3,3,55,10,30,35,52,3,17,28,4,4,16,23,0,10,0,29
2021-10,2,92,6,10,10,32,41,7,12,9,3,4,1,34,15,58,54,16,1,14,10,2,5,1,4,36,7,13,8,119,25,8,44,16,35,0,3,4,8,5,55,8,31,75,110,10,43,97,6,5,12,47,0,20,0,14
2021-10,3,41,7,6,3,6,27,19,4,36,1,4,0,12,21,11,124,11,2,5,10,1,4,0,3,20,1,3,5,55,17,0,12,7,45,1,0,9,3,2,13,12,33,54,49,3,7,32,2,6,14,20,3,3,0,29
2021-10,4,31,12,9,0,20,19,0,7,2,2,0,1,14,5,37,102,4,2,13,6,2,14,5,2,22,1,7,1,82,12,6,18,6,26,1,0,7,2,3,58,1,21,42,37,7,17,58,2,3,17,37,0,4,0,40
2021-10,5,28,4,14,2,26,7,0,8,16,1,2,0,18,7,38,147,10,2,1,3,3,3,2,0,16,4,12,3,79,6,4,25,10,46,0,5,9,4,3,19,2,40,43,53,16,20,59,1,5,16,21,2,7,0,30
2021-10,6,26,4,9,5,30,36,7,17,25,3,1,3,39,19,59,202,24,2,10,11,4,7,3,5,41,5,10,10,235,25,6,22,9,57,1,1,4,6,5,108,6,74,61,82,8,33,99,1,6,36,35,3,2,0,57
2021-10,7,31,5,14,4,16,25,7,13,7,3,2,4,17,9,28,140,16,1,8,10,5,10,5,0,52,7,8,3,114,30,12,24,28,58,0,0,2,2,12,75,9,66,33,28,8,26,47,3,5,25,40,1,5,0,23
2021-10,8,19,3,3,0,6,40,34,27,7,2,6,2,17,16,12,248,16,1,1,3,7,5,1,3,56,1,10,29,66,50,10,10,33,61,1,1,12,4,28,92,26,101,4,21,5,5,18,3,13,5,14,0,0,0,3
2021-10,9,3,4,7,0,11,4,0,2,5,0,0,0,4,0,25,0,4,1,0,1,1,0,0,0,29,9,2,0,13,1,3,16,61,2,0,0,0,1,0,44,1,8,21,13,4,19,23,2,1,4,5,1,4,0,0
2021-10,10,44,12,13,5,30,9,3,5,42,1,0,1,22,2,77,21,19,1,8,6,5,3,2,1,48,22,9,5,119,4,16,31,13,11,0,1,2,3,1,91,6,20,51,46,12,39,75,4,2,8,26,1,5,0,15
2021-10,11,31,7,11,3,13,10,4,3,4,1,1,0,13,6,37,46,4,3,6,2,1,0,3,2,26,5,5,2,109,5,10,10,11,9,0,0,3,0,3,31,4,25,46,23,8,19,50,1,3,5,23,0,1,0,25
2021-10,12,15,3,4,1,9,6,1,1,7,0,0,1,21,1,34,38,4,0,2,3,0,7,0,0,39,8,7,2,54,4,5,13,5,17,0,0,2,2,2,100,5,27,37,37,12,27,30,2,0,11,16,1,1,0,24
2021-10,13,16,2,5,0,10,8,4,3,7,0,0,2,6,8,25,25,2,1,0,3,0,3,1,1,32,2,4,0,16,9,2,6,7,12,0,0,0,1,0,12,3,22,20,17,2,6,15,4,0,4,15,0,5,0,10
2021-10,14,34,9,11,1,18,20,7,3,11,1,0,2,14,7,49,91,11,3,11,9,3,8,1,0,29,1,11,3,58,14,1,20,5,48,1,4,5,8,3,80,5,17,28,33,4,24,32,1,1,10,32,0,8,0,39
2021-10,15,70,12,17,12,37,25,8,7,15,5,2,1,27,8,109,127,10,4,11,13,3,15,6,3,77,8,10,4,214,23,7,19,16,124,4,6,8,13,4,112,14,27,61,44,11,46,60,2,8,16,32,0,9,0,36
2021-10,16,56,5,21,3,37,29,2,7,12,1,2,1,27,19,76,179,10,0,6,9,4,12,1,2,49,6,6,1,179,36,7,33,9,73,1,2,6,7,7,64,7,66,51,52,11,53,80,7,2,11,70,0,6,0,58
2021-10,17,63,14,17,1,24,19,4,9,16,0,0,0,11,4,82,29,9,3,11,6,3,7,3,0,26,8,3,1,97,7,8,15,33,61,0,2,4,6,7,58,7,13,23,24,7,38,57,2,3,7,14,1,8,0,15
2021-10,18,41,6,1,3,7,2,2,1,5,0,0,0,5,2,13,14,5,3,1,2,2,1,0,0,23,2,2,0,26,3,3,2,18,6,0,5,2,5,1,42,2,37,6,4,0,8,10,1,1,3,6,0,0,0,0
2021-10,19,75,12,14,4,52,27,7,2,29,0,3,3,23,11,124,184,7,11,12,6,41,14,8,8,65,9,13,5,200,17,9,28,18,46,2,9,13,12,5,148,14,26,31,25,7,27,72,4,14,11,50,1,9,0,13
2021-10,20,20,4,11,3,15,14,1,3,3,1,2,0,11,5,30,53,3,0,0,5,0,1,0,3,15,0,2,0,67,13,3,14,3,31,0,2,5,9,2,30,2,12,8,14,5,8,51,0,2,4,9,0,2,0,7
2021-10,21,30,3,8,2,21,17,3,6,7,1,1,1,14,7,42,111,5,0,6,7,0,4,0,1,37,9,11,1,85,6,9,10,9,52,0,0,3,11,4,31,1,8,28,24,11,15,45,0,2,17,18,0,3,0,25
2021-10,22,50,15,41,5,50,54,10,10,14,5,2,0,20,17,79,366,27,7,10,27,7,16,1,8,55,12,7,2,227,43,13,15,20,95,1,4,8,5,8,105,16,41,42,57,34,32,77,9,3,25,28,0,6,0,56
2021-10,23,91,5,18,8,42,38,16,7,18,24,2,3,20,31,102,73,9,10,16,6,6,12,2,10,42,4,6,4,180,46,9,16,6,34,1,2,7,23,5,20,12,26,39,23,7,23,56,19,17,14,26,0,4,0,15
2021-10,24,65,9,35,6,57,39,8,11,9,10,2,4,44,26,94,723,32,4,16,26,4,39,66,6,58,18,20,21,385,61,9,42,29,87,1,8,13,7,13,95,15,110,38,39,15,21,80,2,7,28,45,4,4,0,53
2021-10,25,205,16,40,7,51,94,31,12,31,16,8,10,53,46,206,49,14,14,19,11,20,12,3,6,57,16,27,11,183,55,10,32,21,50,0,8,6,33,8,157,18,35,75,76,3,44,86,21,29,25,43,1,18,0,16
2021-10,26,36,1,2,2,18,28,6,4,8,14,2,0,6,26,50,49,5,2,3,4,4,3,1,4,11,2,4,1,49,7,0,7,2,29,0,1,2,10,4,36,4,10,14,11,0,5,18,12,9,0,12,0,3,0,1
2021-10,27,47,4,4,1,16,26,8,0,4,16,0,3,11,21,45,28,6,1,3,6,2,2,3,3,38,3,10,2,90,10,1,10,1,45,0,1,9,8,7,82,18,42,20,9,1,10,21,5,5,2,9,1,4,0,1
2021-10,28,35,8,10,2,23,20,10,24,11,5,4,1,4,25,37,364,22,0,13,7,6,4,21,2,57,1,5,14,98,18,6,6,9,90,2,0,19,3,18,190,7,128,16,9,1,8,23,4,4,7,31,0,2,0,5
2021-10,29,80,3,12,0,21,44,31,3,8,27,1,1,10,40,100,56,4,3,7,13,3,5,13,3,35,7,7,3,134,31,6,14,2,40,0,1,4,26,5,80,12,41,40,17,3,6,39,18,11,3,6,0,7,0,1
2021-10,30,86,3,15,1,21,39,6,7,17,4,4,0,16,20,82,306,17,3,3,8,6,7,1,3,43,8,14,4,128,26,7,25,13,67,0,0,15,16,12,66,4,18,14,35,8,15,34,3,7,3,12,4,2,0,1
2021-10,31,36,9,14,4,21,12,4,6,7,0,1,2,19,13,40,339,11,1,1,0,3,3,39,2,34,4,8,5,87,17,3,11,15,57,0,1,9,7,6,114,7,21,7,5,2,4,15,6,1,3,6,0,3,0,1
2021-10,32,28,0,3,0,2,5,3,13,1,2,4,0,4,3,1,174,13,0,1,1,0,4,5,0,34,0,2,15,17,9,0,2,11,53,1,2,8,3,4,36,19,73,2,5,1,1,2,0,8,3,11,0,0,0,1
2021-10,33,12,2,0,0,2,4,0,10,0,3,1,0,4,7,3,46,9,2,2,2,0,2,0,0,9,1,0,1,12,1,6,3,3,37,0,0,0,3,9,35,8,6,4,8,1,4,6,0,2,1,3,1,0,0,0
2021-10,34,15,3,1,0,5,3,3,2,1,0,0,0,3,10,16,86,1,1,2,0,0,1,0,0,8,0,0,5,30,5,2,1,2,6,0,1,5,0,3,39,1,6,0,10,0,3,21,1,0,2,2,0,0,0,1
2021-10,35,15,2,0,0,4,14,6,6,1,1,0,6,2,2,7,19,6,3,1,3,0,5,1,3,10,0,3,9,5,3,2,6,3,19,0,0,1,10,4,57,9,10,11,15,0,3,2,0,2,1,5,0,0,0,0
2021-10,36,4,1,0,1,1,9,18,0,1,1,1,0,3,1,4,8,0,0,1,1,1,4,0,0,9,0,0,0,9,0,1,2,3,9,0,0,1,2,0,9,1,6,5,4,0,0,4,0,0,0,0,0,1,0,1
2021-10,37,3,2,0,0,2,2,3,0,0,2,0,0,1,1,11,0,1,0,1,1,0,0,0,1,3,1,2,0,21,0,1,2,0,10,0,0,3,4,3,7,1,7,8,6,0,0,5,3,1,0,2,0,1,0,0
2021-10,38,35,8,2,0,7,29,7,5,1,5,0,1,4,14,20,6,4,0,6,6,0,1,0,1,6,2,3,4,56,13,1,4,1,29,0,0,3,13,1,30,4,28,18,17,1,3,21,3,2,2,6,0,0,0,2
2021-10,39,10,3,3,0,6,25,19,0,1,0,1,2,5,2,17,1,4,1,3,1,1,3,0,1,4,0,3,0,27,8,0,5,0,29,0,2,2,1,1,11,3,5,7,24,1,1,6,2,0,2,2,0,2,0,3
2021-10,40,18,3,3,2,6,27,18,2,0,5,1,0,9,6,7,8,2,0,1,2,2,3,0,0,1,1,4,0,13,3,1,2,0,33,0,0,1,9,3,33,4,13,13,14,0,1,4,1,4,0,4,0,1,0,0
2021-10,41,9,3,1,0,5,7,2,4,14,0,1,0,8,1,5,14,5,1,2,0,5,1,4,1,10,3,5,5,30,2,4,0,6,36,0,1,3,5,3,47,6,46,40,25,9,9,19,2,4,13,9,0,0,0,4
2021-10,42,35,7,15,1,19,36,15,3,1,6,3,0,18,8,34,1,8,0,2,6,2,4,1,6,20,10,7,2,28,19,6,5,1,57,0,3,6,12,0,27,3,17,27,20,3,11,67,2,7,6,10,2,7,0,0
2021-10,43,61,17,7,6,14,105,36,4,8,6,3,2,20,18,61,8,16,7,11,8,5,5,1,2,22,10,18,7,40,34,4,27,6,51,0,2,4,30,6,77,7,31,66,52,4,20,39,20,14,4,33,3,14,0,4
2021-10,44,74,15,8,5,23,41,18,9,10,2,1,0,15,21,77,7,8,2,10,5,2,4,2,3,18,23,8,5,46,19,13,11,11,29,0,8,3,19,3,63,2,22,58,60,1,19,32,11,10,9,18,0,20,0,4
2021-10,45,18,1,0,1,9,1,2,0,2,1,1,1,7,8,30,3,2,0,3,3,1,1,1,0,9,1,3,1,16,3,3,8,3,6,0,0,4,5,4,6,1,3,35,26,1,11,26,3,0,7,4,0,1,0,10
2021-10,46,66,12,3,4,16,48,16,4,13,11,1,1,21,25,79,42,8,3,5,2,4,5,2,9,9,12,17,4,75,26,3,22,6,24,1,4,4,24,6,138,3,31,133,84,28,23,45,21,11,6,21,0,5,0,6
2021-10,47,4,1,0,0,2,3,0,0,2,0,0,0,1,3,5,0,1,0,1,1,0,0,0,0,3,1,0,0,8,2,1,1,1,0,0,0,0,1,0,13,0,0,6,4,0,1,5,1,2,0,2,0,0,0,0
2021-10,48,21,4,0,1,17,11,4,2,7,3,3,0,16,1,41,5,4,1,2,1,4,5,0,3,6,6,8,1,16,10,1,11,3,17,0,0,4,10,2,54,9,19,61,77,0,29,53,6,7,15,4,1,12,0,7
2021-10,49,63,28,1,3,28,38,13,3,26,19,1,2,32,37,121,15,16,0,12,6,5,8,14,8,26,18,25,1,140,30,19,33,15,24,0,1,9,29,10,217,35,18,109,95,8,50,86,47,18,12,24,3,33,0,2
2021-10,50,8,6,1,2,5,9,2,0,6,1,0,2,3,4,19,0,5,0,0,1,0,3,0,0,4,2,4,0,14,4,0,6,0,2,0,0,0,12,0,48,1,4,17,16,2,7,6,2,7,2,3,0,5,0,0
2021-10,51,27,4,0,0,14,14,3,2,8,2,1,1,15,5,43,22,9,3,4,3,0,6,0,3,12,13,8,2,29,15,4,18,4,15,2,0,3,22,6,39,4,9,66,32,0,19,37,6,14,1,15,1,6,0,3
2021-10,52,45,10,6,1,24,8,2,3,1,3,1,0,11,1,39,34,4,0,8,0,1,3,3,3,10,10,6,0,11,6,4,9,6,2,0,2,1,6,1,105,4,15,26,28,1,14,46,2,8,0,4,0,7,0,1
2021-10,53,51,15,6,5,21,22,8,3,8,10,1,3,25,30,83,7,11,1,14,4,3,11,0,6,12,18,25,0,90,25,9,14,16,26,0,0,3,35,12,153,3,4,67,72,1,27,54,32,30,11,17,0,19,0,3
2021-10,54,11,0,0,0,1,2,4,0,2,1,0,10,2,1,5,0,1,0,0,0,0,1,0,0,6,0,1,0,1,1,0,1,0,0,0,0,0,5,0,10,1,3,5,3,0,2,4,0,4,0,4,0,1,0,0
2021-10,55,16,7,0,0,9,2,1,0,5,0,0,0,7,0,31,24,5,1,1,0,0,3,0,0,9,5,2,2,5,6,3,6,4,12,0,1,7,3,1,15,2,5,11,7,1,9,14,0,2,1,6,0,1,0,0
2021-10,56,54,20,12,0,23,10,0,0,16,1,1,0,22,8,89,81,4,4,3,7,0,4,2,6,37,3,11,2,171,8,18,29,5,64,2,1,7,7,6,137,10,18,32,38,5,29,49,1,10,12,15,0,6,0,5
2021-10,57,24,3,1,2,5,7,2,3,6,2,1,1,7,6,28,180,1,0,1,3,0,2,0,0,13,2,5,1,58,2,0,16,3,20,0,0,2,5,1,16,4,2,8,6,0,3,21,1,1,3,4,0,0,0,0
2021-10,58,87,5,13,0,17,21,5,4,18,0,6,0,8,7,70,237,4,2,5,5,1,5,15,1,45,7,7,1,76,19,3,18,3,36,1,2,8,11,0,30,5,7,30,25,0,12,25,3,1,4,9,0,1,0,2
2021-10,59,27,2,0,0,9,7,0,1,3,1,0,0,4,2,25,237,8,0,4,0,0,1,5,6,15,0,3,0,42,4,1,3,2,33,1,0,11,6,1,7,1,36,5,7,17,5,45,5,0,2,2,0,0,0,1
2021-10,60,52,1,5,1,16,14,1,4,10,4,0,0,10,7,51,134,7,1,2,9,3,8,5,0,26,2,5,4,154,19,1,10,5,21,0,2,15,3,4,32,1,24,17,37,10,17,61,2,2,3,9,0,1,0,5
2021-10,61,90,9,8,2,24,33,11,7,4,10,2,0,19,20,78,129,11,0,13,5,5,10,1,8,26,2,18,3,110,18,3,8,0,29,0,2,8,23,5,76,4,49,35,52,1,16,53,18,5,6,2,0,4,0,2
2021-10,62,33,8,2,1,4,9,2,1,11,2,0,0,5,3,47,79,9,1,2,8,0,5,2,3,12,0,1,0,67,3,3,7,2,11,0,0,2,3,1,12,0,1,5,1,2,7,3,0,3,4,5,0,3,0,1
2021-10,63,60,6,16,0,25,24,7,7,7,2,0,0,23,9,85,180,3,0,2,4,2,6,3,2,24,8,10,4,65,7,11,4,4,37,0,0,3,12,5,69,11,8,30,31,3,14,65,3,8,6,1,1,1,0,1
2021-10,64,51,16,3,4,14,8,4,1,7,1,0,0,9,0,65,16,4,0,3,4,2,3,0,2,16,3,3,4,250,3,8,14,2,6,0,0,0,7,1,40,1,12,11,9,0,16,13,0,2,3,5,1,3,0,2
2021-10,65,73,19,2,0,22,23,2,1,11,0,1,0,9,3,37,61,5,2,2,3,10,5,2,4,38,2,5,2,71,2,8,12,4,9,1,0,1,9,3,39,1,3,16,10,1,12,17,0,2,1,8,0,2,0,2
2021-10,66,93,15,9,1,31,57,37,9,15,8,5,0,30,17,115,110,9,3,5,8,7,15,2,12,43,10,11,7,133,20,5,14,5,29,0,0,2,24,12,80,6,37,39,49,0,20,43,13,18,5,11,3,10,0,5
2021-10,67,59,11,8,1,35,48,15,2,15,18,1,1,30,31,110,36,7,3,4,5,3,8,0,19,37,6,21,3,132,37,6,10,3,59,0,2,3,33,8,82,16,17,66,50,0,17,29,38,17,8,5,1,6,0,1
2021-10,68,30,15,3,1,15,49,26,1,4,29,4,1,17,40,71,13,6,1,13,24,5,5,1,7,18,10,16,1,106,24,6,3,2,12,0,0,0,27,4,78,22,49,54,56,1,16,42,29,17,3,4,1,3,0,3
2021-10,69,91,8,6,2,15,62,27,6,11,16,4,0,21,22,59,5,18,2,8,14,2,3,4,5,13,4,24,3,81,30,8,12,15,43,0,1,1,36,14,76,6,76,55,62,1,16,41,20,17,8,13,1,9,0,4
2021-10,70,56,15,4,2,25,9,5,1,16,5,0,3,24,5,106,50,6,1,7,1,4,9,1,2,60,6,7,1,80,12,13,12,17,28,1,1,2,24,6,124,15,9,58,64,1,39,62,1,11,13,10,4,9,0,5
2021-10,71,96,17,10,3,31,56,17,3,30,16,2,0,32,23,183,13,6,6,6,11,26,7,11,9,17,14,12,3,170,40,8,38,11,46,0,4,4,26,3,101,8,5,94,62,3,36,110,20,24,6,20,1,15,0,4
2021-10,72,14,4,1,0,16,10,1,1,11,0,0,0,21,1,55,16,5,3,5,6,0,6,0,1,15,8,7,0,25,9,8,12,7,11,0,0,5,11,1,50,2,14,70,65,5,17,20,3,0,8,7,1,8,0,9
2021-10,73,53,9,6,6,19,21,6,4,27,4,1,1,16,20,89,1,11,3,8,5,10,6,2,4,24,14,6,3,81,26,7,20,15,35,0,0,4,22,9,124,5,16,65,56,3,35,45,14,19,10,10,1,9,0,8
2021-10,74,5,5,3,0,8,1,0,1,3,0,0,1,11,0,44,7,4,2,4,2,0,4,0,0,12,10,13,1,34,3,1,4,4,22,0,0,1,4,1,34,2,1,18,11,1,14,22,0,2,6,3,0,1,0,0
2021-10,75,27,6,6,6,22,11,2,5,9,11,0,2,23,6,62,1,7,5,8,4,2,5,6,1,22,24,21,0,45,15,11,6,13,11,0,0,2,9,5,85,10,6,71,51,2,24,30,10,10,6,9,4,8,0,7
2021-10,76,10,1,1,0,4,8,6,12,2,0,0,0,7,3,5,4,0,0,2,2,1,0,0,0,7,0,6,1,1,5,3,3,2,6,0,0,1,0,0,26,1,3,2,1,0,1,9,0,0,1,2,0,0,0,2
2021-10,77,34,2,11,5,15,36,9,10,39,0,2,0,8,14,17,100,4,4,4,11,1,3,4,6,18,2,3,5,51,10,0,18,9,44,1,2,1,5,2,80,27,45,52,53,8,12,43,3,4,11,33,1,2,0,30
2021-11,0,3328,705,509,48,1375,1543,602,272,821,207,93,161,880,747,3644,6824,535,126,479,369,276,375,171,243,2112,413,513,199,4303,947,274,483,358,2128,28,89,277,831,437,3899,396,1726,1393,505,315,733,1391,328,470,502,241,49,186,0,1663
2021-11,1,41,11,7,0,5,23,4,1,8,0,0,0,8,2,20,62,5,5,3,4,10,4,20,1,32,2,4,4,96,11,5,7,6,10,0,2,2,1,3,33,4,39,20,2,0,1,6,0,1,9,4,0,1,0,49
2021-11,2,93,14,11,1,16,38,8,11,13,5,2,5,17,11,59,67,9,2,8,7,4,8,5,2,20,3,10,6,99,25,4,12,7,58,0,3,8,12,11,38,7,8,31,21,4,18,37,3,2,13,1,1,5,0,55
2021-11,3,12,3,6,1,5,28,8,4,18,4,4,2,5,14,10,81,6,2,3,5,17,4,3,4,6,0,2,7,39,12,4,6,1,24,0,0,3,6,7,35,3,51,13,4,3,7,12,0,1,15,1,1,1,0,72
2021-11,4,45,9,6,0,9,18,2,4,6,0,2,0,12,4,22,126,8,1,8,11,4,6,1,0,29,1,9,1,34,10,3,0,6,32,0,1,7,5,9,13,9,17,21,10,25,9,22,0,1,11,5,0,0,0,84
2021-11,5,24,3,4,0,19,18,2,4,13,1,0,23,11,8,33,158,17,0,3,7,1,2,7,2,23,3,8,1,55,7,8,7,6,33,0,0,7,2,6,24,1,23,31,13,12,10,30,3,4,12,3,0,2,0,98
2021-11,6,25,18,12,1,26,31,11,18,15,2,4,3,19,13,45,204,28,2,10,10,1,6,3,4,61,4,4,5,155,47,4,9,6,43,0,0,6,5,8,35,8,53,17,3,7,15,30,1,3,23,5,0,2,0,109
2021-11,7,21,4,8,1,27,22,7,11,6,1,0,19,6,5,36,133,24,1,10,5,3,6,7,5,21,4,6,11,79,39,3,8,13,33,0,1,3,1,19,48,2,50,13,7,3,9,26,0,3,10,7,2,3,0,90
2021-11,8,13,0,6,0,5,22,8,24,2,1,2,1,7,10,8,259,16,0,4,7,2,1,2,2,43,1,6,23,57,50,5,3,11,107,4,4,4,2,15,57,22,112,4,4,1,3,12,1,5,9,3,2,0,0,3
2021-11,9,4,1,2,1,9,1,0,0,3,0,0,0,6,1,24,0,0,2,3,0,1,2,0,0,47,5,2,1,7,1,0,5,34,3,0,0,1,1,0,35,0,9,8,5,1,9,18,1,4,2,0,0,0,0,5
2021-11,10,26,3,4,1,34,8,0,1,41,0,3,0,23,1,81,14,5,3,10,5,1,6,4,1,70,11,7,1,66,3,6,8,11,27,2,1,6,3,10,49,5,13,27,18,7,28,32,2,1,11,12,1,2,0,23
2021-11,11,39,8,5,0,15,10,2,3,10,0,0,0,9,4,43,36,8,2,1,3,0,5,1,1,44,6,0,2,57,3,4,0,5,13,0,0,1,0,11,46,3,5,11,5,4,18,29,3,2,9,2,0,0,0,45
2021-11,12,11,7,3,0,10,4,1,1,8,0,0,1,12,2,40,24,4,0,4,2,1,5,0,0,39,4,3,0,22,6,5,8,2,11,0,0,0,1,5,38,3,10,23,10,10,19,23,0,1,8,3,0,2,0,39
2021-11,13,15,5,0,0,6,1,0,2,5,2,1,1,8,3,20,33,0,1,2,2,0,3,0,0,18,3,2,4,14,6,1,1,1,7,0,0,5,2,2,48,7,25,10,6,0,11,14,0,0,3,1,0,1,0,28
2021-11,14,33,17,14,0,23,16,6,4,8,0,3,3,16,12,43,75,3,2,10,3,2,5,1,3,32,6,9,2,66,8,3,2,5,29,1,4,2,2,4,48,0,24,9,10,3,5,16,3,0,9,2,0,2,0,84
2021-11,15,77,16,29,2,48,24,11,10,26,1,3,2,5,16,87,138,5,3,16,3,8,15,2,3,59,19,12,5,116,27,12,11,13,38,1,3,4,12,15,63,8,62,25,12,4,16,48,1,7,11,3,0,2,0,70
2021-11,16,72,5,11,0,33,24,3,4,11,1,1,3,18,6,59,204,9,1,6,7,5,1,5,4,32,12,9,1,120,12,0,8,5,43,0,3,7,13,14,59,13,36,31,13,8,23,32,4,8,9,6,1,1,0,122
2021-11,17,75,27,15,0,30,7,2,0,23,2,3,1,16,8,74,23,12,4,8,1,8,4,3,3,40,4,5,1,77,10,4,5,15,51,1,6,0,5,9,43,4,32,15,13,1,20,37,1,3,6,10,0,2,0,19
2021-11,18,32,0,4,0,13,6,2,0,7,1,1,0,3,4,28,10,3,0,8,4,2,1,0,3,21,0,0,0,13,5,3,2,1,2,0,0,3,1,0,7,0,8,2,1,0,7,10,1,0,2,2,0,2,0,1
2021-11,19,87,11,30,1,77,33,8,3,22,2,2,1,38,22,130,204,14,8,15,13,11,6,7,10,79,11,12,5,129,19,6,16,10,50,0,3,6,16,8,64,12,88,16,9,2,13,39,2,6,9,9,0,3,0,17
2021-11,20,55,18,2,0,14,8,0,1,8,1,2,1,14,3,29,64,3,1,1,1,1,5,0,4,9,2,3,2,54,4,0,2,1,27,1,3,2,7,0,20,2,2,4,2,21,6,8,2,1,1,6,0,0,0,11
2021-11,21,48,10,9,0,20,11,2,2,13,0,0,0,13,6,28,184,7,1,7,2,0,10,1,6,26,6,5,1,60,13,3,6,4,32,1,1,2,4,1,28,4,10,13,8,4,6,18,1,3,7,3,0,2,0,42
2021-11,22,72,11,41,3,44,19,4,7,24,8,3,1,25,15,72,486,29,4,6,28,5,8,1,3,56,11,9,2,163,32,5,8,6,37,0,2,3,7,9,75,11,68,27,14,25,26,49,4,7,24,3,2,1,0,129
2021-11,23,71,8,4,0,37,37,14,5,14,7,6,5,12,32,92,81,4,4,19,12,1,14,2,16,46,6,9,5,97,22,5,4,2,55,0,2,7,24,5,36,4,14,13,3,6,17,21,5,10,6,5,0,1,0,22
2021-11,24,57,12,28,1,39,38,9,5,30,4,4,1,14,22,86,657,27,1,23,23,8,31,7,3,53,13,5,9,172,44,4,7,18,82,0,0,5,6,18,110,3,58,20,6,10,15,64,6,8,11,10,3,3,0,119
2021-11,25,158,18,25,3,57,68,35,9,49,11,6,14,28,55,206,35,33,13,35,8,18,11,4,7,57,13,14,4,148,33,10,18,6,39,2,0,8,40,10,147,9,55,42,19,2,19,54,14,24,12,10,5,2,0,18
2021-11,26,16,6,5,0,8,25,9,0,6,8,1,0,8,14,41,17,4,2,10,2,2,0,0,2,6,1,13,2,34,14,0,1,4,16,0,0,2,14,2,9,2,14,14,2,1,6,7,11,12,2,1,0,1,0,0
2021-11,27,56,6,5,0,13,19,8,1,4,9,1,7,4,17,35,58,7,0,10,7,0,10,0,9,34,4,4,1,77,18,0,2,2,18,0,0,3,8,6,71,12,53,12,3,2,2,9,12,0,0,0,0,4,0,3
2021-11,28,38,7,4,0,13,28,13,11,8,11,2,11,12,25,27,402,10,2,4,5,6,4,0,3,50,3,10,4,74,19,6,7,7,64,2,0,12,2,17,212,11,76,7,1,1,3,12,3,4,8,4,2,3,0,9
2021-11,29,48,10,9,1,20,39,24,1,5,17,0,1,11,45,67,48,13,0,10,8,2,4,0,8,30,1,13,5,85,15,7,4,0,24,2,2,3,13,4,74,8,44,12,5,3,2,10,11,13,7,3,0,7,0,5
2021-11,30,145,7,22,1,32,33,8,2,11,3,0,1,16,23,87,243,12,0,8,10,7,2,2,7,44,16,7,1,77,7,4,25,6,71,0,3,7,13,6,57,7,36,18,9,8,9,39,3,8,67,2,0,3,0,3
2021-11,31,37,11,3,0,18,13,1,6,13,1,0,3,13,11,36,355,3,3,0,2,10,8,24,2,42,3,9,0,61,15,3,2,4,10,0,2,8,12,5,113,5,29,0,2,2,3,5,0,4,4,1,0,0,0,6
2021-11,32,34,0,1,1,0,4,0,9,0,2,3,0,3,2,0,177,7,0,1,0,1,1,0,1,15,0,4,9,14,10,1,0,7,13,0,0,2,5,5,33,12,56,0,0,0,0,1,1,2,3,0,0,3,0,0
2021-11,33,9,0,1,1,2,5,4,7,6,1,0,0,3,4,4,27,10,0,0,0,0,0,0,0,8,0,3,0,14,3,4,2,0,7,0,0,0,1,3,45,3,29,2,6,1,1,3,0,1,6,1,4,2,0,4
2021-11,34,13,6,4,0,0,1,5,1,1,2,0,0,2,2,10,89,2,0,0,1,0,0,0,0,5,0,2,2,19,4,2,1,1,8,0,0,4,0,3,14,1,2,2,1,0,2,5,0,0,0,0,1,1,0,1
2021-11,35,12,2,3,0,5,7,2,1,4,0,0,0,2,0,8,24,1,0,1,3,0,0,1,0,2,1,2,0,2,3,0,2,5,18,0,0,2,5,3,31,6,13,3,3,0,4,2,1,0,2,1,0,2,0,4
2021-11,36,6,0,0,2,0,9,2,0,1,0,0,0,0,2,3,1,3,1,1,0,0,0,0,0,7,0,3,0,6,0,0,2,0,6,0,0,0,6,0,16,7,0,0,0,0,1,2,0,2,1,0,0,0,0,2
2021-11,37,9,1,0,0,2,5,3,3,3,0,0,0,0,1,10,6,1,0,1,1,0,0,0,0,4,3,1,0,13,2,1,0,0,4,0,0,0,3,0,13,0,2,4,1,2,0,3,1,0,0,1,0,0,0,0
2021-11,38,29,8,1,0,8,42,20,0,2,5,0,0,4,10,20,15,5,0,11,4,2,3,0,0,4,6,8,1,42,16,1,5,1,53,0,0,0,12,6,32,10,16,14,6,2,1,7,2,0,2,2,0,0,0,2
2021-11,39,11,3,3,2,6,24,9,0,0,0,1,2,8,3,8,4,2,1,1,1,0,2,2,3,9,2,4,2,22,6,0,0,0,11,0,0,0,14,5,24,1,7,10,2,0,1,2,1,2,5,2,0,0,0,4
2021-11,40,22,4,0,0,4,20,10,1,1,4,1,4,3,5,7,10,0,0,3,1,0,1,0,0,5,0,11,0,15,2,1,0,3,15,0,0,2,9,1,48,1,7,4,1,8,1,6,0,0,1,1,0,0,0,0
2021-11,41,13,3,1,0,2,13,5,2,2,0,3,1,15,1,5,3,3,0,2,3,3,1,0,1,15,3,2,6,15,3,5,2,5,24,0,0,3,6,9,37,2,12,21,4,1,2,9,1,2,12,6,0,0,0,8
2021-11,42,25,3,2,0,19,29,28,1,6,4,1,0,2,6,26,11,3,2,3,11,2,6,1,1,11,2,4,0,22,11,3,7,1,22,1,1,2,24,1,76,5,10,21,4,2,3,9,5,6,0,2,1,3,0,2
2021-11,43,89,12,7,3,13,108,62,3,24,2,2,0,20,12,48,4,10,2,11,5,14,8,6,5,17,10,18,7,59,27,6,10,1,21,1,2,4,42,3,76,4,15,36,6,7,12,19,13,25,6,3,3,12,0,3
2021-11,44,60,19,6,0,20,41,23,6,19,0,1,1,20,16,73,5,7,2,10,17,8,9,2,4,17,15,10,3,36,16,3,8,3,27,0,3,5,24,12,87,8,2,37,11,1,15,12,20,14,6,6,1,3,0,5
2021-11,45,30,3,1,1,11,6,2,0,2,0,1,1,15,10,33,11,3,0,3,7,1,1,0,2,13,2,1,2,10,3,1,9,2,6,1,1,2,2,2,13,8,11,14,5,1,3,12,0,5,0,1,0,5,0,6
2021-11,46,53,14,4,0,24,41,12,2,5,9,0,4,20,9,59,20,5,1,6,6,2,8,1,5,18,10,19,1,33,17,2,10,2,15,0,2,2,27,3,92,6,13,53,7,2,5,22,9,6,9,8,0,3,0,7
2021-11,47,8,0,0,0,1,2,0,0,2,0,2,0,1,2,6,0,0,0,1,0,0,1,0,0,2,2,0,0,7,0,0,1,1,2,0,0,1,2,0,3,1,1,6,0,0,1,0,0,3,1,1,0,0,0,1
2021-11,48,33,13,1,1,17,5,2,0,8,1,0,0,8,6,32,1,3,4,4,3,6,2,0,2,16,8,1,1,18,4,0,5,0,21,0,3,1,12,1,57,4,8,36,9,2,14,16,4,6,6,2,0,2,0,6
2021-11,49,74,27,4,4,36,33,21,6,5,11,0,2,30,37,124,17,10,2,5,4,6,10,0,12,32,20,14,3,169,12,9,8,13,23,1,2,6,32,8,89,11,29,48,15,2,17,31,25,20,3,0,4,5,0,9
2021-11,50,12,5,1,0,7,5,2,2,2,0,0,0,2,2,17,2,2,0,1,0,1,2,0,1,6,3,2,0,7,2,1,2,2,7,0,1,1,7,3,9,0,0,10,1,0,2,3,0,4,0,1,0,7,0,2
2021-11,51,27,5,2,0,11,11,6,1,0,0,0,2,15,2,38,1,3,0,6,0,0,1,2,3,8,8,7,1,13,8,5,4,1,12,0,0,5,9,6,58,4,11,26,7,3,4,6,6,8,0,1,0,0,0,1
2021-11,52,72,13,0,1,30,5,1,0,2,0,1,0,4,1,27,26,5,4,2,1,3,3,3,2,27,5,6,1,10,6,2,1,7,8,0,0,1,6,2,100,2,10,18,5,0,6,12,2,2,5,4,0,3,0,2
2021-11,53,36,29,3,2,33,38,14,3,2,5,1,7,18,14,86,4,8,2,7,3,3,11,0,4,21,20,9,1,129,33,5,10,3,10,0,0,2,30,8,79,3,20,56,15,0,30,36,17,28,2,1,0,4,0,5
2021-11,54,9,0,0,0,0,5,1,0,1,0,0,9,1,0,1,0,1,0,0,0,0,1,0,4,9,0,2,0,2,2,1,1,0,0,0,0,0,6,1,15,0,1,3,2,0,0,0,0,1,0,1,0,2,0,0
2021-11,55,14,5,4,0,12,3,0,0,6,0,0,0,4,1,26,8,3,0,3,1,1,3,1,3,23,1,2,0,1,5,1,2,5,12,0,0,1,2,3,11,0,7,2,3,2,5,8,1,2,1,0,0,0,0,1
2021-11,56,72,23,12,1,23,9,2,7,13,2,0,0,14,7,58,99,5,1,9,5,1,4,1,4,28,5,6,5,85,12,6,15,7,45,0,2,3,8,5,57,10,6,13,7,0,20,20,1,5,8,6,1,2,0,3
2021-11,57,38,1,1,0,7,4,0,1,9,3,1,0,3,9,18,130,0,1,3,3,0,6,0,4,7,1,3,1,32,4,2,5,2,32,1,2,4,2,8,15,2,6,2,1,0,5,4,0,2,2,1,2,0,0,1
2021-11,58,74,7,11,1,25,12,0,6,10,0,0,0,11,8,50,340,5,0,4,7,2,6,1,5,10,9,10,1,37,16,3,5,0,56,0,0,12,13,2,29,8,15,13,4,5,5,10,1,12,8,3,0,2,0,7
2021-11,59,11,2,1,0,14,2,1,3,10,1,1,1,10,3,23,279,2,0,1,2,1,1,7,2,6,1,7,2,18,0,0,2,1,25,1,1,3,4,4,18,5,28,9,4,29,8,13,1,2,3,1,0,4,0,6
2021-11,60,41,14,3,0,20,18,5,3,4,1,0,1,14,0,46,121,7,1,3,8,2,7,0,3,22,2,9,3,94,8,0,1,4,57,0,2,4,3,6,26,2,12,4,9,0,5,16,4,1,4,0,0,2,0,11
2021-11,61,142,4,9,1,24,34,10,11,9,1,3,0,16,11,69,122,5,1,9,3,2,10,3,5,26,4,6,1,90,9,3,8,2,43,1,0,6,31,2,81,6,30,30,16,2,11,19,7,11,1,3,0,3,0,4
2021-11,62,27,16,3,0,8,2,1,1,23,2,0,0,1,0,23,68,2,0,1,2,5,0,0,2,26,5,0,0,20,3,2,3,1,1,0,0,0,0,1,33,2,1,1,3,0,3,7,0,0,3,2,0,0,0,0
2021-11,63,66,5,8,0,18,17,3,3,9,1,0,0,16,3,60,206,5,3,10,2,3,2,0,9,17,5,5,3,34,12,1,6,2,44,0,2,1,12,4,54,1,18,12,2,1,13,15,0,5,1,0,2,3,0,0
2021-11,64,34,21,3,0,14,8,4,1,15,0,0,0,9,2,48,18,1,3,2,1,2,3,1,1,27,1,1,2,134,3,1,8,3,12,0,0,3,6,4,48,2,16,6,2,4,14,11,2,1,1,2,1,0,0,2
2021-11,65,51,11,7,3,23,19,4,1,15,0,0,0,11,2,40,84,1,2,2,3,5,0,1,4,89,0,1,3,39,2,2,8,2,28,0,3,5,9,2,68,4,17,7,1,1,19,8,0,1,4,6,0,4,0,1
2021-11,66,95,11,14,0,32,51,37,7,36,6,3,1,21,20,103,131,5,6,16,8,12,8,0,5,59,4,13,2,73,16,2,6,5,28,0,0,11,21,5,49,7,7,28,4,0,13,21,6,16,3,2,1,4,0,10
2021-11,67,77,15,2,0,28,30,10,7,11,6,2,0,14,22,111,19,6,1,12,5,4,5,1,5,19,0,20,2,125,23,2,6,1,49,0,3,5,25,8,93,12,15,29,6,2,9,15,27,21,8,6,1,12,0,3
2021-11,68,36,14,7,1,16,48,22,0,5,10,1,1,11,20,65,24,2,1,7,10,11,4,0,2,44,14,18,1,97,22,3,10,3,35,0,4,11,29,12,96,3,6,34,12,2,8,12,19,21,3,0,0,4,0,4
2021-11,69,67,10,9,0,14,40,21,4,14,8,3,0,28,29,71,10,9,4,9,3,12,7,3,3,24,3,14,4,48,14,6,9,8,45,1,0,4,31,8,94,7,10,32,12,3,12,21,8,34,2,5,2,11,0,4
2021-11,70,44,18,8,2,17,10,2,3,27,7,0,4,20,5,86,63,11,0,9,3,2,9,0,3,66,6,3,3,39,10,12,7,5,44,0,0,5,26,6,66,2,16,34,5,1,12,19,3,7,3,5,2,3,0,7
2021-11,71,76,34,16,0,38,36,17,0,25,5,1,3,27,25,197,12,14,5,11,3,4,10,4,2,24,6,9,2,110,26,8,40,5,43,0,2,3,32,11,44,5,13,36,19,1,21,63,13,23,13,7,0,2,0,4
2021-11,72,15,3,3,0,11,6,1,0,11,0,1,1,8,2,46,26,4,0,5,1,1,6,0,5,30,3,8,0,10,6,12,11,7,17,0,1,3,8,2,34,3,26,43,7,9,24,18,1,2,6,5,0,3,0,33
2021-11,73,40,13,3,3,23,16,5,0,7,2,1,2,14,7,80,3,12,2,3,6,2,6,3,3,35,16,11,3,57,6,10,15,10,33,3,1,1,25,7,67,8,10,31,8,1,18,30,19,9,4,2,0,6,0,1
2021-11,74,5,4,1,0,7,2,1,3,7,0,0,0,1,0,43,1,1,1,4,3,0,1,0,1,27,9,2,2,14,3,4,5,2,4,0,2,2,2,2,19,0,13,14,1,2,6,17,1,0,1,3,0,1,0,6
2021-11,75,24,13,0,0,13,10,2,2,16,2,1,2,7,2,53,1,3,2,4,3,11,5,5,2,25,19,10,0,21,10,10,11,4,13,0,1,3,16,8,70,8,20,66,12,7,16,33,7,9,8,3,1,5,0,13
2021-11,76,4,0,0,0,3,7,1,4,2,0,1,1,6,1,5,2,0,0,2,5,0,1,0,1,14,1,4,3,1,2,1,2,1,4,0,0,3,1,0,6,3,2,1,3,0,0,3,0,2,0,0,0,0,0,0
2021-11,77,43,5,5,0,9,28,7,2,9,1,1,1,9,7,10,118,10,1,5,4,0,3,10,1,24,0,7,0,44,8,3,4,2,36,0,2,2,1,3,39,8,33,13,13,29,6,21,1,1,15,7,2,0,0,88
2021-12,0,3444,572,456,56,1347,1402,576,389,864,193,127,183,740,795,3421,5887,428,168,1130,350,274,345,178,253,1776,557,388,231,3475,831,198,464,314,1804,44,61,334,834,358,3205,528,1689,1147,1090,209,718,829,344,467,350,378,41,205,0,1119
2021-12,1,36,3,3,0,7,31,13,5,10,3,2,1,9,4,12,44,3,3,3,5,3,4,0,5,22,3,7,10,90,11,1,2,2,43,1,0,3,6,3,4,11,29,9,8,0,4,8,3,4,6,6,2,5,0,30
2021-12,2,112,9,2,3,22,43,17,6,21,0,2,6,22,9,47,71,4,4,9,4,3,13,3,8,26,9,3,2,94,18,3,12,7,30,0,2,7,8,7,42,0,17,30,34,3,20,14,2,8,9,13,0,4,0,29
2021-12,3,31,1,2,1,6,32,10,3,9,5,5,4,7,14,11,62,9,2,11,3,4,4,1,3,25,0,2,3,32,14,1,7,7,21,0,2,3,3,9,51,4,33,6,13,0,3,8,1,3,6,9,0,1,0,50
2021-12,4,44,2,1,0,14,9,2,3,11,1,0,5,14,2,27,85,9,1,6,10,0,1,2,0,12,4,2,1,43,9,3,5,7,17,0,1,1,7,16,37,20,17,23,20,2,7,13,0,3,4,8,1,0,0,64
2021-12,5,24,1,6,2,25,17,1,2,3,0,0,6,11,7,38,101,12,2,8,8,0,0,2,0,14,4,5,2,46,4,5,5,9,24,1,1,7,1,8,29,3,26,27,16,5,7,16,0,1,3,10,0,3,0,65
2021-12,6,38,9,9,2,30,20,3,27,15,0,4,1,8,16,34,158,28,2,27,6,5,7,5,2,90,6,7,19,133,38,3,8,6,40,5,0,2,4,8,40,3,74,20,27,2,15,41,4,8,27,27,0,2,0,89
2021-12,7,30,2,11,0,22,7,2,9,20,1,2,2,9,12,30,130,20,2,17,10,1,8,6,1,36,10,4,7,67,28,3,12,5,25,0,0,7,4,24,60,18,46,14,11,8,1,9,1,5,11,21,2,6,0,74
2021-12,8,18,2,0,2,5,17,6,42,8,3,5,0,6,5,6,183,15,0,13,4,0,1,1,2,27,5,8,22,28,32,2,7,7,38,1,1,10,2,23,45,24,57,2,7,0,4,8,3,1,11,2,0,1,0,4
2021-12,9,11,6,1,0,8,0,0,4,22,0,0,0,3,1,17,1,1,0,4,3,0,0,0,0,25,4,0,0,8,1,1,1,33,4,0,0,5,1,0,9,1,4,9,12,2,10,7,2,0,4,2,1,1,0,2
2021-12,10,32,6,3,1,17,9,1,3,81,0,1,0,14,2,64,10,2,2,10,7,16,5,23,9,61,12,7,2,52,3,8,6,5,26,0,1,7,5,5,53,12,5,36,31,4,30,21,0,2,11,14,1,2,0,8
2021-12,11,31,1,4,0,20,8,1,2,9,0,0,1,3,2,38,28,10,3,10,2,0,8,0,1,25,2,0,2,40,5,3,6,4,28,1,0,2,1,6,17,4,36,17,6,0,5,9,1,1,8,5,0,3,0,16
2021-12,12,12,4,19,0,13,2,0,4,7,0,0,6,9,3,25,14,2,0,14,0,0,14,1,1,49,8,0,1,21,9,2,14,7,9,0,0,2,1,2,26,5,16,14,23,1,13,15,0,1,5,2,0,1,0,27
2021-12,13,35,4,2,0,7,2,3,0,8,0,0,1,12,3,14,8,1,0,9,2,0,1,0,1,20,3,1,0,10,3,3,2,3,14,0,0,2,2,2,10,3,18,5,7,0,6,4,0,0,3,2,0,1,0,13
2021-12,14,42,10,10,3,24,16,5,8,6,1,0,0,8,10,45,42,6,2,9,0,2,1,0,0,28,8,2,0,49,12,4,6,3,21,0,1,7,6,3,34,2,17,20,20,4,12,8,1,0,5,2,0,2,0,49
2021-12,15,92,13,11,1,43,30,3,8,18,3,1,2,16,13,112,116,10,5,23,9,1,17,5,11,59,12,4,4,98,23,9,8,10,27,1,3,5,8,5,117,12,23,46,42,8,31,16,3,2,10,11,0,2,0,58
2021-12,16,100,16,7,1,22,11,7,8,29,1,1,3,16,12,47,107,5,4,18,4,4,4,7,3,39,13,3,3,100,15,1,13,8,32,1,5,8,3,5,82,5,25,30,29,4,18,16,1,3,12,10,2,1,0,52
2021-12,17,81,13,7,1,31,8,2,7,27,1,0,1,14,6,92,19,6,17,12,4,14,2,6,1,35,9,5,1,38,8,3,4,7,10,0,0,1,3,2,57,19,21,22,23,2,17,11,2,1,6,6,0,2,0,11
2021-12,18,19,4,0,1,15,4,0,2,9,0,0,0,3,6,24,6,9,3,13,1,3,0,2,1,17,2,2,0,13,3,1,2,1,1,0,0,0,4,0,6,1,2,5,2,0,4,3,0,0,0,3,1,0,0,3
2021-12,19,110,17,14,0,49,16,4,11,16,1,2,1,16,16,103,162,6,5,36,17,4,10,3,5,45,7,5,1,93,15,6,10,8,22,1,0,4,13,3,81,25,35,21,24,1,20,21,2,4,2,21,1,1,0,7
2021-12,20,34,5,8,0,10,5,3,1,6,0,4,2,11,6,23,59,1,1,8,1,0,1,0,1,17,8,4,0,32,10,2,4,4,14,1,0,1,3,1,26,0,6,6,8,0,3,8,1,2,1,5,0,1,0,6
2021-12,21,60,9,10,2,24,11,4,4,14,1,2,3,10,7,43,112,5,0,7,5,1,4,5,6,13,5,3,5,75,6,2,3,4,46,1,1,2,6,6,64,4,15,12,11,11,6,10,1,1,8,4,1,3,0,29
2021-12,22,65,14,24,1,47,32,7,10,17,8,1,0,23,15,86,454,15,3,21,17,2,12,2,5,44,15,3,9,102,20,6,5,8,34,3,1,6,13,7,85,10,45,24,16,37,17,11,3,5,22,8,0,2,0,89
2021-12,23,69,4,34,1,31,29,16,8,3,7,3,1,5,25,101,103,11,4,66,9,6,4,1,18,33,0,11,1,74,23,0,14,0,35,1,3,14,11,4,37,2,19,16,16,3,12,7,5,2,6,5,2,0,0,11
2021-12,24,67,10,22,0,53,26,13,9,27,5,5,1,23,29,73,420,15,3,51,13,3,38,2,5,37,29,4,11,152,35,4,11,11,55,2,3,16,11,11,53,8,69,10,11,5,6,16,4,10,21,17,3,1,0,98
2021-12,25,200,10,19,0,51,61,22,9,23,16,2,8,27,68,150,45,21,20,48,15,6,18,9,12,47,12,32,4,135,44,6,19,8,69,2,2,15,51,6,38,19,22,30,30,1,20,14,5,31,5,15,0,22,0,9
2021-12,26,16,2,3,0,10,33,4,2,7,8,3,1,8,13,41,11,0,1,19,1,1,2,1,0,11,3,4,1,14,10,3,0,0,6,0,0,6,6,4,21,3,6,10,8,0,5,2,16,7,1,2,0,3,0,2
2021-12,27,42,4,1,0,20,21,13,2,8,5,3,7,7,27,64,40,10,3,17,1,0,2,0,2,25,12,11,1,49,8,2,3,1,11,2,1,0,11,6,62,5,22,7,9,9,3,3,6,5,3,7,1,0,0,3
2021-12,28,43,14,4,1,16,15,11,21,6,6,2,10,7,21,30,350,8,4,21,7,2,3,6,2,28,8,6,12,53,19,1,12,9,48,0,0,13,8,19,110,19,133,5,13,6,10,5,3,6,6,7,1,5,0,8
2021-12,29,42,9,7,0,17,45,16,1,16,16,1,5,6,25,87,28,5,0,25,11,3,3,1,3,18,8,5,0,40,14,1,3,2,25,0,0,7,22,6,39,11,28,15,14,41,11,3,12,19,1,2,0,3,0,1
2021-12,30,88,7,19,0,25,30,4,9,10,1,0,0,6,9,89,365,6,1,30,6,3,6,0,9,38,13,12,3,82,13,3,14,2,41,0,0,10,21,1,58,3,32,14,13,3,8,12,5,9,11,4,0,4,0,10
2021-12,31,33,12,3,0,18,13,7,7,7,3,2,10,10,10,36,439,5,3,14,7,1,2,2,7,33,8,3,2,36,16,3,3,6,28,0,1,4,6,3,112,5,23,3,3,1,4,9,3,3,8,4,0,1,0,6
2021-12,32,17,0,0,1,0,6,0,7,6,2,3,1,1,4,1,198,16,0,1,2,3,2,1,1,13,0,4,11,16,14,1,2,6,17,0,4,5,4,6,45,14,38,0,0,1,0,0,0,2,2,2,0,0,0,0
2021-12,33,7,0,1,0,1,4,3,2,1,0,3,0,3,1,7,25,0,0,3,0,0,1,0,1,10,2,1,4,8,5,1,1,1,4,0,0,2,1,2,27,11,15,2,3,0,3,1,0,1,0,1,0,0,0,3
2021-12,34,4,0,1,0,2,4,1,1,0,0,1,0,0,4,7,50,3,0,3,0,0,0,0,0,5,2,0,2,13,4,1,0,0,13,0,0,1,2,2,13,6,16,3,2,0,2,2,0,1,0,0,0,1,0,0
2021-12,35,10,3,1,0,6,10,6,2,0,1,0,2,1,5,7,7,2,0,7,0,0,1,0,0,4,1,1,3,7,5,0,2,0,9,0,0,1,4,0,17,2,19,4,4,0,2,2,0,0,4,1,2,2,0,0
2021-12,36,7,0,0,0,3,5,1,1,2,0,0,2,3,2,4,0,1,0,2,0,0,0,1,0,1,0,0,0,2,0,0,0,0,3,0,0,0,0,0,8,3,2,0,2,1,0,2,0,0,0,0,0,0,0,0
2021-12,37,9,1,0,0,1,1,2,0,1,0,0,0,3,5,4,2,1,0,2,2,0,0,0,0,16,3,0,0,18,2,1,3,0,5,0,0,1,5,1,12,2,6,2,5,2,4,1,2,2,0,0,0,0,0,0
2021-12,38,21,16,1,0,10,31,20,1,3,10,2,3,9,17,36,8,3,0,13,6,1,1,2,2,3,5,2,2,29,10,1,3,0,17,0,0,3,8,5,49,13,37,3,7,0,2,3,9,3,3,1,0,2,0,2
2021-12,39,21,1,1,0,9,20,14,4,1,0,1,0,5,4,13,4,2,0,6,0,1,1,0,0,2,0,2,1,16,4,3,3,2,5,0,0,1,11,0,24,5,12,2,3,0,1,3,1,0,0,2,0,0,0,2
2021-12,40,12,4,0,2,2,22,8,0,2,6,0,0,10,6,6,6,0,0,1,0,0,2,0,0,4,0,2,0,11,5,1,3,0,30,0,1,2,12,1,40,0,13,15,2,0,1,1,3,3,1,2,0,2,0,1
2021-12,41,20,2,0,3,4,13,7,3,4,0,0,2,2,4,9,26,3,0,2,1,2,4,0,3,8,0,1,4,12,0,4,2,1,14,3,0,2,8,5,17,4,58,10,4,3,1,4,1,1,8,6,0,0,0,9
2021-12,42,27,8,0,1,18,16,21,3,3,2,3,0,8,3,33,2,5,1,5,3,1,5,2,1,10,5,7,3,17,13,2,2,1,28,1,0,0,12,3,12,1,21,19,2,0,2,7,6,8,1,2,0,1,0,4
2021-12,43,80,20,8,2,22,83,69,7,20,0,4,1,29,26,36,1,6,3,27,3,7,8,0,6,19,8,18,8,27,29,3,6,0,37,1,0,14,29,11,37,7,20,16,19,2,13,5,6,16,1,5,0,8,0,5
2021-12,44,62,15,2,3,19,37,22,6,17,6,2,9,12,16,62,4,10,2,26,7,7,3,0,2,20,14,9,7,22,8,2,6,3,12,0,0,3,33,7,31,5,8,16,28,0,15,13,13,19,3,8,2,4,0,3
2021-12,45,37,5,0,0,8,5,0,0,3,1,1,0,6,2,26,5,4,0,13,3,1,0,9,0,7,6,0,1,7,4,3,2,2,8,0,0,4,4,3,15,11,6,6,15,0,5,5,4,3,2,0,0,1,0,4
2021-12,46,59,11,0,0,18,36,15,1,7,12,2,0,18,20,58,33,0,2,16,15,7,8,13,1,16,12,13,0,22,11,1,5,7,18,0,3,0,27,3,22,1,16,24,19,0,8,10,17,16,3,6,1,3,0,6
2021-12,47,5,5,0,0,4,5,0,1,4,0,0,0,1,1,11,0,1,0,7,4,1,1,0,0,0,6,1,0,3,3,0,2,0,2,0,1,0,2,0,3,3,1,4,4,0,0,0,2,0,0,3,0,2,0,0
2021-12,48,49,5,0,1,17,11,1,1,5,0,1,0,9,7,39,4,1,3,14,1,4,0,10,1,9,5,3,1,14,4,0,2,3,0,0,2,10,13,0,31,12,7,19,26,0,7,8,4,6,4,0,0,2,0,2
2021-12,49,64,19,10,1,26,35,19,0,14,9,5,7,21,34,87,14,7,3,27,10,6,6,0,5,9,23,12,4,109,10,4,16,11,13,1,0,7,32,9,110,5,18,57,36,1,27,17,25,26,4,6,1,12,0,9
2021-12,50,12,3,0,2,5,4,0,1,0,1,0,0,1,5,10,0,1,0,5,0,0,0,0,0,6,3,2,1,7,1,0,5,1,0,0,0,0,1,0,21,3,5,2,3,0,1,0,5,2,0,0,0,3,0,3
2021-12,51,14,5,1,0,16,9,5,2,6,1,2,0,2,3,27,16,3,0,21,1,3,0,5,2,23,17,4,4,9,8,2,3,0,5,0,0,2,21,8,36,1,47,20,7,0,7,5,1,11,2,1,0,2,0,0
2021-12,52,100,19,1,0,26,11,1,1,12,1,0,0,2,7,30,34,1,1,4,4,1,7,2,9,40,5,2,0,7,9,2,7,1,20,0,0,2,7,1,79,2,5,8,12,0,12,12,2,4,4,0,0,0,0,1
2021-12,53,31,11,2,1,17,45,8,5,15,4,2,2,21,16,78,4,5,1,23,3,8,6,0,4,11,33,8,0,71,14,1,7,5,11,0,0,2,26,5,37,9,33,43,28,1,25,11,17,15,3,2,2,8,0,4
2021-12,54,4,0,0,0,0,1,4,0,4,0,0,1,2,6,3,2,0,0,0,0,2,1,0,0,0,0,2,1,0,3,1,0,0,0,0,0,0,2,0,8,3,5,1,1,0,1,0,1,1,0,1,0,1,0,0
2021-12,55,13,3,2,0,15,5,0,0,8,0,0,0,3,0,13,7,1,0,4,1,5,3,3,2,26,4,1,0,1,0,2,1,1,9,0,1,1,8,0,25,2,0,5,3,0,1,2,0,1,0,3,0,0,0,0
2021-12,56,56,15,4,1,22,13,2,9,24,1,2,0,12,4,48,80,1,2,6,9,1,2,4,6,20,3,2,1,77,8,0,32,4,26,0,3,9,7,4,85,4,35,12,20,2,19,14,3,6,3,9,1,2,0,2
2021-12,57,36,1,0,0,6,3,0,0,4,0,0,0,10,2,17,220,0,0,3,2,0,0,0,1,10,1,1,2,11,2,1,3,1,12,0,2,4,2,0,7,3,20,3,6,0,0,1,0,0,3,0,0,1,0,0
2021-12,58,89,5,58,0,24,16,3,6,8,0,3,0,6,4,45,270,0,1,11,1,2,4,0,4,12,5,10,1,125,13,1,2,0,48,5,2,16,10,1,39,5,20,12,9,0,10,7,1,3,3,2,0,1,0,2
2021-12,59,24,4,1,0,12,7,1,1,1,1,1,1,4,2,27,292,4,0,6,1,0,0,0,0,16,1,5,1,5,2,1,3,1,18,1,0,2,7,0,7,5,17,3,6,16,13,7,2,1,0,1,0,4,0,4
2021-12,60,48,14,7,0,19,15,2,7,4,1,2,2,2,10,28,87,3,2,4,12,1,2,2,3,43,5,1,2,118,8,0,3,2,25,0,0,4,3,8,48,9,20,5,8,1,7,15,2,1,2,0,0,1,0,7
2021-12,61,82,6,12,0,14,27,12,4,11,6,4,0,11,13,78,168,7,1,19,6,3,7,4,10,21,4,8,3,63,11,3,6,4,68,0,0,10,22,7,43,3,25,16,25,0,6,40,9,9,0,1,0,0,0,0
2021-12,62,32,11,2,0,7,4,1,2,7,0,0,0,4,0,32,70,0,0,3,2,0,3,0,5,8,1,3,0,32,2,0,5,3,17,0,1,1,2,1,14,3,3,1,4,0,2,3,0,3,4,0,1,0,0,0
2021-12,63,73,3,26,1,22,8,3,7,7,0,2,0,8,8,46,177,2,0,10,1,5,7,1,11,48,4,4,3,62,9,8,9,2,53,1,2,7,24,5,44,4,10,19,12,0,11,10,0,15,1,2,1,5,0,1
2021-12,64,40,6,2,1,19,9,2,3,12,0,0,0,6,2,47,13,3,5,1,1,3,1,0,5,10,0,3,3,155,5,6,7,1,20,0,0,3,2,1,81,8,39,6,10,3,11,5,0,3,1,3,2,1,0,2
2021-12,65,74,13,5,1,14,9,1,5,18,0,0,0,7,3,52,41,5,4,3,0,4,4,1,6,17,0,4,3,44,5,1,8,4,21,1,0,0,13,1,46,7,2,8,5,1,3,3,0,5,2,6,0,1,0,1
2021-12,66,81,12,6,2,37,45,19,5,24,1,1,2,26,22,86,74,12,6,46,7,1,14,2,12,24,13,14,0,65,19,9,5,3,30,0,2,8,40,4,48,8,17,22,12,0,11,5,4,16,4,7,2,5,0,2
2021-12,67,76,14,2,0,29,29,3,2,13,7,2,1,15,25,97,7,1,8,47,3,4,8,0,6,20,4,6,2,67,18,6,5,3,75,0,1,0,21,1,47,2,9,35,35,1,16,13,22,19,1,0,0,4,0,5
2021-12,68,25,3,1,3,21,31,22,3,10,11,0,9,23,27,65,12,3,0,19,12,3,2,0,6,5,6,16,0,59,17,3,4,1,27,0,2,8,18,6,87,9,23,31,25,0,24,18,26,14,5,0,0,6,0,0
2021-12,69,69,13,3,0,17,47,32,10,11,5,8,1,9,19,63,7,13,3,23,8,1,7,1,3,9,3,10,4,29,17,1,10,7,38,0,2,1,44,8,22,11,18,24,19,0,8,6,23,20,1,6,1,10,0,5
2021-12,70,75,21,5,3,23,12,4,3,25,2,2,38,13,9,89,23,5,3,22,1,3,2,2,3,86,10,6,2,60,4,13,2,3,18,0,0,1,20,4,59,11,14,17,22,1,15,124,2,8,7,6,1,10,0,3
2021-12,71,79,20,7,2,30,41,16,5,18,4,2,3,18,22,177,15,7,5,53,8,11,10,7,4,25,16,11,4,52,21,3,30,7,27,2,3,2,33,5,132,13,33,28,35,2,12,34,15,29,4,5,2,3,0,4
2021-12,72,16,4,4,0,13,1,3,0,5,0,2,1,10,2,31,10,3,3,4,0,3,5,1,2,36,10,7,2,11,4,4,2,2,8,0,0,2,8,3,33,10,7,39,19,3,19,6,1,3,4,0,1,2,0,21
2021-12,73,54,12,2,0,28,19,7,2,16,0,5,1,11,15,75,2,12,6,8,4,62,2,2,0,33,27,5,1,39,13,3,7,12,28,1,0,2,18,5,44,9,4,20,22,0,25,25,14,7,2,6,1,4,0,3
2021-12,74,4,3,1,0,12,7,0,1,3,0,0,1,13,0,32,3,1,0,11,7,0,1,2,1,27,24,1,1,7,1,1,3,3,15,1,0,3,0,0,16,3,8,12,12,1,13,11,1,1,2,5,0,0,0,4
2021-12,75,23,6,2,1,15,10,6,5,22,1,2,1,5,4,46,0,2,2,9,1,13,3,2,0,24,22,10,1,17,6,1,9,3,12,1,0,6,15,8,37,6,8,26,19,1,14,8,10,9,8,4,0,4,0,7
2021-12,76,6,1,1,0,4,5,0,7,0,1,0,2,0,1,7,4,0,0,1,1,0,0,0,0,6,1,0,0,0,1,0,2,0,0,0,0,3,1,0,8,2,5,1,1,0,1,1,0,2,0,0,0,0,0,0
2021-12,77,40,6,8,1,8,22,10,16,10,0,4,2,12,5,17,87,8,1,10,5,6,6,3,1,15,1,1,9,30,10,2,3,9,94,1,0,2,1,9,34,7,23,18,22,3,6,11,0,5,12,9,1,4,0,65
2022-01,0,3562,388,121,38,1405,1671,944,579,1718,84,103,204,480,528,2790,7339,319,151,628,293,934,301,192,424,2552,820,393,234,2303,724,182,236,433,1670,39,97,348,830,113,2264,388,1621,279,195,208,453,103,342,391,454,289,58,228,0,125
2022-01,1,41,1,2,1,7,40,18,4,17,0,0,1,0,5,12,138,6,1,0,9,6,3,1,5,21,3,7,3,59,12,3,3,5,19,0,0,2,7,1,29,1,19,2,3,2,3,1,0,2,3,6,0,4,0,2
2022-01,2,111,6,6,1,22,34,16,16,48,3,4,15,8,11,32,99,8,0,9,5,22,4,2,6,18,5,2,2,33,9,2,1,17,21,0,0,2,9,0,24,2,52,6,6,9,17,8,0,3,3,6,1,2,0,2
2022-01,3,55,6,4,1,2,43,16,10,13,1,1,8,2,14,7,161,6,1,2,1,9,6,1,3,20,2,3,6,38,7,0,1,6,33,1,0,6,5,1,9,7,21,5,4,6,3,1,0,2,8,2,0,2,0,7
2022-01,4,32,1,1,1,21,12,10,2,24,0,3,1,2,2,24,121,10,1,4,7,4,6,7,0,36,4,7,2,21,9,3,1,4,17,0,0,2,8,1,19,18,22,8,6,7,15,1,0,1,13,10,0,1,0,6
2022-01,5,23,2,2,1,32,4,0,12,16,0,1,1,3,7,29,119,9,0,5,3,6,0,2,0,29,9,2,0,31,7,1,6,16,13,0,0,1,0,0,15,4,17,3,1,1,6,3,3,0,8,3,0,2,0,9
2022-01,6,25,4,8,0,30,39,16,33,17,0,3,3,5,10,39,244,12,2,14,4,4,5,17,7,58,10,3,11,73,16,3,6,10,40,0,0,2,5,3,44,9,59,5,6,12,7,4,1,3,59,0,2,0,0,15
2022-01,7,25,2,2,0,31,20,9,17,24,0,1,3,6,3,27,114,16,2,14,2,5,5,7,2,38,7,1,9,58,28,2,4,8,41,0,0,7,13,3,60,7,48,4,6,1,4,1,2,2,20,4,1,6,0,11
2022-01,8,22,1,1,0,5,26,24,63,16,2,5,7,2,8,11,128,14,0,4,11,2,5,0,1,87,1,3,18,23,23,4,3,2,45,1,2,11,3,2,71,19,103,0,1,0,1,1,1,7,15,3,0,1,0,2
2022-01,9,9,3,0,0,7,2,0,2,15,0,0,0,2,0,14,1,2,1,1,4,1,0,0,0,9,12,0,2,3,0,0,2,8,8,0,0,2,0,0,13,1,3,2,1,3,6,2,0,0,7,3,1,0,0,0
2022-01,10,40,9,1,3,41,6,2,9,62,1,1,2,10,0,56,17,5,2,22,4,18,4,3,2,37,24,2,0,30,3,8,5,3,18,1,1,4,4,2,19,5,15,6,5,6,8,15,5,0,11,6,1,1,0,0
2022-01,11,28,5,1,0,23,7,1,3,28,0,1,1,3,4,44,37,5,0,12,1,2,1,3,1,65,11,3,2,26,4,3,1,7,10,0,0,3,5,1,14,3,15,5,4,4,9,0,1,0,5,10,1,3,0,2
2022-01,12,19,2,1,2,11,8,0,1,23,0,1,1,2,0,25,32,0,1,1,2,1,2,4,0,18,5,7,3,7,4,2,4,3,28,0,0,3,3,0,20,8,6,9,5,4,9,0,0,0,8,2,1,1,0,0
2022-01,13,15,1,1,1,8,5,1,4,20,1,0,4,4,5,14,7,1,0,2,0,2,2,0,1,25,4,0,0,8,2,0,0,2,13,0,0,1,0,1,2,0,6,4,7,1,6,1,1,1,4,3,2,1,0,0
2022-01,14,63,3,1,0,23,10,5,12,17,0,0,0,6,8,45,92,3,1,12,2,12,1,0,5,25,5,3,4,36,9,1,0,6,16,0,3,8,5,1,12,2,15,1,2,1,3,1,2,1,10,2,0,0,0,3
2022-01,15,144,11,3,0,51,26,7,16,52,3,2,1,10,6,89,143,3,6,20,8,25,12,1,3,76,21,7,3,64,16,6,3,18,30,2,2,4,12,0,34,5,36,11,10,5,7,1,2,6,10,10,2,1,0,3
2022-01,16,85,6,5,2,32,32,4,13,34,2,1,7,4,10,47,199,8,1,11,10,4,5,0,7,70,17,6,3,51,14,2,4,4,18,1,2,6,7,1,51,3,26,5,3,8,7,1,3,2,11,10,2,3,0,7
2022-01,17,90,2,3,3,21,12,0,9,23,0,1,0,18,5,60,22,8,2,14,7,5,3,2,1,29,10,1,2,35,6,4,3,15,13,0,2,2,6,1,20,9,9,3,4,2,14,2,2,2,4,7,0,3,0,3
2022-01,18,21,3,0,0,11,4,1,1,8,0,1,2,1,2,20,3,2,0,6,2,5,1,0,1,10,2,1,0,12,1,0,0,9,7,0,0,0,0,0,3,1,7,0,0,0,2,0,1,1,2,1,0,0,0,0
2022-01,19,130,6,6,1,65,21,6,13,36,1,5,2,17,10,109,459,9,4,21,7,13,6,2,18,56,16,5,8,59,30,4,4,21,60,2,10,10,11,3,37,23,38,2,3,1,12,2,2,9,7,14,0,8,0,0
2022-01,20,44,2,2,0,13,16,3,6,17,2,1,3,4,2,27,78,1,3,6,5,5,8,0,0,34,2,2,2,20,9,0,2,5,27,0,2,2,2,0,17,1,18,2,2,0,1,0,1,2,2,6,0,1,0,2
2022-01,21,75,5,11,0,23,19,6,12,12,4,0,1,9,5,36,219,7,2,8,5,7,4,1,5,29,14,2,7,60,14,2,1,6,32,0,0,7,13,1,54,4,20,2,5,1,7,1,0,2,6,3,1,3,0,4
2022-01,22,69,3,2,0,52,28,9,19,39,7,3,0,12,14,59,477,13,4,19,17,31,6,3,10,80,70,0,7,74,29,3,2,15,51,1,0,5,16,2,67,5,65,12,3,10,8,18,6,2,29,5,0,4,0,13
2022-01,23,98,3,2,0,39,33,22,4,21,1,5,3,10,20,80,142,4,4,25,6,28,8,0,15,20,23,10,2,62,18,1,9,3,30,2,2,13,17,3,33,6,27,1,1,2,5,0,7,4,6,7,1,0,0,2
2022-01,24,63,1,8,2,51,42,9,29,73,0,2,1,10,14,74,643,15,2,25,14,47,20,1,11,85,76,6,12,110,27,10,7,16,64,0,1,10,12,2,54,9,31,8,4,6,6,3,4,5,18,15,2,8,0,12
2022-01,25,212,14,7,0,63,73,49,12,85,9,3,6,20,28,144,130,8,17,25,12,42,18,7,19,33,31,19,7,55,23,5,5,12,56,1,6,15,41,1,42,11,38,6,4,2,12,0,11,30,11,9,3,9,0,0
2022-01,26,29,2,0,0,8,29,11,1,4,3,1,0,6,3,35,33,4,1,11,4,14,0,0,3,9,4,6,1,10,8,1,0,2,11,0,0,9,14,2,17,4,18,6,0,0,1,0,10,3,2,3,2,0,0,1
2022-01,27,29,2,1,0,11,36,29,2,8,1,0,7,14,12,33,72,4,0,4,0,3,11,2,8,19,9,2,0,32,4,1,4,2,30,0,6,8,12,3,17,2,14,3,2,0,0,0,8,3,0,1,0,4,0,1
2022-01,28,28,5,4,2,16,24,15,33,28,1,7,3,9,17,19,324,5,3,7,4,12,11,38,12,101,12,5,22,36,16,7,5,6,45,1,3,24,11,6,69,8,86,0,3,4,2,0,1,3,7,3,2,1,0,1
2022-01,29,29,4,1,0,14,40,34,2,17,8,1,1,5,22,51,48,5,0,12,5,29,5,6,4,15,9,7,1,32,14,1,2,1,31,0,1,5,33,1,17,5,12,3,1,1,3,0,6,24,2,3,2,5,0,1
2022-01,30,89,14,3,0,24,43,19,8,25,4,5,0,8,18,78,219,0,5,16,8,18,11,0,11,25,4,9,2,38,21,3,2,7,33,2,0,8,20,2,21,3,37,0,2,0,11,8,3,10,7,5,1,4,0,0
2022-01,31,39,7,2,0,20,13,17,8,9,0,2,0,1,8,34,336,4,1,5,7,41,1,1,9,45,3,2,4,29,7,1,4,3,36,0,0,9,1,1,34,11,26,0,0,3,1,1,1,2,7,1,1,2,0,0
2022-01,32,13,0,1,1,0,12,1,15,4,0,2,2,1,2,1,174,8,0,0,2,1,2,0,2,32,0,4,10,7,8,1,1,4,19,0,0,1,5,5,70,11,60,0,0,0,0,0,0,2,4,4,0,0,0,0
2022-01,33,9,0,1,0,7,3,3,9,6,0,1,0,2,1,2,12,3,0,1,2,4,3,2,0,57,0,1,4,3,7,1,1,2,12,0,0,0,0,4,17,0,14,0,1,0,0,0,0,1,4,1,0,1,0,0
2022-01,34,10,1,0,0,3,4,0,4,7,1,0,0,2,0,6,27,0,0,1,0,1,0,0,1,23,5,3,2,10,2,0,0,1,14,0,0,0,1,1,22,1,7,0,1,0,4,0,0,1,0,0,0,0,0,0
2022-01,35,35,2,0,0,3,16,8,5,1,0,0,2,0,1,5,0,1,0,2,0,7,0,1,0,8,1,1,0,2,0,0,1,0,7,1,1,2,3,0,10,4,10,0,0,20,2,0,0,2,1,0,0,1,0,0
2022-01,36,4,0,1,0,4,7,10,0,3,0,0,0,0,0,3,2,1,0,4,0,0,0,2,0,0,0,0,0,2,0,0,0,1,5,0,0,1,0,0,1,1,1,0,0,0,0,0,1,0,0,0,0,1,0,0
2022-01,37,5,0,0,0,2,3,0,0,2,1,0,0,2,0,8,11,0,0,0,0,3,0,0,1,7,0,1,0,11,0,1,0,0,3,0,2,3,2,1,5,0,4,8,0,0,0,0,1,0,0,0,0,0,0,0
2022-01,38,30,4,0,1,8,24,21,4,9,1,3,2,4,5,17,10,1,1,5,2,3,4,7,5,5,2,5,1,30,8,0,1,0,16,0,0,2,4,4,29,9,13,1,5,2,0,0,3,3,5,2,2,3,0,1
2022-01,39,8,5,1,0,6,33,24,3,3,0,2,1,2,2,4,0,3,1,3,1,1,3,1,1,13,2,1,1,8,5,0,0,3,8,0,2,2,5,1,23,0,3,0,1,0,0,0,3,1,2,0,0,2,0,0
2022-01,40,15,3,0,1,2,17,17,3,6,0,2,2,0,3,6,9,0,0,1,0,3,1,0,2,11,0,8,0,3,2,2,0,2,4,0,0,0,23,0,9,2,8,4,1,0,1,1,0,9,0,1,0,0,0,0
2022-01,41,8,2,0,1,4,9,13,6,4,0,0,4,5,0,12,8,2,0,9,1,9,4,0,2,20,5,4,3,9,3,1,1,3,2,3,0,3,8,2,5,1,39,9,0,0,1,1,0,4,6,0,1,0,0,0
2022-01,42,16,5,0,0,15,22,22,5,3,5,2,1,4,3,22,3,5,2,4,8,16,0,5,1,29,4,3,1,5,7,2,2,1,14,1,0,6,10,3,7,3,10,6,1,0,1,0,9,5,1,0,0,3,0,0
2022-01,43,58,10,0,0,16,116,85,9,36,1,0,1,8,17,62,5,6,1,19,5,33,9,0,9,36,15,19,5,12,22,4,4,2,20,0,8,12,27,4,57,21,22,4,3,0,5,0,4,15,6,2,3,3,0,0
2022-01,44,71,14,3,2,19,43,40,3,68,1,0,4,8,15,55,12,9,2,7,1,23,3,0,6,31,18,7,5,18,15,1,6,8,12,0,1,3,33,2,44,2,24,2,3,2,4,0,12,13,8,12,4,8,0,1
2022-01,45,54,0,1,0,8,7,3,0,13,0,5,1,6,5,22,6,0,1,5,2,6,2,3,1,11,5,1,2,4,0,1,5,2,14,0,0,5,6,2,12,3,3,0,3,1,3,0,2,6,2,0,0,6,0,1
2022-01,46,45,5,2,0,14,37,26,1,21,3,1,0,8,10,33,28,3,2,15,4,31,1,0,7,18,9,8,4,16,5,0,4,2,10,0,2,5,20,1,19,3,11,10,6,1,7,0,88,11,3,1,0,4,0,1
2022-01,47,6,0,0,0,2,1,2,1,2,0,1,0,1,2,5,0,0,0,1,1,3,4,0,2,1,0,0,0,0,1,0,0,0,0,0,0,2,8,0,7,0,1,1,0,0,0,0,0,3,0,2,0,0,0,0
2022-01,48,31,9,0,0,8,4,1,1,24,1,2,1,4,2,39,4,0,0,4,1,20,1,14,2,13,4,1,3,9,0,0,1,4,8,0,0,3,19,5,13,2,2,3,2,0,6,0,2,4,5,1,0,3,0,1
2022-01,49,55,16,0,1,26,43,13,7,36,0,1,13,14,21,86,15,5,5,12,5,17,4,3,13,33,30,18,6,18,10,0,11,18,19,0,1,4,20,1,111,10,47,8,5,1,16,0,17,16,6,3,3,4,0,3
2022-01,50,9,2,0,0,4,6,2,1,8,0,1,0,0,0,8,0,0,0,2,0,1,2,1,1,13,3,2,0,3,0,2,2,0,3,0,2,1,1,0,9,5,4,1,1,0,4,4,1,2,0,1,0,2,0,0
2022-01,51,23,7,1,0,13,17,6,1,26,0,0,0,11,3,26,16,1,1,8,2,6,2,2,6,15,13,6,1,3,5,2,1,2,11,1,0,2,12,0,53,4,10,4,0,0,1,0,4,9,2,3,0,6,0,0
2022-01,52,107,14,0,0,40,7,9,3,5,0,0,0,5,7,22,53,4,0,1,1,3,0,3,9,64,9,3,1,1,12,4,3,5,20,1,0,6,14,2,40,10,15,1,1,0,5,2,6,5,4,2,0,3,0,0
2022-01,53,25,10,0,2,20,45,22,2,29,1,0,3,16,8,53,5,5,3,9,3,9,5,0,12,27,23,16,1,13,18,7,4,2,8,0,2,8,28,0,42,4,11,8,5,0,12,0,5,21,6,5,0,11,0,0
2022-01,54,6,0,0,0,1,0,3,0,6,0,1,0,0,1,3,0,1,0,1,0,6,1,1,3,2,1,0,0,0,0,0,0,1,1,0,0,0,2,1,0,2,15,1,0,0,0,0,0,5,0,0,0,0,0,0
2022-01,55,11,1,1,0,17,0,0,3,26,0,0,0,4,0,10,3,2,4,1,0,4,3,2,4,17,2,1,0,0,1,3,1,9,11,0,2,4,1,0,19,0,3,1,2,0,3,1,1,0,1,8,0,0,0,0
2022-01,56,42,12,0,1,25,10,3,3,15,1,1,1,3,3,47,108,4,3,34,1,7,3,0,7,57,30,4,1,47,9,1,11,12,13,1,4,7,10,1,90,9,54,5,4,0,23,0,2,4,7,1,0,1,0,0
2022-01,57,73,1,0,0,7,3,1,4,7,0,0,0,19,2,13,271,0,0,3,2,5,3,0,6,29,8,5,1,9,8,2,1,4,7,1,0,5,5,0,11,3,5,0,0,0,4,0,0,0,2,1,0,1,0,0
2022-01,58,68,2,2,0,31,15,6,6,23,1,2,0,2,4,47,363,2,2,5,5,27,0,3,15,49,7,2,5,26,22,3,0,1,31,2,0,2,7,2,22,1,7,0,1,0,5,1,0,4,3,6,0,2,0,0
2022-01,59,39,6,0,0,5,5,3,1,9,1,1,0,2,4,15,184,1,5,2,0,9,2,2,3,24,2,6,0,10,3,1,0,2,14,0,3,3,3,2,7,2,12,2,2,17,3,1,0,0,2,2,0,1,0,0
2022-01,60,37,4,1,0,19,15,2,3,6,0,0,0,7,7,31,65,1,0,4,4,8,4,0,10,51,3,2,1,86,10,1,1,4,17,1,3,6,8,0,25,2,27,2,1,9,11,1,1,2,7,2,1,0,0,1
2022-01,61,83,21,3,2,12,35,14,8,21,1,1,1,3,11,56,141,1,2,3,8,13,4,0,16,66,4,2,2,198,17,3,1,5,42,1,1,13,11,0,18,3,20,4,5,0,8,5,15,5,3,2,0,6,0,0
2022-01,62,47,8,0,0,15,2,3,6,12,0,1,0,5,3,25,99,1,1,1,1,4,0,0,4,10,15,2,0,18,3,1,1,0,17,2,0,1,4,0,37,0,3,0,0,2,4,0,0,0,3,3,0,2,0,0
2022-01,63,74,9,0,0,14,25,8,9,15,0,0,1,7,7,39,312,4,0,5,2,7,7,3,18,27,4,6,1,45,13,1,6,3,40,1,3,8,8,1,27,4,7,9,1,0,5,0,1,2,0,2,1,5,0,0
2022-01,64,60,7,0,0,14,3,1,5,42,0,1,0,3,1,26,19,0,5,3,2,12,3,1,3,19,5,3,1,77,0,0,1,4,19,0,0,2,2,2,28,3,20,2,2,3,5,1,0,0,5,2,0,4,0,0
2022-01,65,76,7,0,0,25,10,5,7,80,0,0,0,3,2,38,72,1,6,8,0,26,4,0,9,25,20,1,1,20,6,2,6,7,21,0,7,6,10,0,27,1,9,2,1,5,6,0,0,2,2,13,1,2,0,0
2022-01,66,101,8,3,0,38,51,30,7,42,1,2,0,10,19,82,156,5,7,24,6,24,3,3,19,33,20,13,0,49,26,3,7,4,21,2,3,3,25,1,21,4,18,2,2,0,14,1,2,7,3,10,3,5,0,0
2022-01,67,41,10,1,0,25,26,16,5,8,3,1,2,16,12,62,8,4,1,14,7,14,6,0,18,36,4,7,2,135,11,6,5,3,13,0,0,2,32,1,48,3,21,7,3,0,6,1,19,22,5,2,1,4,0,0
2022-01,68,22,2,0,1,11,44,27,2,13,2,1,3,7,9,57,6,2,0,9,5,15,2,1,5,48,5,16,1,23,9,7,7,3,24,1,1,1,30,3,53,11,22,2,6,0,3,1,10,13,3,1,0,8,0,1
2022-01,69,66,3,0,1,9,65,57,7,16,2,2,2,11,18,45,20,9,0,12,7,29,7,11,2,27,7,15,3,19,18,10,14,6,61,0,0,2,35,6,35,2,18,8,1,0,7,1,15,12,2,0,0,5,0,0
2022-01,70,66,21,2,1,21,11,4,11,66,0,1,3,15,7,89,51,6,7,6,4,25,4,4,5,108,10,8,0,32,6,10,5,16,16,0,0,2,17,0,123,11,19,5,0,0,27,0,3,7,3,10,2,9,0,0
2022-01,71,73,15,1,1,27,59,48,4,38,3,1,45,12,18,72,15,6,9,10,5,17,12,1,10,46,8,20,1,35,13,4,10,7,49,2,1,1,39,2,31,5,9,6,5,3,10,0,13,27,5,3,2,18,0,0
2022-01,72,19,0,0,0,26,8,3,1,36,0,0,1,2,1,22,2,4,1,5,1,13,0,0,4,42,34,5,1,5,3,3,4,16,49,1,1,1,5,0,13,4,27,7,2,18,8,2,2,0,7,8,2,1,0,1
2022-01,73,39,4,2,1,25,16,12,1,32,0,2,1,12,6,50,7,5,5,10,3,29,5,0,3,44,23,11,3,11,12,0,5,1,11,1,1,6,17,3,31,4,12,7,5,0,8,0,8,10,0,2,2,4,0,0
2022-01,74,7,1,0,0,10,0,0,2,14,0,0,1,0,0,29,0,1,1,7,2,5,0,1,1,19,18,4,1,7,1,4,2,4,33,0,2,2,1,0,7,1,13,4,2,3,5,2,1,0,3,3,1,0,0,1
2022-01,75,18,0,1,0,16,8,4,7,30,0,1,0,9,9,38,2,1,5,7,4,7,0,0,4,41,17,7,5,12,4,3,1,12,12,0,0,7,7,2,34,8,14,6,2,1,7,0,6,2,4,4,0,7,0,0
2022-01,76,12,0,0,0,2,1,2,7,0,0,0,0,5,0,2,2,1,0,3,0,0,0,0,0,9,0,5,1,0,0,0,0,0,1,0,0,1,5,0,3,3,2,0,1,0,3,0,0,1,2,0,0,0,0,0
2022-01,77,63,1,2,0,9,36,5,11,14,0,0,22,7,4,21,176,3,1,1,7,5,4,4,2,34,0,3,8,27,9,2,5,5,22,1,1,1,2,3,11,10,36,3,4,18,10,1,1,1,12,1,0,2,0,4
2022-02,0,4034,379,231,126,1023,1512,682,235,1057,114,88,143,463,690,2439,4852,341,120,597,339,361,408,217,224,7071,666,339,206,1885,889,373,686,372,1659,34,92,353,750,135,4412,329,2003,219,145,929,494,47,334,392,529,800,45,541,0,33
2022-02,1,58,6,0,3,8,26,8,2,20,0,0,4,3,2,16,69,1,0,3,4,4,1,6,3,53,4,2,8,34,12,4,4,5,32,0,0,3,1,0,107,5,7,5,3,11,2,1,2,1,16,9,2,5,0,0
2022-02,2,131,7,5,1,20,37,13,4,27,2,5,25,4,4,33,80,11,2,7,7,10,4,15,3,84,4,4,2,55,16,8,20,10,32,1,0,7,7,2,76,2,9,1,1,74,7,0,3,3,11,19,0,8,0,1
2022-02,3,44,0,7,4,8,43,17,1,11,0,0,0,3,21,6,107,5,0,9,4,0,5,6,1,62,1,3,3,37,8,1,5,3,26,0,1,4,5,6,11,2,39,1,0,18,4,0,2,7,13,23,1,7,0,1
2022-02,4,34,8,1,1,11,9,4,3,40,1,0,2,4,1,23,48,6,2,12,5,5,1,14,0,96,5,2,2,11,9,9,6,2,10,0,0,1,4,1,36,0,22,2,0,211,4,0,0,0,12,29,1,2,0,0
2022-02,5,37,5,1,1,18,9,1,2,6,0,0,0,7,4,23,55,7,0,5,7,2,3,0,0,72,7,3,2,26,2,6,15,7,17,0,1,1,2,0,11,2,30,8,4,59,5,0,1,0,8,8,1,0,0,1
2022-02,6,42,2,4,5,16,32,14,13,6,0,0,0,6,8,32,112,7,0,13,12,5,15,4,5,127,9,0,6,71,21,3,18,8,38,0,2,5,5,1,56,3,55,5,1,30,6,0,5,3,33,17,1,4,0,1
2022-02,7,16,2,4,3,11,14,3,5,14,0,1,45,7,16,21,83,10,1,7,6,5,6,6,1,179,2,3,5,51,20,4,11,7,50,1,0,5,2,3,65,8,68,5,6,41,11,0,3,3,13,16,1,3,0,4
2022-02,8,15,1,6,0,0,14,11,11,15,0,5,13,2,7,6,88,16,0,4,12,0,6,4,4,154,4,4,19,30,24,13,3,14,66,1,0,7,4,7,63,13,68,3,2,18,3,0,0,3,9,8,3,4,0,0
2022-02,9,4,10,3,1,3,2,0,2,9,0,0,0,0,0,8,2,1,0,1,0,0,0,8,0,36,4,6,1,4,0,1,3,3,6,0,0,2,0,0,35,1,3,1,3,4,8,0,0,0,2,2,1,2,0,0
2022-02,10,39,5,4,3,34,1,0,1,21,0,0,3,11,4,51,17,6,0,12,6,3,5,1,2,102,15,10,3,25,4,12,9,9,21,0,0,0,1,4,61,9,21,8,6,3,9,0,3,2,13,5,1,5,0,0
2022-02,11,29,2,1,6,10,4,4,3,24,0,0,0,8,1,34,20,2,1,4,5,0,3,0,1,91,8,0,0,23,3,14,2,7,12,0,0,5,4,2,38,5,22,0,4,1,4,0,4,2,4,9,0,5,0,1
2022-02,12,25,0,0,4,9,5,0,1,27,1,0,1,12,2,12,13,4,2,3,0,4,1,2,1,77,8,6,2,8,5,1,4,10,1,0,0,4,3,0,68,2,9,2,8,10,5,1,1,0,5,8,0,4,0,5
2022-02,13,29,0,1,1,5,6,0,4,2,0,0,3,3,3,12,25,1,0,4,1,1,0,0,0,67,2,2,2,3,4,1,1,4,9,0,0,0,1,0,46,0,24,3,1,2,2,1,0,0,1,2,0,4,0,0
2022-02,14,54,6,3,0,17,18,8,7,5,1,2,0,5,10,46,52,2,3,17,7,0,4,0,4,111,7,5,2,31,5,5,10,4,19,1,1,4,7,2,66,2,28,7,4,3,13,0,2,1,8,13,0,7,0,0
2022-02,15,162,7,10,0,36,19,10,7,59,1,1,0,7,10,64,84,8,2,11,14,7,14,8,3,138,9,4,1,45,27,12,18,20,32,1,7,5,12,2,93,8,31,4,10,11,13,4,10,2,9,18,1,18,0,0
2022-02,16,94,15,8,0,28,23,6,6,10,2,1,1,9,17,43,123,6,0,33,9,5,1,1,9,231,20,1,2,46,12,6,6,10,15,0,3,5,5,1,131,9,41,4,4,11,13,1,9,2,13,17,0,4,0,0
2022-02,17,95,2,2,1,17,17,4,2,36,1,2,0,19,5,64,13,3,4,15,7,8,7,2,4,88,3,2,1,35,7,5,12,11,9,0,3,4,4,0,153,14,15,1,3,5,11,0,10,0,13,9,0,7,0,2
2022-02,18,41,2,1,3,7,3,0,0,13,0,0,0,1,1,14,3,3,4,5,1,9,1,0,4,40,2,3,0,12,5,2,3,3,5,0,2,1,4,2,10,1,4,0,0,1,8,0,1,0,1,3,0,0,0,0
2022-02,19,174,3,15,3,39,30,6,6,25,4,2,0,17,12,104,142,11,7,24,4,3,10,4,5,121,19,6,3,62,31,7,23,8,52,1,1,12,14,7,127,6,24,5,4,4,22,0,5,5,5,34,0,13,0,1
2022-02,20,34,1,4,1,9,10,4,4,10,1,2,0,6,3,22,53,0,2,5,6,0,8,0,3,55,10,5,0,19,7,2,6,1,7,1,0,0,5,1,28,2,4,0,1,3,5,0,2,1,2,2,1,3,0,0
2022-02,21,63,4,6,1,22,12,5,5,8,2,1,2,2,4,22,135,7,1,9,4,2,5,0,9,88,10,4,2,29,10,6,12,7,11,0,3,2,4,1,59,4,29,2,1,9,5,0,0,2,11,7,0,4,0,1
2022-02,22,93,6,18,0,35,43,11,7,25,1,1,1,15,13,39,303,22,1,18,22,5,8,3,9,213,48,7,9,87,35,7,20,8,51,1,2,10,9,3,131,7,72,1,5,34,9,0,12,3,28,15,1,10,0,1
2022-02,23,105,4,3,3,36,31,19,2,23,5,3,0,5,26,70,125,12,3,7,8,2,8,2,10,70,17,11,3,41,30,9,20,3,23,0,2,1,21,5,79,3,45,3,2,8,13,0,11,9,7,12,0,13,0,1
2022-02,24,80,4,11,1,50,34,10,12,27,2,5,0,15,23,82,385,12,6,35,13,15,29,4,6,263,65,8,11,107,52,10,36,13,51,3,2,6,13,5,62,3,68,6,3,94,7,0,5,5,29,39,2,8,0,2
2022-02,25,202,7,8,6,45,97,40,6,69,5,9,5,28,54,108,57,8,14,17,7,12,18,6,5,107,19,23,4,65,44,9,21,8,67,1,1,23,42,3,129,17,49,6,6,5,22,0,22,17,10,23,1,39,0,0
2022-02,26,42,0,1,0,8,17,8,2,5,4,1,0,3,18,34,25,4,2,5,6,5,1,1,1,35,4,6,1,13,16,3,4,0,59,0,0,6,7,2,36,1,18,2,1,0,3,0,13,2,0,7,0,2,0,0
2022-02,27,56,0,0,0,13,15,12,1,10,5,1,1,5,18,47,61,1,2,2,2,6,6,0,1,37,5,4,0,22,8,1,2,1,12,0,2,2,11,2,55,5,21,2,0,5,2,0,6,1,3,6,0,0,0,0
2022-02,28,50,3,6,0,6,18,14,12,9,7,2,0,6,20,12,177,9,1,12,7,16,2,0,2,163,21,4,14,40,14,7,3,5,39,0,4,22,11,7,69,14,156,0,0,3,2,0,4,7,14,6,0,4,0,0
2022-02,29,44,2,2,0,11,45,28,2,6,8,1,0,8,33,43,36,4,1,18,3,10,5,1,3,42,5,5,2,35,11,5,7,3,30,1,0,9,16,2,99,5,92,1,2,39,4,1,10,7,3,2,0,8,0,1
2022-02,30,147,3,4,1,22,39,11,7,15,3,0,1,6,36,60,248,5,3,9,6,20,17,0,9,106,6,9,1,38,22,6,8,8,22,2,0,5,16,4,25,4,49,1,1,12,0,3,3,9,10,4,1,6,0,0
2022-02,31,49,5,5,0,14,41,4,1,7,2,0,0,4,17,26,201,2,2,9,9,6,3,2,4,146,7,1,5,25,12,10,7,22,34,0,2,15,14,0,50,7,55,1,2,2,1,0,8,3,4,5,0,5,0,1
2022-02,32,26,2,1,0,0,7,1,8,0,2,4,1,1,3,3,102,9,0,1,1,0,0,0,0,85,0,3,10,8,9,1,3,14,26,0,0,1,2,2,49,11,89,0,1,0,0,0,0,1,8,1,2,0,0,0
2022-02,33,15,0,1,0,3,6,2,7,2,1,0,0,1,0,5,13,3,0,2,6,1,2,0,0,13,0,3,2,2,6,1,1,4,26,0,0,0,1,2,10,2,18,0,1,4,0,0,0,0,5,0,2,0,0,0
2022-02,34,16,2,0,1,2,0,0,2,2,1,0,0,2,0,8,45,4,0,2,0,0,0,0,0,6,2,0,4,17,4,0,2,0,7,0,0,2,0,1,29,1,12,0,1,0,0,0,0,0,1,1,0,1,0,0
2022-02,35,12,0,2,1,1,5,11,0,1,0,1,0,3,2,2,6,1,0,3,1,2,7,0,1,10,1,1,4,1,2,1,2,0,10,0,1,2,5,3,33,3,7,0,0,1,1,0,0,3,3,4,3,0,0,0
2022-02,36,4,0,1,0,2,8,9,0,1,0,0,0,4,0,3,0,0,0,0,1,0,1,3,0,5,0,0,0,1,1,0,0,0,13,0,4,2,3,0,0,4,2,0,0,0,1,0,1,0,0,3,1,0,0,0
2022-02,37,5,0,0,0,3,1,1,0,0,0,0,0,0,2,9,0,2,0,1,0,1,0,0,0,25,1,1,2,15,2,1,1,0,0,0,0,1,1,0,3,0,7,0,0,0,1,0,0,0,0,1,0,1,0,0
2022-02,38,43,1,0,0,5,30,10,0,4,1,1,0,4,12,13,1,2,0,7,3,4,2,0,0,33,8,2,1,11,22,0,5,2,10,0,2,0,6,4,28,0,24,3,0,2,6,0,3,4,1,10,1,1,0,0
2022-02,39,17,2,3,1,7,13,8,1,0,0,0,0,2,6,10,3,0,0,3,0,2,1,0,0,24,1,2,0,13,8,2,4,2,0,0,0,3,2,0,19,5,4,1,0,0,0,0,0,1,4,15,0,3,0,0
2022-02,40,10,3,1,1,0,17,18,0,10,0,1,0,3,2,6,9,0,0,4,1,0,0,5,1,29,1,1,0,2,3,2,2,0,0,0,0,1,6,1,13,3,19,0,0,0,1,0,0,0,0,3,1,3,0,0
2022-02,41,6,0,1,1,3,12,2,2,0,0,0,0,0,0,11,18,1,0,2,0,0,1,0,1,67,1,2,3,9,4,5,5,3,6,0,0,5,5,0,17,1,33,4,1,0,0,0,0,2,14,8,0,2,0,1
2022-02,42,30,5,4,2,11,28,26,0,10,4,1,0,1,9,27,13,1,0,4,4,9,2,3,0,115,9,0,0,7,9,3,4,1,15,0,0,4,10,2,26,0,15,1,0,0,3,0,0,4,1,11,0,0,0,0
2022-02,43,73,9,1,3,13,124,63,1,23,3,2,2,14,22,47,5,7,1,15,9,3,7,10,5,142,5,4,1,7,30,6,20,1,19,0,4,5,23,2,97,0,7,4,2,2,9,5,4,15,2,31,1,11,0,0
2022-02,44,60,17,3,1,15,45,34,4,21,2,1,0,10,16,49,3,8,2,5,6,7,4,1,4,43,15,10,6,14,12,0,4,2,16,1,0,0,31,4,126,4,7,8,4,0,7,0,10,12,9,18,1,13,0,0
2022-02,45,13,4,1,1,5,3,4,1,12,0,2,0,11,2,15,2,3,0,0,1,3,1,0,0,14,8,7,2,2,4,2,6,1,10,0,0,1,7,3,33,9,31,1,0,0,2,0,5,5,2,11,0,3,0,0
2022-02,46,36,17,0,3,18,31,8,4,13,6,3,3,11,10,39,6,1,2,9,3,6,7,0,4,45,7,4,3,11,13,3,10,1,18,1,0,3,12,3,58,7,14,5,1,0,6,0,12,10,4,9,0,5,0,0
2022-02,47,9,0,0,0,3,1,0,0,0,0,0,0,0,1,6,0,0,0,1,1,0,6,0,0,8,0,1,0,3,2,1,0,1,0,0,0,0,2,0,26,0,7,0,0,0,0,0,1,4,0,0,0,0,0,0
2022-02,48,34,3,0,5,8,7,2,2,6,0,0,2,10,3,18,1,3,0,1,2,2,1,0,2,58,5,2,6,6,3,0,5,5,5,0,0,1,4,0,39,2,31,2,1,3,14,0,0,10,2,3,0,3,0,0
2022-02,49,50,22,2,3,21,38,18,2,19,6,3,9,14,21,60,1,10,4,18,5,7,22,0,13,60,34,16,1,70,18,4,8,9,20,0,3,9,22,2,184,3,23,11,1,3,23,0,11,15,11,10,1,28,0,0
2022-02,50,10,3,1,1,4,4,2,0,4,0,0,1,2,7,9,0,1,2,2,0,1,1,0,0,21,17,6,0,2,1,1,0,0,5,1,0,0,2,0,8,0,1,0,1,0,2,0,3,2,1,1,0,3,0,1
2022-02,51,35,7,0,1,11,5,4,3,6,0,0,0,8,1,24,2,3,2,5,1,6,2,4,0,92,13,5,1,10,3,3,10,0,14,0,0,6,8,5,58,2,40,2,0,0,5,0,5,4,4,6,0,3,0,0
2022-02,52,155,10,0,2,16,5,3,0,1,0,0,0,1,5,38,21,3,0,8,2,4,4,0,2,22,20,1,1,0,3,3,5,3,5,0,0,3,9,0,90,2,31,1,0,2,3,0,13,7,41,5,0,5,0,0
2022-02,53,43,10,2,2,14,31,16,0,15,0,0,3,5,15,47,5,4,4,12,2,9,21,14,1,50,24,13,1,49,19,6,12,6,10,2,2,6,19,2,65,1,7,8,3,1,16,0,14,19,4,9,5,13,0,0
2022-02,54,4,0,1,1,1,2,2,0,0,0,0,0,2,2,3,0,1,0,2,0,7,2,11,0,20,0,3,1,1,1,0,2,0,0,0,0,1,4,0,1,0,17,0,0,0,0,0,3,0,0,1,0,0,0,0
2022-02,55,14,4,0,0,6,0,0,0,4,0,0,0,0,3,13,11,3,0,4,0,2,1,0,0,30,2,0,0,0,0,4,2,1,1,0,0,1,3,0,32,3,7,1,1,1,1,0,0,1,18,6,0,3,0,0
2022-02,56,59,8,1,2,19,10,1,3,18,1,1,1,4,4,50,68,6,2,13,5,11,6,5,3,135,2,2,2,48,12,10,29,10,27,1,4,4,9,1,91,4,19,1,2,3,16,7,1,6,6,8,0,11,0,0
2022-02,57,58,2,0,0,3,7,1,0,7,0,0,0,8,0,17,224,0,0,0,0,0,1,0,1,57,0,1,5,10,3,2,6,1,10,0,0,4,5,1,17,3,16,0,0,1,2,0,0,3,4,0,0,3,0,0
2022-02,58,112,5,1,0,14,16,1,3,12,1,3,0,1,12,30,246,2,3,11,3,2,3,0,7,124,5,1,0,10,19,8,7,1,34,2,2,7,8,1,37,6,18,3,0,1,6,0,2,4,5,9,0,6,0,0
2022-02,59,20,4,3,2,5,8,1,2,1,0,0,0,8,1,7,138,1,0,3,1,0,0,2,0,109,5,1,2,9,1,3,6,2,24,0,0,5,3,0,22,4,6,0,5,16,7,0,2,0,3,4,1,1,0,0
2022-02,60,55,6,3,0,22,11,4,1,3,0,1,0,9,5,24,49,1,0,4,1,5,7,1,2,83,4,2,0,52,14,6,15,4,21,0,0,2,5,1,93,4,12,4,3,1,6,0,2,2,3,7,0,6,0,0
2022-02,61,82,3,4,5,13,30,17,1,7,2,1,1,7,7,45,120,3,1,8,9,5,6,1,7,178,6,3,3,30,25,11,6,4,48,0,5,9,17,0,56,4,16,7,4,2,13,6,9,7,7,7,0,9,0,1
2022-02,62,66,7,2,1,4,6,0,1,5,0,1,0,7,2,14,92,0,0,2,1,0,4,0,0,51,1,3,0,10,3,3,10,1,22,0,1,3,6,0,24,1,6,1,0,1,1,0,0,0,0,7,0,5,0,0
2022-02,63,115,4,7,2,16,15,4,10,25,0,0,0,7,8,33,183,4,2,3,2,6,4,1,15,200,8,9,1,23,9,8,13,2,45,0,2,3,10,2,69,3,28,7,0,1,5,0,1,9,6,14,0,14,0,0
2022-02,64,54,4,2,3,13,8,3,1,17,0,0,0,4,1,27,9,3,2,3,1,10,2,0,2,96,2,2,0,63,5,4,15,3,8,0,0,4,0,0,85,5,9,1,0,1,6,2,1,1,2,11,0,5,0,0
2022-02,65,72,16,2,2,17,11,3,2,23,0,1,0,1,1,34,63,2,5,4,0,3,7,0,6,98,1,0,2,9,5,8,17,5,24,1,1,2,11,0,64,4,23,4,1,2,7,1,0,7,6,7,0,8,0,0
2022-02,66,118,11,9,4,18,41,24,2,20,7,2,0,12,27,61,186,7,6,12,4,9,15,8,7,231,7,8,7,34,21,3,23,2,75,5,5,8,25,1,47,1,17,5,3,1,9,7,2,21,0,18,1,11,0,1
2022-02,67,33,5,2,3,17,25,6,0,12,1,5,1,5,18,67,9,4,5,18,15,6,5,1,4,93,7,6,3,23,16,2,9,2,12,1,0,3,40,4,58,3,19,15,0,0,6,0,12,18,0,11,1,16,0,0
2022-02,68,32,1,0,0,13,32,18,1,8,1,0,2,8,7,28,5,5,0,5,13,6,3,2,1,89,12,9,0,19,9,5,8,3,10,0,0,2,28,2,35,8,26,2,2,0,7,7,18,19,4,14,1,7,0,1
2022-02,69,49,8,3,1,16,40,40,4,26,6,2,0,5,14,55,16,3,1,8,3,15,10,14,2,33,6,7,2,23,16,3,12,1,39,0,1,4,42,6,39,13,32,4,1,3,19,0,11,19,2,24,0,23,0,1
2022-02,70,40,12,3,9,23,11,1,0,24,2,2,3,1,7,79,119,5,0,11,3,18,7,9,4,407,5,7,1,15,24,8,12,10,46,0,0,21,15,2,114,7,19,4,0,1,12,0,2,6,5,12,0,14,0,0
2022-02,71,90,20,3,3,21,46,16,12,41,4,0,4,11,18,70,1,5,1,15,8,3,11,5,8,202,15,13,1,46,26,10,22,5,24,0,2,9,40,1,120,0,15,8,5,1,9,0,12,37,7,40,0,28,0,0
2022-02,72,14,5,2,0,11,10,1,1,8,0,1,1,4,0,26,6,3,2,6,2,1,1,1,3,97,8,3,1,2,3,5,7,9,5,0,0,1,10,0,58,15,38,1,0,1,6,0,2,3,5,9,0,12,0,1
2022-02,73,47,3,1,3,12,15,11,0,21,0,0,1,11,12,54,5,6,3,8,4,8,8,10,2,128,22,9,0,19,9,7,16,12,39,4,12,13,18,1,131,1,4,4,2,1,9,0,12,4,6,10,1,34,0,0
2022-02,74,8,5,2,0,12,4,0,0,1,1,0,0,4,0,31,0,3,0,7,1,0,2,0,1,137,11,9,0,8,0,13,3,4,19,0,0,9,6,0,24,2,6,0,1,1,3,0,0,0,2,6,1,0,0,0
2022-02,75,24,6,7,3,7,6,2,4,17,1,1,0,2,4,37,5,8,4,8,0,5,8,3,1,128,14,1,2,18,1,5,10,6,9,0,1,2,9,0,62,5,6,5,4,3,13,0,3,5,2,12,2,22,0,0
2022-02,76,18,0,0,0,1,2,0,7,2,0,1,0,3,0,1,0,0,0,1,2,1,0,0,0,16,0,3,1,2,0,4,0,0,0,0,0,1,2,0,4,3,3,0,0,0,1,0,0,2,0,1,0,0,0,0
2022-02,77,60,1,5,0,6,21,9,2,21,3,2,1,1,5,7,99,4,0,1,8,1,6,3,2,108,1,0,8,21,13,7,8,5,24,0,1,4,0,1,43,6,34,1,6,138,7,0,0,0,9,25,0,1,0,2
2022-03,0,4648,700,1473,161,1480,1570,610,165,809,625,119,66,963,1179,4019,9548,628,131,492,535,246,517,147,177,11630,489,507,280,4174,1363,662,764,846,2800,47,171,505,868,554,4288,446,2376,958,466,741,1197,104,553,578,416,1001,52,451,0,367
2022-03,1,67,11,9,2,10,35,5,0,17,3,0,0,15,2,16,184,9,5,3,8,1,2,6,3,115,5,12,4,90,14,12,3,3,20,0,0,0,2,2,23,0,28,13,7,10,11,0,2,6,14,22,1,1,0,11
2022-03,2,104,1,54,3,19,36,4,2,46,1,2,9,21,23,52,134,9,5,7,9,10,6,5,3,239,6,6,5,82,32,12,13,21,156,0,1,12,14,5,38,3,44,18,26,12,38,15,3,14,14,23,2,5,0,12
2022-03,3,33,1,9,1,4,43,7,1,3,2,2,1,5,23,9,220,5,2,1,6,7,7,12,3,116,6,10,4,42,9,2,13,6,33,0,1,10,8,10,20,6,35,5,6,11,8,1,0,5,7,41,0,3,0,19
2022-03,4,38,4,17,3,21,12,5,0,5,1,3,1,15,8,32,178,7,2,3,6,2,3,0,0,191,2,4,2,47,18,4,9,9,40,0,1,3,6,13,66,8,25,10,15,13,11,20,0,0,21,17,1,3,0,7
2022-03,5,40,4,16,2,20,5,5,1,10,2,1,0,9,6,28,145,13,2,3,4,5,1,31,1,176,5,4,3,66,9,7,13,14,41,1,3,12,3,3,21,0,34,18,5,30,20,1,1,4,9,28,0,4,0,19
2022-03,6,51,6,31,4,26,38,4,9,15,2,7,6,24,7,52,260,18,1,8,19,5,16,3,2,206,7,6,6,147,30,10,11,18,251,1,5,6,1,8,46,6,67,9,5,42,10,1,6,5,27,33,1,2,0,19
2022-03,7,34,1,27,0,30,10,7,1,12,2,3,0,19,5,30,294,15,4,11,12,3,5,1,5,248,4,8,8,97,49,12,20,24,82,0,3,8,7,15,48,12,16,10,7,75,16,2,1,2,12,42,4,2,0,18
2022-03,8,9,1,8,1,5,18,7,5,6,7,8,1,4,10,16,270,16,0,4,9,1,4,1,1,262,0,6,20,34,28,19,7,25,109,1,2,19,5,28,106,17,78,3,0,4,7,1,2,1,14,9,0,3,0,3
2022-03,9,8,2,18,0,9,3,0,0,2,0,0,0,2,0,11,1,1,0,0,0,0,2,0,0,99,2,0,0,13,0,8,2,7,2,0,0,1,0,0,32,1,1,11,4,6,22,0,3,0,3,0,0,0,0,1
2022-03,10,41,6,23,4,28,12,2,1,13,1,0,0,21,2,72,24,10,4,9,8,1,5,0,2,295,20,18,3,55,11,21,8,17,17,0,0,5,4,1,83,8,28,26,15,23,44,2,1,5,5,11,0,6,0,8
2022-03,11,44,4,28,3,16,3,3,0,36,0,2,0,18,5,41,32,4,2,7,7,3,2,1,2,156,7,5,0,65,12,7,8,8,19,0,0,6,6,3,70,4,24,24,13,17,28,0,5,3,3,16,4,4,0,7
2022-03,12,15,1,9,6,17,1,1,0,12,0,1,0,12,3,35,15,3,3,2,4,0,0,0,2,200,5,8,0,38,6,19,12,18,11,0,1,4,2,1,59,8,20,13,12,14,17,0,4,0,6,16,0,4,0,13
2022-03,13,27,6,17,0,9,6,2,1,16,1,0,0,5,1,22,27,1,1,1,9,0,1,3,1,87,3,0,5,15,4,4,2,4,15,2,0,3,4,3,29,0,20,6,11,5,10,0,1,2,2,5,0,2,0,4
2022-03,14,65,13,62,1,14,12,4,1,12,2,1,0,12,18,65,107,4,4,9,12,2,10,0,8,174,5,5,3,73,17,12,12,6,20,0,4,3,9,4,32,2,12,9,6,10,17,0,6,1,9,23,0,11,0,21
2022-03,15,127,9,50,2,51,22,8,1,18,2,0,0,21,19,91,158,18,5,49,9,1,7,5,5,274,11,9,3,97,24,25,19,32,56,0,0,3,6,9,127,6,64,25,23,14,40,0,10,9,16,38,1,11,0,14
2022-03,16,112,17,55,3,34,19,7,4,19,6,3,0,14,21,74,232,14,1,7,10,8,11,0,1,349,11,8,3,130,26,10,13,10,38,0,6,10,3,8,105,5,46,11,10,11,22,1,15,6,11,33,0,7,0,22
2022-03,17,88,9,37,1,31,17,1,3,37,2,1,0,29,6,79,66,18,7,18,9,10,4,0,1,152,5,4,0,75,4,7,15,28,15,0,4,2,3,4,93,4,40,27,10,19,43,0,10,3,7,8,1,5,0,2
2022-03,18,34,3,7,1,13,13,1,3,3,0,2,0,6,1,27,19,2,0,1,2,1,2,0,1,53,0,3,1,31,18,1,2,5,11,1,0,0,5,1,11,1,3,1,5,5,9,0,9,0,2,2,0,3,0,2
2022-03,19,171,11,65,3,52,33,5,1,19,4,3,0,17,25,172,258,20,0,5,5,2,14,2,2,230,10,4,3,134,18,16,17,39,69,1,10,9,25,3,73,6,81,6,11,6,42,0,9,14,8,19,2,14,0,2
2022-03,20,72,8,46,0,12,10,1,2,2,2,0,0,13,10,38,61,2,2,3,5,0,2,0,1,62,8,7,2,52,19,2,15,7,12,0,0,1,9,0,22,2,6,5,3,13,10,0,1,4,1,7,0,3,0,5
2022-03,21,91,8,24,3,14,13,3,8,13,4,0,0,11,8,45,206,12,0,8,4,1,8,1,2,182,9,4,3,70,16,10,10,19,16,0,3,7,5,12,33,6,36,4,1,10,9,0,3,1,11,12,0,6,0,9
2022-03,22,110,9,58,9,46,38,6,6,11,9,4,0,36,26,95,563,28,2,7,26,6,21,9,5,269,19,5,5,162,50,17,23,21,58,4,1,13,10,12,108,8,80,26,14,69,35,1,9,9,10,27,1,8,0,32
2022-03,23,128,12,42,5,48,48,16,3,19,32,2,1,13,57,85,181,11,3,11,14,3,11,6,10,144,8,6,1,84,40,8,23,12,32,0,1,5,23,17,39,5,62,18,5,8,13,0,12,10,11,25,1,3,0,4
2022-03,24,104,9,63,4,54,50,8,0,32,8,9,0,38,47,135,797,30,6,17,33,15,41,9,7,357,34,7,19,205,56,14,19,29,90,0,4,18,7,21,74,15,71,17,9,49,15,1,11,2,15,36,4,1,0,21
2022-03,25,218,22,33,9,81,92,42,11,28,35,2,1,42,73,184,121,40,12,23,19,3,19,4,2,274,27,29,8,122,77,24,38,22,53,0,7,11,63,12,169,18,48,31,16,13,44,2,43,40,9,61,0,46,0,3
2022-03,26,51,4,10,0,10,18,5,2,4,22,0,0,2,44,63,87,5,0,6,3,5,2,0,2,56,3,6,1,17,9,6,3,2,7,0,3,2,4,5,19,2,17,6,2,2,3,1,6,6,0,10,0,5,0,0
2022-03,27,51,1,5,0,11,15,7,2,13,25,0,1,3,33,65,83,4,0,2,3,3,3,1,2,72,2,4,1,44,30,4,3,3,20,0,0,3,10,11,61,5,44,13,1,13,9,0,11,7,3,10,0,7,0,1
2022-03,28,66,11,20,0,10,26,10,4,14,16,4,6,4,21,17,445,23,0,4,5,5,7,12,3,406,9,8,16,82,35,21,10,34,106,2,4,15,8,33,139,19,177,3,4,8,13,4,9,3,6,28,1,4,0,2
2022-03,29,78,6,5,1,31,41,24,3,7,87,4,0,7,63,97,79,7,0,9,21,7,5,0,3,109,8,8,4,61,30,8,11,7,15,1,2,8,18,12,87,9,42,18,2,4,7,0,13,4,1,11,0,6,0,2
2022-03,30,141,12,35,0,28,36,10,1,11,5,1,0,7,36,91,395,5,5,8,6,9,11,1,8,266,11,8,5,69,36,7,12,11,38,4,1,5,19,5,70,11,37,13,7,14,20,0,3,6,3,16,1,4,0,1
2022-03,31,72,7,7,4,17,21,8,3,5,2,0,0,6,9,43,430,8,0,1,6,2,5,0,0,239,3,5,4,60,13,10,1,44,86,0,0,29,9,4,96,7,40,1,0,8,6,0,4,4,8,12,0,5,0,1
2022-03,32,26,1,2,2,1,4,2,2,0,6,2,1,5,8,4,400,13,0,0,2,0,2,0,3,135,0,6,9,17,6,3,1,21,89,1,2,1,3,13,114,27,87,0,1,1,2,1,0,1,4,1,0,0,0,0
2022-03,33,19,0,5,1,1,3,2,0,4,4,2,2,6,7,10,32,3,0,4,4,1,2,1,1,39,0,0,8,7,8,6,1,5,5,1,2,3,1,3,25,2,23,3,3,0,3,0,0,0,2,0,0,1,0,0
2022-03,34,10,0,0,0,3,6,2,0,0,0,0,0,0,9,16,85,2,0,0,2,0,0,0,0,47,0,1,8,12,1,2,2,16,14,0,0,16,2,5,16,3,14,2,2,1,3,1,0,0,1,1,0,0,0,0
2022-03,35,20,0,2,0,4,17,7,1,1,4,1,1,2,4,5,6,1,0,4,1,0,4,2,0,35,1,0,2,4,6,1,2,1,17,0,0,2,5,2,8,1,4,3,1,1,1,0,2,0,3,4,0,1,0,0
2022-03,36,3,1,1,0,2,4,0,0,0,1,0,0,5,1,2,0,0,1,0,0,0,0,0,0,9,1,2,0,2,0,1,0,1,7,0,2,3,0,0,0,0,1,0,0,0,0,0,0,0,0,0,0,1,0,1
2022-03,37,2,1,0,0,0,0,1,0,2,1,1,0,4,3,11,20,1,0,0,0,0,1,0,1,27,2,1,1,14,1,0,0,0,7,0,0,4,0,2,3,5,5,11,0,0,0,0,1,3,0,1,0,1,0,0
2022-03,38,57,10,11,0,10,28,11,0,9,43,0,0,11,16,21,19,4,2,6,6,2,6,0,1,39,6,4,0,63,22,3,6,2,47,2,4,2,6,22,17,7,14,14,4,2,1,0,3,7,1,13,1,0,0,4
2022-03,39,29,2,0,0,9,20,10,0,0,0,1,1,8,4,15,4,2,1,9,3,7,4,0,0,15,0,2,1,17,13,3,2,1,13,0,0,8,2,2,11,3,36,0,8,1,2,8,1,2,2,3,0,0,0,2
2022-03,40,19,3,3,0,3,23,15,1,5,13,1,0,8,6,10,22,1,1,1,1,7,2,1,0,53,3,4,3,28,4,0,1,0,6,0,4,2,5,4,21,1,15,17,1,0,0,0,3,5,1,4,1,3,0,0
2022-03,41,12,1,4,1,2,8,5,2,15,1,0,0,7,3,7,7,3,1,7,2,1,2,0,1,111,4,5,15,16,5,3,5,3,31,1,2,4,2,6,5,6,11,8,1,8,5,1,1,0,10,2,1,1,0,1
2022-03,42,34,8,10,1,15,20,6,0,7,9,1,0,7,14,33,3,5,1,2,6,0,9,0,0,160,5,3,2,20,31,7,6,3,40,0,1,7,12,9,10,7,17,3,2,9,6,0,4,2,3,6,0,1,0,0
2022-03,43,109,12,7,3,14,98,61,2,18,11,1,0,22,29,56,6,19,2,6,12,6,9,2,4,152,9,17,7,51,44,6,23,11,36,0,9,14,27,10,79,7,36,15,9,2,20,0,14,20,3,17,1,14,0,2
2022-03,44,84,23,14,7,25,37,30,1,13,14,2,1,7,25,83,6,12,2,16,4,13,16,0,3,127,13,9,5,28,28,8,14,10,47,0,6,9,22,21,63,3,22,22,9,4,17,0,16,15,5,18,4,11,0,1
2022-03,45,19,8,0,0,11,5,9,1,2,2,1,0,5,7,31,8,4,0,1,0,2,0,0,0,35,2,6,1,5,8,1,5,2,13,0,0,2,7,4,16,3,50,12,0,0,17,1,7,4,4,3,0,6,0,0
2022-03,46,57,15,2,2,17,37,28,1,10,11,1,0,18,21,58,39,5,0,3,7,6,11,0,4,68,11,10,1,22,28,9,11,3,27,0,2,4,32,5,61,4,12,22,6,3,13,0,19,19,3,11,0,13,0,1
2022-03,47,3,3,1,0,0,2,1,0,0,1,0,0,1,2,5,0,0,0,0,0,1,0,0,0,19,1,1,0,2,2,0,3,0,0,0,0,0,0,2,4,1,3,4,0,0,2,0,4,0,0,1,0,1,0,0
2022-03,48,32,8,4,1,11,4,2,0,6,0,0,0,11,11,37,4,2,1,2,5,1,5,1,0,77,2,5,1,5,2,1,1,6,10,1,0,7,20,4,30,4,22,10,5,0,10,1,6,9,3,3,0,4,0,0
2022-03,49,77,47,5,6,30,31,13,1,19,25,5,10,29,46,116,29,14,2,19,22,8,14,0,5,165,18,19,3,137,25,11,14,19,23,0,3,11,40,12,198,7,37,39,12,3,31,0,36,31,9,15,2,29,0,3
2022-03,50,15,5,0,1,3,7,1,0,3,3,0,0,2,4,12,12,0,0,0,2,0,0,1,0,43,3,4,1,2,1,4,8,0,14,0,11,2,10,0,26,0,6,5,6,2,6,0,5,4,0,6,1,4,0,3
2022-03,51,43,10,12,0,14,11,2,3,7,0,0,0,13,4,36,19,4,0,7,1,3,4,1,1,106,13,3,2,9,7,5,6,0,8,0,0,0,18,4,65,4,59,24,2,1,11,0,9,9,0,5,1,5,0,3
2022-03,52,89,10,11,1,30,4,4,0,2,5,3,0,8,5,42,34,7,0,5,1,0,3,0,1,179,4,5,1,3,16,14,8,14,2,0,0,1,9,10,60,5,15,5,1,11,22,1,5,7,3,3,0,4,0,1
2022-03,53,29,27,3,5,36,27,12,1,7,10,1,0,25,29,99,6,10,2,11,2,13,6,0,0,138,13,7,2,112,27,13,19,6,16,0,4,16,23,2,90,14,17,32,11,1,28,0,20,23,2,10,1,19,0,4
2022-03,54,3,0,1,0,1,1,2,0,2,2,0,0,4,4,6,0,2,0,2,0,0,3,0,1,21,0,2,0,0,1,3,1,1,7,0,0,5,9,0,15,1,7,0,0,0,4,0,3,7,0,2,0,1,0,0
2022-03,55,19,10,4,1,17,3,2,1,3,2,0,0,7,5,17,12,3,0,2,0,2,4,1,1,112,2,3,0,1,2,5,0,9,6,0,0,1,6,0,8,3,13,3,0,5,17,6,0,1,2,6,0,3,0,0
2022-03,56,61,25,19,6,15,22,2,7,19,1,1,0,10,8,76,117,14,1,5,8,2,24,2,1,198,7,5,4,115,14,21,22,17,43,1,6,8,7,8,99,16,39,8,10,16,35,0,0,5,5,13,1,7,0,2
2022-03,57,63,5,10,0,4,6,2,1,8,2,1,0,6,0,18,268,1,0,1,3,0,8,0,1,112,1,0,2,25,10,2,3,3,27,0,1,2,1,1,32,4,12,0,3,1,8,1,1,0,0,3,0,2,0,0
2022-03,58,132,10,174,2,36,14,2,1,5,1,0,0,12,14,84,462,7,0,2,1,0,4,0,4,167,7,7,3,43,16,13,6,8,53,2,2,21,12,3,34,8,15,4,1,7,18,0,6,9,3,7,1,4,0,0
2022-03,59,43,6,3,1,16,8,4,0,7,1,0,0,4,2,15,206,3,1,0,3,0,5,0,4,86,2,11,3,6,0,7,0,0,12,1,0,9,14,1,46,7,66,4,3,15,6,0,0,2,3,2,0,0,0,2
2022-03,60,62,12,16,1,20,15,2,2,9,4,3,0,13,11,46,94,6,3,4,6,2,11,0,4,105,5,0,1,144,22,11,9,9,26,0,0,3,4,8,26,3,33,2,0,6,12,0,4,3,8,8,2,3,0,3
2022-03,61,129,6,43,3,30,28,17,10,9,22,4,0,8,20,84,269,5,2,9,9,9,15,3,9,195,5,16,5,70,28,21,7,13,51,0,3,22,24,6,67,5,26,16,10,14,29,1,16,15,4,17,0,4,0,1
2022-03,62,52,15,9,0,8,4,2,1,1,2,1,0,4,4,32,173,2,1,2,0,0,1,0,2,133,2,5,0,36,2,0,8,1,24,2,0,3,4,1,30,0,5,8,2,7,7,5,0,5,3,1,1,6,0,0
2022-03,63,149,14,19,3,14,26,6,5,1,0,2,0,16,7,59,262,8,0,3,2,5,14,1,6,131,2,2,1,43,14,4,12,9,81,0,5,8,16,7,58,5,26,4,4,4,10,1,3,13,3,6,0,5,0,2
2022-03,64,63,5,11,1,14,6,2,0,5,0,0,2,5,3,54,20,10,2,0,0,0,4,1,0,133,0,3,0,161,3,17,9,7,19,0,4,6,4,4,61,4,6,3,1,4,4,2,2,4,6,4,0,1,0,0
2022-03,65,110,28,16,3,31,20,2,2,7,1,0,1,11,3,65,125,8,2,1,6,0,5,0,2,210,3,6,3,31,5,11,13,12,26,0,3,5,11,4,42,4,4,2,2,3,12,6,0,4,1,4,1,2,0,0
2022-03,66,106,11,25,8,30,36,23,4,22,14,5,5,20,30,108,232,14,1,13,10,6,16,0,10,166,12,13,6,85,22,15,15,10,46,2,6,8,39,10,106,10,58,26,6,6,20,12,9,24,7,23,0,13,0,1
2022-03,67,82,16,46,2,38,36,15,6,21,30,1,2,28,45,143,78,5,1,7,22,3,11,5,8,276,6,12,3,94,46,10,34,6,40,2,4,4,32,8,55,8,32,40,8,3,28,0,26,30,4,24,0,10,0,2
2022-03,68,28,4,4,0,17,37,18,0,6,35,3,2,14,41,78,31,7,2,6,40,5,8,1,4,126,11,8,1,77,23,12,15,2,23,0,3,9,24,14,81,5,27,22,10,1,22,3,36,26,2,16,1,7,0,2
2022-03,69,84,16,6,1,14,47,23,7,8,27,2,0,24,33,51,24,9,2,22,16,7,5,2,2,110,4,26,8,37,18,2,12,12,54,3,5,6,27,13,40,4,24,19,10,3,22,0,23,17,2,17,1,7,0,0
2022-03,70,72,14,10,7,25,6,5,6,16,6,1,5,26,11,121,141,3,2,9,1,3,8,1,1,282,3,12,4,59,19,19,16,23,97,0,0,10,18,5,84,4,20,19,9,4,28,0,5,12,4,17,2,10,0,0
2022-03,71,109,34,9,8,37,61,21,8,24,17,2,2,28,31,111,23,12,3,16,10,3,9,2,1,202,10,15,4,80,43,8,21,14,34,1,3,3,33,29,102,5,16,18,10,5,24,0,16,31,7,12,2,23,0,4
2022-03,72,19,12,12,0,21,3,3,1,11,1,0,2,6,2,51,23,8,1,3,4,2,5,0,0,218,3,3,1,6,4,6,11,10,5,0,0,2,3,2,65,11,18,25,8,14,26,0,5,4,7,9,0,6,0,6
2022-03,73,65,18,3,4,33,11,4,2,11,4,1,0,31,21,67,11,12,6,16,5,1,10,0,1,253,10,10,5,40,20,5,16,13,22,5,2,4,18,12,132,4,20,34,12,0,28,0,16,15,6,16,0,16,0,2
2022-03,74,14,4,9,1,14,5,0,0,4,0,0,0,6,0,50,0,2,0,7,1,0,1,3,1,176,16,3,0,16,3,14,5,9,18,1,2,7,2,0,27,2,10,7,6,2,10,0,3,1,2,3,0,3,0,0
2022-03,75,31,14,5,3,18,9,1,0,13,3,2,0,9,9,60,2,7,5,7,0,3,4,2,1,226,10,7,3,32,12,5,9,10,17,1,1,6,12,6,70,7,9,31,3,5,17,0,10,9,3,8,0,10,0,6
2022-03,76,11,0,1,0,6,4,1,0,2,0,1,0,7,1,6,7,1,0,0,3,0,0,1,0,33,1,6,1,1,1,5,0,2,1,0,0,0,0,0,21,3,6,3,0,1,3,0,0,1,0,0,0,0,0,0
2022-03,77,63,7,31,0,9,20,9,6,5,1,1,2,9,4,26,135,5,2,5,9,1,5,0,0,122,1,1,7,37,10,6,15,17,58,2,2,2,4,5,66,5,52,9,9,27,8,0,0,3,7,15,2,1,0,23
2022-04,0,3940,602,1866,155,1354,1796,569,124,673,532,107,87,889,960,3565,6808,685,122,369,446,186,494,89,195,12457,354,599,211,4025,1095,699,1104,856,1083,55,223,453,969,551,3096,477,1874,1225,652,1170,1579,1677,509,598,363,1077,45,292,42,575
2022-04,1,63,1,7,5,13,36,5,1,19,1,0,0,18,3,19,137,6,0,8,6,0,7,3,1,189,0,5,3,112,14,13,11,4,52,0,0,5,14,0,43,6,33,13,4,10,9,14,1,11,12,17,1,0,0,18
2022-04,2,112,16,103,1,17,31,8,1,6,3,2,2,21,4,56,93,10,0,11,8,2,5,1,2,277,1,7,3,112,22,17,21,16,26,3,0,10,7,10,63,5,33,15,19,21,30,31,3,3,8,19,1,7,0,11
2022-04,3,45,3,27,1,8,46,9,0,3,7,1,2,12,16,9,169,14,0,14,5,0,6,5,4,183,4,11,6,48,8,6,23,6,19,1,0,8,4,11,13,9,38,17,11,13,9,19,3,3,13,32,1,2,0,26
2022-04,4,40,4,36,1,19,18,2,0,7,1,0,1,10,5,24,92,9,4,6,10,0,4,0,1,217,1,5,1,51,5,15,14,9,9,1,2,3,5,19,20,1,27,19,7,12,14,25,1,3,5,28,0,5,0,25
2022-04,5,47,1,30,2,25,10,3,1,11,0,2,0,9,8,34,176,10,1,1,6,2,2,3,3,257,2,5,7,65,11,11,26,17,14,1,6,3,0,4,21,5,13,19,10,30,29,41,5,0,11,24,0,3,0,20
2022-04,6,55,7,87,7,17,30,10,3,7,1,6,14,23,10,40,244,23,1,7,16,1,7,4,6,402,3,5,12,150,23,10,53,16,50,1,3,6,3,13,14,8,64,13,11,44,20,36,2,4,22,53,2,2,0,44
2022-04,7,22,2,30,3,25,24,6,1,11,2,2,6,13,9,42,188,23,0,8,7,0,28,2,4,311,4,7,4,94,34,21,33,28,58,0,6,9,4,15,45,12,57,9,17,39,10,28,2,2,12,54,0,3,0,20
2022-04,8,16,2,5,1,5,17,4,3,8,11,2,2,5,6,8,170,12,1,2,4,1,7,0,2,324,0,11,15,39,17,17,11,26,55,4,4,16,3,21,46,29,53,5,1,13,14,8,2,10,5,15,0,3,0,0
2022-04,9,6,4,18,1,9,4,1,2,2,1,0,0,7,0,22,0,3,0,0,2,0,1,0,0,127,2,1,1,10,0,3,3,7,2,0,0,2,0,1,27,0,2,10,7,21,13,14,2,0,5,5,0,1,0,2
2022-04,10,43,5,47,2,30,5,0,0,14,1,1,1,27,3,64,18,4,2,9,3,5,6,2,1,407,28,19,4,98,5,32,9,15,11,0,2,5,4,5,58,7,6,32,10,44,54,35,3,3,12,13,0,2,0,7
2022-04,11,50,4,38,4,11,12,4,0,13,1,1,3,9,5,32,46,3,1,4,11,0,3,1,2,161,1,2,4,56,9,8,14,21,12,0,1,5,3,6,45,5,15,9,9,21,29,34,1,2,7,23,1,1,0,14
2022-04,12,16,5,10,5,10,2,0,1,13,0,0,2,16,0,37,24,7,3,7,1,0,5,0,0,278,5,3,0,22,2,5,8,18,6,0,0,2,3,6,17,7,20,25,15,20,30,31,0,6,9,20,1,1,0,23
2022-04,13,27,1,31,0,4,9,2,0,7,2,1,1,9,3,20,28,3,0,3,0,1,4,0,0,157,3,3,1,19,7,1,3,9,5,0,0,2,5,2,23,2,15,12,4,4,16,14,2,1,0,11,0,1,0,12
2022-04,14,55,11,65,2,13,21,11,4,9,0,1,1,20,9,49,100,9,2,8,1,1,2,0,3,221,2,8,3,87,8,11,13,10,8,0,9,5,2,2,61,6,20,12,19,16,20,32,8,2,10,24,0,3,0,19
2022-04,15,103,26,68,1,50,33,8,0,9,1,3,1,18,12,90,132,18,4,21,9,1,15,2,3,234,7,10,3,134,19,20,31,38,11,0,0,3,7,4,63,5,25,30,22,72,71,41,9,6,10,23,0,7,0,26
2022-04,16,109,5,52,0,33,16,4,5,15,1,2,0,8,11,77,209,15,1,10,10,0,10,5,2,360,11,12,1,111,18,13,40,10,21,0,2,7,11,10,63,9,16,28,21,39,35,31,6,2,17,38,0,2,0,32
2022-04,17,74,16,41,4,24,16,2,1,19,1,1,0,16,0,74,31,18,3,12,10,3,6,0,5,142,4,12,2,72,11,11,13,28,7,1,4,7,3,5,105,13,15,17,10,31,66,45,6,4,3,16,0,4,0,5
2022-04,18,23,10,6,1,2,12,2,4,2,1,1,0,5,2,26,12,9,1,0,10,2,7,0,2,69,2,3,0,22,9,2,1,7,7,0,0,2,2,1,9,2,6,6,3,2,7,10,2,2,1,13,0,1,0,5
2022-04,19,96,15,75,6,46,29,6,1,25,1,1,0,19,31,135,141,13,7,12,1,1,15,4,1,206,10,4,3,105,22,8,17,20,20,0,6,4,15,8,86,10,78,20,12,22,34,62,8,4,7,17,0,8,0,7
2022-04,20,42,10,27,1,16,6,2,3,2,1,0,0,11,6,35,30,6,1,0,2,2,3,0,1,51,0,4,0,48,4,4,14,5,22,0,1,0,4,16,13,1,10,4,4,8,15,12,2,4,3,8,0,2,0,5
2022-04,21,54,10,23,5,21,18,7,0,8,2,0,1,15,5,43,182,9,0,8,9,0,6,0,3,210,5,10,5,61,12,9,17,17,10,1,2,17,5,4,18,1,29,8,10,8,15,16,4,2,2,27,0,2,0,23
2022-04,22,105,12,94,3,39,41,8,3,25,7,2,0,32,11,65,510,25,3,11,22,10,13,1,9,281,24,6,6,141,31,26,39,23,68,1,2,14,9,15,55,14,55,24,21,47,29,118,9,5,14,42,1,2,3,34
2022-04,23,112,6,33,5,36,59,12,2,13,26,3,0,15,85,98,98,17,0,9,13,0,16,1,7,185,6,6,1,91,46,8,36,14,17,3,8,14,23,12,38,5,14,23,7,11,14,40,11,12,5,23,0,9,3,7
2022-04,24,95,11,108,3,49,52,7,3,20,9,2,0,19,24,70,603,41,5,9,19,7,15,1,8,351,23,5,13,217,45,6,43,28,52,2,2,9,13,33,54,17,81,25,10,38,17,49,9,1,26,59,1,2,0,43
2022-04,25,243,14,89,7,62,107,34,4,24,28,4,2,22,77,172,103,37,5,16,24,9,11,4,11,398,16,32,7,119,47,12,46,23,31,0,6,10,48,13,103,10,46,54,24,16,62,55,27,30,4,43,0,18,0,6
2022-04,26,32,2,19,2,12,21,8,1,1,18,1,0,3,34,51,6,3,0,3,3,2,2,0,1,84,1,7,1,13,14,2,12,1,3,0,3,2,12,4,21,2,7,10,5,0,11,4,13,13,0,5,1,3,0,0
2022-04,27,67,7,17,4,9,22,10,0,10,20,1,0,6,34,33,23,8,0,1,4,5,2,6,3,77,2,5,0,61,17,3,6,3,7,1,6,17,8,9,21,8,31,11,13,7,10,7,12,7,1,6,1,1,5,3
2022-04,28,47,4,17,0,17,28,12,1,11,15,5,0,10,28,24,182,16,1,4,5,3,5,5,4,397,6,10,15,81,14,11,26,15,41,1,3,14,22,41,101,14,144,12,2,14,7,12,9,7,8,43,0,1,0,1
2022-04,29,100,12,39,3,20,31,15,7,5,65,2,0,9,31,64,44,11,1,10,8,0,3,3,2,94,9,16,2,96,25,7,12,8,6,0,1,4,52,14,19,5,32,21,4,18,14,22,10,21,4,23,1,3,3,4
2022-04,30,104,2,48,2,34,34,3,0,14,5,2,2,15,23,70,331,8,2,5,6,2,14,1,14,331,3,7,1,83,21,10,17,8,22,0,5,3,15,3,36,6,15,10,14,36,11,17,6,17,1,10,0,1,1,5
2022-04,31,36,10,19,2,16,32,8,0,13,6,1,0,15,11,42,315,5,0,0,5,1,1,0,3,318,4,6,6,84,9,8,10,9,25,1,4,9,17,11,75,6,37,1,3,9,3,6,3,1,6,23,0,2,1,1
2022-04,32,18,1,9,0,1,9,1,3,4,5,2,3,1,0,1,174,13,0,0,8,0,4,2,1,89,0,8,7,10,7,3,1,15,43,1,2,7,4,9,37,19,82,1,0,4,2,0,1,0,3,4,0,0,0,1
2022-04,33,10,2,9,0,0,6,7,1,6,3,0,0,3,2,3,10,4,1,1,4,0,1,0,1,28,0,4,3,8,5,4,3,6,3,0,0,1,1,4,12,4,22,2,3,2,1,0,1,2,0,6,0,0,0,3
2022-04,34,14,1,4,0,5,0,2,0,1,2,0,0,3,5,14,65,2,0,0,0,0,0,0,0,37,0,5,2,25,3,1,2,1,9,0,2,2,0,0,8,9,18,0,1,1,1,7,0,2,2,1,0,1,0,0
2022-04,35,26,1,2,1,4,8,4,0,24,1,1,3,3,5,9,8,4,0,1,0,1,0,1,0,25,0,2,3,1,1,4,4,0,6,0,0,2,5,1,29,6,4,1,2,2,0,5,2,3,1,6,1,0,0,0
2022-04,36,4,2,0,1,1,2,6,0,2,0,1,1,1,0,3,1,1,0,0,0,1,1,2,0,6,0,2,0,1,1,1,1,4,2,1,1,2,2,0,1,4,3,0,0,0,0,2,1,0,0,0,0,0,0,0
2022-04,37,7,1,2,0,3,4,1,0,0,1,1,0,2,3,16,24,1,0,0,0,2,2,0,0,14,1,1,0,17,1,0,2,0,0,0,0,0,2,3,3,3,3,4,3,0,3,4,0,1,0,3,0,0,0,0
2022-04,38,57,1,11,5,7,29,9,1,4,12,1,0,9,14,13,4,0,1,6,4,2,3,2,2,31,1,9,1,29,9,7,10,5,5,0,0,3,4,15,30,3,27,4,4,1,8,14,4,4,1,5,0,6,0,2
2022-04,39,18,0,7,1,2,16,4,0,0,1,0,2,3,2,13,1,7,0,2,1,0,4,0,0,29,0,3,0,15,7,1,6,1,11,0,0,0,1,0,18,1,2,0,5,1,4,3,2,0,0,1,0,0,0,2
2022-04,40,7,1,1,0,1,25,11,0,1,7,0,0,7,13,9,2,3,0,1,1,1,0,0,1,63,0,12,2,25,8,0,4,2,3,0,8,5,6,1,17,2,25,4,0,1,5,19,1,5,0,11,0,2,0,1
2022-04,41,8,1,7,0,3,12,5,0,4,2,2,0,8,3,7,4,6,0,1,7,1,3,2,0,100,0,4,2,15,17,3,1,1,7,2,0,7,5,4,13,1,22,1,9,19,3,6,1,5,8,7,1,1,0,3
2022-04,42,43,7,19,3,8,31,15,1,4,9,1,0,8,12,27,0,10,0,6,5,4,2,2,4,129,6,10,0,22,17,4,11,6,12,0,3,5,16,11,40,12,3,10,12,2,8,11,11,5,3,12,1,5,0,2
2022-04,43,81,11,16,1,13,87,35,1,26,12,2,1,16,14,50,2,16,8,5,12,11,14,2,3,231,6,22,5,36,38,15,29,4,17,0,1,7,27,6,81,6,10,16,24,4,32,30,13,24,6,15,3,13,0,4
2022-04,44,51,17,25,5,12,66,41,3,10,5,2,1,24,29,51,8,12,1,0,4,1,7,0,5,129,8,14,2,21,26,12,22,15,9,2,5,2,29,14,119,5,10,27,14,6,34,28,16,12,3,18,2,7,3,3
2022-04,45,28,12,3,0,11,4,0,0,8,1,1,0,6,7,29,9,2,0,3,0,1,1,0,0,59,0,0,2,9,3,1,9,4,0,0,4,8,7,1,14,8,19,16,5,4,16,16,2,8,1,3,0,2,0,2
2022-04,46,80,8,8,1,23,29,13,0,14,14,2,1,21,10,68,33,4,0,3,5,2,9,0,2,129,5,5,2,29,18,6,31,2,23,1,2,1,33,2,52,4,13,45,13,1,29,40,13,19,5,13,1,8,0,4
2022-04,47,4,2,1,1,4,2,1,0,1,0,0,0,1,2,10,0,1,0,2,0,1,1,0,0,26,1,2,0,4,4,0,1,1,3,0,0,0,5,0,5,0,4,9,1,0,3,2,5,1,1,0,0,1,0,1
2022-04,48,23,15,5,2,14,10,3,1,0,3,3,0,4,5,38,1,6,0,3,3,0,5,0,1,129,1,3,0,7,3,3,11,8,9,0,4,10,26,8,14,14,3,13,12,8,27,23,3,10,0,5,1,5,0,3
2022-04,49,80,27,19,3,38,51,21,2,12,32,2,19,35,24,134,13,15,3,9,4,8,14,3,2,161,11,15,1,50,27,24,16,29,3,2,10,12,46,21,136,4,18,48,11,3,53,40,45,36,7,14,4,16,1,4
2022-04,50,13,5,2,2,7,8,2,0,7,3,1,3,4,3,12,1,0,2,0,2,0,1,0,0,38,1,8,1,3,6,1,2,4,1,0,2,0,13,1,1,0,1,16,6,0,12,6,10,12,0,6,0,4,0,1
2022-04,51,30,6,4,0,20,8,3,2,5,1,0,2,9,8,38,28,8,2,6,2,13,2,1,0,53,4,9,2,8,5,2,6,5,3,0,2,1,10,3,17,6,24,30,7,5,9,17,8,7,1,6,1,3,0,2
2022-04,52,74,8,30,0,26,10,1,2,8,3,1,0,8,6,40,35,8,1,4,2,0,13,0,2,74,5,17,0,2,15,7,10,9,3,1,0,5,11,1,20,1,10,6,6,4,10,14,7,3,1,1,0,7,0,2
2022-04,53,45,20,11,5,25,32,22,1,12,17,2,0,9,23,74,7,9,4,5,2,5,27,0,2,94,5,10,1,36,31,10,15,13,1,1,0,5,25,11,97,11,10,45,10,2,52,38,26,30,2,12,1,11,3,3
2022-04,54,6,0,0,0,4,4,1,1,0,1,1,2,3,4,2,0,2,0,0,0,0,1,0,0,51,0,3,0,0,6,3,2,0,1,0,0,3,9,0,4,0,2,4,1,0,0,0,0,11,1,0,0,0,0,0
2022-04,55,7,9,5,0,12,2,0,0,4,2,0,0,4,3,14,11,8,1,0,2,1,4,0,1,61,1,5,1,4,1,5,6,4,2,1,2,2,2,2,21,1,10,13,4,3,27,17,3,3,1,5,0,1,0,0
2022-04,56,59,20,22,5,23,12,4,1,9,1,1,0,10,2,73,72,14,6,5,9,3,14,0,1,145,3,4,3,85,15,15,14,23,4,1,7,3,12,4,57,11,16,14,8,14,59,32,2,3,7,7,1,5,0,3
2022-04,57,34,4,7,0,4,8,5,0,6,0,0,1,5,3,18,189,1,0,0,1,2,5,0,5,61,0,3,0,14,11,4,6,5,11,1,11,9,3,2,16,1,10,6,0,1,6,6,0,1,1,5,0,1,0,1
2022-04,58,66,7,17,1,17,21,5,4,6,2,2,0,6,6,50,312,3,1,2,5,2,12,0,5,95,4,9,1,31,19,11,14,3,16,0,5,5,13,2,26,4,16,10,3,1,12,9,2,4,1,4,0,6,0,2
2022-04,59,36,3,21,0,15,3,1,0,5,1,1,0,6,7,39,222,0,3,1,3,1,0,3,1,86,12,3,1,17,1,4,2,2,5,1,1,5,6,0,3,4,24,4,1,13,3,9,0,8,2,2,1,2,0,3
2022-04,60,35,9,12,1,26,23,0,5,6,2,2,0,8,4,54,53,5,0,2,10,2,5,0,3,73,3,2,2,133,16,3,10,13,3,0,0,4,4,7,15,5,21,10,5,24,16,28,2,3,2,0,0,2,1,4
2022-04,61,112,5,13,3,17,44,9,5,4,25,3,1,13,17,66,133,10,3,7,3,4,10,0,10,118,4,16,4,58,24,4,6,3,28,2,7,11,31,5,43,9,33,13,9,9,25,29,14,24,6,11,0,7,3,1
2022-04,62,57,7,4,1,9,6,2,0,8,4,0,0,10,2,38,143,1,0,1,0,0,1,0,1,46,2,3,1,33,4,2,6,0,10,3,2,4,9,0,35,0,7,9,2,23,12,2,0,3,1,5,1,2,1,0
2022-04,63,95,14,45,2,27,49,4,6,8,2,0,0,15,12,50,211,6,2,8,7,1,3,0,2,153,8,8,0,35,5,1,5,10,9,1,9,3,16,6,6,7,4,11,6,5,12,13,2,2,4,3,0,3,2,2
2022-04,64,43,8,6,1,9,6,1,0,3,1,2,0,1,1,42,25,8,1,4,4,0,7,0,2,78,2,1,1,141,5,12,9,15,2,0,4,5,6,2,55,0,14,10,5,5,23,13,0,0,4,0,0,1,0,2
2022-04,65,59,12,11,2,22,8,1,2,8,1,0,0,9,2,65,72,8,0,0,4,8,6,0,2,167,1,10,2,21,2,8,15,40,10,0,2,6,12,2,14,0,5,5,2,9,15,22,0,7,3,2,0,1,0,1
2022-04,66,81,7,28,3,28,42,21,5,11,10,3,0,17,29,88,163,13,4,7,1,6,8,0,8,212,2,11,1,83,22,17,23,10,18,1,7,11,46,12,83,6,9,23,7,5,32,24,11,18,4,19,1,8,0,1
2022-04,67,48,7,8,0,25,39,13,5,12,22,1,2,6,41,94,35,9,2,6,18,1,7,1,7,79,13,18,1,79,19,20,25,11,7,1,5,3,39,8,61,9,79,57,10,2,21,13,21,40,3,10,1,5,3,0
2022-04,68,33,9,0,0,17,52,15,3,8,22,1,1,16,40,58,16,4,1,4,24,3,5,0,2,87,2,13,1,67,33,5,16,7,10,3,2,11,27,14,57,5,30,25,15,3,32,27,31,15,1,4,2,1,2,1
2022-04,69,60,11,14,2,18,49,24,6,8,14,1,1,51,23,74,7,7,3,9,20,5,5,0,4,107,3,17,9,46,30,13,23,9,7,1,3,6,38,5,45,5,21,23,17,5,25,29,29,15,2,11,1,9,1,0
2022-04,70,68,13,11,2,31,21,3,1,7,17,1,0,8,12,118,81,14,3,7,6,4,11,12,2,329,7,13,1,45,18,23,22,24,28,0,1,6,24,9,134,13,63,18,10,8,37,37,2,9,7,16,0,5,3,8
2022-04,71,94,20,12,1,43,58,18,8,25,12,2,0,26,22,121,32,17,6,17,8,12,15,0,3,327,8,19,2,85,41,31,31,25,11,3,10,6,35,10,29,2,7,35,7,7,32,35,15,24,4,18,2,12,1,4
2022-04,72,18,5,24,2,25,11,0,0,5,1,1,1,7,2,46,14,5,3,2,4,0,6,0,0,313,10,8,1,13,4,20,11,4,4,0,0,2,5,4,34,4,23,38,8,132,42,20,1,6,5,4,1,6,1,8
2022-04,73,59,15,16,3,20,22,4,1,13,12,3,1,14,11,65,10,12,2,5,3,2,10,0,0,220,10,6,7,50,16,7,8,12,7,0,4,11,19,15,128,15,20,23,25,4,47,31,13,13,2,12,0,12,1,3
2022-04,74,11,6,15,2,11,5,1,0,3,0,0,0,7,0,34,2,0,3,3,0,4,2,1,0,176,7,4,1,28,2,14,6,9,1,0,0,7,2,3,33,6,17,19,2,69,25,17,2,2,3,2,3,2,0,3
2022-04,75,40,15,12,5,11,11,3,0,10,7,3,0,12,13,41,2,1,2,1,3,4,3,1,0,240,4,5,2,34,9,9,10,15,0,1,4,18,7,3,34,9,14,37,15,45,28,15,5,10,4,8,1,6,0,6
2022-04,76,10,2,5,0,5,2,0,0,1,0,2,0,5,0,7,2,1,0,0,0,0,0,0,1,45,0,2,0,2,2,8,1,4,5,0,1,2,1,0,9,2,12,1,1,0,4,2,0,0,1,0,0,0,0,0
2022-04,77,49,7,54,4,15,27,14,1,4,1,2,0,8,8,24,134,9,4,1,5,6,9,0,1,215,4,4,3,46,9,21,14,14,14,2,2,8,2,2,14,6,47,5,12,27,14,13,1,0,6,23,2,1,0,31
2022-05,0,3752,678,1602,228,1569,1936,576,190,694,847,126,149,1403,1102,4183,8343,791,159,505,474,183,649,1062,202,7765,343,839,242,4635,1524,729,1232,928,962,63,241,496,1133,462,3835,396,2570,1612,1028,1090,1726,3175,698,605,586,1351,44,373,2209,1339
2022-05,1,47,3,12,2,7,45,6,2,3,2,3,1,16,7,18,161,11,1,4,4,4,17,4,2,156,6,6,6,99,17,9,18,8,15,3,8,12,5,1,32,2,41,10,18,9,14,47,0,11,10,11,0,0,0,28
2022-05,2,82,21,78,9,21,49,5,7,13,4,2,6,31,10,74,97,24,5,10,12,3,7,0,2,219,0,15,9,129,37,35,46,25,15,0,4,2,11,11,60,6,42,21,26,8,36,75,6,6,24,50,2,8,11,38
2022-05,3,34,4,30,4,5,65,7,2,11,6,0,21,15,37,10,187,9,2,7,3,1,4,0,5,96,0,9,5,46,16,4,22,13,23,0,0,1,9,6,26,12,35,10,4,21,14,33,2,6,9,40,1,2,3,53
2022-05,4,40,3,46,0,19,19,2,1,12,2,2,3,15,2,33,91,5,0,6,5,1,1,4,3,111,2,12,6,57,18,9,19,9,20,0,1,4,11,10,33,8,27,17,20,9,18,52,2,1,11,28,0,4,0,34
2022-05,5,40,4,41,1,25,12,1,2,6,0,1,6,19,5,38,195,11,3,4,3,3,6,5,2,144,5,17,3,99,14,16,20,20,19,0,3,1,5,5,18,7,88,22,29,23,18,66,2,0,12,42,0,0,4,51
2022-05,6,39,8,38,5,37,41,22,3,19,4,3,29,46,22,61,329,26,1,15,13,3,7,2,1,220,3,18,10,178,32,19,33,19,48,1,4,11,4,5,56,4,69,20,16,31,53,64,2,4,20,46,2,6,0,75
2022-05,7,33,0,40,11,22,25,10,2,17,2,1,5,28,22,42,265,28,3,6,13,3,13,1,2,209,6,14,7,112,39,12,28,30,41,1,0,3,13,10,26,12,68,10,16,9,31,44,2,3,14,42,0,3,2,44
2022-05,8,24,1,13,4,1,21,9,13,6,4,6,0,22,10,5,363,18,2,6,4,0,7,1,4,164,1,10,17,47,44,11,9,22,33,7,4,12,5,30,44,14,147,1,5,2,14,19,1,7,12,13,1,3,0,4
2022-05,9,7,1,18,0,11,2,0,0,10,0,0,1,6,0,14,1,1,0,0,5,1,3,3,0,86,5,2,0,15,1,10,13,10,4,0,0,0,1,1,18,2,11,6,9,28,22,24,2,1,2,4,1,2,2,4
2022-05,10,36,12,27,4,34,14,3,2,15,1,1,1,19,3,101,25,10,2,11,12,2,13,0,0,199,15,40,4,89,14,27,29,27,8,1,0,8,10,5,49,3,17,41,29,68,62,65,4,3,9,18,0,4,5,22
2022-05,11,45,6,22,4,24,9,3,1,9,0,1,0,13,5,53,51,4,0,13,7,2,1,0,0,96,3,7,1,81,22,6,18,9,7,0,0,2,3,7,43,3,14,16,12,12,36,48,6,1,8,20,0,4,7,38
2022-05,12,14,5,9,4,16,6,3,2,8,0,1,1,13,0,37,23,4,0,5,7,0,2,0,2,161,5,4,2,32,8,10,15,12,3,0,0,3,3,2,22,1,19,39,31,21,25,62,2,2,7,11,0,4,1,40
2022-05,13,28,7,29,1,8,11,4,0,6,1,0,2,4,2,23,30,6,1,5,1,0,6,1,2,62,3,9,0,20,10,2,9,10,5,0,0,2,3,2,20,2,31,14,10,9,13,22,2,1,5,13,0,1,2,12
2022-05,14,55,11,59,3,13,20,9,4,10,0,1,0,15,17,54,129,13,1,7,6,1,1,1,3,159,3,15,2,87,16,13,23,9,24,2,1,7,8,4,34,2,43,14,14,24,34,58,0,2,15,38,1,8,3,54
2022-05,15,95,13,63,9,54,30,3,4,15,0,1,1,26,20,115,95,18,3,16,16,2,27,4,0,169,4,12,3,174,43,26,35,28,15,0,0,9,21,4,84,4,72,37,30,38,73,86,8,7,7,33,0,10,7,101
2022-05,16,88,10,43,4,32,27,7,2,9,0,2,5,24,19,86,198,13,3,8,13,0,10,1,3,173,6,8,1,131,35,11,19,28,33,2,1,5,3,6,79,5,38,39,30,32,35,69,11,5,11,38,1,5,11,83
2022-05,17,86,20,45,2,30,11,8,2,15,3,0,3,36,5,121,49,25,6,22,7,3,16,9,2,122,5,12,0,93,28,9,16,43,7,1,2,2,4,8,81,3,21,27,16,110,69,75,8,3,6,18,2,5,7,35
2022-05,18,33,10,6,2,10,14,2,1,4,1,1,1,14,2,27,13,3,5,2,3,0,0,0,1,62,3,3,0,21,11,7,10,12,4,0,3,8,5,1,31,2,2,11,4,7,12,11,2,2,2,6,0,3,3,8
2022-05,19,101,17,72,13,69,37,9,7,13,3,6,0,16,29,155,205,12,6,9,5,3,14,7,4,166,8,12,1,120,18,28,32,29,15,1,4,11,14,5,129,6,82,27,21,12,40,80,9,7,9,31,3,11,4,16
2022-05,20,19,4,10,2,16,13,3,2,10,2,0,0,3,8,33,84,3,0,3,3,1,3,0,1,40,0,3,0,42,8,3,14,5,9,0,0,3,8,1,11,0,7,8,3,84,19,28,0,2,5,7,0,3,7,14
2022-05,21,48,6,20,2,21,17,2,0,15,0,2,0,22,13,53,257,4,0,7,5,2,11,10,7,81,8,6,5,56,16,8,25,9,12,0,0,5,4,3,53,1,26,14,7,22,27,37,5,3,16,26,0,3,3,26
2022-05,22,101,16,73,2,54,35,10,7,19,4,5,1,26,27,87,489,33,2,8,21,2,13,3,13,153,14,9,5,138,43,15,49,21,38,0,6,13,10,14,76,8,204,27,19,78,52,125,5,3,21,42,1,4,12,110
2022-05,23,102,7,32,1,32,48,9,6,7,28,5,2,38,51,104,107,17,3,14,10,7,17,40,6,104,7,25,3,96,30,10,21,6,10,0,5,7,31,8,30,4,32,32,9,48,17,67,9,12,16,17,1,10,44,18
2022-05,24,86,12,132,6,69,43,7,5,21,9,9,0,64,53,118,763,40,3,23,16,6,31,6,5,302,31,13,10,261,52,16,34,34,35,0,1,13,18,43,78,11,93,23,30,31,35,89,6,6,28,70,0,9,14,108
2022-05,25,166,17,78,13,75,94,39,4,25,32,6,2,37,61,200,84,43,17,18,19,9,15,6,3,255,11,24,10,139,49,11,49,24,33,0,7,11,57,9,75,16,90,57,32,15,67,106,27,31,21,54,3,24,58,26
2022-05,26,94,8,15,0,13,22,11,4,7,17,2,0,8,31,57,42,5,0,0,0,1,6,1,2,30,5,6,0,11,16,7,1,1,4,2,7,4,15,2,51,2,27,14,7,3,7,24,19,7,2,8,0,2,32,0
2022-05,27,28,5,11,1,14,17,9,1,8,26,0,0,15,34,50,36,13,0,7,2,0,7,1,5,56,5,12,0,60,15,3,3,5,4,0,0,4,11,3,52,11,55,10,2,7,3,17,7,3,1,10,0,2,29,7
2022-05,28,56,6,12,3,9,29,11,4,7,7,2,0,8,15,21,382,14,2,5,11,1,3,24,6,306,3,5,12,74,33,18,20,21,40,1,10,17,16,19,58,3,80,8,7,5,8,16,2,3,6,38,0,0,25,4
2022-05,29,44,9,16,1,23,42,11,2,6,82,2,0,18,59,81,37,14,1,7,8,2,8,4,1,71,4,10,2,78,15,9,12,8,8,0,7,8,22,3,59,10,45,27,11,8,19,31,14,12,6,11,1,5,113,8
2022-05,30,114,5,29,1,35,43,7,8,23,9,3,0,21,28,92,299,13,6,7,7,3,14,299,14,203,8,16,3,91,28,13,27,10,13,0,2,10,12,6,84,12,32,13,12,17,27,58,3,9,16,19,0,1,6,5
2022-05,31,29,6,16,6,37,20,7,1,9,3,2,0,7,17,53,374,8,2,11,9,0,5,160,3,233,1,11,7,85,30,9,16,8,10,2,6,9,3,5,175,4,24,3,2,19,7,23,2,5,6,18,0,3,12,2
2022-05,32,25,2,5,1,0,8,0,3,4,1,2,0,8,8,5,247,10,0,2,4,1,1,16,1,94,1,6,7,14,11,8,8,15,52,5,14,11,0,20,53,10,49,1,0,2,3,3,0,3,1,7,0,0,1,0
2022-05,33,14,0,2,0,1,13,1,1,1,0,2,0,4,4,4,26,4,0,2,1,1,0,2,0,52,1,4,2,7,8,6,1,6,6,0,0,0,1,1,8,6,37,6,1,0,5,8,0,2,2,3,0,1,1,5
2022-05,34,10,3,6,0,1,1,2,0,19,1,0,0,3,5,18,66,0,1,2,1,2,1,1,0,27,0,5,5,35,3,6,4,6,4,0,0,2,3,0,11,0,32,1,1,2,5,19,0,0,0,5,0,0,1,1
2022-05,35,21,0,3,1,7,4,1,0,2,1,0,9,8,4,16,4,6,1,0,0,1,0,1,3,34,0,5,1,2,1,1,2,5,1,0,0,1,3,2,16,3,13,4,4,3,4,18,2,2,0,8,0,3,6,0
2022-05,36,12,1,4,0,1,13,3,0,1,1,2,6,2,1,3,0,0,0,1,0,0,3,0,0,3,0,0,0,7,1,1,1,0,4,0,2,3,3,0,2,0,2,3,2,2,3,5,1,1,0,2,0,0,1,1
2022-05,37,5,0,3,0,0,3,0,0,3,4,1,0,1,0,6,7,0,0,1,0,0,1,0,1,4,1,1,1,17,1,0,5,0,0,0,0,0,1,2,0,2,6,8,0,1,1,3,2,1,1,0,0,0,32,1
2022-05,38,48,1,7,2,9,31,12,0,5,35,2,0,5,6,22,9,5,0,6,2,3,3,0,3,26,0,12,1,35,15,3,11,7,0,0,0,4,30,8,23,3,57,6,5,5,17,22,5,11,3,12,1,5,55,3
2022-05,39,29,2,5,1,3,15,12,1,2,2,0,3,9,5,8,6,5,1,3,1,0,3,0,0,24,0,2,1,18,9,1,9,1,3,0,1,2,9,0,33,0,17,6,5,0,3,10,3,2,4,8,0,3,2,3
2022-05,40,11,2,1,0,2,20,9,0,2,20,0,0,3,8,13,8,3,0,4,3,1,3,0,0,32,1,4,2,21,10,6,6,0,2,0,0,0,9,1,6,10,14,6,1,1,1,16,0,1,0,4,0,1,28,1
2022-05,41,13,4,4,2,6,20,6,1,3,0,1,0,3,0,14,16,5,0,0,3,3,4,3,1,59,0,3,4,13,3,2,4,3,4,0,2,4,4,3,40,3,15,10,5,8,17,26,1,3,14,18,0,4,2,5
2022-05,42,46,7,7,4,13,31,5,0,4,12,1,2,16,7,31,2,10,2,6,12,2,10,2,3,46,9,12,6,16,18,7,12,6,10,2,18,9,27,8,22,5,36,8,12,2,13,17,10,8,6,19,0,1,21,2
2022-05,43,121,15,18,5,18,100,42,6,10,15,1,0,52,22,53,15,18,2,4,16,13,15,9,11,222,7,31,6,24,45,14,40,6,27,1,9,6,37,9,77,4,14,43,28,11,25,47,12,18,6,23,0,4,22,9
2022-05,44,62,24,11,10,16,58,18,3,8,15,1,0,68,26,80,23,8,3,3,6,5,7,0,4,71,8,31,3,23,38,9,10,14,11,0,2,6,43,8,107,5,20,52,31,1,17,48,39,28,9,14,0,12,46,12
2022-05,45,17,7,4,3,12,8,3,0,1,4,1,0,9,7,32,6,7,1,3,3,2,4,0,0,46,5,11,1,8,5,3,8,3,3,0,11,5,9,2,27,3,37,29,9,0,11,15,6,9,2,8,1,2,14,11
2022-05,46,51,11,3,4,21,37,13,1,13,17,3,0,26,20,68,38,5,0,3,8,5,18,14,2,38,1,19,1,30,28,7,25,5,9,1,5,6,25,4,73,5,21,35,21,2,18,49,17,23,3,24,1,6,30,3
2022-05,47,12,1,1,0,1,3,1,0,1,4,0,0,0,4,7,2,0,0,2,0,0,2,0,2,37,1,2,0,4,3,0,2,0,0,0,0,4,4,1,6,1,0,3,4,0,1,7,3,5,0,2,0,2,28,0
2022-05,48,16,18,4,2,17,12,0,0,3,13,0,2,26,9,37,3,9,5,5,5,4,10,0,1,57,2,4,3,11,16,5,7,5,5,0,2,7,10,4,47,5,6,30,18,2,22,35,5,9,4,8,1,1,38,2
2022-05,49,76,38,11,4,33,46,14,7,19,101,2,13,38,23,121,22,23,4,6,5,5,12,1,3,143,11,36,5,87,52,18,21,22,8,0,11,13,42,10,140,8,20,57,35,17,40,80,78,32,10,33,2,16,282,9
2022-05,50,6,7,1,0,8,9,2,0,2,6,1,5,6,9,20,0,3,0,2,0,0,6,0,0,23,3,1,1,3,13,2,7,3,0,0,0,0,8,1,8,0,5,12,7,8,10,14,10,4,4,3,0,3,9,3
2022-05,51,20,6,2,0,20,20,2,0,9,5,3,2,21,8,53,7,8,3,4,3,1,3,0,1,51,5,11,2,4,13,3,12,4,4,0,0,4,20,4,48,3,11,33,9,0,15,22,5,3,3,11,1,9,10,5
2022-05,52,69,8,17,1,36,7,2,0,4,2,2,0,14,7,49,32,3,1,2,1,2,11,2,1,36,3,5,0,19,26,2,7,13,32,3,12,38,9,4,35,4,6,4,8,2,30,25,7,10,3,11,2,5,21,0
2022-05,53,58,19,9,5,31,36,18,3,9,52,1,1,27,19,86,4,18,0,14,4,7,19,4,3,84,10,24,4,58,29,7,16,13,4,2,1,6,23,17,88,4,11,67,14,2,46,53,59,35,14,20,1,19,164,1
2022-05,54,10,0,0,0,3,7,3,0,0,5,0,4,5,3,5,0,1,0,0,1,0,0,1,1,47,0,6,0,0,5,2,2,2,1,1,0,0,12,0,7,3,1,19,5,0,1,3,1,4,1,3,0,1,11,0
2022-05,55,8,11,1,3,16,4,0,2,8,1,0,0,6,1,17,28,6,1,2,0,2,5,1,0,39,0,7,0,2,11,1,5,4,0,2,0,8,13,1,12,7,18,12,4,1,12,21,1,4,3,6,0,1,2,4
2022-05,56,50,14,20,2,20,20,4,2,14,4,0,0,16,4,76,151,11,3,16,8,2,22,2,1,84,4,3,4,113,19,19,14,26,12,2,7,6,6,7,55,5,77,20,15,17,44,68,4,4,6,12,5,8,12,11
2022-05,57,23,2,3,0,9,7,1,0,6,2,4,0,6,5,11,219,5,0,1,2,0,1,20,1,62,1,2,0,38,15,2,4,4,14,1,3,14,7,2,6,2,22,3,7,4,7,10,0,1,3,3,0,0,5,0
2022-05,58,70,5,11,3,26,14,7,2,7,0,0,0,7,13,56,400,12,2,7,8,0,16,8,2,96,3,4,3,148,17,11,10,11,26,4,1,12,26,2,49,4,19,13,6,14,16,32,2,2,4,6,0,2,1,7
2022-05,59,33,1,16,0,17,8,1,2,5,1,2,0,16,10,46,253,2,1,2,3,0,8,1,1,66,0,9,0,19,3,10,2,2,5,1,1,4,11,2,18,2,22,4,14,14,9,24,2,2,6,2,0,3,1,3
2022-05,60,41,6,17,2,25,22,1,4,4,2,0,0,12,11,46,60,8,1,6,9,1,11,3,1,93,6,5,2,133,27,11,8,15,17,0,2,1,4,2,44,5,45,17,10,28,26,68,5,1,4,8,0,5,6,7
2022-05,61,129,7,25,4,23,33,7,5,7,24,1,0,14,23,64,134,9,2,5,11,3,12,273,3,126,1,7,5,79,22,10,6,9,17,0,4,7,30,7,97,6,21,17,14,7,24,75,18,16,5,10,1,4,98,3
2022-05,62,41,6,9,2,7,4,0,2,5,2,0,0,6,2,32,137,5,2,4,2,0,4,2,5,38,4,3,0,30,3,6,11,2,5,6,2,7,9,0,7,0,9,10,3,8,11,10,3,4,4,5,0,2,2,4
2022-05,63,66,15,39,0,20,26,1,3,6,9,0,0,29,16,53,338,1,5,4,7,3,13,1,1,113,3,8,1,50,18,4,11,10,26,3,13,20,23,10,19,4,14,23,10,7,17,33,2,9,7,9,0,4,5,3
2022-05,64,37,8,6,4,14,11,0,3,8,1,1,0,2,2,63,9,3,1,5,3,1,14,23,5,23,0,2,0,150,8,11,15,7,7,0,0,7,3,0,73,8,56,10,8,10,9,26,2,3,2,4,1,1,5,10
2022-05,65,45,17,11,5,25,15,1,3,8,1,0,0,6,1,60,101,9,7,4,7,3,3,4,2,62,3,5,4,30,6,12,19,7,4,0,2,3,8,3,26,0,6,8,10,13,16,21,2,2,8,12,0,5,2,7
2022-05,66,78,22,32,7,38,52,18,11,15,17,1,0,17,21,115,149,13,2,9,6,2,31,8,5,119,8,37,7,84,29,20,30,10,10,0,4,10,59,3,96,5,17,24,20,3,22,51,20,22,8,28,1,10,23,4
2022-05,67,78,7,5,2,36,45,11,5,16,52,1,3,38,36,83,33,9,1,9,23,4,9,45,5,69,8,17,2,84,34,8,22,7,2,0,15,6,39,14,30,3,14,41,29,0,32,54,38,20,11,18,2,17,236,9
2022-05,68,57,14,4,2,15,46,15,2,10,42,2,0,24,36,63,22,6,2,5,16,6,10,7,2,77,12,18,1,62,25,7,17,6,7,2,2,2,35,11,55,10,50,38,9,6,11,40,36,20,14,18,0,7,217,5
2022-05,69,64,14,9,0,29,62,21,7,14,33,7,0,39,31,75,2,7,2,10,6,15,10,2,7,64,7,27,5,50,26,4,10,12,7,0,3,4,37,10,74,5,17,29,21,2,17,55,33,30,16,13,0,7,59,8
2022-05,70,66,16,8,3,36,24,3,4,21,4,3,0,28,17,142,81,26,7,25,2,0,14,0,1,161,1,9,4,73,31,22,13,32,13,0,0,5,24,5,102,3,19,29,15,10,29,77,9,9,11,15,1,7,39,14
2022-05,71,96,33,16,4,30,87,49,0,13,30,4,1,41,27,150,17,15,5,15,7,8,8,3,5,105,4,32,3,93,53,13,37,25,9,0,3,4,52,8,192,9,19,51,9,9,30,56,29,28,12,34,1,20,71,8
2022-05,72,22,1,17,2,24,5,4,0,7,1,2,0,15,0,55,4,10,1,5,3,3,4,1,2,35,7,10,1,14,12,10,13,15,2,0,0,0,6,2,77,8,7,59,49,16,47,68,3,7,10,15,1,3,17,11
2022-05,73,53,13,11,1,23,21,1,2,5,22,0,3,31,9,70,9,10,2,8,9,3,9,0,4,93,7,13,0,44,32,11,21,25,5,1,1,9,41,3,102,8,14,37,23,4,39,82,25,20,5,19,1,7,78,9
2022-05,74,7,5,10,1,14,7,2,0,10,0,0,0,12,1,46,5,4,4,9,0,0,4,0,0,48,2,7,1,33,5,13,15,11,3,0,0,10,3,3,15,2,8,26,9,3,34,43,11,0,2,9,0,2,9,2
2022-05,75,33,21,8,2,11,8,5,1,15,27,0,3,17,10,66,1,6,1,5,4,3,10,4,1,120,10,7,0,26,7,14,15,14,4,1,2,11,16,13,75,6,18,57,22,13,39,47,17,15,7,9,0,6,68,16
2022-05,76,22,0,7,2,4,7,3,0,2,1,1,0,8,0,11,6,4,0,4,4,0,2,0,1,27,1,2,5,2,0,3,2,6,3,0,0,1,2,1,14,10,17,4,0,2,3,6,0,0,1,5,0,1,1,2
2022-05,77,67,7,54,12,12,25,13,3,5,3,1,1,14,7,16,180,11,3,4,5,0,5,1,2,181,2,5,4,61,10,8,27,14,19,1,0,7,2,5,33,17,49,19,15,18,17,42,0,4,10,23,0,4,0,47
2022-06,0,3759,673,1154,121,1656,2025,619,228,672,782,105,68,1397,1195,4518,7301,886,191,781,486,219,616,2047,258,5936,551,819,245,5486,1602,676,870,799,1046,63,254,482,1071,505,4635,412,2256,4350,3167,1226,2246,5465,765,625,661,747,47,198,3120,1277
2022-06,1,56,4,7,0,11,35,5,1,5,0,0,3,7,9,20,95,10,1,2,15,2,7,7,9,144,3,8,5,116,12,4,12,7,19,0,1,5,15,2,30,5,36,22,26,9,18,45,0,3,11,3,0,1,5,31
2022-06,2,83,7,37,4,14,55,18,3,6,3,1,0,20,13,57,119,17,3,3,5,1,11,0,6,147,8,12,10,151,38,17,15,14,69,1,7,6,15,6,63,7,66,66,58,19,39,111,7,7,23,12,1,1,13,39
2022-06,3,43,2,22,2,1,117,16,2,6,8,4,2,18,34,16,130,9,2,14,7,3,4,1,6,42,2,13,4,104,19,3,14,10,26,0,0,3,10,9,20,5,23,16,17,10,29,122,1,3,5,24,0,0,2,41
2022-06,4,52,2,16,2,18,16,6,2,12,2,1,1,22,7,43,78,6,1,13,8,5,5,2,0,60,5,11,4,91,14,14,7,12,27,1,7,3,3,7,65,11,32,69,44,7,30,108,4,3,20,16,1,1,3,39
2022-06,5,46,4,29,1,37,9,3,2,23,0,1,2,19,8,31,126,18,1,14,10,1,3,1,1,53,4,10,1,78,16,11,24,10,19,0,5,7,3,13,21,6,39,52,32,48,44,138,3,5,13,15,0,1,4,47
2022-06,6,54,11,51,3,42,34,14,4,10,4,2,5,23,30,64,329,25,5,31,12,10,13,2,5,188,21,5,5,193,21,22,35,26,67,3,2,9,15,6,63,6,88,68,38,78,118,194,2,4,20,45,1,1,8,45
2022-06,7,46,2,18,2,14,21,5,4,4,0,3,7,14,20,44,169,30,2,19,16,1,16,0,4,219,14,10,9,123,42,13,30,21,36,2,0,7,3,7,23,11,86,55,43,36,44,86,4,5,25,42,1,3,9,37
2022-06,8,13,2,11,3,6,21,11,28,7,4,0,0,14,16,6,273,30,2,3,3,0,7,15,2,109,4,7,17,31,45,8,16,16,60,3,7,8,14,34,47,9,166,9,12,24,9,26,2,1,11,12,1,2,5,1
2022-06,9,2,2,8,0,13,4,1,1,6,0,0,0,5,2,27,4,4,1,0,4,2,1,0,0,26,13,4,0,6,2,13,2,10,1,0,0,3,1,0,32,0,7,19,17,10,22,27,2,0,3,3,0,1,1,7
2022-06,10,34,8,20,2,40,28,4,3,22,1,0,1,31,6,88,15,8,4,7,17,0,2,3,2,104,21,13,3,136,13,28,19,20,5,1,0,7,4,5,80,3,15,106,64,46,49,126,5,1,24,15,0,2,7,20
2022-06,11,38,5,10,5,29,9,3,1,13,1,0,0,7,9,53,78,6,2,19,8,2,5,1,1,67,4,4,1,109,7,20,10,12,6,1,4,7,5,5,47,3,16,66,38,17,49,87,6,5,8,7,0,0,10,24
2022-06,12,11,7,10,1,28,5,3,2,4,0,0,0,31,2,63,19,5,0,18,8,0,3,0,5,85,9,8,0,42,6,11,4,12,4,0,0,2,4,1,40,4,134,47,47,19,43,87,1,5,9,2,0,0,1,49
2022-06,13,25,4,36,0,3,8,3,4,7,0,1,1,2,1,14,31,7,1,0,6,1,9,3,0,114,1,9,0,28,9,4,5,4,3,0,3,1,5,5,17,1,39,21,25,14,21,45,1,0,6,7,1,0,4,18
2022-06,14,54,5,27,0,20,23,6,0,12,0,0,0,16,28,65,70,8,2,10,7,4,9,0,1,106,5,13,0,92,19,5,16,8,8,0,1,3,5,2,42,3,16,98,75,24,53,99,8,6,11,9,0,0,7,55
2022-06,15,108,14,32,2,52,36,3,7,23,5,1,1,32,13,129,112,32,8,22,17,9,13,11,1,162,15,28,4,209,30,36,14,21,21,0,6,2,14,10,141,15,47,113,79,63,87,146,9,14,23,16,0,1,13,75
2022-06,16,106,13,31,0,20,27,2,4,20,2,5,0,25,19,79,188,17,2,10,2,2,10,4,1,163,16,32,2,149,31,9,13,17,25,1,3,2,11,2,107,4,31,100,72,49,37,108,6,8,13,17,1,2,12,88
2022-06,17,75,15,36,0,27,20,7,2,3,2,1,1,24,9,108,24,24,6,24,11,1,11,1,2,91,13,28,3,163,17,11,10,22,6,0,2,2,17,11,98,3,32,76,28,20,54,110,1,5,11,4,0,4,4,24
2022-06,18,15,4,4,1,17,8,3,4,2,0,1,0,6,4,36,15,5,4,4,1,0,5,0,6,33,5,4,2,29,10,4,4,7,2,0,0,1,10,1,15,2,7,41,23,4,10,37,4,0,3,5,0,1,1,5
2022-06,19,138,15,50,3,82,40,12,6,15,3,4,0,19,29,184,189,12,11,19,8,1,22,24,7,108,8,16,1,115,20,22,30,17,21,1,4,4,16,9,158,7,19,58,47,5,47,338,6,10,14,12,0,5,3,14
2022-06,20,25,4,5,0,15,14,4,2,5,2,0,0,11,7,35,63,2,2,2,3,0,5,5,2,40,5,2,4,38,3,3,11,7,8,0,6,7,4,0,29,1,3,14,16,11,18,114,0,3,3,3,0,2,5,9
2022-06,21,52,13,11,0,20,24,5,2,10,3,1,0,12,9,46,212,8,2,6,8,0,13,2,4,62,4,4,6,97,28,13,6,6,27,1,1,2,8,7,37,4,20,48,35,30,24,59,2,9,9,8,0,0,4,21
2022-06,22,88,16,51,4,43,43,14,2,11,19,3,0,31,37,81,477,25,0,28,13,2,10,11,6,142,19,11,8,186,29,12,39,19,33,0,7,8,14,14,74,5,93,62,41,46,56,123,9,11,35,29,0,2,36,93
2022-06,23,103,5,22,3,55,51,13,4,18,29,3,1,16,66,123,96,14,2,18,14,6,11,107,17,85,10,14,5,124,39,16,21,7,15,1,1,7,25,5,39,5,25,54,53,13,26,74,14,14,13,7,2,9,74,18
2022-06,24,68,16,67,6,88,45,11,7,28,6,0,0,38,58,105,600,32,10,24,33,5,27,13,15,133,29,5,8,287,71,12,28,28,28,6,5,16,8,32,107,21,85,149,123,73,54,167,10,5,24,54,1,5,38,99
2022-06,25,189,13,84,4,88,88,38,7,26,36,3,0,54,79,235,73,40,29,37,16,6,18,61,12,192,13,31,13,167,98,11,19,29,20,0,2,14,54,23,128,20,69,412,281,13,91,168,28,37,25,20,3,8,96,30
2022-06,26,40,4,8,0,13,31,9,0,6,19,0,0,4,26,50,48,5,2,10,4,1,4,20,2,37,5,10,1,34,11,5,4,3,2,0,0,3,7,6,32,8,17,59,39,1,10,30,33,6,4,1,1,3,50,1
2022-06,27,43,3,10,0,21,26,10,3,13,38,1,0,6,25,68,70,14,0,3,4,3,5,24,4,86,6,12,1,54,24,7,11,8,10,1,0,5,12,9,53,15,21,20,17,8,12,27,18,1,4,6,0,1,70,8
2022-06,28,47,11,11,4,9,24,18,9,8,8,7,2,19,30,22,299,15,0,9,5,2,3,16,6,226,9,10,17,83,24,16,16,28,42,1,2,19,17,19,54,9,105,20,12,9,30,75,6,4,3,18,0,4,46,6
2022-06,29,51,14,19,2,20,78,18,6,27,46,1,0,22,42,70,69,16,0,12,9,4,10,24,3,70,14,24,2,90,17,4,14,7,5,1,3,6,26,6,170,15,54,163,191,16,30,63,12,17,3,12,0,4,188,2
2022-06,30,96,5,38,0,33,40,8,12,12,10,3,1,21,20,103,263,18,3,11,14,5,17,643,7,117,7,23,4,121,46,10,24,14,18,1,8,6,23,2,140,11,56,167,106,114,42,111,8,8,11,14,0,6,20,13
2022-06,31,27,8,9,1,14,19,2,6,6,8,1,0,8,13,44,288,6,1,8,7,8,5,199,1,70,4,9,5,64,15,2,7,11,20,0,0,10,7,17,146,8,22,14,11,8,13,31,6,6,9,16,2,1,33,10
2022-06,32,41,0,1,1,1,10,4,2,4,3,2,0,6,7,4,224,15,2,2,6,0,1,2,1,70,0,4,11,16,11,3,2,9,47,3,0,1,4,8,136,13,75,0,0,3,3,6,0,6,0,4,1,2,1,0
2022-06,33,6,0,3,1,1,8,9,0,2,3,0,0,9,4,9,40,6,0,5,2,1,1,3,0,49,4,6,3,11,6,3,4,5,11,0,0,0,4,5,12,2,20,6,6,4,7,5,2,1,5,1,0,0,3,3
2022-06,34,9,4,6,1,2,1,0,1,3,2,1,0,1,3,10,63,1,0,0,0,0,2,6,0,12,2,4,1,34,1,2,4,2,7,0,0,4,0,1,29,0,15,4,5,1,2,22,1,0,0,3,0,2,4,0
2022-06,35,17,0,2,1,2,10,8,1,3,4,0,5,2,6,5,9,3,0,3,3,0,1,10,2,19,0,3,5,6,2,1,1,6,2,0,0,4,4,1,15,1,14,22,35,11,9,15,1,1,1,2,0,1,13,1
2022-06,36,4,1,1,0,0,14,5,0,0,0,0,1,0,2,2,0,1,0,4,0,0,2,0,1,10,2,0,0,3,2,1,3,0,1,0,1,1,2,0,10,0,4,29,41,2,4,9,0,1,0,2,0,0,2,1
2022-06,37,3,2,0,0,2,1,0,0,0,4,0,0,1,0,8,9,0,0,0,2,0,0,0,0,6,2,0,0,16,2,0,1,0,1,0,1,0,2,2,8,1,4,6,1,11,3,16,0,0,2,0,0,0,9,0
2022-06,38,57,4,6,1,11,35,12,2,1,28,1,2,10,13,35,4,13,0,10,11,1,9,0,2,27,0,9,4,51,10,3,9,2,8,0,3,5,7,13,41,5,38,17,19,75,10,61,5,5,8,3,2,1,40,5
2022-06,39,21,0,1,0,3,16,14,1,2,0,1,1,3,2,12,0,8,0,5,1,0,5,0,0,23,3,1,1,25,14,2,3,4,7,0,3,2,4,0,58,4,11,48,47,2,18,14,2,1,0,2,0,0,4,4
2022-06,40,12,1,2,3,3,16,6,0,1,11,1,0,7,2,11,11,3,0,4,1,2,0,0,0,7,3,15,0,10,10,0,4,1,0,0,0,1,8,7,73,3,5,11,11,6,5,18,1,5,0,10,0,0,56,2
2022-06,41,10,0,6,1,7,13,3,4,6,1,0,0,5,2,11,11,12,0,3,1,1,6,1,5,62,5,7,2,20,16,5,4,8,8,0,0,2,8,7,29,2,12,29,28,4,25,24,0,6,3,12,0,2,1,6
2022-06,42,36,8,5,0,12,30,9,2,1,4,1,4,22,14,38,0,9,5,0,5,2,0,11,1,46,8,6,1,24,18,4,11,2,2,0,3,6,9,4,21,4,9,17,13,5,16,29,15,8,2,19,0,3,69,4
2022-06,43,129,21,9,0,21,111,59,4,50,5,2,1,59,25,55,8,23,4,17,11,23,19,2,6,176,10,35,5,30,41,11,23,5,4,1,0,5,29,6,49,11,28,119,110,8,35,91,16,20,16,16,4,10,38,9
2022-06,44,71,33,10,3,21,47,20,0,10,5,4,1,37,24,62,16,8,3,15,3,6,15,31,1,65,14,24,7,39,27,9,9,13,7,0,5,11,24,8,98,7,15,82,41,6,25,70,15,13,11,15,2,2,52,11
2022-06,45,20,4,2,2,11,9,1,1,6,4,1,0,9,8,27,5,5,1,1,4,0,1,0,0,31,3,6,2,12,11,2,4,3,5,0,0,2,20,2,16,2,32,30,16,1,15,45,7,9,0,4,0,1,20,6
2022-06,46,71,24,6,3,21,48,17,4,8,16,1,0,28,17,70,72,16,1,3,4,5,26,16,9,60,12,14,3,43,60,7,24,6,21,0,7,8,42,17,117,7,10,111,132,2,33,102,26,16,11,13,2,4,95,8
2022-06,47,4,0,0,0,1,5,1,0,0,3,1,0,2,2,10,1,0,0,5,4,0,2,0,0,19,1,0,0,2,1,0,0,0,4,0,0,0,2,0,5,0,0,4,2,0,1,8,2,0,1,0,0,0,18,4
2022-06,48,28,11,7,2,16,14,3,0,1,2,2,0,22,9,40,3,7,2,6,1,0,5,1,0,70,7,6,4,22,15,12,11,9,6,1,2,7,5,4,113,2,21,43,30,2,37,72,8,7,10,10,0,2,28,4
2022-06,49,64,39,9,5,44,46,15,2,14,73,3,5,52,35,122,38,23,9,13,7,4,13,33,13,67,15,34,2,151,66,14,22,20,11,0,8,9,54,9,183,13,9,121,49,7,62,124,83,46,15,18,2,8,346,15
2022-06,50,22,2,2,1,4,6,6,0,2,1,0,0,14,2,24,2,3,0,2,0,1,5,1,0,32,5,4,1,4,5,0,5,2,0,0,0,0,8,1,21,2,4,12,8,1,7,11,4,4,2,4,0,1,16,2
2022-06,51,38,7,4,0,21,17,4,1,6,3,1,1,21,6,68,16,3,1,11,2,4,4,12,3,59,5,10,0,10,37,5,12,2,20,0,7,8,13,6,76,0,10,91,29,3,14,24,15,8,2,13,0,4,23,11
2022-06,52,39,8,9,2,18,10,4,0,3,2,0,0,11,7,36,22,8,1,10,0,2,6,0,1,30,0,6,0,9,20,5,9,22,56,4,32,61,9,5,56,10,11,28,14,7,23,54,5,7,10,3,3,1,14,5
2022-06,53,65,25,18,2,33,42,19,3,3,42,5,3,28,24,89,8,17,4,17,2,6,24,4,5,73,15,19,2,122,43,10,9,16,3,3,6,8,32,8,121,6,6,80,33,1,54,65,60,25,11,5,1,7,225,11
2022-06,54,6,0,0,0,2,2,1,0,0,2,0,0,0,1,4,0,3,0,1,0,0,3,0,2,27,0,6,0,2,1,1,2,1,1,0,1,3,4,1,9,5,0,6,1,2,8,6,1,2,1,0,0,0,38,3
2022-06,55,10,4,4,0,15,1,0,0,2,2,0,1,13,3,20,4,2,1,2,2,0,6,1,7,34,1,3,0,2,14,5,3,6,2,6,2,20,10,3,8,2,7,13,2,2,13,17,6,4,5,2,0,0,4,1
2022-06,56,61,25,12,4,22,21,7,1,17,5,2,1,16,11,100,125,24,2,15,8,5,29,8,2,148,2,4,1,120,12,9,13,19,11,0,9,16,14,5,116,10,28,104,88,14,33,109,0,5,12,7,5,2,16,5
2022-06,57,40,2,2,1,8,4,0,1,4,2,1,0,7,5,26,246,3,2,2,0,0,1,14,0,40,3,2,0,45,13,4,11,5,3,3,0,2,4,3,11,4,29,3,4,5,9,28,2,2,1,6,1,3,2,0
2022-06,58,49,5,9,0,40,14,4,10,11,1,3,0,27,16,63,281,11,0,18,6,1,9,60,8,52,6,4,3,46,9,4,6,5,6,2,7,3,13,0,36,1,15,16,27,19,25,46,2,3,8,3,0,3,4,7
2022-06,59,19,3,6,0,22,6,0,1,0,1,0,0,6,6,41,313,3,0,2,2,0,3,4,2,40,2,6,4,18,6,3,3,3,4,0,0,6,7,1,44,1,19,14,17,20,14,32,0,0,0,1,0,1,7,4
2022-06,60,34,9,13,1,17,15,4,2,2,2,0,1,9,10,53,145,6,0,10,6,2,4,50,4,37,4,5,2,162,15,5,3,15,11,0,0,1,4,5,41,3,13,21,19,15,35,136,6,3,4,4,0,0,17,9
2022-06,61,100,14,9,1,31,31,5,9,3,30,2,0,21,11,83,156,12,7,11,2,3,9,397,4,84,5,15,5,95,22,10,12,11,11,3,11,14,27,0,88,5,29,37,51,11,21,77,19,7,3,8,0,1,171,2
2022-06,62,29,2,5,0,18,7,1,2,6,0,0,0,5,1,43,85,5,0,5,2,0,5,1,2,41,2,3,0,30,4,7,5,4,4,2,1,0,4,2,24,1,6,26,20,6,12,23,0,2,3,0,0,0,4,4
2022-06,63,71,14,28,2,16,33,2,3,4,5,0,0,14,9,74,231,6,1,13,2,5,7,68,5,98,1,9,1,43,15,9,7,7,9,1,3,3,23,8,87,1,23,58,68,18,24,51,4,8,3,4,0,0,13,1
2022-06,64,35,5,5,2,18,13,0,6,8,3,1,4,8,3,52,28,14,7,2,1,5,6,1,0,37,0,0,0,151,7,9,12,11,9,0,3,2,9,2,36,3,28,20,18,11,14,28,2,6,6,1,0,3,6,3
2022-06,65,90,10,17,6,21,25,3,1,8,0,0,0,19,4,53,102,11,2,10,7,1,9,6,3,55,4,6,3,32,10,14,9,5,1,0,1,4,16,1,58,2,2,42,34,9,18,41,3,15,4,2,2,4,3,7
2022-06,66,105,11,23,2,32,38,6,3,12,13,1,0,31,30,133,160,10,3,21,8,2,14,34,4,105,10,18,2,93,35,19,19,11,8,0,4,5,46,2,95,6,14,129,104,12,49,98,22,21,8,16,0,7,39,10
2022-06,67,69,27,3,1,43,45,8,1,12,54,1,0,34,43,132,26,11,6,20,21,4,14,34,2,153,12,22,2,116,37,8,11,3,6,0,5,2,38,20,50,8,14,89,57,9,40,76,54,34,7,9,1,6,232,10
2022-06,68,72,10,12,4,19,45,13,1,2,69,2,2,23,33,81,14,5,1,13,5,4,2,2,2,52,21,9,0,92,22,9,11,5,2,1,14,13,24,11,62,5,27,46,32,3,21,58,40,18,7,3,0,4,259,4
2022-06,69,71,21,9,2,18,49,12,3,11,20,3,4,20,25,82,19,12,1,13,2,2,7,2,3,70,11,16,5,66,39,6,12,20,11,1,7,12,27,15,77,3,20,60,39,10,38,102,34,29,8,9,0,14,76,7
2022-06,70,63,14,16,0,35,13,4,6,9,2,2,0,23,6,162,74,19,1,26,4,1,15,3,5,124,14,15,1,74,18,16,9,23,11,0,0,3,39,8,27,4,36,65,31,11,32,92,5,31,11,2,0,2,37,13
2022-06,71,69,26,17,2,31,68,28,2,32,40,3,1,75,40,124,8,22,2,21,3,27,13,15,7,94,11,21,4,117,55,18,20,13,6,4,14,9,54,16,117,10,43,82,44,4,49,118,28,18,14,18,1,9,133,12
2022-06,72,15,4,6,1,20,8,4,0,10,1,3,1,18,1,71,8,4,4,13,5,1,2,6,0,29,5,6,3,10,1,11,6,13,5,0,3,1,5,1,65,2,6,84,27,14,44,65,2,2,8,6,1,2,11,17
2022-06,73,58,8,7,1,33,25,7,3,10,16,1,1,32,16,92,5,21,3,7,3,0,14,3,1,61,8,18,0,44,43,8,14,26,3,0,1,10,14,4,65,5,7,61,37,4,47,87,31,12,10,7,0,7,103,15
2022-06,74,8,6,5,2,11,6,1,1,1,2,0,0,20,1,64,4,4,0,2,5,0,4,0,0,52,6,2,0,51,3,14,2,7,2,0,0,10,2,1,12,2,17,41,14,5,24,52,1,0,12,7,0,0,8,6
2022-06,75,26,16,14,1,19,10,4,3,5,36,1,0,18,14,80,2,11,2,7,4,11,6,4,4,33,9,11,1,29,13,10,15,11,4,0,3,7,11,5,23,2,12,92,23,7,29,84,16,8,7,9,2,4,81,8
2022-06,76,17,1,4,1,9,3,2,1,1,1,1,0,22,0,5,0,0,2,2,3,0,1,0,0,34,0,6,1,2,1,0,1,1,1,0,0,0,2,0,27,2,5,16,9,0,2,6,0,0,4,0,0,2,0,2
2022-06,77,47,4,29,3,8,35,9,0,6,0,3,0,10,21,23,81,15,2,9,20,0,2,1,3,142,2,9,8,76,13,12,10,4,31,2,0,6,9,2,52,3,34,31,21,9,28,66,1,0,9,10,1,2,7,46
2022-07,0,3781,685,1028,151,1592,2104,642,194,761,575,101,76,1348,1177,4486,8445,802,217,688,440,245,511,826,234,5117,562,849,256,5711,1693,694,934,882,779,63,252,444,1028,424,4917,438,2129,3896,2208,2324,2090,5030,686,598,720,766,58,1316,1608,1184
2022-07,1,44,1,13,2,9,39,8,2,7,3,0,0,9,10,18,110,8,8,9,5,8,5,1,2,169,13,6,2,118,25,5,20,36,11,0,1,3,5,3,14,2,24,62,51,10,14,58,0,4,15,7,2,3,6,28
2022-07,2,130,3,32,2,21,41,18,2,11,7,4,0,31,12,62,92,11,3,6,7,3,17,2,4,99,4,12,11,141,29,12,28,22,31,1,1,5,12,9,56,7,13,103,64,33,52,111,4,9,12,18,0,10,14,29
2022-07,3,49,4,12,2,3,205,7,1,7,6,2,3,12,26,20,153,16,3,11,8,2,3,0,5,36,1,14,4,77,34,2,12,17,18,2,1,5,2,9,20,1,36,38,26,10,35,74,4,3,13,11,0,2,17,32
2022-07,4,34,5,8,0,13,24,8,1,28,2,0,2,19,10,38,117,14,1,7,6,10,10,2,1,43,4,8,1,92,38,16,12,15,21,1,6,6,8,9,31,5,26,55,22,36,32,87,3,2,13,25,2,3,9,36
2022-07,5,42,3,25,3,24,15,0,0,18,2,4,1,19,11,49,142,5,3,5,9,2,8,3,1,30,6,7,1,75,11,11,22,33,17,1,2,3,0,6,15,8,36,36,29,18,31,58,5,1,17,29,1,0,8,34
2022-07,6,48,4,23,1,26,52,12,4,16,9,4,4,38,34,43,442,33,2,21,13,4,10,0,2,107,11,36,14,225,45,34,35,23,46,2,3,8,12,7,43,10,94,60,30,29,80,91,3,8,21,23,3,2,14,50
2022-07,7,49,2,20,10,34,29,4,3,11,2,1,7,18,21,35,188,30,8,12,18,18,2,3,3,136,3,6,3,162,36,8,21,27,31,1,0,14,2,6,50,4,66,25,22,7,25,61,2,2,23,35,1,7,17,30
2022-07,8,14,2,3,1,3,23,11,12,15,4,5,0,14,16,15,301,23,0,4,8,0,7,2,1,85,4,6,29,47,32,13,20,30,62,1,3,4,5,36,93,8,86,12,19,1,7,33,4,0,7,8,2,5,5,1
2022-07,9,6,2,2,0,11,12,0,1,3,0,0,0,3,2,24,1,2,0,2,3,0,1,0,0,15,4,1,1,13,2,2,2,4,4,0,0,0,0,0,62,0,5,45,41,12,19,26,0,0,2,2,1,5,2,3
2022-07,10,32,9,11,2,29,12,3,1,36,1,0,11,23,2,104,17,16,2,12,9,3,11,2,5,77,27,11,0,141,8,29,7,21,7,0,0,4,3,4,119,4,13,192,102,41,73,113,4,2,16,11,1,2,4,19
2022-07,11,49,4,8,2,16,15,2,1,6,3,1,3,14,5,65,45,14,0,8,6,0,3,0,1,63,5,13,0,131,14,17,12,13,6,2,0,6,5,7,47,5,19,84,47,31,23,80,1,2,7,7,0,0,6,33
2022-07,12,19,7,7,2,17,3,2,1,13,1,0,1,28,3,45,27,2,1,16,10,1,9,1,2,99,12,10,0,46,6,9,9,13,9,0,1,0,3,1,67,5,82,159,79,24,44,76,0,1,7,14,1,2,4,48
2022-07,13,32,1,15,1,7,16,1,1,15,0,0,0,2,1,22,28,8,0,4,9,0,1,0,0,38,1,3,2,36,13,3,3,9,7,1,0,2,0,2,20,3,41,26,10,29,19,40,3,0,7,5,1,0,4,16
2022-07,14,52,8,24,1,25,20,6,2,21,2,2,1,17,12,56,79,7,4,16,5,6,3,0,2,72,2,13,3,91,30,14,9,14,7,0,0,4,10,1,53,3,17,43,78,13,41,67,6,1,10,7,0,4,8,64
2022-07,15,110,15,30,2,54,43,9,4,48,2,3,1,26,13,110,89,22,11,17,15,27,15,5,6,97,22,13,2,226,44,12,15,20,13,1,4,5,10,6,130,10,37,82,67,48,70,147,12,3,26,22,2,4,4,70
2022-07,16,80,19,19,2,25,28,4,4,11,8,2,1,26,32,64,137,12,5,16,7,1,13,1,1,159,18,6,1,158,24,11,5,19,10,0,1,0,7,3,91,5,63,73,51,30,42,71,4,2,15,4,0,6,4,66
2022-07,17,110,14,31,1,40,24,3,6,16,0,2,1,16,1,98,47,20,10,24,7,2,11,0,7,63,5,10,0,218,14,12,13,26,6,1,2,9,3,3,154,12,17,97,53,38,61,127,6,3,14,3,1,0,2,30
2022-07,18,16,2,3,0,10,9,3,1,4,0,0,0,6,0,36,2,8,2,3,3,1,2,0,5,10,1,2,0,26,11,3,2,5,2,0,0,0,6,0,14,0,2,33,25,8,12,34,3,2,3,4,0,3,4,9
2022-07,19,160,2,32,2,93,20,5,3,12,1,3,1,29,20,141,153,16,4,15,6,2,8,4,8,101,13,15,4,159,22,17,7,25,12,3,5,8,23,2,81,6,44,72,46,15,42,477,7,9,10,19,0,2,4,12
2022-07,20,34,6,16,1,13,10,2,1,1,0,1,0,10,10,50,46,1,0,4,7,0,13,3,6,22,5,2,5,64,12,8,4,4,2,2,5,4,8,1,17,1,5,26,12,8,10,87,0,3,3,5,0,0,1,8
2022-07,21,50,13,18,4,23,18,0,2,19,2,0,0,21,25,48,225,13,1,17,1,1,5,6,0,66,8,7,4,77,22,7,8,6,13,0,1,0,7,4,52,4,13,33,21,22,29,55,5,4,14,10,0,1,5,30
2022-07,22,90,11,26,3,44,39,8,4,8,4,2,0,38,34,83,614,23,3,12,19,9,11,6,5,135,15,13,7,204,44,10,16,13,28,4,26,11,11,7,75,9,63,44,31,31,57,96,7,6,27,16,1,3,16,98
2022-07,23,79,4,20,0,40,37,10,8,15,27,2,2,14,54,124,117,14,6,18,6,2,6,20,7,39,10,16,8,136,28,14,11,13,13,1,2,15,29,7,32,2,20,49,30,439,31,86,19,8,11,8,0,4,52,21
2022-07,24,71,14,40,2,59,48,7,7,30,11,2,2,35,55,118,802,26,8,20,20,9,18,10,9,93,26,23,12,294,90,20,22,30,23,2,1,14,13,17,84,13,52,52,64,78,48,103,11,7,37,25,1,12,44,74
2022-07,25,157,21,106,3,59,120,36,12,28,36,10,1,53,87,193,107,30,28,21,7,7,19,26,11,127,16,34,7,179,103,18,31,22,22,1,7,9,58,18,182,16,27,170,66,37,60,176,23,38,20,20,2,14,70,20
2022-07,26,42,3,11,0,17,27,7,4,7,18,2,0,11,34,67,12,4,1,11,3,2,3,7,0,12,2,7,1,32,21,2,1,2,2,0,0,0,4,2,70,2,19,31,8,0,11,28,13,8,2,1,0,0,25,3
2022-07,27,53,4,12,1,18,21,10,1,4,19,3,0,11,28,52,25,12,1,8,2,1,3,9,0,27,7,10,0,44,20,4,6,5,2,1,0,7,11,4,90,5,3,36,11,3,15,26,18,7,4,6,0,7,26,4
2022-07,28,49,7,14,1,17,31,14,3,13,8,2,1,18,27,34,415,17,2,9,6,9,2,10,3,213,6,10,18,94,28,16,20,18,56,3,12,20,12,26,82,13,79,11,16,40,25,55,4,3,11,16,0,2,27,4
2022-07,29,107,13,15,2,32,31,14,4,19,47,1,0,17,37,98,86,11,2,18,10,6,5,18,6,39,11,20,6,70,19,8,11,5,4,2,2,6,26,7,105,4,26,71,17,29,38,56,9,16,11,6,1,3,70,8
2022-07,30,89,7,41,1,39,44,7,4,13,6,1,0,16,27,112,387,6,7,8,11,2,7,256,6,124,5,15,3,86,35,4,7,14,10,2,0,4,9,4,136,12,28,52,23,143,28,75,12,11,11,8,1,4,7,6
2022-07,31,43,10,1,4,16,23,4,2,7,5,1,0,15,15,55,512,11,1,10,11,0,5,53,1,73,13,19,4,61,16,8,9,7,15,0,0,10,8,10,142,13,15,17,2,7,11,72,3,12,5,13,0,3,13,7
2022-07,32,16,1,3,3,2,7,1,6,0,0,4,0,3,5,4,203,13,0,0,3,0,7,1,1,70,0,7,15,15,16,4,6,7,15,0,11,3,2,15,61,10,111,2,1,4,4,5,0,2,1,2,0,1,5,1
2022-07,33,17,0,4,0,0,8,9,0,2,2,1,0,7,4,5,67,14,1,1,2,1,2,2,0,24,1,3,4,8,2,6,4,3,6,0,0,1,0,1,48,3,42,3,8,3,2,10,0,2,1,0,0,2,4,1
2022-07,34,7,1,8,0,3,5,4,2,1,2,0,0,3,5,14,82,2,0,0,6,0,1,3,1,18,3,6,8,32,6,0,0,1,6,0,0,3,2,2,15,2,12,1,3,23,5,21,0,1,3,0,0,1,1,0
2022-07,35,22,1,0,1,5,13,7,3,4,1,2,2,2,0,8,4,1,0,1,1,1,2,1,1,14,1,3,1,5,11,2,4,6,2,0,0,9,3,1,29,5,24,4,3,3,3,18,2,0,1,4,0,3,4,2
2022-07,36,6,0,0,0,5,9,7,0,0,0,0,0,2,4,3,7,1,0,0,0,0,0,1,0,7,0,1,0,5,3,0,1,0,2,1,0,4,4,1,11,6,1,2,1,2,5,4,1,1,2,1,1,1,3,1
2022-07,37,7,2,0,0,4,0,0,0,3,1,0,0,0,2,14,0,0,0,0,2,0,0,0,0,8,1,1,3,15,2,1,5,0,3,0,2,0,2,3,2,0,7,9,0,0,5,10,4,0,0,1,0,0,10,0
2022-07,38,60,8,13,1,17,20,15,3,3,17,1,3,15,9,32,18,12,2,2,3,0,6,7,3,22,4,9,2,53,16,1,8,10,0,0,3,9,15,16,83,5,71,10,10,4,10,39,3,9,2,9,0,1,22,6
2022-07,39,15,1,2,0,3,12,13,0,0,2,0,0,12,2,12,7,9,2,3,1,0,4,0,1,17,6,7,3,27,6,3,2,1,4,1,2,6,4,2,11,3,10,9,14,0,14,12,1,2,3,3,0,1,1,6
2022-07,40,5,0,0,0,2,22,15,2,3,4,0,0,7,3,10,6,2,2,3,0,7,3,0,3,20,0,5,1,12,10,2,1,1,1,0,0,0,10,4,5,2,26,8,10,0,4,8,2,2,0,1,0,2,28,2
2022-07,41,14,2,4,1,4,10,5,1,2,1,1,0,4,0,10,13,9,0,4,5,1,3,0,2,34,6,6,3,18,4,4,6,8,5,1,6,7,10,1,28,1,31,12,12,7,6,13,0,2,8,9,3,6,0,6
2022-07,42,44,14,3,1,11,37,10,1,8,7,1,3,16,10,31,5,5,1,3,13,1,2,0,3,40,3,14,2,18,13,8,8,7,3,2,9,4,10,5,18,5,6,20,14,1,13,29,13,5,5,8,0,6,11,8
2022-07,43,72,13,17,2,11,87,73,5,11,9,2,0,63,31,51,16,25,2,13,2,10,6,13,5,64,20,36,6,36,54,4,33,7,6,1,0,14,48,8,63,8,5,83,49,6,32,86,25,27,10,25,2,9,23,5
2022-07,44,70,26,5,3,11,49,26,1,15,6,0,0,36,35,75,12,11,6,10,10,6,8,1,4,26,15,21,4,28,39,7,14,7,16,0,6,16,33,7,108,11,47,79,52,4,41,102,22,18,11,12,0,7,29,9
2022-07,45,24,5,1,3,8,4,1,0,13,2,2,0,11,14,33,8,7,1,2,3,0,5,0,1,28,5,8,2,9,12,4,9,2,3,0,5,4,11,2,7,3,8,42,17,2,13,27,7,7,6,6,0,0,7,7
2022-07,46,51,24,9,3,25,45,15,2,9,10,2,0,23,19,50,41,8,3,7,3,0,23,0,19,32,6,28,0,35,46,7,35,7,13,0,17,13,36,6,126,5,11,99,43,7,38,84,25,31,10,19,0,6,53,7
2022-07,47,4,0,0,0,1,1,0,0,0,3,0,0,2,5,4,1,0,0,1,0,0,0,0,1,11,2,2,0,2,2,1,0,1,1,0,0,1,3,0,6,0,1,7,9,0,5,10,4,1,3,1,1,0,6,0
2022-07,48,39,13,1,2,15,6,1,1,5,2,0,0,7,5,38,10,2,2,2,1,2,1,0,0,41,6,11,3,24,13,1,6,11,12,2,2,5,18,0,133,8,7,54,27,1,31,72,1,11,8,2,1,7,11,6
2022-07,49,80,43,4,2,45,45,17,2,17,45,2,4,62,29,143,24,14,9,13,2,6,9,8,8,56,21,37,5,98,46,14,17,20,9,1,11,6,34,5,197,14,16,166,44,7,57,152,63,27,25,20,0,7,121,17
2022-07,50,18,6,0,2,4,12,2,1,1,0,0,2,5,0,14,2,3,0,3,2,0,2,0,0,24,3,1,0,6,8,2,2,7,0,1,1,1,10,1,62,4,10,23,6,0,7,18,5,3,3,5,0,1,9,1
2022-07,51,28,8,6,0,21,15,1,1,6,2,1,1,10,7,57,14,8,0,3,6,3,7,1,4,28,14,12,0,16,18,9,14,3,2,0,2,2,17,4,51,6,4,92,17,2,15,39,15,2,5,12,0,1,8,7
2022-07,52,48,3,3,0,28,10,3,1,1,5,0,0,8,3,64,33,9,1,4,2,1,12,0,0,15,5,4,0,11,16,1,13,12,7,0,3,5,9,4,92,7,8,20,10,5,16,34,5,10,5,2,0,2,9,0
2022-07,53,43,30,7,4,22,41,21,4,1,21,0,0,30,20,98,8,22,3,18,3,2,25,4,6,48,12,15,3,62,50,10,9,19,1,0,2,6,29,18,210,3,8,83,56,1,60,95,39,31,13,8,2,12,68,11
2022-07,54,0,1,0,0,0,2,0,0,0,1,1,1,3,2,2,0,0,0,1,0,1,1,2,0,16,0,5,0,0,2,0,1,1,2,0,0,4,8,1,24,2,3,12,5,0,1,1,0,2,2,4,2,0,7,1
2022-07,55,8,6,2,0,10,2,0,0,0,0,0,0,3,1,21,7,3,1,0,3,1,0,0,1,21,1,4,0,2,8,2,1,6,4,0,4,3,5,1,26,6,6,12,3,1,11,19,4,4,12,1,0,0,0,1
2022-07,56,82,7,18,1,32,15,1,3,16,8,1,1,8,7,119,89,13,8,16,9,1,38,0,4,93,4,9,3,130,12,13,20,16,6,4,16,12,19,5,68,8,44,26,21,54,39,82,1,5,12,9,2,3,10,14
2022-07,57,39,6,2,1,4,4,3,4,5,0,0,0,4,4,26,291,5,1,4,1,7,2,0,0,30,3,3,2,44,7,2,6,5,4,1,0,1,12,0,23,3,26,4,7,160,10,15,2,1,5,1,0,3,2,0
2022-07,58,62,5,7,6,40,10,5,4,4,1,0,1,13,7,67,330,2,2,6,3,1,2,27,4,39,2,6,1,44,17,7,7,6,8,0,0,6,10,8,54,3,9,23,25,419,11,54,3,1,7,3,1,4,2,7
2022-07,59,14,2,8,0,23,3,3,1,2,5,2,0,12,7,29,215,2,0,1,2,0,1,11,0,31,0,7,1,26,7,4,7,2,4,2,5,18,6,1,16,2,35,29,9,49,10,57,1,3,4,3,0,4,0,2
2022-07,60,36,8,15,0,12,19,6,1,4,2,0,0,14,6,48,112,4,0,21,8,0,4,5,5,40,7,6,3,188,19,9,5,25,5,0,0,3,5,12,46,2,14,15,20,36,22,66,11,2,6,4,2,4,21,16
2022-07,61,61,11,6,4,25,27,7,4,15,19,1,0,15,20,87,186,8,2,17,3,0,6,239,3,56,4,16,0,95,14,10,9,1,10,0,6,13,23,6,115,9,15,62,36,127,28,68,23,12,5,7,0,4,53,12
2022-07,62,43,6,2,2,20,14,1,1,5,0,0,1,4,5,40,91,2,1,1,0,0,4,0,3,27,5,3,0,65,2,2,3,0,3,0,0,0,7,0,28,1,4,9,8,9,6,23,2,4,5,2,0,1,6,3
2022-07,63,123,11,25,1,27,29,2,8,6,2,1,0,9,11,62,249,3,3,6,7,2,10,11,4,319,1,7,2,44,19,11,3,9,9,1,13,12,16,8,51,13,28,26,27,6,25,47,2,18,4,11,1,3,14,4
2022-07,64,33,4,9,3,15,11,1,5,11,1,1,1,8,5,53,12,9,3,11,4,0,5,5,4,35,1,6,0,179,8,6,13,6,2,0,2,6,4,2,53,3,16,22,13,9,16,33,1,0,6,8,1,0,4,3
2022-07,65,63,17,13,5,23,16,7,2,3,0,1,0,3,3,67,98,15,4,8,1,9,3,1,3,52,6,15,1,47,4,15,22,7,3,0,2,6,15,0,40,3,18,24,11,5,16,50,1,7,8,12,0,6,2,7
2022-07,66,99,17,92,3,42,46,19,2,5,7,3,0,50,33,131,309,14,4,26,13,4,5,0,1,687,7,15,2,121,40,19,19,13,12,1,1,3,37,6,26,6,9,66,30,4,44,115,20,17,22,18,2,17,43,10
2022-07,67,55,15,7,2,33,42,9,3,12,33,2,2,30,39,117,27,6,2,11,16,4,6,2,5,60,17,24,2,89,40,15,18,8,7,1,1,4,38,3,108,7,20,109,43,1,40,109,42,28,8,11,0,4,117,5
2022-07,68,56,22,15,5,17,77,20,1,4,41,3,2,51,29,57,22,13,0,7,6,2,6,23,4,88,12,23,0,94,38,16,15,4,4,1,7,10,23,5,90,9,78,50,42,1,21,54,44,19,5,8,1,6,116,5
2022-07,69,69,34,8,3,14,70,29,8,17,5,2,0,27,30,85,10,24,1,13,6,12,7,3,3,43,13,11,4,59,37,6,14,14,7,1,10,11,40,13,101,7,43,67,37,2,23,74,21,11,6,20,3,24,33,3
2022-07,70,72,16,14,8,31,36,4,3,20,4,0,1,29,15,156,87,13,2,15,4,3,7,1,3,80,6,15,0,86,21,19,22,27,15,0,1,5,32,3,66,5,29,95,40,6,35,80,3,14,12,9,1,12,30,6
2022-07,71,80,19,7,6,41,58,27,2,12,27,1,0,50,36,127,17,18,6,25,2,5,18,0,3,86,14,30,3,105,47,22,30,16,10,1,4,3,49,8,112,6,15,117,53,4,51,113,31,35,18,27,0,46,91,13
2022-07,72,13,5,11,4,23,9,1,1,7,1,0,4,5,0,59,12,4,5,6,0,1,5,1,3,25,13,1,3,14,7,17,17,7,3,1,0,1,11,1,53,4,10,93,39,28,48,49,3,11,6,12,0,134,10,14
2022-07,73,61,15,3,8,22,22,7,0,11,10,2,0,19,18,113,7,11,5,12,8,3,5,2,5,39,6,16,2,46,38,13,31,27,4,3,6,6,26,8,57,18,49,80,50,5,52,106,22,13,17,19,2,23,63,8
2022-07,74,9,5,3,2,9,2,3,0,0,0,0,0,12,1,52,0,2,2,9,1,0,3,0,1,34,11,3,0,67,3,24,53,10,2,0,0,0,2,2,54,4,28,35,36,4,28,41,4,3,2,20,0,715,4,4
2022-07,75,23,25,11,1,29,15,5,1,17,28,1,4,14,11,91,6,10,2,7,7,8,5,1,2,35,10,8,1,26,15,12,13,5,1,0,4,4,14,3,43,10,15,138,51,29,36,63,12,15,10,10,5,110,50,11
2022-07,76,7,0,2,0,6,3,3,0,1,0,0,0,13,1,10,6,2,0,6,0,1,1,0,0,16,0,2,0,2,3,6,2,2,0,0,0,0,0,0,28,1,5,8,4,1,8,7,0,1,0,2,0,0,0,0
2022-07,77,43,7,20,0,10,35,8,2,17,2,0,0,15,10,18,163,7,1,2,9,1,3,0,0,49,5,9,8,80,16,4,6,14,27,1,2,8,4,1,42,3,73,57,29,12,38,70,1,1,19,7,1,4,5,39
2022-08,0,3851,743,751,137,1639,2225,575,155,783,1096,118,83,1494,1325,4869,9075,797,202,655,506,309,477,645,208,3027,545,901,236,6267,1714,566,615,846,1013,78,274,475,985,383,4912,436,1934,4476,2452,1902,1921,4685,702,568,744,454,60,220,1564,1076
2022-08,1,51,3,11,7,3,35,6,4,3,2,1,0,15,7,22,250,13,3,3,8,1,5,2,3,77,3,11,3,128,10,6,9,3,10,2,11,4,8,2,14,2,31,57,39,6,17,41,3,4,49,2,0,3,2,38
2022-08,2,131,14,23,6,26,45,12,4,18,4,4,2,56,24,87,144,13,7,9,11,2,13,0,4,63,3,22,5,224,36,15,24,18,28,1,1,15,8,3,58,28,22,114,136,30,50,105,2,6,14,8,0,4,6,34
2022-08,3,43,9,11,0,5,264,8,0,7,2,1,0,34,22,17,162,3,1,3,14,2,8,2,9,31,2,15,6,88,12,1,7,7,15,1,2,1,4,12,31,3,28,54,47,28,41,62,2,2,15,5,2,3,11,28
2022-08,4,48,3,3,1,19,21,4,0,9,5,0,1,30,8,39,166,9,1,2,3,1,6,0,0,46,3,15,2,123,9,11,7,18,22,1,2,4,5,5,39,3,18,107,93,14,42,97,6,3,14,7,1,1,1,31
2022-08,5,43,8,16,0,24,12,1,3,3,1,0,0,26,5,62,157,23,3,6,2,1,3,1,0,35,4,21,2,97,14,11,13,21,9,0,4,2,1,4,48,9,27,126,124,22,43,112,4,1,3,6,1,1,9,32
2022-08,6,44,15,29,3,19,36,12,5,16,0,6,4,40,21,63,313,20,3,17,19,5,4,2,0,65,15,20,14,249,53,7,11,15,34,2,9,4,12,14,73,12,74,69,40,83,59,77,1,4,29,5,1,3,13,53
2022-08,7,31,1,22,2,22,26,9,5,5,6,2,9,34,27,50,234,18,1,11,11,0,2,0,1,78,5,10,7,160,51,10,19,15,38,1,2,4,5,6,28,13,60,17,21,12,28,66,2,9,11,9,0,5,26,26
2022-08,8,19,3,10,1,4,29,4,12,2,3,7,5,7,18,12,310,21,0,3,7,5,1,1,0,85,0,13,15,82,47,3,9,30,39,1,2,7,3,21,75,7,85,4,4,6,7,227,3,1,5,8,1,0,9,2
2022-08,9,7,5,4,1,10,9,0,4,12,1,0,1,6,2,30,5,6,2,0,2,0,1,0,0,4,1,2,1,28,4,6,1,3,3,2,2,4,0,1,33,3,3,65,42,13,25,35,1,0,2,5,0,1,0,5
2022-08,10,60,22,14,1,30,20,3,0,16,3,2,8,32,2,92,25,9,3,8,11,0,9,0,1,70,22,16,2,171,14,24,7,14,14,0,1,4,7,4,107,15,19,101,53,44,49,101,1,4,15,2,1,1,8,18
2022-08,11,42,5,12,3,25,14,1,1,12,1,3,1,21,3,74,45,8,3,15,5,1,3,4,0,41,2,7,3,135,14,10,6,11,11,0,1,4,4,5,40,2,17,66,52,21,26,64,9,3,9,5,2,0,8,24
2022-08,12,9,0,11,5,9,2,1,0,7,1,0,3,22,2,46,20,8,1,5,17,1,2,1,6,39,1,16,0,50,5,4,9,8,13,2,2,1,2,2,43,9,15,56,54,20,35,57,0,3,7,4,1,2,0,34
2022-08,13,36,6,10,1,4,15,1,2,23,1,0,0,7,4,25,38,6,1,0,3,0,4,24,1,14,2,4,1,52,10,2,4,6,8,0,4,0,2,0,18,0,41,27,16,6,12,41,0,3,9,11,1,0,2,9
2022-08,14,68,8,12,1,17,20,5,6,22,3,2,3,17,14,57,113,11,5,13,3,2,7,2,1,29,0,14,4,103,33,10,5,3,19,0,2,4,7,0,57,2,18,38,45,3,18,60,1,4,16,5,0,1,5,58
2022-08,15,95,9,27,2,54,43,15,6,27,5,0,2,28,18,117,121,9,10,21,12,5,13,1,1,60,14,11,3,210,31,20,15,25,25,3,10,8,7,10,112,9,21,77,67,28,56,103,3,4,26,20,5,0,4,63
2022-08,16,94,16,13,3,44,24,9,3,15,2,0,0,34,17,59,211,6,1,11,14,4,16,0,4,75,16,8,4,224,38,19,9,17,32,3,1,10,5,6,80,3,43,122,95,24,47,93,9,4,14,12,2,2,17,74
2022-08,17,96,14,23,2,35,24,4,1,9,0,2,3,16,6,118,70,13,3,30,7,1,2,0,0,48,6,12,1,178,11,6,5,31,10,0,2,4,10,6,95,8,11,48,24,56,39,76,6,6,11,2,2,1,4,25
2022-08,18,14,3,4,0,9,16,2,1,4,0,0,0,7,6,32,18,5,0,4,7,1,7,2,0,21,2,2,0,20,14,0,2,3,2,0,0,1,4,0,13,1,8,16,7,2,15,53,0,1,2,3,0,0,2,2
2022-08,19,194,19,33,1,71,37,6,4,24,1,2,1,27,30,207,150,15,9,18,9,4,9,2,5,66,8,19,5,158,37,19,5,18,34,1,1,5,12,3,58,6,12,63,60,19,41,128,7,4,11,11,0,6,6,17
2022-08,20,32,7,9,4,19,17,5,1,7,1,0,0,9,6,44,47,1,4,6,7,0,5,0,3,22,0,5,1,52,7,5,5,3,9,1,3,3,8,3,21,1,3,62,48,13,17,35,0,4,5,5,0,1,3,11
2022-08,21,69,9,17,2,38,17,2,0,5,2,1,0,28,17,57,253,9,2,10,7,0,5,5,5,42,4,6,4,118,13,16,6,13,12,0,2,2,5,2,125,4,15,202,166,14,28,70,1,7,11,5,0,0,8,44
2022-08,22,84,13,17,2,47,48,5,2,15,8,7,0,56,34,81,605,31,3,14,21,13,13,8,5,104,26,23,5,172,52,11,5,10,34,0,6,24,16,2,64,3,68,95,66,36,45,135,9,9,19,14,0,3,28,68
2022-08,23,119,4,18,2,37,53,9,7,15,80,2,0,20,79,121,185,12,7,21,4,4,11,38,4,49,8,12,5,116,43,7,11,8,26,2,5,7,22,9,110,6,23,133,58,17,28,84,13,20,10,8,0,1,28,22
2022-08,24,80,20,35,5,64,56,15,1,18,13,2,1,50,52,84,830,51,11,18,37,17,15,7,6,118,19,17,8,315,74,16,15,36,45,2,2,9,13,16,149,14,42,126,71,31,57,152,19,7,18,14,2,7,32,49
2022-08,25,206,33,36,3,78,88,35,5,23,64,3,4,72,66,245,80,23,17,18,11,10,16,38,6,100,15,60,7,184,86,14,23,19,44,2,10,18,70,15,163,8,26,191,113,40,59,159,23,44,22,6,4,4,40,21
2022-08,26,39,7,5,0,14,25,13,0,13,45,0,0,8,29,49,23,2,0,5,6,2,5,1,2,8,0,12,3,28,20,1,1,2,1,0,5,2,16,3,62,2,3,36,1,9,9,26,20,8,7,2,0,0,33,0
2022-08,27,54,3,6,1,20,19,4,0,4,68,0,1,12,36,50,56,5,1,7,3,4,4,5,2,18,7,10,0,74,19,3,7,1,8,0,0,3,12,7,62,5,23,51,13,134,11,39,19,3,2,4,0,1,25,9
2022-08,28,78,8,13,6,16,32,24,5,9,21,5,1,27,30,34,453,14,3,8,8,9,2,8,7,147,9,10,14,160,43,8,7,19,49,1,4,10,11,17,128,13,126,21,16,58,18,48,2,4,9,16,1,2,28,8
2022-08,29,58,9,12,0,23,46,18,3,26,116,2,0,27,54,90,88,11,0,12,13,8,9,9,5,31,13,22,1,88,28,8,7,7,4,4,8,11,23,6,105,0,25,62,18,79,18,54,16,13,7,4,0,0,75,4
2022-08,30,75,20,14,0,41,38,10,4,14,12,1,0,14,25,132,466,7,5,10,4,5,8,137,7,66,2,24,5,109,34,11,10,13,5,2,12,14,24,3,136,7,18,54,33,96,30,61,3,6,20,2,0,3,20,6
2022-08,31,39,10,8,1,18,29,5,0,4,6,6,0,13,28,60,366,18,4,11,5,4,3,21,5,37,9,6,5,57,23,1,4,5,28,1,8,21,19,11,174,2,24,10,6,9,2,36,6,2,14,3,0,1,17,4
2022-08,32,28,2,1,2,0,12,1,0,2,1,5,0,7,5,7,252,12,0,1,4,2,1,0,3,46,0,13,12,35,11,7,5,24,26,1,0,4,6,16,47,7,51,3,2,1,3,4,0,0,6,5,0,4,3,1
2022-08,33,13,1,0,0,6,8,0,0,1,2,5,0,7,5,7,80,5,0,0,4,0,1,1,0,55,0,5,2,19,6,1,4,10,4,0,0,1,1,3,29,5,23,3,8,8,3,9,3,2,8,3,2,0,2,3
2022-08,34,8,0,2,0,3,6,1,0,3,2,1,0,2,4,17,113,2,0,8,4,0,0,2,0,16,0,2,6,42,10,1,2,1,7,0,0,6,1,2,14,2,9,1,5,45,2,35,1,1,3,2,0,0,2,0
2022-08,35,24,0,1,2,4,17,6,1,3,0,0,0,5,3,9,14,0,1,2,6,11,0,1,0,12,0,1,3,15,5,1,1,2,3,0,0,5,4,1,32,4,24,9,5,6,1,9,1,2,1,1,1,0,6,0
2022-08,36,4,0,0,0,4,7,3,0,0,0,0,1,0,2,10,3,4,0,0,0,0,0,0,0,4,0,2,0,2,0,0,1,0,0,0,2,1,1,0,0,0,1,4,0,0,2,12,0,1,0,0,0,1,2,1
2022-08,37,1,0,0,0,1,6,2,0,1,10,0,0,2,2,3,5,2,0,1,0,0,0,0,0,7,1,1,0,18,2,1,1,0,4,0,0,0,1,1,2,0,7,19,1,0,0,7,3,0,1,0,0,1,3,1
2022-08,38,26,11,2,0,11,16,7,2,6,7,0,0,19,7,25,3,9,1,8,4,2,4,0,0,24,7,6,1,76,13,7,6,3,6,0,0,9,10,6,63,5,49,24,6,14,3,47,4,9,2,4,0,3,23,3
2022-08,39,20,3,3,0,5,33,8,0,1,0,1,0,7,2,9,4,2,2,2,0,3,6,0,0,22,2,4,6,25,8,1,2,2,2,0,0,1,1,0,25,4,21,10,3,1,7,10,3,2,1,2,0,1,1,3
2022-08,40,15,0,3,0,5,20,13,0,2,11,0,4,6,2,18,12,1,0,2,1,1,2,0,1,15,4,13,0,7,17,4,1,5,2,0,2,4,20,4,22,1,22,17,1,0,5,22,2,9,1,0,0,0,13,0
2022-08,41,11,1,9,0,8,13,4,1,15,2,1,0,8,6,15,16,10,2,15,4,0,7,1,0,19,0,9,5,22,7,2,4,6,8,1,4,11,2,0,29,7,5,11,12,14,10,27,0,2,10,12,0,2,2,0
2022-08,42,42,13,4,1,12,32,11,0,7,5,0,1,13,10,30,10,23,1,9,8,19,3,3,0,18,5,5,4,32,14,3,7,5,2,3,9,6,14,5,41,3,7,25,17,3,12,32,5,5,3,3,2,2,34,4
2022-08,43,77,20,14,2,26,119,57,0,18,16,5,0,41,33,54,20,23,2,12,13,12,10,18,5,47,13,31,3,22,43,16,16,11,4,0,4,6,38,6,111,7,13,63,26,7,29,75,28,20,12,23,1,7,29,9
2022-08,44,71,29,4,6,23,58,29,1,16,6,3,0,33,35,91,3,13,3,10,6,6,11,4,7,21,6,29,3,38,32,5,12,11,12,3,4,9,22,8,72,10,47,66,28,1,37,61,28,17,18,11,0,5,32,10
2022-08,45,23,9,1,0,10,8,4,1,8,0,1,0,10,10,46,4,11,0,12,2,1,1,1,0,22,4,6,0,18,7,4,5,2,1,2,0,3,11,3,23,1,137,51,14,1,14,38,10,8,5,0,0,3,12,8
2022-08,46,54,26,1,6,26,36,13,2,9,11,2,2,17,25,89,18,11,1,4,4,12,17,1,14,31,9,14,0,32,30,5,22,10,20,4,5,6,24,3,88,6,37,95,25,5,28,80,30,16,10,17,0,7,31,8
2022-08,47,1,1,0,0,1,4,1,1,1,1,0,0,0,3,10,2,1,0,4,2,0,1,0,0,0,0,0,0,7,10,0,1,1,0,0,2,4,3,0,24,0,0,5,5,0,1,6,6,3,3,1,0,0,3,1
2022-08,48,36,11,5,1,12,14,2,1,7,4,0,0,12,7,49,30,6,4,9,4,5,4,1,0,28,5,7,1,17,20,1,5,15,8,1,0,4,15,4,16,8,4,56,17,23,25,43,5,6,7,8,1,2,14,6
2022-08,49,67,39,22,8,34,42,11,1,12,90,4,1,49,63,152,34,31,4,7,3,2,11,1,12,60,40,24,2,69,47,16,15,22,6,2,9,8,41,6,236,11,28,191,34,22,44,106,67,37,23,12,5,18,122,9
2022-08,50,25,4,6,1,5,7,0,0,4,3,1,2,10,10,25,4,2,0,4,2,0,2,0,1,12,2,2,0,15,7,1,6,4,1,0,1,3,8,1,20,1,8,31,8,4,7,16,7,1,3,4,1,3,9,2
2022-08,51,28,9,5,0,13,8,0,0,2,1,1,1,18,10,53,14,11,1,9,3,0,6,1,6,38,4,15,1,18,25,4,12,10,4,0,0,0,20,4,61,3,3,92,16,3,21,20,12,6,5,4,1,8,24,5
2022-08,52,49,4,2,2,25,16,1,0,3,2,2,0,4,2,46,43,11,3,3,1,2,7,0,1,7,7,9,0,13,32,4,8,15,3,1,2,6,8,3,95,3,11,26,7,4,23,57,4,11,9,3,0,5,13,1
2022-08,53,52,28,7,2,34,55,6,2,9,59,1,2,21,28,136,4,21,4,16,2,3,19,2,3,36,24,17,0,48,36,17,15,15,2,1,2,6,40,10,121,5,7,110,35,0,37,88,29,20,8,5,0,5,71,10
2022-08,54,6,0,0,0,3,2,1,0,0,0,0,1,1,2,2,1,1,0,1,0,0,0,0,0,9,2,3,0,0,1,1,0,1,0,0,0,5,9,0,11,0,4,16,1,0,3,4,2,9,0,3,0,0,3,0
2022-08,55,12,7,3,0,8,2,1,0,12,0,1,0,6,1,19,1,2,0,5,2,0,2,1,2,12,3,4,2,5,7,8,1,5,3,0,0,5,5,1,10,0,10,11,0,0,4,26,2,4,5,5,0,0,0,3
2022-08,56,56,8,13,8,35,17,4,2,14,4,3,0,19,7,107,101,6,1,8,8,3,10,8,4,38,6,8,6,158,8,12,14,16,11,0,6,11,7,6,91,11,18,61,55,16,54,76,3,3,11,4,2,2,4,6
2022-08,57,22,4,1,0,4,5,0,1,6,1,0,0,3,6,19,250,1,1,0,3,0,1,4,0,21,2,0,1,44,10,8,1,4,8,1,2,7,11,0,22,1,31,11,4,33,17,20,1,0,6,1,0,0,5,1
2022-08,58,81,7,5,3,39,18,4,2,11,1,1,0,13,13,73,427,5,0,9,9,2,6,30,3,29,6,2,3,59,16,6,4,10,23,2,3,9,8,0,53,3,21,42,16,177,25,50,0,6,8,3,1,2,0,6
2022-08,59,27,6,0,0,15,12,1,1,1,1,2,0,5,2,18,126,1,0,5,0,0,2,37,2,26,4,6,1,24,3,1,2,2,0,1,0,3,9,2,19,1,22,17,18,167,11,22,2,1,6,0,0,0,7,6
2022-08,60,40,12,9,0,26,16,4,1,0,4,1,0,15,14,46,106,9,1,11,10,0,6,4,5,23,6,12,5,172,22,7,11,10,23,1,2,7,5,14,45,12,18,19,27,147,32,80,4,4,9,1,0,0,23,14
2022-08,61,74,15,9,1,29,41,9,9,14,54,1,0,14,28,102,150,7,7,15,8,4,6,132,6,52,6,10,1,114,26,6,2,5,7,0,10,12,21,5,132,9,24,63,36,59,20,78,23,15,11,2,1,1,38,2
2022-08,62,41,8,0,2,20,12,0,0,11,0,0,1,8,2,50,120,3,1,4,3,1,10,0,0,37,1,9,0,36,6,3,5,2,23,1,3,6,13,0,28,4,2,12,9,12,12,30,0,1,7,2,1,1,7,3
2022-08,63,71,8,14,0,24,28,3,4,19,2,0,0,18,15,72,325,3,5,1,5,6,9,11,2,38,3,9,0,50,19,4,4,7,34,2,14,12,16,4,88,4,18,28,7,5,17,33,1,7,2,3,0,1,3,1
2022-08,64,49,6,8,1,14,13,2,2,18,0,0,0,9,0,58,23,8,4,4,2,2,7,2,0,36,1,8,1,172,9,6,7,4,6,0,4,5,2,2,34,11,19,4,6,12,25,25,0,1,5,0,0,2,4,3
2022-08,65,62,10,12,2,30,13,1,1,11,1,0,0,3,5,84,99,8,2,3,3,3,3,16,4,58,1,2,2,54,9,9,22,9,9,0,3,9,12,0,21,6,18,16,11,11,18,47,1,1,4,1,0,4,4,4
2022-08,66,105,12,21,1,43,44,26,2,9,8,3,1,18,32,138,121,13,4,11,7,52,14,25,7,46,11,23,3,100,43,8,16,10,11,5,14,11,36,3,71,5,22,58,17,10,30,91,17,12,11,6,4,2,30,7
2022-08,67,72,13,7,4,33,30,16,2,17,65,0,1,28,50,116,46,14,2,2,15,2,10,0,5,31,10,20,2,112,39,3,8,13,6,1,2,3,27,5,73,5,14,83,32,0,29,52,31,23,19,10,1,8,126,9
2022-08,68,57,20,4,2,17,49,17,2,18,139,0,0,27,48,74,61,14,4,15,9,11,5,2,2,38,16,29,4,76,41,2,7,17,9,1,4,7,30,2,104,11,17,65,28,2,20,77,46,15,12,4,1,2,166,0
2022-08,69,50,17,5,1,22,75,21,3,16,39,2,2,44,36,80,8,15,4,18,6,6,15,0,2,34,21,15,1,65,38,5,8,7,9,2,9,7,23,14,201,13,36,93,39,8,29,65,42,28,16,12,0,8,46,10
2022-08,70,71,11,11,2,32,19,1,7,11,3,1,1,40,20,161,126,14,3,21,6,2,10,3,4,49,11,7,4,104,16,16,12,23,11,2,1,9,12,10,99,2,19,90,41,6,33,185,4,5,14,5,1,6,28,9
2022-08,71,72,22,17,7,33,60,15,3,24,40,3,2,42,43,124,16,19,11,17,8,10,15,5,1,77,17,18,2,121,68,26,21,51,17,2,10,14,37,13,116,15,17,117,36,10,55,98,33,17,12,21,1,14,67,11
2022-08,72,9,4,12,0,19,5,1,1,8,2,3,4,17,1,71,15,11,1,6,3,2,7,0,0,28,16,7,2,24,12,10,11,15,5,1,1,0,6,2,39,8,12,120,47,34,64,84,4,9,3,2,2,8,5,13
2022-08,73,57,17,12,3,32,13,6,3,18,5,1,2,29,17,94,4,12,2,9,7,4,5,2,7,41,13,21,3,45,20,8,11,23,7,1,12,5,31,12,53,5,11,105,27,8,50,79,24,16,15,12,0,3,37,10
2022-08,74,7,2,2,1,11,5,0,1,11,0,0,0,8,0,68,3,4,1,14,3,1,3,2,1,23,14,2,0,67,3,12,14,12,1,0,0,1,2,0,19,3,6,41,24,12,27,46,7,3,3,12,1,11,7,3
2022-08,75,19,14,8,0,20,18,3,3,12,16,1,3,17,4,100,6,4,3,11,7,3,6,0,4,21,20,10,0,47,11,5,4,11,3,0,1,7,19,4,22,5,18,158,39,26,35,69,12,9,8,5,2,11,25,13
2022-08,76,5,0,2,0,3,2,2,1,1,0,0,0,5,1,11,0,2,0,1,2,0,0,0,0,8,0,6,2,1,1,11,3,4,2,0,0,3,5,0,15,4,7,3,2,0,2,3,0,0,2,0,0,0,0,2
2022-08,77,53,3,6,0,14,29,9,2,4,1,1,1,19,12,25,248,10,2,7,12,2,1,3,1,23,1,10,6,74,19,3,8,9,29,1,3,4,3,0,54,5,87,61,27,12,23,44,4,8,10,7,1,0,8,36
2022-09,0,3682,661,621,150,1604,2020,594,147,761,422,84,127,1566,1152,4427,8443,700,205,604,419,245,549,555,251,2427,498,932,264,5747,1305,567,841,801,926,63,291,483,1061,356,4860,335,1863,2782,990,2077,1588,3245,530,675,1944,711,117,2988,900,854
2022-09,1,61,6,5,3,5,36,17,4,1,1,2,0,29,12,22,120,1,5,6,8,5,4,7,7,27,6,6,4,86,14,3,23,9,14,1,1,10,3,5,36,3,21,52,15,4,20,21,2,2,51,33,1,309,2,14
2022-09,2,94,13,9,10,32,46,19,3,16,4,1,0,27,11,81,48,6,2,14,3,4,13,11,3,25,7,11,2,146,34,12,39,6,24,1,3,7,20,4,44,12,14,97,59,10,44,66,2,7,29,82,9,265,7,20
2022-09,3,40,9,17,8,6,268,11,0,25,5,1,1,13,22,13,146,14,1,4,5,3,6,5,3,35,2,7,4,78,14,10,9,11,49,0,4,5,5,6,22,4,25,17,23,11,27,31,1,6,90,25,1,50,7,24
2022-09,4,66,3,7,1,15,16,8,0,5,3,3,14,36,8,47,126,16,0,2,3,0,2,8,3,21,1,19,5,83,10,9,20,13,15,0,1,3,5,9,39,2,11,28,18,13,20,52,1,4,67,46,4,178,4,34
2022-09,5,58,3,8,0,34,12,1,1,2,3,1,1,26,9,45,156,13,1,10,8,5,1,8,4,13,5,5,2,95,8,4,8,13,10,1,4,10,6,1,27,2,18,37,22,26,24,61,0,3,58,12,0,65,4,25
2022-09,6,46,8,8,3,42,27,9,7,6,3,4,1,34,18,73,202,23,4,14,12,1,7,16,3,28,4,12,13,221,33,13,9,25,18,1,7,4,3,5,77,5,59,25,31,18,37,58,3,4,179,9,1,4,11,35
2022-09,7,33,3,11,2,23,19,4,2,4,5,0,6,24,15,51,194,21,3,10,11,1,5,1,2,46,11,14,4,131,54,5,5,23,21,0,1,5,5,8,39,7,74,26,11,17,20,53,2,12,87,10,4,7,8,22
2022-09,8,14,8,7,1,10,25,8,7,4,4,3,2,5,18,23,320,14,2,6,9,2,2,9,0,66,1,12,14,70,32,10,1,18,32,0,1,8,5,36,79,9,82,5,1,2,10,33,1,21,65,4,1,1,15,1
2022-09,9,6,2,5,0,8,6,1,1,9,0,0,2,4,1,24,1,1,2,2,3,0,0,2,1,21,3,0,1,22,1,6,3,3,1,0,0,1,2,0,45,3,5,17,10,14,17,34,0,0,8,4,5,0,1,3
2022-09,10,42,7,5,7,25,10,3,1,32,0,0,26,32,5,67,16,8,5,7,9,2,15,7,1,47,8,27,3,91,10,20,10,16,15,0,2,9,3,3,112,3,11,75,27,43,50,58,1,3,21,9,9,5,3,14
2022-09,11,29,2,4,4,18,15,1,2,8,0,0,3,28,3,50,50,2,1,3,2,0,11,5,1,32,1,37,3,113,5,18,21,14,5,0,2,4,5,4,62,5,26,60,20,32,34,58,2,4,24,5,1,59,4,18
2022-09,12,10,6,6,2,14,4,1,0,9,1,1,2,33,1,38,26,3,2,8,5,0,4,2,1,28,4,38,1,47,6,5,13,12,3,2,2,2,1,1,39,5,31,73,36,13,30,62,2,6,11,10,1,149,1,18
2022-09,13,21,9,5,2,11,10,1,1,12,0,0,0,12,4,26,40,4,5,1,0,1,1,1,0,6,1,7,0,18,4,1,7,11,9,0,0,1,4,0,28,1,25,26,15,9,16,23,1,0,6,11,0,66,1,6
2022-09,14,55,5,15,3,22,26,12,6,23,5,1,0,22,16,71,169,11,4,9,6,2,9,5,2,41,1,26,1,83,27,17,28,7,18,0,0,3,3,3,44,3,18,41,32,15,17,43,4,4,38,50,0,206,3,49
2022-09,15,92,3,28,7,52,38,20,3,28,0,0,2,23,21,118,113,14,5,27,7,5,20,2,4,41,9,6,5,195,22,22,81,26,18,0,4,2,8,7,114,9,25,61,19,80,58,82,0,9,39,46,7,780,5,53
2022-09,16,85,13,23,3,32,16,9,3,19,0,1,1,45,17,75,203,11,4,5,9,4,31,4,1,43,11,17,3,153,15,7,29,16,25,1,1,9,16,7,119,4,41,44,32,24,42,70,2,5,54,33,0,129,4,61
2022-09,17,87,18,12,1,40,13,3,0,9,1,0,4,24,9,76,43,11,5,32,9,2,12,4,3,37,5,10,2,152,12,13,27,25,11,0,2,3,6,5,116,6,4,72,24,82,41,83,4,3,16,11,6,100,5,26
2022-09,18,18,7,4,0,3,4,1,3,1,0,0,0,7,4,21,15,2,2,6,0,0,3,0,1,33,3,1,0,27,15,2,3,4,3,0,2,4,1,2,38,1,3,9,5,7,5,20,0,4,6,4,0,3,2,4
2022-09,19,129,13,21,11,50,33,8,6,11,0,1,0,31,44,149,201,13,10,21,13,4,9,4,10,51,11,11,7,154,29,25,22,20,27,0,5,11,15,10,112,7,60,40,24,23,52,68,3,8,16,20,0,18,3,9
2022-09,20,62,9,13,0,18,11,3,0,8,2,0,0,8,10,34,69,5,1,5,0,1,6,0,3,7,2,6,1,78,11,8,4,4,16,0,0,1,7,2,30,1,6,16,8,13,24,23,0,3,10,7,0,2,6,6
2022-09,21,59,6,10,1,16,16,3,2,7,2,2,1,20,13,61,242,4,4,14,11,2,6,4,2,26,8,9,4,87,19,5,8,6,12,1,0,5,7,4,28,3,33,28,16,12,29,53,1,3,47,6,0,10,0,34
2022-09,22,63,15,30,2,46,34,4,2,24,8,2,0,29,33,87,654,43,5,9,14,5,12,3,8,78,6,14,5,180,40,11,16,15,44,3,6,10,6,10,68,3,82,38,18,49,43,56,10,4,118,16,1,10,7,65
2022-09,23,87,6,14,0,31,38,14,4,11,42,2,1,28,57,106,108,10,6,27,11,5,3,0,5,25,9,17,2,130,23,8,9,8,8,2,1,5,32,8,53,5,18,67,23,18,30,70,11,21,22,6,1,8,25,10
2022-09,24,80,18,33,0,70,63,15,3,15,12,2,1,40,47,117,806,37,2,19,20,10,19,5,7,73,25,15,14,321,80,8,26,37,50,0,2,5,10,11,157,15,41,54,36,13,33,86,13,10,175,24,7,20,11,56
2022-09,25,205,25,26,2,62,90,37,5,29,23,5,2,89,78,203,129,20,15,22,14,10,19,5,8,79,13,40,8,150,62,9,31,31,20,1,23,10,66,11,216,12,40,128,40,45,55,128,24,32,30,22,5,22,31,9
2022-09,26,33,5,2,0,19,23,12,2,4,24,0,0,14,25,45,16,5,2,1,4,3,6,2,1,7,3,10,3,31,18,1,1,2,3,0,2,2,17,4,56,1,8,26,2,0,6,19,5,14,3,2,0,3,19,1
2022-09,27,30,7,2,0,15,22,11,2,7,11,2,0,17,23,37,29,6,2,5,3,1,4,5,1,11,5,10,0,47,19,9,3,3,4,0,1,8,17,14,48,2,10,20,9,3,13,24,3,5,8,6,0,4,20,7
2022-09,28,46,7,10,1,20,34,8,6,5,7,3,3,13,21,49,401,18,1,9,7,2,12,2,4,129,10,16,13,112,20,13,14,14,35,1,3,21,9,14,106,9,80,14,9,5,16,98,2,6,38,14,1,3,18,3
2022-09,29,48,9,8,2,16,47,9,0,7,29,2,1,19,40,81,38,14,1,9,7,2,9,0,3,17,2,19,3,107,18,7,7,6,6,1,6,10,18,6,90,5,30,34,6,2,14,44,16,13,9,1,0,1,41,4
2022-09,30,79,15,47,0,50,44,8,8,21,5,1,0,21,33,133,423,19,8,9,13,5,8,181,7,171,4,21,7,138,35,7,43,33,18,1,3,12,12,2,111,5,24,35,25,293,41,74,7,5,12,10,1,1,25,4
2022-09,31,44,7,8,1,22,18,5,1,13,2,1,0,4,18,40,599,17,4,8,7,5,8,2,4,31,17,3,4,52,17,4,3,5,23,2,4,22,16,7,158,6,12,4,11,4,4,33,1,6,30,3,1,3,10,4
2022-09,32,19,1,2,0,3,8,4,4,2,2,6,4,4,9,0,256,22,1,1,5,0,3,1,1,43,0,13,14,18,17,6,4,10,21,2,4,6,9,10,83,8,78,0,0,2,1,7,1,11,34,1,0,6,2,0
2022-09,33,11,1,1,0,6,7,2,0,8,2,3,3,7,5,5,21,9,0,1,3,0,1,0,3,26,9,1,1,6,1,7,0,4,10,1,0,2,6,2,44,7,20,5,1,2,6,26,0,4,26,0,0,0,6,0
2022-09,34,12,4,2,0,3,6,1,2,2,3,0,1,4,3,12,68,3,0,3,4,0,0,2,0,11,7,4,4,29,2,1,0,10,4,0,0,6,4,3,36,2,6,1,4,3,10,17,0,2,5,1,0,1,6,1
2022-09,35,19,0,0,0,7,12,5,0,4,0,0,1,2,2,11,6,5,1,0,4,2,1,0,1,20,4,3,1,9,10,1,2,5,1,0,5,6,6,1,23,4,13,6,1,14,2,41,1,3,5,8,0,1,0,1
2022-09,36,3,0,0,0,0,18,2,0,0,5,0,0,5,0,8,4,2,0,0,2,0,0,0,0,7,1,1,0,3,0,0,1,1,1,1,0,2,3,0,7,2,0,4,5,26,2,6,0,3,0,0,0,0,1,0
2022-09,37,4,0,0,0,2,0,0,0,0,1,0,0,0,0,8,4,0,0,1,0,2,0,0,0,4,5,2,1,29,2,1,4,0,1,0,0,2,2,0,7,1,12,4,0,0,2,3,3,1,0,0,1,0,3,0
2022-09,38,35,11,3,1,8,38,11,2,4,10,0,1,17,12,19,6,3,2,2,3,0,5,0,1,13,2,12,3,35,14,4,4,9,3,0,2,10,11,2,57,3,23,12,7,37,8,15,3,4,8,1,1,1,9,3
2022-09,39,18,3,5,0,4,40,4,0,2,3,0,0,7,2,15,4,2,0,5,0,0,3,0,2,14,2,1,2,30,10,0,4,2,1,0,1,1,6,1,14,8,49,5,3,10,6,12,6,3,13,0,3,1,3,4
2022-09,40,16,5,1,0,3,22,6,0,1,2,0,3,15,4,8,12,3,0,2,0,1,3,4,2,5,1,10,1,16,9,3,0,0,1,0,2,5,13,4,41,5,22,5,2,37,2,7,6,4,3,0,0,0,4,0
2022-09,41,19,1,1,0,8,17,3,0,2,1,2,1,4,6,11,9,4,2,8,0,1,8,1,0,35,6,5,5,25,4,3,5,6,3,1,6,1,9,4,42,2,5,11,5,12,6,17,0,4,53,2,0,1,0,5
2022-09,42,29,12,8,3,8,27,12,0,7,3,0,1,14,4,33,11,13,3,3,7,0,1,2,1,18,4,9,0,23,11,7,5,2,6,0,5,9,16,2,46,2,29,28,10,10,2,18,4,5,10,2,1,1,12,4
2022-09,43,118,18,7,1,18,91,59,1,13,11,2,0,46,34,69,18,15,7,17,15,8,13,1,6,34,12,35,8,38,26,9,15,7,12,0,4,9,33,9,56,7,16,64,9,28,16,47,23,23,10,2,2,8,17,5
2022-09,44,57,15,10,2,14,51,29,2,5,0,0,0,55,22,65,9,9,1,6,4,4,7,2,2,15,5,27,9,34,16,4,15,5,3,0,5,5,25,4,100,3,21,50,14,36,19,53,21,14,18,7,2,6,24,7
2022-09,45,15,12,0,0,9,11,2,1,4,0,2,0,11,6,40,9,1,2,2,0,3,2,0,0,15,9,0,2,21,6,3,4,3,10,0,0,9,9,0,39,5,15,41,12,18,16,16,26,5,4,0,1,3,9,2
2022-09,46,54,13,3,1,19,26,13,3,14,3,4,1,34,21,91,84,12,6,5,4,9,15,1,6,13,12,25,3,39,23,7,10,5,3,2,6,15,21,9,80,2,92,73,12,32,18,62,20,15,10,8,2,3,15,9
2022-09,47,1,0,0,0,1,3,3,0,0,0,0,0,5,3,8,0,1,0,4,1,0,6,0,2,4,1,0,0,2,3,0,2,0,0,0,0,0,0,0,6,0,1,3,1,5,2,3,1,2,1,0,0,1,3,0
2022-09,48,30,13,2,0,19,7,0,0,10,1,0,0,27,6,48,8,4,0,8,2,5,5,4,4,12,4,8,4,11,7,1,5,6,16,1,2,7,17,0,73,2,31,25,9,18,18,67,17,8,5,2,0,4,9,7
2022-09,49,61,29,10,4,27,37,8,3,29,14,1,2,59,45,156,29,19,0,14,4,6,14,6,9,42,25,30,5,139,37,18,24,24,3,1,10,14,36,6,168,7,20,119,22,47,46,75,28,38,16,5,1,6,38,12
2022-09,50,17,3,1,1,4,15,1,0,5,6,0,1,6,7,27,1,5,0,6,6,0,5,0,0,4,5,4,0,13,6,2,8,4,1,0,0,0,10,0,18,4,11,15,3,43,5,11,6,1,5,1,0,0,2,2
2022-09,51,19,6,4,0,14,7,4,1,2,3,0,0,9,9,51,18,4,0,7,2,1,6,2,4,8,11,7,2,19,16,1,9,1,3,0,0,2,20,4,64,7,6,53,3,10,9,17,7,13,16,2,1,1,14,3
2022-09,52,51,5,8,0,25,16,4,0,19,2,0,0,3,9,51,27,6,0,5,2,0,4,0,2,54,2,3,0,8,14,4,3,7,6,0,2,2,15,4,64,1,7,18,7,0,11,34,8,3,4,7,2,2,13,2
2022-09,53,50,20,0,1,28,36,21,2,10,13,0,0,28,19,104,6,7,6,11,5,4,10,1,8,29,19,16,2,85,31,16,12,32,1,2,14,6,31,11,68,1,10,93,21,41,34,46,27,36,16,4,1,7,37,14
2022-09,54,8,0,0,0,2,0,5,0,0,1,2,1,6,0,7,0,0,2,0,0,0,2,0,2,0,0,4,1,4,4,0,2,1,0,0,0,1,4,0,4,2,4,5,3,1,4,3,0,1,0,0,0,0,2,0
2022-09,55,26,5,0,0,10,0,0,0,5,0,2,1,6,3,7,2,1,0,0,0,0,4,2,0,10,3,0,0,5,7,3,1,2,0,0,0,2,1,0,10,0,7,12,2,0,5,17,3,0,4,2,0,1,2,1
2022-09,56,58,11,7,7,35,10,2,0,17,3,3,0,13,3,92,110,6,8,11,7,3,23,6,2,40,5,4,3,227,10,11,5,11,9,0,13,18,15,0,98,7,13,23,15,17,43,76,2,6,8,4,2,3,7,2
2022-09,57,32,1,0,0,10,7,2,2,12,1,1,0,7,4,17,217,8,0,2,4,0,1,0,1,9,0,2,1,22,4,1,4,0,33,1,4,10,7,1,34,0,20,3,5,1,15,17,1,2,4,0,0,3,2,0
2022-09,58,58,14,16,5,22,22,4,2,11,0,4,0,13,14,69,404,2,2,10,7,11,9,9,5,23,1,9,2,54,13,3,2,6,13,1,10,14,11,5,22,3,25,24,5,3,11,40,2,4,6,0,1,4,5,4
2022-09,59,15,6,8,1,11,6,3,1,4,3,0,0,16,6,27,150,4,2,7,2,10,1,9,0,13,5,2,5,20,5,1,4,0,3,1,5,3,5,1,8,1,13,13,6,18,6,16,1,1,11,0,0,1,1,3
2022-09,60,41,9,6,3,16,9,1,2,3,3,0,1,15,18,55,106,5,1,13,5,4,7,1,5,29,6,7,5,129,5,6,3,13,13,0,0,4,4,4,31,6,28,12,11,11,12,62,1,2,27,3,2,2,20,8
2022-09,61,126,15,5,0,36,31,5,5,9,20,0,1,16,26,75,121,12,1,14,10,2,9,71,18,44,2,19,2,93,21,11,2,6,17,1,4,6,42,3,82,11,26,43,17,17,21,57,22,16,8,4,0,2,27,4
2022-09,62,42,2,1,3,17,1,0,3,3,1,0,3,15,1,54,144,4,2,2,1,0,2,26,2,27,2,4,2,44,5,9,3,0,15,3,2,7,2,2,28,3,8,6,4,16,5,24,0,2,7,3,0,3,0,4
2022-09,63,82,6,16,1,14,19,1,5,7,0,1,0,19,8,64,221,10,1,3,6,2,11,4,5,31,7,22,2,49,10,5,4,9,25,2,7,4,14,3,83,1,4,16,5,5,31,23,2,9,8,1,0,2,2,3
2022-09,64,69,7,8,4,28,9,0,1,16,0,0,3,17,3,79,20,10,2,5,4,1,6,7,5,48,2,6,1,207,7,10,6,6,14,0,5,6,2,1,33,1,25,6,1,10,17,27,1,1,5,5,2,1,3,5
2022-09,65,58,13,11,1,50,13,8,2,15,0,0,0,23,2,90,96,10,6,1,0,6,3,12,3,38,1,5,3,38,9,9,7,10,20,1,5,5,15,1,40,4,11,6,4,38,14,34,0,7,9,4,0,3,3,3
2022-09,66,88,12,19,3,56,50,17,2,10,3,0,1,25,30,118,132,10,3,16,13,7,14,1,13,53,5,32,6,106,35,3,13,13,19,5,15,4,58,6,108,2,13,49,10,23,25,44,12,40,17,5,6,8,21,6
2022-09,67,92,16,7,2,32,41,6,2,14,26,1,0,18,31,99,92,4,2,6,14,7,12,2,6,26,4,26,0,122,30,6,9,9,11,1,9,7,30,3,59,3,25,74,16,33,24,43,33,21,27,6,4,4,76,6
2022-09,68,43,20,0,2,11,45,17,0,7,29,2,0,26,42,53,55,7,7,11,13,18,5,14,4,21,16,14,0,92,19,5,5,12,10,1,5,7,32,5,62,4,7,54,9,49,12,49,40,11,12,3,3,5,71,5
2022-09,69,94,25,3,2,34,48,21,2,10,9,1,0,31,17,69,5,11,1,12,6,7,10,1,1,28,11,14,6,59,29,5,13,20,4,5,28,13,29,7,165,2,22,71,22,44,15,37,23,15,16,2,0,6,32,8
2022-09,70,62,10,6,1,36,21,2,4,14,3,3,2,20,3,139,71,10,8,14,2,5,15,27,3,64,3,17,3,105,16,24,8,16,12,0,0,5,19,2,77,3,16,47,9,9,24,59,2,8,18,5,3,7,13,6
2022-09,71,83,17,4,5,26,47,19,3,36,17,2,1,62,33,125,14,14,5,9,7,13,6,10,6,42,22,20,3,96,49,16,25,19,12,3,10,12,53,15,135,8,10,101,11,25,27,80,22,36,14,10,1,9,29,6
2022-09,72,13,4,4,0,21,4,1,1,10,0,0,6,20,1,58,4,4,1,6,4,2,4,9,4,11,14,6,0,16,4,13,2,10,8,1,0,2,28,0,39,9,16,65,12,255,51,53,0,27,13,4,2,1,2,7
2022-09,73,42,14,9,1,32,30,1,0,12,7,0,10,30,24,79,10,21,3,4,1,6,5,2,1,50,16,23,4,43,21,10,21,25,0,2,8,8,24,6,106,4,20,74,18,29,42,63,17,15,12,3,3,4,20,9
2022-09,74,13,3,0,0,10,4,0,2,13,0,0,2,5,0,52,0,0,1,6,2,0,3,0,3,28,9,2,1,57,3,7,7,12,1,1,0,2,8,0,27,5,7,34,7,23,14,58,1,1,6,7,2,1,5,12
2022-09,75,13,8,5,0,21,10,0,0,11,8,1,2,26,7,67,2,4,1,10,0,2,8,0,1,28,13,16,3,44,12,7,8,10,1,0,0,6,14,2,35,6,16,82,9,110,28,42,10,15,9,3,1,2,24,6
2022-09,76,4,1,1,3,1,3,0,0,0,0,0,0,3,1,4,2,2,0,1,0,0,2,0,0,12,0,3,2,1,3,3,1,0,1,0,0,0,4,1,9,1,15,5,1,0,5,1,0,0,2,1,0,0,0,2
2022-09,77,40,3,14,15,16,31,19,2,4,1,0,0,15,11,25,152,6,1,6,5,1,8,5,4,31,7,13,4,84,12,9,27,12,18,4,0,6,5,3,116,8,88,53,10,9,24,36,3,6,72,42,0,382,3,24
2022-10,0,3128,656,579,79,1239,1608,642,124,617,235,118,132,1289,900,3523,7816,594,135,481,394,194,494,175,199,1782,450,771,216,4546,869,428,681,590,996,70,238,456,994,368,4262,351,1919,1748,899,1776,1196,2544,413,628,574,328,49,216,307,1179
2022-10,1,32,2,1,3,1,27,13,1,27,0,2,0,14,4,9,92,2,4,3,4,2,8,3,3,25,3,18,4,60,5,2,17,7,8,0,2,2,8,1,85,5,26,22,14,4,9,23,0,7,15,9,0,13,1,31
2022-10,2,73,12,16,2,18,25,13,1,3,3,0,3,50,11,42,103,13,2,10,7,0,7,3,2,39,0,16,7,101,16,7,19,13,28,2,0,6,7,5,41,4,36,58,25,22,24,53,3,8,10,7,1,6,1,27
2022-10,3,29,7,13,3,1,107,8,1,5,1,4,0,8,15,9,173,10,1,7,10,1,6,2,6,29,1,5,6,44,14,2,4,5,45,0,4,12,5,14,22,0,34,21,5,5,9,32,0,2,16,10,0,2,7,44
2022-10,4,33,7,15,1,12,12,4,2,2,1,0,0,26,3,32,109,13,3,9,10,4,3,2,0,35,1,10,2,64,6,3,9,8,18,2,1,4,4,6,37,3,10,16,14,16,21,52,4,3,16,5,2,5,2,36
2022-10,5,46,3,17,1,27,12,2,0,1,0,1,1,10,3,36,120,17,1,5,6,1,6,2,0,29,1,6,0,71,6,3,3,12,9,1,2,2,5,3,14,6,9,13,12,23,16,42,2,7,13,4,0,0,4,43
2022-10,6,29,13,11,3,16,33,12,6,25,3,21,1,28,13,47,214,23,0,8,13,10,8,1,6,28,6,8,10,172,18,8,7,17,16,2,4,6,4,6,76,1,71,21,14,14,5,59,8,8,34,15,2,3,1,72
2022-10,7,20,6,17,2,20,16,6,1,5,2,0,14,21,12,40,185,28,1,8,12,2,3,0,1,64,4,9,11,103,45,13,7,15,11,0,5,11,9,12,47,7,54,16,23,19,20,64,4,4,18,15,2,3,4,75
2022-10,8,24,7,17,1,3,16,32,5,11,8,2,2,6,12,13,285,14,0,2,6,3,6,2,3,71,0,13,10,76,23,8,8,18,32,0,0,5,1,19,49,6,79,3,3,7,13,14,0,7,14,6,0,0,4,3
2022-10,9,2,2,3,0,11,2,0,2,13,0,0,0,6,0,22,5,1,1,3,3,0,0,0,0,10,2,0,0,26,1,7,3,4,0,0,0,2,0,0,12,5,2,16,7,13,9,16,0,0,3,1,0,0,0,4
2022-10,10,38,13,10,1,23,12,1,2,17,0,0,10,16,3,58,19,6,3,10,12,2,7,0,1,46,7,7,1,84,5,7,15,11,25,1,2,2,2,1,70,4,14,36,35,25,45,54,0,4,10,5,1,2,0,24
2022-10,11,29,5,4,4,12,9,5,0,13,1,0,0,20,6,39,38,7,0,6,5,2,8,2,1,26,3,21,1,89,9,19,19,11,36,0,1,2,4,6,52,3,34,21,16,11,12,28,1,6,7,5,1,1,0,26
2022-10,12,15,6,3,0,14,4,0,1,6,0,0,0,26,8,37,34,6,1,1,6,0,0,0,0,36,7,20,1,25,2,3,8,6,15,0,0,6,0,3,36,3,11,36,19,11,22,66,0,1,7,3,2,2,1,27
2022-10,13,24,3,5,0,6,9,4,0,13,0,0,0,10,3,26,29,1,3,0,3,2,3,0,0,9,0,18,1,23,2,0,4,10,7,0,1,0,4,1,41,2,19,13,14,9,9,20,2,0,2,6,2,3,1,9
2022-10,14,38,6,13,2,16,20,3,3,17,1,1,1,23,20,38,205,14,2,5,5,4,4,1,1,11,3,20,5,80,14,11,9,7,8,0,2,6,7,5,24,1,25,9,13,21,15,37,2,7,7,14,1,7,1,65
2022-10,15,100,5,25,1,47,31,10,1,17,1,2,0,35,15,117,118,12,3,16,14,3,25,2,1,27,13,12,2,157,9,22,25,18,32,4,4,9,11,4,56,7,34,46,31,32,33,92,2,6,18,6,0,11,0,67
2022-10,16,57,12,18,2,29,14,3,2,17,1,1,2,34,16,66,255,3,1,12,7,2,15,4,3,30,6,11,0,133,23,10,14,13,37,2,0,0,3,10,83,3,18,34,22,33,28,42,5,5,16,11,1,1,2,80
2022-10,17,104,11,15,0,29,14,3,1,21,0,4,0,23,7,85,89,16,2,21,12,3,7,3,2,45,5,5,2,120,13,13,31,22,8,1,2,7,5,2,53,1,24,25,23,77,32,63,3,1,3,4,1,4,3,22
2022-10,18,11,1,5,0,11,8,1,3,2,0,0,0,5,5,20,20,7,3,1,4,0,0,0,0,18,2,1,1,19,6,2,1,11,0,0,0,2,3,0,21,4,2,5,9,5,4,20,2,0,0,1,0,2,0,6
2022-10,19,106,12,34,8,59,21,7,4,25,3,3,1,21,23,152,154,18,7,15,5,5,9,0,5,72,7,13,4,130,19,14,19,14,18,3,1,9,11,7,68,4,46,19,14,20,32,61,2,3,7,4,0,3,2,13
2022-10,20,33,2,7,0,7,13,4,1,11,0,0,0,2,4,31,51,1,1,5,3,0,3,0,2,4,2,3,0,65,9,3,5,4,7,0,0,0,6,1,20,0,4,8,7,6,8,13,3,2,2,1,1,1,1,10
2022-10,21,68,10,18,0,20,17,12,1,11,2,1,0,11,11,50,306,7,4,3,8,1,5,1,2,41,2,7,3,59,11,6,4,6,11,4,0,4,9,4,38,3,18,13,16,22,17,34,4,7,14,3,1,3,3,41
2022-10,22,56,15,40,0,44,29,6,4,7,3,2,1,28,15,58,510,32,0,13,18,8,23,0,3,63,7,15,7,131,21,9,12,9,38,1,4,6,16,5,112,9,58,20,14,67,31,56,3,4,36,8,3,2,8,102
2022-10,23,92,16,9,0,28,33,11,3,5,17,0,0,19,45,82,137,6,4,17,9,8,12,1,13,10,4,21,0,116,20,8,4,5,23,1,2,13,33,10,22,1,15,34,14,24,34,58,27,17,12,4,0,4,10,19
2022-10,24,53,9,27,2,58,36,13,4,7,7,4,2,46,40,79,621,33,3,16,16,1,19,18,5,40,16,18,10,225,39,15,12,23,40,3,6,6,15,23,145,12,85,24,21,34,30,83,1,7,39,10,5,7,3,93
2022-10,25,145,37,22,1,63,89,48,10,21,19,3,2,45,67,167,90,23,10,22,13,6,20,6,11,36,12,33,2,139,42,14,15,14,22,1,7,7,69,11,130,8,30,71,18,43,46,101,19,44,10,7,2,7,10,20
2022-10,26,20,9,2,0,14,15,6,2,1,19,0,1,8,33,50,31,3,0,8,3,1,4,1,1,7,1,20,1,30,10,0,2,3,4,1,0,5,8,5,42,0,7,18,3,7,20,14,9,6,1,0,0,2,6,2
2022-10,27,41,3,3,0,13,11,3,0,5,10,0,4,11,27,39,18,3,0,3,2,2,7,1,2,12,4,7,2,36,9,2,4,4,9,0,0,5,11,3,36,6,19,13,6,24,10,12,6,13,0,2,0,2,10,3
2022-10,28,56,8,3,2,7,23,7,7,13,9,3,5,27,12,26,357,17,0,6,8,2,5,12,3,74,7,15,11,84,24,12,7,12,59,0,6,16,15,22,159,16,112,3,4,11,20,33,2,12,8,3,2,0,5,5
2022-10,29,76,13,8,0,17,42,14,0,10,9,1,5,37,29,66,76,7,0,4,6,6,10,14,7,19,7,14,0,67,11,1,4,2,11,1,0,10,27,5,119,6,23,31,9,50,43,21,11,17,3,3,1,2,17,2
2022-10,30,107,6,14,1,26,32,10,6,12,2,1,0,25,18,100,288,4,2,12,3,3,12,0,10,51,5,5,2,86,15,3,57,24,15,2,4,8,18,4,107,6,21,9,9,92,7,41,3,9,3,4,0,1,7,4
2022-10,31,31,11,5,1,23,12,3,3,10,2,4,0,14,13,43,360,12,1,9,3,1,7,11,4,34,7,4,5,46,15,6,4,11,15,0,4,13,11,10,106,4,73,3,8,3,7,11,0,3,9,1,0,0,2,6
2022-10,32,7,1,8,2,0,9,4,2,0,2,2,0,4,3,4,238,9,0,2,3,0,2,0,1,48,0,6,16,17,10,3,2,14,18,0,2,2,7,11,129,9,133,2,0,2,3,1,0,7,5,5,0,0,1,0
2022-10,33,10,2,1,0,3,12,2,1,0,2,5,0,9,3,2,72,1,0,4,1,0,0,8,1,24,8,1,3,9,3,4,2,1,1,0,0,4,2,1,25,3,21,3,1,1,0,2,0,2,3,0,0,0,0,1
2022-10,34,6,0,4,2,3,4,5,0,6,1,1,0,3,4,16,123,3,1,1,4,0,0,7,0,10,13,1,3,20,10,3,0,6,7,0,0,0,2,2,30,3,15,3,1,1,3,10,1,0,1,1,0,0,0,0
2022-10,35,15,2,0,1,0,15,0,0,2,0,0,5,3,9,7,15,2,1,2,4,2,0,0,0,12,0,8,5,2,7,1,0,0,4,0,0,1,3,0,50,6,10,6,1,10,1,20,2,2,5,0,0,0,1,1
2022-10,36,9,1,1,0,2,7,5,0,1,0,0,0,0,3,2,3,0,1,0,2,2,0,0,0,4,1,0,0,4,0,1,1,2,1,0,4,4,4,1,4,4,1,1,0,11,1,1,1,2,2,0,0,1,0,2
2022-10,37,2,0,0,0,0,3,0,0,1,0,0,1,0,3,4,2,1,1,0,0,0,0,2,0,1,1,1,2,26,0,0,0,0,2,0,0,0,0,1,4,1,4,1,0,0,0,3,0,0,1,1,0,1,2,0
2022-10,38,26,12,6,0,11,31,16,0,7,4,2,0,20,7,26,3,4,1,4,5,3,2,0,1,6,5,5,1,48,7,5,11,2,1,0,0,12,8,9,48,6,43,6,5,34,4,11,4,5,3,3,0,4,2,1
2022-10,39,21,1,4,0,2,20,7,1,2,0,0,2,12,4,8,7,2,1,0,1,0,4,0,0,7,6,6,1,18,4,1,0,2,1,1,1,8,3,1,16,2,6,4,2,5,0,8,1,1,7,0,1,1,0,6
2022-10,40,18,5,0,0,6,19,7,1,0,0,1,4,8,1,13,12,2,1,2,1,0,0,0,1,10,0,4,4,13,10,0,2,2,3,0,7,6,6,4,45,3,23,8,3,1,3,7,0,2,1,0,0,0,3,0
2022-10,41,14,0,4,0,3,15,7,0,0,1,3,0,2,1,8,12,3,1,7,1,0,4,0,0,16,8,4,5,13,7,1,2,6,15,2,3,8,5,2,24,4,21,6,7,0,5,11,0,2,27,4,0,0,0,6
2022-10,42,28,10,4,1,17,26,12,1,4,8,2,1,19,11,25,1,5,0,1,9,0,1,1,3,19,1,6,2,28,11,2,3,3,1,0,2,9,13,4,44,5,17,22,7,3,4,17,5,4,8,5,0,3,5,3
2022-10,43,81,23,3,1,24,94,51,2,4,5,0,2,32,21,53,9,7,1,6,10,12,11,0,4,24,4,19,6,43,22,4,24,2,12,0,8,5,45,5,41,6,14,33,19,35,18,36,11,32,3,6,1,2,5,8
2022-10,44,48,16,6,2,16,52,24,6,8,3,3,1,17,16,60,5,8,1,7,7,4,5,2,7,19,17,23,5,27,15,2,21,8,7,1,10,2,24,9,106,4,8,49,30,13,22,43,33,10,3,3,1,3,5,6
2022-10,45,22,8,0,0,3,4,0,0,6,1,0,0,8,2,19,3,4,1,2,1,0,2,0,0,11,1,4,0,11,2,0,3,3,8,0,0,3,7,1,27,3,2,14,10,9,6,13,8,2,3,4,0,1,2,2
2022-10,46,40,8,3,3,18,27,19,1,10,2,3,0,18,18,47,21,8,1,5,4,7,13,2,5,13,10,9,0,48,14,6,12,4,4,1,9,6,28,0,78,14,6,62,21,5,17,27,10,23,5,5,0,3,10,6
2022-10,47,2,1,0,0,2,3,1,0,0,0,1,0,2,1,9,1,0,0,1,2,0,0,1,1,0,2,0,0,2,1,0,0,2,0,1,0,0,1,0,10,0,5,0,4,0,4,6,3,3,2,2,0,0,1,0
2022-10,48,27,8,1,0,10,8,1,0,0,0,0,0,23,7,36,19,7,0,3,2,3,3,6,1,5,2,2,1,16,5,4,5,2,2,0,4,4,9,2,39,1,19,26,17,19,21,28,3,5,4,3,2,1,7,2
2022-10,49,70,29,4,2,29,38,21,2,13,11,3,1,32,28,94,21,12,1,8,4,5,13,5,5,17,28,27,2,78,19,7,26,18,2,4,10,12,52,18,189,14,25,84,45,217,45,60,27,27,10,2,1,16,16,4
2022-10,50,5,0,0,0,5,2,1,0,5,2,1,0,3,9,17,0,3,0,4,0,0,1,1,0,4,7,5,0,6,1,0,3,0,1,0,0,3,4,0,17,0,3,7,21,2,9,5,5,7,2,1,0,2,0,2
2022-10,51,16,11,2,0,11,7,3,2,5,0,0,3,20,6,36,31,9,0,7,3,3,6,1,5,7,6,4,2,23,9,1,4,3,2,0,2,7,24,3,67,2,24,51,7,0,6,5,2,15,0,4,1,1,4,3
2022-10,52,25,4,1,0,20,9,2,0,7,3,0,0,2,0,33,21,4,0,1,1,0,9,1,3,5,6,10,1,6,4,1,0,3,3,1,1,2,13,0,46,3,26,15,5,3,10,26,7,7,3,2,1,2,1,4
2022-10,53,61,19,1,1,21,25,16,0,8,6,1,3,17,27,71,4,9,3,6,2,2,12,2,9,18,21,17,0,57,19,5,27,15,1,0,2,10,30,8,82,9,30,46,32,158,31,48,20,21,14,3,1,13,7,8
2022-10,54,3,0,0,0,0,3,4,0,1,0,0,1,1,3,3,0,1,0,0,0,0,0,0,1,1,0,5,0,1,1,1,0,0,0,0,0,0,3,0,1,3,3,2,1,14,0,2,1,1,0,3,0,0,2,0
2022-10,55,15,3,1,0,11,1,0,0,2,1,0,0,8,1,14,9,0,0,0,0,0,11,0,3,8,10,10,0,6,3,1,0,1,1,1,0,0,4,0,30,2,4,9,2,2,7,31,0,5,3,0,0,1,1,0
2022-10,56,55,14,13,1,23,13,1,0,5,0,2,0,11,5,88,93,7,6,9,3,2,9,7,6,24,3,13,5,152,13,12,28,12,12,0,5,10,8,6,82,4,9,29,5,12,29,55,0,3,7,1,2,9,3,3
2022-10,57,42,4,0,0,6,6,1,1,8,0,0,3,6,0,23,229,3,0,1,0,0,4,0,1,13,2,1,2,22,10,2,6,2,15,2,2,1,5,2,26,0,6,7,2,9,1,12,1,5,0,4,0,2,2,0
2022-10,58,75,13,7,1,17,22,7,2,5,0,1,1,15,3,30,460,4,2,10,6,5,3,6,1,19,2,11,4,30,11,10,4,2,24,1,2,6,17,5,52,7,17,5,5,11,14,66,4,6,2,6,0,0,0,5
2022-10,59,12,5,1,1,13,8,2,1,0,7,1,0,4,5,26,188,2,0,8,0,0,3,0,1,13,5,3,2,12,3,3,3,0,8,1,0,5,4,3,27,7,25,3,5,32,4,24,0,2,7,0,0,1,2,3
2022-10,60,32,9,8,1,20,13,2,1,5,0,0,8,17,6,54,201,6,2,18,7,2,3,1,0,28,4,7,2,99,7,3,3,14,20,0,2,7,3,2,35,3,18,5,7,14,8,44,3,7,6,1,0,0,8,12
2022-10,61,76,10,7,1,17,23,8,6,6,4,2,1,21,20,59,90,1,2,9,4,4,16,1,4,28,3,16,1,68,15,6,3,4,29,2,7,18,19,8,71,8,35,23,16,1,11,36,13,11,3,6,1,0,16,3
2022-10,62,40,9,1,0,6,3,0,0,8,0,0,8,13,2,25,142,2,0,1,1,0,1,0,2,11,0,1,1,32,2,2,8,1,8,3,5,2,7,0,7,1,4,14,2,39,4,18,1,0,3,1,0,1,1,0
2022-10,63,95,6,11,2,21,22,2,0,13,1,0,0,14,17,57,206,7,2,4,2,6,3,1,1,22,1,11,7,60,8,3,9,4,38,5,2,10,13,3,71,4,12,13,7,1,15,31,2,10,1,1,0,1,1,1
2022-10,64,30,7,7,1,15,4,0,0,14,0,0,1,7,4,55,41,19,1,5,3,0,3,1,1,30,1,6,1,177,8,7,7,15,13,0,8,12,7,0,53,3,6,38,4,33,11,27,0,1,2,3,0,0,0,2
2022-10,65,59,10,9,6,21,20,7,2,7,0,2,0,16,2,54,96,8,9,3,3,19,4,4,1,22,4,5,1,40,5,12,10,8,15,0,2,3,18,0,25,3,26,25,7,5,8,26,0,8,4,2,0,2,0,2
2022-10,66,75,18,9,0,30,44,26,1,16,5,3,2,24,25,88,95,8,3,12,7,8,17,13,7,36,2,13,5,86,15,10,3,5,18,3,8,15,42,2,79,10,17,33,8,2,13,44,9,13,1,9,1,3,4,1
2022-10,67,66,10,1,0,21,32,22,1,17,5,2,1,16,38,63,16,5,8,3,14,2,10,1,2,22,10,13,0,75,16,5,14,4,13,4,13,6,46,7,51,2,12,85,16,1,19,33,33,39,7,4,1,8,19,3
2022-10,68,22,12,4,0,10,38,26,0,6,15,1,1,14,31,47,3,3,1,3,12,3,11,1,3,13,7,19,1,64,14,5,6,7,2,0,7,9,31,0,54,1,12,29,8,2,8,27,24,25,5,5,0,2,22,2
2022-10,69,47,20,2,0,14,43,24,5,5,3,3,0,26,16,64,2,6,4,7,9,3,3,1,2,13,13,22,1,63,14,0,11,5,10,1,22,11,25,8,108,12,39,40,25,26,22,41,18,11,6,4,1,4,9,4
2022-10,70,43,10,5,1,25,13,1,1,14,0,2,1,12,5,108,92,6,3,13,1,2,12,1,6,31,5,13,1,65,13,16,7,12,10,0,9,19,28,3,82,6,21,27,4,12,27,49,6,17,4,6,1,2,2,4
2022-10,71,66,40,3,3,17,56,22,2,6,6,5,2,56,14,121,8,11,3,16,5,4,9,1,5,38,18,19,0,97,35,5,12,12,6,1,9,11,42,11,112,7,70,50,17,60,33,64,11,22,6,18,0,5,10,5
2022-10,72,9,2,5,0,18,5,2,0,8,0,1,5,19,2,61,3,3,1,7,2,2,1,3,3,13,27,4,1,16,3,8,5,5,5,1,0,4,8,2,59,9,13,40,21,64,35,30,1,2,6,2,0,1,0,7
2022-10,73,48,6,5,1,22,18,9,1,12,6,3,10,30,10,72,10,12,1,4,0,1,11,0,1,38,6,18,2,60,17,5,11,11,0,1,6,4,21,3,44,7,26,54,23,73,29,54,7,25,6,4,1,5,10,7
2022-10,74,8,3,6,2,8,7,0,0,0,0,0,1,16,1,44,0,2,4,7,0,0,5,1,1,8,4,4,0,37,3,7,4,9,4,0,0,0,3,4,17,0,10,15,9,11,13,44,2,0,2,2,1,2,2,4
2022-10,75,23,8,7,0,12,3,0,1,13,6,0,0,15,6,68,0,10,1,6,4,3,2,1,0,10,22,7,3,52,5,9,15,7,2,0,0,4,12,1,85,5,12,54,11,59,30,46,4,11,6,3,0,4,5,12
2022-10,76,3,0,2,0,2,2,1,1,0,1,0,7,7,0,10,2,0,1,1,0,0,1,0,0,8,2,7,0,5,0,2,1,1,0,0,0,2,0,1,9,4,3,0,3,1,0,6,0,1,0,0,0,0,0,1
2022-10,77,43,4,12,2,9,35,7,2,4,0,2,1,12,7,20,115,6,2,1,8,0,12,0,2,12,7,6,6,51,6,10,11,12,40,1,0,3,7,7,38,1,50,22,11,13,11,31,2,4,22,12,0,10,0,52
2022-11,0,3235,650,500,54,1121,1493,551,123,659,178,80,139,782,822,3156,7427,459,118,594,406,241,390,136,223,1619,377,434,187,3103,620,309,510,348,749,73,199,504,851,587,4209,484,1742,2125,1550,1266,991,1386,329,441,617,210,37,203,66,2201
2022-11,1,37,3,8,1,1,38,10,0,19,2,0,1,7,4,11,86,4,1,1,5,0,4,2,1,20,3,2,4,60,5,0,5,4,15,1,1,11,2,5,11,4,18,57,49,6,10,10,0,0,14,6,2,7,0,52
2022-11,2,84,14,13,1,20,30,13,3,12,1,0,0,20,11,50,79,14,1,13,9,8,4,1,5,35,4,4,5,76,10,0,10,7,28,4,1,15,11,24,52,6,20,74,62,4,28,47,0,7,12,7,2,2,0,64
2022-11,3,22,7,14,5,4,118,7,0,8,1,1,0,5,17,13,148,11,1,2,8,3,3,3,1,8,2,3,4,33,6,2,1,10,15,0,1,1,1,27,70,14,66,23,6,16,12,15,0,6,13,7,2,2,1,99
2022-11,4,21,10,11,0,8,12,9,2,3,1,3,0,11,3,17,133,4,2,6,6,3,6,0,1,11,8,8,1,43,1,5,7,11,5,0,5,8,4,31,79,7,9,38,28,9,19,25,1,3,20,3,1,1,0,99
2022-11,5,49,6,6,0,21,12,2,1,5,0,1,2,10,7,35,121,9,1,3,8,1,1,1,1,21,0,2,0,48,5,0,7,5,8,0,1,5,2,7,45,4,20,55,35,13,14,26,3,0,5,5,0,0,0,126
2022-11,6,23,7,10,2,18,35,12,3,7,1,5,3,14,11,39,263,18,3,13,11,1,18,1,4,29,7,5,8,139,10,4,7,4,34,1,2,6,4,9,79,9,78,57,28,9,15,38,1,2,27,7,1,2,0,166
2022-11,7,29,8,22,1,18,13,2,2,23,1,3,10,9,9,34,218,20,0,7,9,17,13,4,1,42,6,11,7,96,26,13,6,15,52,0,0,10,5,23,127,15,71,15,19,2,21,36,2,4,9,12,1,1,0,143
2022-11,8,13,9,3,1,7,31,8,3,5,2,5,2,5,6,9,187,27,2,15,6,1,6,16,2,66,0,4,13,53,21,4,2,9,37,1,2,8,0,19,80,12,84,6,4,3,1,1,1,2,7,3,0,0,1,15
2022-11,9,2,6,1,0,10,2,0,0,7,0,0,0,6,0,17,2,1,1,1,0,0,0,1,0,30,1,2,1,17,1,2,5,4,1,0,0,1,0,1,54,3,12,14,14,5,9,8,1,1,3,0,0,0,2,10
2022-11,10,48,18,4,1,21,15,3,3,26,0,0,8,12,2,53,12,6,1,16,5,3,1,7,1,41,8,1,1,51,3,6,19,6,11,0,0,5,1,5,66,11,25,53,31,19,32,26,1,2,7,3,0,0,0,27
2022-11,11,42,6,1,0,10,11,2,1,22,0,0,1,11,5,44,25,2,2,9,3,3,3,1,0,34,2,1,1,44,3,13,8,4,3,2,2,5,6,17,50,6,9,37,28,3,12,11,5,1,6,2,5,2,1,54
2022-11,12,10,6,0,0,11,5,4,0,20,1,0,0,9,1,34,8,4,12,4,5,13,2,1,0,11,5,5,0,14,3,4,8,0,3,0,0,2,1,8,49,6,6,34,27,5,24,21,1,5,10,4,0,2,2,50
2022-11,13,32,6,3,0,4,5,1,0,1,0,0,1,6,2,17,41,3,0,4,2,2,2,0,0,9,0,10,3,14,2,4,0,2,7,0,0,2,2,7,40,3,9,18,31,0,9,6,0,1,8,3,0,0,0,29
2022-11,14,70,16,13,1,8,12,7,2,15,1,2,0,8,6,40,102,6,1,12,3,1,8,1,2,21,0,3,2,39,19,2,3,2,8,0,0,8,7,14,39,10,4,55,55,61,14,27,2,2,12,1,0,2,1,113
2022-11,15,98,6,12,0,38,23,9,1,17,2,2,0,19,17,76,97,22,6,21,11,7,14,2,6,25,8,5,3,113,11,15,32,15,17,2,2,4,11,11,90,13,36,96,76,21,47,94,8,2,19,4,0,2,0,107
2022-11,16,69,11,14,1,22,19,5,3,17,1,2,9,17,14,62,233,1,2,8,9,1,13,2,2,32,8,3,4,99,11,1,6,4,10,0,5,4,3,23,60,5,23,83,45,13,28,34,3,5,25,6,0,1,0,144
2022-11,17,97,9,8,1,28,7,1,2,17,0,1,10,16,4,75,28,5,3,24,5,3,10,4,2,26,10,5,0,43,6,4,19,8,7,0,0,0,4,10,78,11,6,54,26,16,15,27,10,1,9,2,0,4,1,24
2022-11,18,18,3,1,0,6,8,5,0,4,0,0,4,9,1,24,3,3,2,8,1,0,1,1,0,12,1,4,0,12,3,0,2,1,0,0,0,1,1,5,4,4,5,7,5,4,6,5,0,1,2,0,0,0,0,12
2022-11,19,137,15,18,0,56,23,12,4,28,0,3,3,22,27,124,114,19,4,19,6,3,15,1,9,41,7,7,2,76,12,6,12,7,21,1,4,13,12,16,51,4,70,72,43,65,28,38,3,10,2,6,0,1,0,21
2022-11,20,53,3,6,0,9,7,0,3,9,1,0,0,3,8,28,45,3,1,2,2,1,4,1,4,6,4,2,2,38,6,1,2,6,1,0,0,5,2,2,28,3,6,21,18,4,10,11,1,1,2,1,0,1,0,12
2022-11,21,95,17,6,2,17,18,3,4,5,3,0,3,11,12,45,252,3,4,12,9,7,5,0,2,32,3,3,4,35,6,1,10,5,7,2,3,4,2,2,42,3,10,25,22,7,21,36,3,4,10,2,0,2,0,49
2022-11,22,53,14,20,1,39,35,8,0,22,0,3,0,13,17,66,561,24,1,9,18,10,9,1,1,26,3,8,1,108,15,1,6,9,33,3,0,9,8,12,84,11,40,40,40,26,14,44,8,7,30,10,2,4,1,202
2022-11,23,67,19,30,1,32,20,9,4,18,13,2,0,11,34,78,129,3,2,19,11,3,13,0,9,10,5,5,1,70,19,5,5,4,9,0,3,13,23,6,52,2,17,14,12,22,10,37,4,10,6,3,1,4,2,32
2022-11,24,70,13,17,1,32,28,12,6,26,2,4,1,25,33,70,749,29,8,18,20,10,17,15,8,60,9,8,10,172,35,7,9,20,44,2,2,23,11,28,146,21,53,24,17,12,15,41,2,8,23,21,0,5,2,173
2022-11,25,133,29,74,2,62,63,26,8,23,10,7,0,28,34,146,91,14,5,25,14,13,16,5,9,42,9,35,4,83,12,4,13,5,15,3,11,16,53,21,92,11,54,71,60,20,45,65,17,31,28,6,2,6,6,33
2022-11,26,45,8,1,0,7,12,7,0,6,12,1,0,10,40,35,14,3,0,19,2,0,3,0,2,6,1,4,1,22,6,1,3,0,1,0,3,7,13,0,21,2,15,6,6,1,1,4,13,3,2,1,0,5,3,3
2022-11,27,30,2,1,1,10,13,5,1,6,16,1,1,6,10,44,22,1,1,10,5,4,2,4,3,7,5,7,0,29,8,1,1,1,5,0,1,3,18,5,30,7,17,16,14,6,13,3,10,6,3,0,0,1,0,1
2022-11,28,46,6,7,2,8,33,3,4,9,4,1,1,15,19,19,390,10,1,12,17,3,10,13,1,158,3,6,10,70,36,5,4,12,46,2,0,16,14,25,113,25,74,14,13,34,5,16,3,6,10,0,1,0,2,13
2022-11,29,86,1,10,0,21,34,10,3,2,5,1,1,11,31,65,61,6,0,14,5,1,3,0,9,12,6,8,1,46,4,6,9,1,2,0,6,9,28,10,62,5,35,22,11,85,28,10,9,6,5,0,2,4,2,1
2022-11,30,96,18,20,0,25,28,10,1,16,0,0,1,21,24,84,400,9,0,10,11,5,4,3,7,30,9,5,4,99,17,13,13,7,10,1,7,15,17,3,88,7,31,17,18,124,10,36,2,4,6,9,0,5,0,3
2022-11,31,50,11,4,1,14,17,2,2,5,0,0,1,3,20,26,481,14,0,6,8,3,4,2,6,26,2,8,3,42,24,5,4,8,10,0,0,5,15,6,123,4,19,4,5,7,4,10,0,5,6,1,0,0,4,9
2022-11,32,36,1,1,0,1,6,0,4,1,4,6,0,2,9,5,190,11,0,1,3,0,2,0,0,46,1,2,13,22,4,1,1,11,18,0,4,1,1,12,63,12,108,2,4,1,1,4,0,5,4,1,1,0,0,0
2022-11,33,10,5,0,0,2,8,0,0,1,2,1,0,5,5,9,34,2,0,3,2,1,0,1,3,18,4,2,5,10,2,2,1,2,3,0,0,2,4,2,48,4,28,8,2,2,3,2,1,2,5,2,0,0,0,5
2022-11,34,7,0,1,0,5,6,3,3,0,0,0,0,4,6,11,99,0,1,0,2,0,1,0,0,11,1,1,2,15,2,1,3,1,5,0,0,1,0,1,49,6,2,2,1,1,1,3,1,1,0,0,0,0,0,1
2022-11,35,9,4,0,0,2,12,5,0,1,0,0,0,3,1,5,5,0,0,4,1,0,1,0,0,9,1,3,2,1,1,1,1,1,5,0,0,3,0,4,22,9,23,3,4,5,1,7,0,1,2,0,0,3,0,5
2022-11,36,7,0,0,0,0,7,5,0,1,0,0,0,5,3,1,1,1,1,1,1,0,0,0,0,3,1,0,0,4,1,0,2,0,1,0,1,1,1,1,2,0,4,0,0,0,0,1,1,1,0,0,0,0,0,2
2022-11,37,1,0,0,0,0,6,2,0,2,3,0,1,2,0,3,17,0,0,0,4,0,0,1,1,5,1,2,0,10,1,0,0,0,2,0,1,4,1,0,3,0,3,1,1,1,2,0,1,0,0,0,0,1,0,1
2022-11,38,23,8,2,1,9,38,16,0,2,3,1,2,3,6,20,15,1,0,5,5,1,1,1,0,3,2,2,2,20,9,1,4,2,3,0,0,9,5,3,66,5,17,6,3,1,6,7,5,5,1,1,0,3,0,5
2022-11,39,11,3,1,0,2,27,18,0,0,0,0,2,4,3,4,1,1,0,8,1,0,7,0,1,6,1,0,0,10,3,0,3,3,5,1,0,7,10,3,48,1,5,6,3,0,5,5,1,3,6,4,0,3,0,5
2022-11,40,10,3,0,0,0,16,12,0,1,2,0,1,6,2,4,14,1,2,2,1,1,1,0,3,9,1,7,1,9,2,3,6,1,2,0,0,1,12,1,16,2,5,9,1,0,3,4,2,7,1,0,0,4,0,0
2022-11,41,18,1,2,2,6,13,7,0,0,0,0,0,7,1,15,12,2,0,5,0,2,2,2,4,9,2,5,6,20,5,1,2,4,4,0,2,13,1,4,21,9,13,9,11,1,10,7,0,3,16,1,0,1,0,9
2022-11,42,27,14,0,2,9,19,12,0,4,1,0,0,7,3,22,6,3,1,8,7,2,4,0,1,11,4,8,1,15,7,3,3,4,2,1,4,10,15,3,30,5,11,7,9,2,3,7,2,6,5,1,0,5,1,3
2022-11,43,77,11,0,1,10,74,51,2,3,6,0,1,20,23,41,16,4,1,8,7,4,3,2,11,15,5,12,3,44,16,5,8,1,7,10,3,15,41,8,43,10,25,44,31,2,17,21,11,10,6,2,2,6,3,5
2022-11,44,43,16,2,2,14,38,15,2,6,3,2,1,18,15,55,17,8,1,11,6,10,6,0,3,14,6,11,7,30,13,1,8,3,5,1,4,4,26,10,130,9,8,38,44,2,26,18,9,11,8,2,0,4,0,6
2022-11,45,17,9,1,0,7,10,1,0,1,0,0,0,2,2,24,6,1,0,0,4,3,2,1,1,8,1,2,1,9,7,0,4,1,1,2,2,6,17,4,27,3,27,25,16,0,8,4,1,4,7,2,0,3,0,4
2022-11,46,30,7,0,3,7,21,19,2,7,3,2,2,8,25,43,30,1,2,6,5,1,1,0,3,16,8,9,1,20,14,3,7,3,4,1,3,3,21,5,49,1,22,26,24,2,20,9,17,13,4,0,0,8,0,5
2022-11,47,2,0,0,0,2,5,3,0,0,2,0,2,0,8,13,0,0,0,2,1,0,0,0,0,5,0,1,0,2,0,0,0,0,0,0,0,0,1,0,7,6,2,6,12,0,2,1,0,0,2,0,0,0,0,0
2022-11,48,38,8,0,1,16,4,5,0,5,2,0,3,14,2,33,13,4,4,5,1,4,1,10,2,16,4,2,2,14,0,2,5,3,5,0,1,6,8,2,7,4,21,15,13,2,10,12,3,3,7,3,0,6,6,4
2022-11,49,46,24,3,4,27,22,10,2,19,8,1,5,14,19,86,38,8,2,8,6,17,10,2,7,36,13,21,3,46,17,3,31,7,7,2,0,8,34,8,241,15,20,80,38,2,25,27,24,22,15,8,0,9,1,4
2022-11,50,15,1,0,1,5,2,1,0,1,0,0,2,2,5,16,3,1,1,2,1,1,1,1,1,5,9,3,0,4,0,0,1,1,0,1,0,3,7,5,29,2,4,26,7,0,4,7,3,5,1,1,0,0,0,3
2022-11,51,28,3,7,0,12,12,1,0,7,0,0,1,5,3,30,20,9,3,5,1,2,1,0,0,24,4,6,0,11,7,3,4,0,9,0,1,1,11,2,92,4,10,41,13,0,7,10,3,7,7,3,0,6,1,8
2022-11,52,29,10,6,1,17,6,2,0,5,1,0,0,9,1,29,26,5,0,5,1,1,9,1,3,9,2,4,1,3,5,1,1,5,5,0,0,0,17,7,31,4,45,16,15,5,14,18,0,5,5,2,1,1,0,1
2022-11,53,44,16,2,0,16,30,13,2,8,5,1,0,15,18,79,7,7,4,14,2,3,8,1,1,15,18,5,0,30,14,5,8,7,3,1,4,4,23,7,85,6,13,54,53,11,26,21,17,19,24,2,1,17,1,9
2022-11,54,2,1,0,0,0,3,1,0,2,1,0,0,0,1,0,0,1,0,4,0,0,0,2,0,12,0,5,0,3,0,2,6,0,1,0,0,0,7,0,4,3,1,1,2,0,0,1,0,5,1,0,0,1,0,0
2022-11,55,6,1,2,0,18,3,0,0,1,0,0,1,2,2,22,9,0,0,1,0,0,1,0,7,4,6,1,1,7,2,1,1,2,0,0,0,0,9,0,27,2,16,4,4,0,3,5,1,1,3,0,0,2,0,0
2022-11,56,53,10,9,2,25,13,3,1,20,2,0,2,19,4,75,60,5,1,11,5,5,14,2,4,33,11,5,2,79,5,13,34,5,6,2,10,3,3,9,58,12,13,30,22,22,26,19,1,2,5,5,0,4,0,5
2022-11,57,35,3,0,1,9,8,1,1,2,0,0,3,10,1,17,206,1,0,0,0,0,3,0,2,4,2,1,0,18,3,2,5,2,6,1,3,3,1,1,23,0,13,3,6,1,1,2,0,2,4,0,0,1,0,0
2022-11,58,68,12,2,1,19,18,1,3,6,0,1,0,3,5,29,285,3,1,7,6,0,4,0,3,12,0,5,2,28,7,3,13,8,24,2,1,5,16,2,46,0,19,9,7,1,11,12,1,2,2,1,0,1,0,4
2022-11,59,23,3,7,0,15,4,1,0,0,5,1,0,1,5,24,169,0,0,1,0,0,2,0,3,15,1,4,1,11,2,18,1,0,7,1,0,8,8,1,33,4,17,11,14,43,9,8,0,0,3,0,1,1,0,4
2022-11,60,33,10,5,2,19,16,1,2,2,1,3,0,5,4,40,101,1,1,7,10,0,2,0,4,21,8,2,6,63,6,3,4,6,12,1,6,14,7,5,63,12,21,5,7,4,8,17,4,3,6,1,0,1,0,13
2022-11,61,68,7,8,1,19,20,7,8,6,4,1,6,12,24,65,130,8,2,7,6,1,8,0,7,27,4,6,1,58,12,8,2,11,21,2,0,7,20,4,90,9,19,21,21,43,9,46,8,15,3,2,0,1,3,1
2022-11,62,33,3,5,0,9,3,3,0,6,0,0,0,6,2,25,89,1,0,0,4,0,2,0,2,22,2,0,1,20,0,2,6,1,10,1,0,3,4,2,4,1,2,9,5,0,8,12,1,1,3,1,1,1,2,2
2022-11,63,82,4,4,0,15,16,0,5,7,0,0,0,10,9,42,235,3,1,4,0,2,3,0,7,12,12,9,0,35,10,3,9,1,18,3,10,10,14,8,55,2,20,22,15,1,13,14,0,3,6,0,2,2,0,3
2022-11,64,52,9,12,0,13,5,1,2,11,1,0,0,6,2,53,20,6,3,4,2,0,6,2,3,15,5,1,1,106,2,3,8,1,6,0,4,4,2,2,26,2,8,17,9,1,3,7,0,4,5,4,0,1,0,5
2022-11,65,68,15,7,0,14,9,7,0,22,0,0,0,5,1,50,52,4,1,3,3,4,4,6,3,29,4,5,0,15,5,4,4,2,8,1,2,8,11,3,35,6,13,12,13,3,9,9,1,6,5,2,0,5,0,1
2022-11,66,107,16,9,0,30,38,24,4,18,3,1,3,9,24,88,76,4,4,7,8,9,12,0,6,20,5,18,3,59,12,4,17,3,8,4,10,13,44,9,71,9,5,29,25,2,18,17,7,16,6,5,2,1,0,4
2022-11,67,47,16,6,1,14,30,10,1,9,8,3,2,12,18,69,25,4,1,9,11,6,5,1,3,25,6,10,2,63,9,8,5,3,6,2,16,20,24,8,49,6,10,62,17,2,10,20,19,27,14,0,0,4,2,1
2022-11,68,30,7,9,0,6,40,19,0,6,9,0,1,17,42,40,9,4,1,7,23,9,6,0,3,9,11,9,0,38,9,7,5,6,3,1,3,11,21,10,25,4,11,40,18,154,11,12,26,10,3,1,0,5,6,0
2022-11,69,66,15,7,0,14,44,18,0,9,7,3,1,28,10,48,4,4,2,13,5,2,2,0,3,9,15,8,3,35,8,4,9,3,3,2,14,6,23,10,87,3,19,21,25,100,13,19,13,17,10,3,0,6,0,8
2022-11,70,47,9,3,0,30,13,3,8,9,0,1,1,22,6,121,60,9,0,13,1,2,9,1,9,34,5,14,3,55,4,13,8,9,0,1,3,15,24,8,53,6,17,32,18,1,16,28,1,7,13,1,0,4,0,15
2022-11,71,52,27,7,2,26,40,22,0,8,4,0,1,24,27,82,20,9,1,21,9,8,7,0,8,19,6,20,2,56,12,8,5,4,5,1,18,14,30,14,71,3,11,44,38,117,28,34,11,19,6,7,0,5,1,4
2022-11,72,5,5,3,0,21,12,3,1,10,0,0,5,12,1,63,25,1,1,5,5,1,2,0,0,11,18,8,2,8,5,4,6,2,2,1,1,3,7,0,46,24,80,63,35,14,22,24,0,2,5,3,1,4,0,33
2022-11,73,44,16,1,0,14,13,5,2,7,2,1,26,6,15,58,17,9,1,6,2,1,8,1,1,19,8,5,0,39,17,6,5,12,4,1,4,5,17,1,81,3,12,38,35,66,22,14,8,12,13,2,1,5,3,2
2022-11,74,9,2,3,0,11,1,0,0,5,0,0,0,4,0,53,7,2,1,6,3,0,3,2,0,14,6,2,0,23,0,5,3,1,7,0,0,1,1,0,17,0,9,17,11,0,13,23,2,1,4,0,0,0,0,7
2022-11,75,15,7,4,0,17,5,4,0,13,2,0,0,9,16,44,16,5,5,10,2,6,0,0,0,6,7,1,2,19,3,7,8,5,2,0,0,5,15,1,71,3,8,50,28,5,10,23,5,5,11,1,0,1,5,12
2022-11,76,10,0,0,0,2,6,2,0,0,1,0,0,16,0,3,5,0,0,1,0,2,1,0,0,3,3,2,0,1,0,1,1,0,2,0,0,3,0,0,11,0,7,3,3,0,1,1,1,1,2,0,0,0,0,1
2022-11,77,27,1,1,0,5,24,7,2,2,3,3,1,16,14,17,142,7,0,2,5,0,11,3,1,22,4,1,5,31,11,9,4,5,27,1,2,7,6,15,49,5,33,36,19,24,13,16,3,1,17,1,2,1,0,105
2022-12,0,3444,437,403,66,1106,1537,1232,119,1117,123,93,104,633,690,2636,6017,404,149,648,283,940,303,159,288,2315,393,396,201,2254,657,203,434,321,889,48,175,409,830,288,2701,313,1750,582,292,960,496,476,229,378,488,473,49,375,18,670
2022-12,1,50,5,5,0,5,33,22,1,21,0,1,0,7,4,10,56,3,0,5,9,9,2,2,4,49,3,1,4,37,9,0,12,12,11,0,0,3,4,1,24,3,11,7,1,3,5,2,0,5,7,16,0,4,0,26
2022-12,2,90,10,20,1,12,34,11,4,17,1,0,5,13,8,41,81,6,2,7,7,7,4,5,1,65,9,3,6,70,16,1,9,6,15,1,3,2,9,8,37,2,7,13,3,5,11,13,1,6,9,9,0,6,0,16
2022-12,3,49,1,7,2,7,75,24,1,10,0,3,1,5,12,6,112,7,0,5,6,6,2,0,1,72,2,6,3,24,10,3,7,4,40,0,2,4,1,10,88,7,49,3,3,8,9,1,0,4,10,10,2,1,0,34
2022-12,4,40,7,4,1,7,7,2,0,11,2,1,0,3,6,21,114,4,0,9,8,1,4,1,0,99,0,1,5,31,2,7,4,10,6,0,1,8,8,10,35,1,34,11,9,12,8,10,0,3,12,12,0,3,0,33
2022-12,5,29,8,15,0,26,13,1,2,6,2,1,3,6,5,43,82,7,1,8,10,9,5,0,0,85,6,4,0,46,5,1,6,4,10,0,2,7,7,2,15,3,36,10,3,5,4,17,1,0,3,1,1,1,0,40
2022-12,6,61,10,14,2,16,31,8,7,18,1,3,5,22,16,36,163,14,8,14,6,19,2,25,1,108,20,2,6,103,16,0,15,5,32,1,3,8,4,11,61,3,46,10,10,7,12,17,1,3,26,12,2,2,0,62
2022-12,7,23,5,15,3,23,13,5,0,15,0,0,15,7,10,32,140,43,0,17,7,17,2,5,2,87,11,3,9,80,28,13,9,72,37,1,0,3,5,9,62,3,54,2,3,10,12,9,1,3,13,12,1,1,1,27
2022-12,8,15,6,2,0,3,21,10,6,13,0,6,5,6,11,9,161,13,0,1,3,1,5,4,2,55,2,3,14,39,18,4,3,4,34,1,1,4,3,8,62,3,66,2,1,0,0,1,0,3,11,7,0,0,1,3
2022-12,9,9,2,4,0,13,0,0,2,8,0,0,0,1,0,10,7,1,1,2,2,2,0,3,1,11,3,0,1,8,1,0,1,1,1,0,0,0,0,0,10,1,3,1,3,5,4,5,0,0,2,4,1,0,0,2
2022-12,10,32,9,2,1,24,9,3,1,39,0,0,1,6,0,38,17,4,1,16,6,7,5,11,1,60,10,1,0,42,1,8,13,3,6,0,1,3,3,3,45,4,7,12,6,135,12,16,1,1,7,10,3,3,0,5
2022-12,11,50,1,3,0,13,6,4,0,1,0,0,3,4,2,32,37,6,0,11,4,2,2,2,1,41,8,11,0,31,3,4,7,2,5,1,0,2,1,7,32,2,27,7,10,2,6,8,2,3,9,0,0,2,0,15
2022-12,12,19,4,6,1,4,4,0,2,8,0,0,2,20,1,25,18,1,0,5,1,2,3,2,0,13,6,9,0,6,4,6,4,3,8,0,0,1,1,6,27,5,15,7,5,4,10,3,0,2,8,6,0,4,0,12
2022-12,13,18,17,2,0,10,14,1,0,5,3,0,3,5,5,22,47,3,1,4,2,0,3,0,1,7,4,22,0,13,1,0,0,3,6,1,0,7,3,7,35,1,17,9,1,0,1,4,2,2,4,1,2,2,1,8
2022-12,14,56,2,2,2,10,13,5,1,26,1,2,0,9,10,25,293,8,2,16,7,28,7,5,7,27,5,6,5,27,9,1,9,1,16,1,1,1,2,1,37,3,34,1,5,25,4,8,1,5,11,10,0,5,0,26
2022-12,15,117,12,5,1,43,28,12,0,45,0,1,0,14,10,61,51,8,7,27,8,9,5,9,8,31,11,2,1,67,9,8,23,9,16,0,5,5,4,6,61,20,72,16,9,18,14,8,2,4,15,29,1,11,0,24
2022-12,16,79,5,9,2,24,10,5,2,24,0,0,4,17,13,39,187,4,5,15,7,7,6,2,3,36,6,3,1,58,19,1,12,4,18,2,3,3,8,8,35,4,46,9,8,16,9,13,2,2,9,21,1,6,0,39
2022-12,17,75,10,11,0,25,7,1,1,32,1,4,0,8,8,73,28,6,3,16,2,61,5,4,6,52,15,2,2,47,1,3,12,11,7,1,0,6,2,6,51,9,21,12,7,57,18,12,6,3,9,18,1,8,0,6
2022-12,18,16,1,1,1,3,6,3,1,5,1,1,0,2,1,14,2,3,0,5,0,0,1,2,3,7,3,1,2,11,6,0,3,0,4,0,0,1,8,1,11,5,3,1,1,2,0,1,1,2,1,3,1,1,0,5
2022-12,19,88,3,7,0,30,33,16,2,34,1,3,0,7,22,71,75,6,4,17,9,20,13,2,6,49,4,8,2,48,15,3,8,8,17,1,0,2,24,3,48,4,32,10,8,10,8,11,4,8,7,18,3,13,0,5
2022-12,20,53,2,8,0,8,6,5,1,6,1,0,0,0,5,29,35,2,2,7,1,4,0,2,7,12,0,0,0,25,7,0,4,2,5,1,0,6,5,3,9,1,2,6,4,9,5,10,0,1,4,3,0,2,0,4
2022-12,21,95,8,19,0,16,6,6,4,9,1,4,2,8,10,28,171,3,3,7,3,4,2,2,4,56,1,5,4,42,15,2,5,5,21,1,1,7,5,1,42,0,11,10,4,30,9,10,3,2,11,4,0,6,0,12
2022-12,22,70,8,21,3,20,31,9,4,51,3,3,1,16,19,44,315,14,6,13,6,16,10,2,6,91,11,3,3,86,18,6,9,7,56,2,4,9,10,4,27,13,47,19,12,21,10,11,2,1,24,21,0,8,0,60
2022-12,23,103,9,14,0,21,32,29,2,26,1,1,0,15,20,81,107,7,2,21,3,25,9,1,10,36,6,5,3,37,12,4,6,0,4,0,4,11,32,4,25,6,21,8,5,3,13,6,4,11,8,2,1,12,1,9
2022-12,24,79,4,26,1,41,32,27,2,29,2,2,0,16,24,54,454,24,4,19,10,26,8,1,2,59,23,4,8,110,42,7,4,15,30,0,6,7,13,10,90,17,62,11,8,13,12,15,5,2,18,19,2,8,0,60
2022-12,25,188,11,18,4,59,76,75,7,28,7,6,5,36,52,132,62,13,5,21,8,46,7,2,13,21,14,21,4,79,32,5,8,6,27,0,4,10,42,6,71,11,49,13,14,17,16,19,9,21,13,20,0,18,0,3
2022-12,26,34,4,3,2,7,23,29,1,8,9,1,1,8,17,37,16,1,0,9,3,11,2,0,6,8,3,5,0,18,9,0,2,0,3,0,0,3,11,3,32,1,10,7,4,2,0,3,11,6,3,1,0,7,0,3
2022-12,27,27,2,0,0,15,17,19,0,8,2,1,0,1,16,41,23,1,2,7,3,8,1,0,1,15,3,1,2,26,4,3,2,0,2,0,0,5,17,3,20,5,12,3,1,10,4,2,4,4,3,2,0,3,0,1
2022-12,28,35,5,3,0,10,22,11,1,22,3,7,1,9,21,26,291,13,1,22,4,5,3,9,0,89,8,2,19,56,22,1,8,9,37,2,1,9,10,13,76,8,90,9,8,6,8,30,2,4,7,21,2,1,0,4
2022-12,29,53,2,3,0,21,35,52,2,16,9,2,2,13,40,64,43,7,3,13,7,29,2,0,6,15,9,9,2,26,9,0,4,2,4,2,1,6,20,6,65,7,31,9,6,10,10,0,8,13,1,5,1,2,0,3
2022-12,30,127,11,13,0,29,26,17,4,22,4,0,1,8,21,90,323,3,2,60,4,13,10,0,15,44,2,5,2,51,9,5,5,1,18,2,3,8,20,2,26,3,30,5,4,294,3,4,2,6,7,7,1,2,0,1
2022-12,31,50,11,1,0,19,23,16,2,34,0,0,2,4,8,41,300,6,1,8,6,27,4,7,3,23,1,1,4,21,9,1,4,2,17,0,0,14,13,1,73,4,29,1,0,17,1,2,0,1,5,10,0,3,0,5
2022-12,32,27,1,4,1,2,11,2,9,6,1,6,2,3,0,3,139,6,0,1,3,1,2,2,2,48,0,0,11,3,5,2,0,5,19,0,2,3,6,11,102,9,84,1,0,1,0,1,0,3,8,2,0,0,0,0
2022-12,33,15,1,4,0,5,7,3,1,2,0,1,2,1,2,9,21,2,0,1,1,2,1,2,2,31,4,0,4,6,0,1,0,3,3,1,0,0,2,0,21,2,7,0,3,0,0,2,0,0,4,1,0,0,1,4
2022-12,34,11,0,2,1,2,6,2,0,0,1,1,0,4,4,4,61,3,1,2,3,1,1,0,0,5,1,1,5,14,2,1,4,3,2,0,0,3,0,2,11,3,10,1,0,1,2,3,1,0,1,1,1,0,0,0
2022-12,35,13,0,2,1,3,14,9,0,1,0,2,3,4,0,4,10,0,0,3,3,7,2,2,4,8,2,3,2,2,1,0,2,0,5,0,2,6,4,1,12,4,23,1,0,2,0,1,1,5,1,1,0,0,0,0
2022-12,36,8,0,0,0,1,7,10,0,0,1,0,0,0,2,2,2,1,0,0,0,2,0,0,0,5,0,0,0,3,1,0,0,0,0,1,1,4,3,0,2,3,1,3,1,0,0,0,1,0,0,0,0,1,0,1
2022-12,37,4,1,0,0,2,1,2,0,2,1,0,0,0,0,5,5,0,0,0,0,2,0,0,0,10,1,0,2,16,0,0,2,1,2,0,0,0,1,0,2,1,7,2,0,0,0,0,2,0,0,0,0,0,0,0
2022-12,38,37,3,4,0,12,28,43,3,4,9,0,1,8,7,15,6,5,2,1,2,23,0,2,0,10,2,8,2,29,1,3,2,0,3,1,4,16,13,5,11,2,11,6,1,0,2,0,2,1,4,1,1,4,1,2
2022-12,39,6,11,0,0,8,33,30,0,6,1,0,0,5,1,7,1,3,1,1,3,7,0,0,1,9,7,1,1,10,3,0,0,0,6,0,0,3,4,1,8,1,0,0,0,1,0,2,0,2,1,1,0,0,0,2
2022-12,40,12,3,1,0,4,24,21,0,5,5,0,0,7,1,5,8,0,1,0,0,9,1,0,4,17,0,7,0,9,6,0,1,0,13,0,0,2,7,11,9,2,13,4,0,0,0,14,0,0,1,2,1,0,0,4
2022-12,41,11,2,0,0,4,25,7,1,4,2,0,0,4,0,11,1,2,0,6,2,1,0,0,0,13,5,3,2,7,1,1,1,0,8,2,4,5,2,0,15,4,16,6,1,5,3,2,1,4,3,6,0,0,0,4
2022-12,42,25,3,2,0,5,29,44,0,6,0,0,0,4,5,24,2,3,4,3,2,20,0,4,1,16,0,0,0,7,6,1,6,1,3,0,4,11,9,3,9,4,6,4,3,2,1,3,0,5,5,2,0,1,0,0
2022-12,43,63,5,2,1,12,95,133,2,22,2,1,1,11,15,39,11,13,5,11,3,55,19,3,11,22,4,22,6,15,20,2,7,1,2,2,7,6,37,6,40,1,4,17,3,2,8,6,2,13,3,12,2,14,1,3
2022-12,44,57,13,2,0,10,50,67,2,15,1,3,1,15,17,31,14,4,1,10,3,32,11,2,10,22,3,7,5,19,9,1,6,4,5,0,7,3,21,11,29,3,24,11,5,0,10,10,10,6,15,5,1,11,2,5
2022-12,45,18,2,0,0,9,10,4,0,7,0,1,0,2,1,15,3,2,0,4,3,3,0,1,2,9,2,4,0,16,6,2,2,1,3,0,0,3,8,1,17,6,20,5,3,0,2,1,5,3,6,3,1,7,0,0
2022-12,46,44,7,4,1,16,37,33,1,11,3,1,2,12,13,34,19,2,1,7,1,30,5,0,9,43,12,7,2,12,4,1,9,2,5,0,7,8,17,2,98,5,12,24,10,2,8,10,9,17,6,4,0,8,4,1
2022-12,47,5,0,0,0,3,4,1,0,2,0,0,1,1,3,8,1,0,0,5,2,1,0,0,2,2,0,1,0,1,0,0,0,0,0,0,0,1,0,0,0,1,3,6,0,0,3,3,2,0,1,0,0,0,0,1
2022-12,48,22,1,3,1,7,6,1,0,8,0,2,1,15,4,21,8,3,0,4,3,6,1,1,0,33,3,5,3,6,2,0,7,3,3,0,2,5,11,2,21,3,15,1,6,48,10,12,8,6,2,0,0,6,0,1
2022-12,49,41,18,6,0,30,13,20,0,29,2,0,4,15,12,70,10,6,11,6,2,27,4,0,7,25,19,14,0,22,7,9,19,6,9,2,13,7,35,3,112,7,19,19,16,0,13,4,13,19,10,8,1,23,0,2
2022-12,50,17,3,0,3,3,7,2,0,2,0,0,3,0,3,15,8,1,0,4,2,5,0,0,2,7,3,2,0,10,3,0,1,3,3,0,1,6,10,2,19,1,1,3,0,1,2,7,2,4,4,0,0,2,0,1
2022-12,51,24,3,4,0,10,3,7,0,4,1,1,1,2,1,32,21,0,0,6,1,2,0,3,3,20,2,4,1,9,7,2,9,0,1,0,1,6,13,1,45,0,21,5,2,0,5,2,3,3,6,1,1,7,0,0
2022-12,52,47,9,8,0,14,2,5,0,6,0,0,0,6,1,21,34,2,1,5,3,5,0,4,3,7,3,6,0,4,7,2,4,3,3,0,0,1,7,0,20,2,12,4,0,0,6,3,0,5,3,3,0,0,0,1
2022-12,53,27,22,2,2,20,27,16,3,12,1,0,0,12,3,64,2,10,2,10,5,16,13,1,4,15,3,18,0,18,11,0,9,1,1,0,0,4,33,6,62,6,9,35,6,2,18,7,8,22,3,2,0,16,0,2
2022-12,54,0,0,0,0,1,3,4,0,6,1,0,0,3,4,1,1,0,0,1,0,5,1,0,0,7,0,4,0,3,1,1,0,0,1,0,0,1,6,0,4,2,5,0,3,0,3,0,2,2,0,1,0,0,0,0
2022-12,55,8,1,3,0,4,5,4,0,5,0,0,1,3,1,12,2,0,2,1,1,5,1,0,1,7,2,4,0,7,2,0,2,6,1,0,0,3,1,0,8,2,5,3,0,0,1,0,1,0,3,0,0,3,0,0
2022-12,56,56,10,1,2,12,16,3,5,28,0,0,2,8,3,35,50,12,3,11,3,6,4,1,15,25,6,2,2,45,15,4,16,4,11,0,3,6,5,1,45,6,10,1,3,8,6,3,1,0,10,7,0,4,0,1
2022-12,57,26,3,2,0,3,1,3,1,10,0,0,0,4,0,18,130,0,0,3,1,2,1,0,1,8,1,3,4,10,12,0,4,0,10,0,0,2,6,1,7,2,7,1,1,3,3,1,0,1,3,3,0,1,0,0
2022-12,58,79,13,3,3,14,11,3,1,7,3,3,0,3,5,34,348,2,1,8,4,10,3,2,7,34,1,7,0,20,5,7,9,2,33,1,5,4,5,1,34,3,21,3,3,2,2,3,0,2,3,2,1,3,0,1
2022-12,59,23,1,3,1,12,13,3,1,5,0,0,1,5,4,13,244,1,3,4,0,3,2,0,1,13,2,1,4,11,1,4,3,1,8,1,5,4,6,1,18,1,11,3,3,32,6,11,0,3,4,0,1,4,0,1
2022-12,60,55,3,4,0,24,10,7,2,13,2,0,0,7,0,43,140,2,1,5,7,7,3,2,1,19,4,7,4,97,1,2,3,7,6,0,0,5,7,3,41,10,19,2,0,7,6,8,5,0,9,3,0,1,1,7
2022-12,61,83,5,6,0,28,22,29,1,16,5,1,0,6,15,66,148,14,4,12,5,21,6,1,10,32,11,8,0,43,27,3,5,0,46,1,6,10,20,2,22,3,19,11,2,2,7,3,5,11,1,4,3,0,0,2
2022-12,62,44,1,2,0,13,2,1,0,6,0,1,0,6,1,31,102,3,1,1,0,5,3,0,5,13,5,1,0,17,2,3,4,0,4,0,0,4,4,1,18,0,8,3,0,16,2,0,1,0,1,1,1,2,0,0
2022-12,63,82,3,9,1,17,18,5,2,9,1,1,0,8,2,45,205,9,5,4,4,12,5,1,10,26,3,4,1,20,12,6,7,1,27,1,6,14,16,4,16,1,3,6,1,3,6,4,1,2,2,3,0,6,0,0
2022-12,64,61,3,2,7,11,1,3,0,23,0,0,1,6,0,44,20,2,1,2,1,3,0,0,1,19,0,0,0,103,2,3,2,3,2,1,2,1,1,1,44,1,7,3,1,18,2,0,0,0,2,10,0,4,0,1
2022-12,65,61,5,2,2,16,19,11,1,23,1,1,0,8,2,35,97,2,1,3,4,12,3,0,2,14,3,2,1,10,6,8,8,5,12,1,1,7,9,2,56,2,6,5,2,1,6,2,0,4,4,8,0,6,0,0
2022-12,66,100,17,16,0,21,32,42,5,35,1,0,2,26,12,68,148,3,2,21,5,7,5,1,11,33,6,7,3,32,17,4,5,5,23,2,4,8,32,5,46,2,22,17,2,14,5,5,6,11,6,10,2,10,0,0
2022-12,67,55,3,2,0,30,32,22,3,12,3,0,0,18,36,54,20,0,4,8,9,27,3,0,4,6,6,8,4,36,8,0,2,1,13,1,6,8,41,6,24,6,22,28,5,1,6,5,18,16,8,6,1,10,1,0
2022-12,68,30,5,1,1,11,27,37,0,12,9,0,1,25,46,35,9,3,0,6,4,10,3,0,6,7,4,11,1,20,12,0,4,1,21,1,7,11,26,4,16,5,14,16,5,6,8,2,17,12,4,1,1,5,1,0
2022-12,69,42,9,1,1,16,62,59,3,18,0,2,0,11,7,63,2,5,5,8,6,40,1,4,1,16,7,10,6,35,20,2,6,3,11,1,8,13,24,7,56,4,12,14,1,5,7,5,6,12,2,2,0,9,1,8
2022-12,70,90,5,4,4,20,5,10,3,53,1,1,3,13,5,85,64,12,2,8,0,11,9,3,3,67,9,12,0,33,10,7,5,7,13,0,0,6,16,3,47,4,29,6,4,7,4,9,2,10,8,22,1,7,0,2
2022-12,71,65,15,5,2,21,52,45,1,23,3,3,0,14,21,59,6,7,9,15,9,29,11,0,10,29,5,15,4,38,16,2,10,6,7,3,17,14,33,5,64,7,36,23,9,3,14,9,5,24,7,6,0,18,1,5
2022-12,72,12,11,4,2,34,8,3,0,16,0,0,6,5,0,61,1,1,3,5,1,10,3,1,4,25,12,6,1,7,3,6,7,9,2,0,0,3,1,1,23,1,141,3,4,3,16,12,3,4,8,2,0,5,0,8
2022-12,73,45,12,1,0,15,13,10,0,13,3,3,1,17,11,43,6,3,1,9,1,12,6,0,4,12,3,12,1,16,11,5,11,6,0,3,4,6,18,2,53,6,11,6,6,2,20,13,7,5,10,2,0,13,0,2
2022-12,74,7,0,2,1,12,8,0,2,8,0,0,0,1,0,27,3,1,1,5,1,10,3,0,1,5,6,0,2,17,1,3,3,1,5,0,0,3,0,3,5,2,4,8,2,0,18,2,1,2,2,4,2,2,0,2
2022-12,75,30,8,2,1,13,6,15,0,18,3,2,1,5,10,31,4,1,4,3,3,11,5,2,1,26,7,8,0,10,6,4,7,2,1,0,0,1,11,0,30,4,10,14,7,2,13,8,3,7,8,2,1,14,0,4
2022-12,76,8,0,0,0,5,3,1,0,0,0,1,0,0,0,6,7,1,0,0,0,0,0,1,0,2,4,0,0,0,0,0,0,0,2,0,0,4,1,0,5,2,2,1,1,1,0,2,0,0,1,0,0,0,0,0
2022-12,77,18,1,15,0,7,43,22,3,7,1,2,1,4,13,13,62,11,0,8,5,4,28,3,1,70,1,2,5,21,4,4,2,3,18,1,0,3,3,4,22,8,34,3,1,1,4,5,0,1,18,5,0,3,0,39
2023-01,0,3676,500,701,83,1428,1493,727,148,1062,263,97,126,726,767,3004,6822,383,139,469,372,329,361,102,282,6609,406,407,216,2606,885,365,583,565,932,69,217,460,942,357,3367,327,2119,587,269,591,610,47,376,419,546,539,57,356,0,215
2023-01,1,63,1,4,1,8,32,14,1,19,0,1,1,6,6,13,78,1,1,4,2,6,3,0,6,102,4,3,2,57,20,3,6,3,7,0,2,2,8,2,20,5,27,6,2,0,4,0,0,6,22,8,1,1,0,2
2023-01,2,106,14,10,2,20,34,8,1,16,2,4,1,15,7,45,95,9,0,10,7,6,11,0,3,90,10,2,6,57,15,5,10,17,12,4,2,4,9,8,42,2,12,9,3,3,11,0,2,3,12,19,0,4,0,3
2023-01,3,56,2,8,1,12,55,10,0,16,2,1,0,4,12,7,110,1,2,2,5,1,6,1,3,147,1,2,4,43,11,6,7,5,30,0,0,4,4,8,37,2,31,10,6,8,16,1,1,3,14,12,1,6,0,3
2023-01,4,64,8,12,0,12,13,3,5,8,0,3,3,7,3,16,90,4,1,4,5,2,1,6,1,90,3,2,4,37,5,6,8,11,13,0,2,7,1,14,63,4,9,9,6,12,23,0,1,2,8,6,1,3,0,6
2023-01,5,41,9,20,0,25,10,1,1,7,0,0,9,10,6,32,94,2,0,6,5,2,2,16,1,148,2,4,2,51,7,5,7,9,9,0,1,1,2,3,20,2,25,4,9,35,8,0,0,1,9,16,0,1,0,13
2023-01,6,36,7,23,1,20,27,10,2,19,2,2,7,23,23,38,150,19,2,7,9,5,17,5,2,185,12,2,14,127,16,7,18,9,41,1,5,6,5,17,46,7,36,11,10,15,7,0,2,3,26,21,2,8,0,21
2023-01,7,20,4,20,0,13,14,4,1,14,2,1,24,7,5,23,157,15,3,7,11,4,8,4,2,205,15,0,10,52,21,4,10,23,34,4,3,6,4,8,71,8,62,5,3,31,6,0,3,3,24,17,1,3,0,13
2023-01,8,16,1,7,2,5,24,9,2,5,1,5,3,2,12,10,237,16,0,3,4,4,3,2,1,134,2,4,17,55,26,8,6,18,43,1,2,3,8,12,56,11,95,1,0,0,0,0,1,5,9,5,0,0,0,1
2023-01,9,10,5,2,1,21,1,0,0,14,0,0,0,3,0,17,0,2,1,2,1,1,1,0,0,14,4,1,0,9,0,6,2,8,0,0,0,1,1,0,28,3,2,2,7,16,5,0,0,0,2,2,0,1,0,0
2023-01,10,37,16,8,2,55,7,1,2,31,0,0,6,10,3,63,35,4,3,5,3,5,3,1,2,126,12,3,2,37,21,12,9,19,13,1,3,7,5,4,50,2,23,9,7,21,11,0,1,0,19,12,0,3,0,3
2023-01,11,44,8,5,2,19,9,0,1,17,1,1,0,4,4,28,42,3,1,5,5,5,0,1,1,70,2,0,1,45,13,7,9,3,9,1,1,1,0,1,29,3,22,1,5,21,9,0,1,2,6,19,0,1,0,3
2023-01,12,20,1,3,1,15,2,0,1,10,0,0,0,3,2,23,14,3,2,9,2,9,4,0,0,56,3,6,0,6,14,5,3,4,10,0,0,2,3,2,22,3,14,10,8,4,10,9,0,1,8,4,0,2,0,2
2023-01,13,33,0,2,1,22,4,2,1,11,0,0,2,18,4,29,19,0,1,1,2,0,0,0,0,28,2,24,1,14,4,4,4,5,7,0,0,0,1,5,36,5,26,2,5,3,6,2,0,0,3,5,0,1,0,2
2023-01,14,74,6,12,0,16,13,10,5,13,0,0,1,7,16,37,126,7,0,10,8,1,4,1,1,61,7,14,2,31,8,11,8,6,9,1,1,2,2,3,47,3,54,13,4,21,4,3,1,4,12,12,1,6,0,7
2023-01,15,107,10,30,2,57,21,11,2,19,1,2,6,14,15,91,99,6,5,14,7,1,5,1,1,158,12,3,2,92,20,18,20,17,19,1,0,4,4,6,64,13,78,11,9,7,27,3,6,3,12,8,2,11,0,9
2023-01,16,86,6,20,0,24,19,6,7,16,3,4,5,7,16,69,178,10,1,12,8,11,7,0,5,137,25,10,0,73,30,11,11,7,13,0,5,2,4,13,76,2,27,13,12,16,15,1,3,1,12,10,0,3,0,15
2023-01,17,110,6,13,0,30,9,3,3,28,2,0,0,10,8,65,25,6,4,22,8,41,6,1,8,116,2,5,2,67,4,9,11,17,11,1,6,14,13,3,42,2,12,10,2,31,16,2,3,2,7,10,0,3,0,3
2023-01,18,18,1,5,0,14,6,9,0,2,0,1,0,3,0,25,10,0,1,2,0,1,4,0,2,35,1,3,2,12,5,0,6,14,3,0,2,2,1,0,17,0,1,3,2,2,2,0,0,0,4,4,1,2,0,0
2023-01,19,138,12,34,4,73,38,10,8,29,2,1,0,11,25,121,111,9,15,16,6,6,19,5,14,136,12,10,1,71,9,8,11,20,27,1,0,10,17,4,61,17,19,4,1,9,21,2,3,7,6,29,1,9,0,2
2023-01,20,42,5,11,0,16,10,1,2,14,3,0,0,2,6,37,90,6,0,7,6,2,1,0,5,48,0,0,1,38,6,0,3,4,12,0,4,3,6,3,6,2,14,7,1,10,7,0,0,2,2,4,0,1,0,1
2023-01,21,79,5,25,1,18,18,4,0,5,1,1,0,14,4,42,174,6,2,6,2,0,4,1,1,88,10,3,1,44,6,7,6,7,19,1,1,2,4,4,16,1,31,3,6,3,3,1,3,1,9,8,0,1,0,9
2023-01,22,77,5,49,1,46,22,4,7,42,4,2,0,20,17,74,392,21,4,12,11,6,3,1,12,233,10,10,2,114,32,6,13,12,33,1,0,9,10,9,78,4,79,14,6,16,8,3,6,2,21,34,3,9,0,21
2023-01,23,104,11,12,1,28,45,11,5,21,9,1,1,11,30,90,119,7,3,11,10,5,11,0,9,113,6,7,1,55,16,4,9,8,14,1,0,7,31,13,29,5,27,2,0,12,11,0,8,11,6,9,1,6,0,2
2023-01,24,72,4,30,1,40,41,6,7,41,6,0,2,27,27,62,631,31,5,11,27,11,17,4,9,268,8,3,7,139,41,13,17,18,34,1,8,12,11,17,90,7,89,8,7,33,14,1,5,4,25,27,5,8,0,16
2023-01,25,163,20,32,6,74,76,53,3,36,11,6,9,43,69,160,76,9,16,20,13,18,11,4,6,135,13,24,7,72,40,7,16,13,27,0,1,6,44,6,127,11,49,8,9,10,15,1,10,18,14,21,2,33,0,5
2023-01,26,27,3,8,1,12,27,15,3,4,5,1,1,3,23,50,42,2,0,6,5,3,0,0,4,65,0,3,1,13,6,2,2,2,4,0,0,1,20,3,43,4,16,13,3,4,4,0,10,12,5,3,0,6,0,0
2023-01,27,42,1,7,0,24,18,11,1,4,19,0,0,6,23,38,39,1,2,2,3,1,4,0,4,74,7,9,0,26,13,0,2,2,5,2,2,11,24,4,28,6,26,6,1,2,8,0,10,8,0,1,1,2,0,0
2023-01,28,55,8,7,1,19,17,10,7,9,7,9,1,8,11,18,311,11,1,8,4,2,3,0,3,232,3,4,17,46,11,13,17,16,40,3,3,17,9,12,158,9,101,7,7,5,3,0,1,8,6,19,0,5,0,4
2023-01,29,61,5,8,0,23,41,15,1,22,14,3,0,11,26,48,74,2,2,9,9,6,9,0,4,40,12,4,1,39,13,3,5,5,6,3,10,14,32,6,41,5,21,8,5,1,7,0,11,13,3,4,3,4,0,1
2023-01,30,104,8,32,0,32,37,11,4,28,2,0,0,15,17,81,332,6,4,6,9,7,11,4,17,112,5,3,2,46,26,11,7,9,20,4,6,16,9,1,54,10,37,7,3,32,7,2,5,3,1,11,2,0,0,3
2023-01,31,36,14,13,2,16,13,4,2,5,3,0,1,6,6,45,390,11,0,10,3,3,3,0,9,114,8,3,5,26,16,0,5,5,25,0,0,10,4,6,72,5,23,4,1,3,1,0,1,2,8,4,2,0,0,4
2023-01,32,23,0,4,1,2,11,5,1,6,1,3,8,0,3,6,217,7,0,0,2,1,1,1,1,115,0,1,9,15,12,2,0,8,23,1,3,7,3,5,91,8,74,1,0,0,0,0,0,2,5,5,1,2,0,0
2023-01,33,11,3,0,0,2,10,11,0,1,2,0,3,1,3,7,39,1,1,4,1,3,1,3,3,47,1,2,4,0,0,4,3,2,4,1,0,2,0,2,37,4,24,3,1,8,0,0,0,1,1,4,0,1,0,1
2023-01,34,13,5,0,4,5,11,0,0,2,0,1,0,0,1,7,95,2,0,7,7,0,1,0,1,18,0,2,7,14,6,0,0,2,4,0,0,3,4,2,18,0,18,2,0,0,2,1,0,2,3,0,0,0,0,1
2023-01,35,18,0,0,0,3,13,3,2,1,2,0,2,4,1,4,7,2,0,3,2,3,0,0,0,29,2,3,2,2,3,1,4,1,1,0,2,5,22,4,26,3,7,2,0,2,0,0,0,1,1,0,0,5,0,1
2023-01,36,11,0,2,0,4,10,9,0,0,2,0,1,5,1,3,0,2,0,6,0,0,1,2,0,10,0,1,0,5,4,0,0,0,1,0,2,4,5,3,6,1,3,1,2,1,2,0,1,0,0,0,0,0,0,0
2023-01,37,6,0,1,0,3,3,3,0,8,3,0,0,0,1,8,6,2,1,0,3,1,0,0,0,8,0,0,1,20,2,1,0,0,3,0,0,1,2,6,3,1,10,1,0,0,1,0,1,2,0,0,0,2,0,0
2023-01,38,41,4,4,1,10,33,23,0,6,5,0,0,7,11,19,2,0,1,5,7,1,3,5,2,27,2,5,1,20,10,3,4,7,2,0,0,3,6,8,31,2,14,11,4,3,3,1,6,5,1,5,2,5,0,0
2023-01,39,19,8,0,1,1,30,10,0,4,0,0,0,2,1,12,1,2,0,3,2,0,1,0,0,35,2,0,3,7,5,1,1,1,6,0,0,4,5,0,55,3,7,1,1,3,6,0,1,1,8,0,0,1,0,0
2023-01,40,16,2,0,1,2,18,19,1,0,17,0,1,5,6,6,3,1,0,3,3,4,0,0,0,13,0,4,1,4,5,4,1,1,0,0,0,2,12,9,23,0,19,5,2,1,0,0,1,0,0,1,1,1,0,1
2023-01,41,18,4,0,0,1,22,8,0,5,1,3,0,4,1,9,3,3,0,3,2,0,1,0,2,16,3,3,2,7,0,2,1,3,9,2,3,10,3,1,30,4,23,21,1,8,8,0,0,2,19,1,0,2,0,2
2023-01,42,26,5,1,1,11,26,23,2,5,7,0,0,5,6,20,3,3,2,5,4,2,1,1,2,38,7,4,0,7,8,7,3,4,7,0,1,5,22,8,21,5,20,4,4,6,3,0,3,10,6,5,0,3,0,1
2023-01,43,88,9,4,0,21,87,79,2,21,17,2,2,36,16,44,15,7,0,6,8,6,13,1,6,46,14,13,2,19,24,3,58,3,23,5,10,16,32,5,92,4,61,9,8,2,12,2,17,14,6,8,1,7,0,2
2023-01,44,51,8,1,0,19,55,29,2,22,2,0,0,12,12,47,12,4,1,5,2,6,9,0,2,89,7,10,1,24,28,3,6,7,10,1,2,4,31,16,24,4,23,9,3,0,7,0,26,18,9,7,0,7,0,1
2023-01,45,20,3,1,0,8,9,3,1,6,0,0,2,5,2,35,3,1,0,2,3,5,4,3,3,10,0,3,3,5,2,1,4,0,1,0,0,0,9,1,20,1,19,8,0,1,1,0,1,3,7,0,0,3,0,0
2023-01,46,56,8,4,0,20,25,14,6,16,3,3,0,21,14,42,9,4,1,2,4,2,9,0,5,27,1,4,2,16,19,1,10,4,3,0,0,4,31,2,64,5,23,36,5,2,10,0,8,19,4,2,3,4,0,3
2023-01,47,5,3,1,0,1,3,1,0,3,0,0,0,0,3,1,1,0,0,3,1,0,0,0,0,3,1,1,0,3,1,0,3,0,1,0,0,1,1,0,3,0,9,0,0,0,3,0,1,0,1,1,0,4,0,0
2023-01,48,21,8,5,1,6,1,4,0,6,3,1,0,4,4,23,10,1,0,3,3,2,3,1,0,29,3,0,1,14,4,3,4,5,8,0,2,4,8,5,20,0,31,12,6,2,8,0,6,4,7,0,1,3,0,1
2023-01,49,54,35,8,0,30,25,16,1,19,9,1,2,31,21,75,19,11,2,16,14,5,5,0,8,78,12,16,1,27,20,8,11,9,9,0,10,7,46,9,102,8,15,13,5,1,14,0,31,21,19,3,1,17,0,2
2023-01,50,23,2,1,1,4,6,2,0,0,0,0,1,3,2,14,2,0,1,4,1,1,1,0,0,14,0,0,0,5,2,2,2,2,0,0,2,4,5,0,9,1,2,1,1,2,3,0,1,3,5,1,0,3,0,0
2023-01,51,22,3,3,0,9,1,1,0,5,2,2,1,6,8,29,8,3,1,2,3,2,5,0,2,20,6,6,2,7,4,0,12,2,2,1,3,5,18,0,28,4,16,8,0,1,1,0,4,8,0,1,1,2,0,0
2023-01,52,36,11,6,0,20,1,1,0,18,0,0,0,3,1,20,35,2,1,5,0,3,6,1,9,29,2,4,0,2,5,1,4,5,1,0,2,2,9,2,64,6,2,5,3,1,6,0,1,4,3,3,0,3,0,1
2023-01,53,43,15,1,1,23,23,10,0,14,6,2,1,7,15,54,4,4,5,7,7,6,9,0,5,43,10,11,1,28,14,6,9,10,6,0,1,3,37,1,23,8,10,11,6,1,14,0,18,18,5,7,0,17,0,0
2023-01,54,9,0,0,0,1,1,4,0,7,0,1,0,0,1,3,0,1,3,1,0,0,0,0,1,7,0,9,0,1,1,0,0,0,0,0,0,1,8,1,2,1,2,1,1,1,3,0,3,2,1,2,0,3,0,0
2023-01,55,12,2,0,0,5,1,2,1,1,0,1,0,1,3,11,1,1,0,1,0,0,5,0,4,28,4,1,0,0,1,0,2,6,3,0,0,2,2,0,5,2,14,6,2,2,6,0,2,0,0,0,1,3,0,0
2023-01,56,62,12,6,0,25,10,3,3,15,1,1,2,6,3,54,90,7,1,5,7,11,8,4,5,139,3,2,6,70,15,4,23,17,9,2,8,14,11,4,65,10,46,10,4,37,16,0,2,6,6,5,0,10,0,0
2023-01,57,45,3,0,0,7,3,3,0,8,0,0,0,3,3,14,174,0,0,2,1,0,0,0,1,67,3,2,2,26,11,2,8,0,18,1,6,6,3,0,14,2,41,1,2,7,2,0,1,1,0,2,0,0,0,0
2023-01,58,81,14,17,12,27,12,1,4,15,1,3,0,7,3,45,343,5,0,14,1,0,6,7,4,135,2,4,0,26,4,8,14,7,26,7,4,13,4,3,54,3,6,1,2,2,14,2,4,2,11,2,0,1,0,0
2023-01,59,21,0,3,0,15,8,1,2,6,3,1,0,12,8,10,270,0,1,2,1,4,3,0,5,68,3,1,1,8,2,2,1,4,12,2,0,5,0,0,23,2,22,2,2,26,3,0,2,3,2,4,0,0,0,1
2023-01,60,44,4,3,1,26,10,1,1,7,1,2,1,6,5,43,193,5,2,4,8,1,5,0,0,75,3,1,3,77,8,4,1,0,14,0,2,4,2,3,44,5,16,0,3,12,6,1,3,1,7,3,0,0,0,1
2023-01,61,59,5,5,2,29,26,9,6,20,3,0,0,14,15,67,137,4,4,6,7,3,8,0,9,95,5,7,3,42,17,8,4,8,7,0,2,12,20,4,31,4,25,13,7,3,5,0,10,9,2,2,1,5,0,1
2023-01,62,43,3,5,1,5,1,1,0,8,0,0,0,8,0,19,116,1,0,2,2,5,1,0,0,34,1,1,2,28,1,4,8,4,21,0,1,3,7,1,28,0,1,6,2,1,4,3,0,2,2,2,2,2,0,1
2023-01,63,89,7,33,0,24,15,7,1,13,2,2,0,17,5,36,212,4,3,7,6,4,4,0,4,366,2,7,4,20,12,7,4,3,26,0,3,5,13,3,48,2,13,2,2,1,3,1,2,6,3,5,0,7,0,0
2023-01,64,39,7,6,8,8,6,1,0,33,0,0,3,5,1,32,23,8,1,1,5,2,2,0,2,118,2,1,1,128,2,10,11,4,4,0,0,2,2,0,15,4,30,9,0,4,8,0,1,2,10,6,0,4,0,0
2023-01,65,64,4,7,1,12,20,7,1,22,2,0,2,10,5,35,94,8,0,2,4,6,3,0,5,78,4,7,3,10,8,2,10,10,13,0,2,1,21,2,28,3,34,7,0,3,5,2,2,4,1,8,0,2,0,1
2023-01,66,81,10,38,1,24,31,29,2,34,3,2,1,13,13,81,159,3,6,7,4,15,4,2,5,225,5,14,4,34,19,4,11,9,22,2,7,9,54,5,141,2,41,26,5,2,6,0,9,18,4,13,3,10,0,2
2023-01,67,38,13,6,0,31,27,16,1,17,10,6,0,8,29,69,25,7,4,6,7,2,8,0,8,67,14,18,3,39,17,3,12,3,23,1,15,13,33,3,45,2,17,30,3,19,7,0,28,16,5,4,0,12,0,2
2023-01,68,34,2,2,1,18,34,29,1,7,24,0,1,13,45,54,14,6,2,6,8,9,7,0,5,61,10,11,2,21,16,12,8,3,5,0,6,20,26,8,26,8,11,23,3,13,1,0,24,19,5,4,0,2,0,0
2023-01,69,96,17,3,2,16,43,29,9,24,9,2,0,23,16,50,0,9,0,8,6,12,7,2,3,37,4,13,3,33,25,3,9,7,4,2,12,9,24,15,103,5,54,4,2,5,4,1,12,15,4,4,2,20,0,1
2023-01,70,83,10,7,0,15,8,4,3,39,1,2,1,16,8,85,36,3,4,8,0,5,10,1,8,173,4,5,3,32,13,2,6,19,21,1,2,11,18,2,24,1,50,7,7,3,19,1,3,5,13,14,2,5,0,1
2023-01,71,66,17,11,5,28,55,21,1,20,8,1,0,21,16,82,7,6,1,14,6,10,7,0,10,102,13,14,2,60,25,7,15,8,8,3,19,23,39,8,118,9,26,7,2,2,19,0,21,13,6,10,1,16,0,1
2023-01,72,6,4,5,0,21,6,3,3,14,1,0,3,10,1,66,3,0,0,4,2,3,1,1,3,98,8,4,0,5,5,1,2,11,1,2,0,4,9,2,23,8,23,19,6,3,25,0,0,6,4,6,0,5,0,0
2023-01,73,40,12,1,2,30,9,5,2,17,1,2,4,22,9,53,8,4,1,10,0,1,9,0,1,83,6,3,1,33,13,7,7,14,2,1,12,12,24,5,50,2,13,5,5,1,16,1,9,12,10,3,0,7,0,2
2023-01,74,7,3,4,0,11,5,3,0,14,0,0,0,2,1,43,4,1,4,4,0,2,0,2,2,66,13,2,1,17,1,10,7,17,1,2,0,3,2,1,27,2,13,3,0,3,23,0,3,2,2,12,0,3,0,2
2023-01,75,30,6,3,1,15,7,5,1,12,3,2,0,11,9,48,2,2,3,8,2,3,1,1,3,89,3,12,3,20,6,6,9,8,2,0,2,4,9,0,35,5,19,20,5,4,15,0,8,2,9,0,2,3,0,3
2023-01,76,9,0,1,0,5,3,0,0,5,0,1,0,2,0,4,3,0,0,1,0,1,1,2,2,4,0,2,1,0,0,1,1,0,3,0,0,0,0,0,3,5,11,0,1,1,2,0,0,0,1,0,0,0,0,0
2023-01,77,56,3,16,0,16,26,13,3,11,6,1,1,5,9,18,74,6,0,3,16,2,6,4,5,90,8,2,8,31,10,4,2,11,14,0,1,2,4,1,56,5,73,1,1,5,5,0,2,5,13,10,2,1,0,5
2023-02,0,3675,593,859,136,1244,1388,581,156,846,257,106,112,664,687,2646,6760,449,124,388,317,325,395,156,205,6924,296,485,239,2408,787,400,1100,540,829,44,187,430,972,303,3968,342,2315,726,411,947,803,792,315,476,626,1598,53,598,0,131
2023-02,1,70,4,11,1,3,30,15,1,12,0,2,0,6,4,17,95,5,1,1,2,2,1,2,4,137,0,4,1,44,15,9,7,5,10,0,0,7,2,4,27,0,33,8,1,4,4,15,0,3,15,27,1,6,0,2
2023-02,2,109,10,21,2,15,29,13,5,24,3,1,0,33,12,41,62,9,1,6,5,5,5,0,8,128,10,6,4,43,13,4,31,11,18,0,0,4,16,11,56,5,14,22,13,8,18,200,1,4,14,49,1,9,0,2
2023-02,3,53,3,5,5,1,43,14,2,3,1,1,4,4,13,10,117,6,0,6,6,0,2,0,0,116,4,2,9,25,10,3,17,9,16,0,1,8,3,11,21,3,38,10,3,22,6,21,0,4,12,27,1,4,0,3
2023-02,4,42,8,10,1,19,20,5,1,9,0,1,7,8,4,25,66,14,1,4,11,3,14,21,1,124,0,2,4,41,5,12,21,6,9,1,0,1,1,6,69,0,13,5,6,6,8,9,1,3,10,39,0,5,0,1
2023-02,5,41,1,27,0,10,11,0,1,9,2,3,1,9,0,21,69,6,2,10,6,2,5,18,1,121,4,3,3,37,12,3,34,8,10,0,3,2,4,6,16,1,17,15,10,33,14,33,5,0,7,40,0,4,0,6
2023-02,6,41,4,23,5,9,28,10,4,14,0,6,8,14,18,27,165,14,1,4,9,0,10,13,6,166,11,1,9,101,18,10,33,12,26,4,3,8,3,8,19,4,61,10,7,10,18,12,5,1,23,51,1,8,0,11
2023-02,7,36,1,41,1,15,18,3,2,17,4,2,9,13,4,34,149,22,0,7,9,2,2,2,0,196,10,1,7,55,27,11,27,15,25,0,0,4,0,9,67,7,45,8,7,10,20,24,0,2,19,46,2,1,0,6
2023-02,8,16,1,7,0,2,19,11,3,5,7,5,1,1,12,12,174,10,2,1,3,1,3,2,1,228,1,1,30,41,19,19,8,17,39,0,0,10,4,14,58,14,60,0,1,3,0,0,5,1,13,10,1,1,0,0
2023-02,9,9,8,6,1,26,3,0,1,4,0,0,0,5,0,9,3,0,0,2,2,0,0,0,0,59,2,3,0,13,0,2,6,3,6,0,0,0,0,1,20,1,14,5,2,2,4,8,0,1,2,3,0,3,0,0
2023-02,10,45,10,20,1,38,7,2,3,34,0,1,3,13,1,56,41,6,3,8,6,5,2,2,0,154,4,2,2,42,7,16,19,13,14,0,1,7,6,6,81,8,11,10,12,13,20,16,0,1,5,29,1,18,0,3
2023-02,11,27,6,8,4,19,8,2,3,9,0,1,1,6,0,33,25,4,5,4,3,5,1,0,0,81,0,1,1,32,3,12,30,15,4,0,2,4,3,6,27,6,22,5,9,15,15,15,1,5,10,17,0,4,0,0
2023-02,12,17,4,2,1,22,9,0,0,6,0,0,2,9,3,19,23,5,0,4,4,2,0,1,0,109,2,9,0,20,2,7,10,4,14,2,0,11,3,2,41,3,6,3,4,4,9,5,1,0,1,14,0,0,0,3
2023-02,13,31,1,6,0,11,4,4,0,10,1,0,0,4,2,17,23,1,1,2,2,1,0,0,1,46,0,20,5,11,9,2,8,10,2,0,0,2,5,1,22,4,18,6,5,0,8,4,0,0,2,10,0,4,0,3
2023-02,14,58,6,25,2,13,18,6,4,10,2,0,1,13,11,25,105,5,4,13,6,3,6,0,5,119,3,6,4,28,9,6,22,7,19,0,3,2,4,2,49,2,25,9,5,9,10,3,2,7,5,45,1,11,0,4
2023-02,15,114,7,22,2,63,28,3,4,26,1,4,9,17,11,105,93,6,3,12,12,71,15,2,5,180,5,13,1,63,14,11,49,19,10,0,2,9,15,4,104,9,64,10,10,13,27,7,2,9,17,37,0,19,0,4
2023-02,16,73,4,19,0,21,22,6,3,5,3,2,0,7,15,45,148,3,3,8,9,4,12,1,4,146,11,5,1,63,17,3,22,3,17,0,4,10,8,5,91,1,76,18,6,30,12,18,0,4,23,59,2,15,0,12
2023-02,17,137,10,38,2,44,12,1,1,17,0,0,2,8,5,51,22,6,5,20,4,2,9,0,4,159,4,6,1,51,6,8,18,17,12,1,0,3,7,0,71,3,27,5,5,8,29,10,3,6,11,23,0,12,0,4
2023-02,18,16,5,11,0,18,6,1,2,4,0,2,0,7,2,19,6,2,1,2,2,2,3,0,1,84,0,3,1,12,4,1,5,4,2,2,3,2,4,1,12,1,3,2,1,3,6,0,2,0,3,9,0,2,0,1
2023-02,19,164,3,52,8,64,29,3,2,25,0,7,0,7,14,76,97,9,4,9,9,3,12,1,8,165,6,6,5,80,15,14,25,14,20,1,2,4,13,4,43,11,41,2,12,19,23,16,1,5,11,65,0,11,0,1
2023-02,20,43,1,15,1,17,9,0,2,7,0,1,0,6,6,31,47,0,0,3,2,1,4,0,2,71,1,5,1,24,4,2,16,5,6,0,3,4,12,4,19,0,24,2,2,2,9,12,2,1,2,12,0,5,0,1
2023-02,21,63,7,19,1,10,11,6,3,15,0,0,1,7,2,24,158,10,1,12,4,0,4,0,3,118,3,4,3,33,3,2,8,4,12,1,0,2,12,1,50,3,31,1,4,13,8,1,2,3,10,29,0,2,0,4
2023-02,22,66,8,46,4,31,29,5,8,17,6,2,4,15,16,56,447,18,2,5,7,2,9,1,5,158,7,7,3,77,38,13,39,15,29,0,1,7,13,8,49,5,100,22,7,29,17,22,7,7,22,58,0,9,0,18
2023-02,23,99,10,15,3,39,23,21,8,16,14,4,0,10,28,60,122,9,2,4,5,6,8,1,8,74,3,14,1,47,15,5,19,8,20,0,2,3,19,8,59,13,28,3,4,6,20,1,5,9,14,20,0,12,0,2
2023-02,24,85,17,42,3,49,47,8,1,19,7,4,1,21,26,72,652,32,6,17,22,4,14,14,2,184,10,3,14,157,39,6,17,24,47,1,8,14,10,14,123,9,67,12,12,21,12,1,5,4,25,72,3,8,0,9
2023-02,25,221,41,45,3,49,48,25,6,36,4,2,2,21,37,141,60,7,10,13,10,12,16,5,8,163,12,30,6,81,29,2,62,8,18,1,4,3,37,10,125,14,54,19,13,4,35,5,12,14,26,59,1,47,0,0
2023-02,26,38,1,2,3,7,17,7,3,11,13,0,0,4,22,38,35,3,0,1,2,2,0,0,3,49,1,5,3,16,12,4,3,4,5,1,0,4,9,3,19,2,35,5,1,1,2,0,6,11,6,9,2,6,0,0
2023-02,27,37,8,6,0,7,11,12,4,6,15,1,0,6,17,21,36,4,0,6,1,6,5,0,3,52,1,8,0,25,22,1,10,1,5,0,0,4,18,6,21,4,33,8,3,2,5,1,4,8,0,9,1,2,0,2
2023-02,28,33,4,7,4,13,33,8,4,6,12,4,4,3,23,24,256,16,1,7,2,4,2,7,1,212,9,4,15,50,21,9,13,23,37,1,3,23,18,17,85,17,104,8,2,15,3,12,1,6,5,48,3,3,0,0
2023-02,29,55,6,7,0,20,37,18,3,17,24,1,0,13,32,66,100,9,3,4,3,20,5,6,1,89,4,9,3,34,8,3,8,4,5,1,3,10,27,4,35,5,55,63,8,142,13,5,10,17,5,13,2,11,0,1
2023-02,30,131,9,65,2,26,29,13,4,24,6,5,0,18,17,46,348,2,3,13,13,8,5,1,11,145,5,8,2,33,16,11,24,10,7,0,4,11,15,4,61,5,33,9,4,33,10,1,1,6,5,29,2,11,0,0
2023-02,31,32,13,4,1,18,13,5,1,9,2,1,1,8,9,46,509,6,5,5,5,4,11,0,3,137,6,5,4,38,8,1,15,1,14,0,0,6,15,3,67,6,52,0,1,1,0,2,2,2,9,21,1,2,0,1
2023-02,32,24,2,5,1,0,18,2,3,4,2,4,6,3,1,5,158,13,0,1,7,1,3,0,1,105,0,5,14,7,9,0,3,6,20,0,1,5,4,3,77,11,143,1,0,0,0,0,0,6,8,7,0,0,0,0
2023-02,33,16,4,2,0,2,9,1,0,4,2,1,2,1,0,2,31,1,1,1,6,0,3,0,0,45,2,2,8,6,3,4,2,3,5,1,0,3,3,5,34,3,37,0,0,0,0,0,0,1,3,2,1,1,0,0
2023-02,34,17,1,0,0,2,4,0,0,1,1,3,0,2,4,5,54,0,0,0,1,1,1,0,0,17,0,2,4,10,0,1,3,3,2,1,0,4,5,2,8,3,12,2,1,0,3,0,0,1,2,4,0,0,0,0
2023-02,35,4,0,0,0,4,12,10,1,1,1,0,1,4,0,3,3,2,0,1,1,1,0,0,1,19,1,6,1,1,6,0,3,5,3,0,0,5,15,1,28,5,17,0,0,1,3,1,0,4,3,3,0,2,0,0
2023-02,36,22,0,3,0,0,9,5,0,0,0,0,0,2,1,2,0,0,0,1,2,0,0,0,0,2,0,0,0,2,1,1,1,0,0,0,0,1,1,2,10,2,4,0,2,0,0,7,0,0,2,4,1,0,0,0
2023-02,37,4,0,0,0,1,7,1,0,0,3,0,0,1,1,4,3,0,0,0,2,0,0,0,0,15,0,1,1,13,0,0,3,2,2,0,0,1,3,1,1,1,14,1,0,0,1,0,1,2,0,2,0,2,0,0
2023-02,38,38,4,7,2,10,25,6,0,3,8,0,1,8,12,15,12,5,0,4,4,5,1,1,0,9,3,4,1,13,9,4,13,3,9,0,1,6,7,13,39,1,22,9,3,59,1,26,2,4,2,12,2,5,0,1
2023-02,39,32,9,3,0,3,21,4,0,6,1,0,0,9,1,5,3,2,0,4,0,1,2,7,1,10,0,2,2,5,7,3,3,2,3,1,0,7,4,2,13,2,7,4,3,4,1,14,0,3,2,7,0,0,0,0
2023-02,40,10,6,0,1,3,13,9,1,4,9,1,0,4,3,6,6,0,1,2,1,0,0,0,0,27,2,7,0,6,3,2,4,3,0,0,0,1,5,4,47,2,13,8,0,114,1,0,1,3,1,10,0,2,0,0
2023-02,41,10,3,1,3,1,19,10,1,6,1,2,1,7,1,12,2,7,0,2,1,1,1,1,0,72,2,3,4,9,2,2,1,2,12,0,0,7,15,3,61,6,9,7,3,18,2,0,1,0,10,14,2,4,0,1
2023-02,42,28,5,4,3,18,26,13,0,4,3,1,0,6,7,26,2,0,0,4,6,1,3,0,0,70,1,13,0,16,11,3,4,5,2,0,3,3,13,5,25,3,17,19,6,63,7,0,5,4,5,26,2,3,0,2
2023-02,43,52,8,3,1,12,65,55,2,30,4,1,0,27,12,50,12,12,4,9,6,11,7,5,2,93,4,22,4,17,19,6,26,6,6,1,7,17,29,3,97,4,45,14,10,11,11,4,18,15,6,40,0,9,0,0
2023-02,44,60,13,3,2,17,38,26,4,17,7,2,0,13,8,41,9,13,0,3,2,11,10,1,5,42,0,13,1,21,27,4,25,8,12,3,3,6,20,9,75,4,20,12,16,11,18,1,22,7,4,30,1,14,0,1
2023-02,45,14,0,0,2,3,6,1,0,1,1,0,0,2,5,25,6,3,1,5,2,2,1,0,1,16,0,1,2,4,6,2,6,6,9,1,3,1,12,3,23,1,18,2,3,1,6,3,0,6,6,9,0,4,0,0
2023-02,46,47,17,4,1,11,31,12,5,13,5,2,0,13,13,39,22,3,1,1,2,7,9,0,2,49,4,17,2,19,14,2,22,7,7,0,4,1,28,2,109,6,22,26,2,5,7,2,13,30,17,30,0,12,0,1
2023-02,47,6,2,1,0,1,1,1,1,1,1,0,0,0,4,4,0,1,0,1,2,0,1,0,0,8,0,2,0,0,2,0,0,2,0,0,0,0,3,1,1,0,0,7,1,0,2,1,1,0,0,2,0,0,0,0
2023-02,48,31,8,4,3,10,3,3,0,4,0,1,0,3,4,17,0,3,2,1,1,3,3,0,1,41,8,4,2,15,5,1,3,7,6,0,3,2,15,2,44,7,45,11,3,0,14,0,5,11,5,19,0,12,0,0
2023-02,49,71,19,2,0,26,26,13,1,14,7,0,12,30,20,80,19,5,3,6,5,5,6,9,6,90,6,26,0,28,14,9,22,17,11,2,5,9,44,8,127,2,20,11,20,21,30,0,20,36,14,14,2,34,0,3
2023-02,50,17,0,1,0,7,3,3,0,0,2,0,0,3,4,14,0,0,0,1,0,2,1,0,3,26,2,1,0,1,3,2,2,1,0,0,0,1,4,0,2,0,10,3,2,7,1,2,1,3,4,1,0,8,0,0
2023-02,51,35,5,0,0,7,2,3,2,3,0,0,2,5,6,24,17,0,0,2,0,6,4,2,1,51,3,3,4,2,5,2,5,0,3,0,0,7,14,2,50,4,61,13,1,1,2,0,6,4,5,9,0,5,0,1
2023-02,52,48,11,10,0,20,6,2,0,8,0,0,0,4,1,23,76,8,2,3,1,1,6,0,5,60,2,2,1,8,4,2,4,8,3,0,1,3,5,0,63,2,2,3,0,5,4,0,1,4,37,8,0,1,0,0
2023-02,53,45,9,1,4,22,19,13,2,24,3,1,0,35,12,48,7,11,6,4,3,5,11,0,11,72,1,9,1,30,16,10,17,8,3,0,4,8,30,3,87,5,13,25,8,0,27,0,12,24,6,17,1,25,0,1
2023-02,54,4,3,0,0,0,3,6,0,2,0,0,2,1,2,3,0,0,0,5,0,2,2,0,0,2,0,5,0,1,1,0,1,0,4,0,0,0,11,0,21,0,3,1,0,0,1,0,0,10,0,5,0,2,0,0
2023-02,55,18,8,1,0,14,1,1,0,2,0,0,0,2,2,15,10,3,0,1,1,0,1,1,0,55,0,4,0,5,8,0,4,4,2,0,1,1,5,2,29,6,34,4,0,1,5,12,4,1,3,6,1,2,0,1
2023-02,56,58,30,3,1,17,6,4,0,22,0,0,5,8,5,56,84,7,1,6,2,1,27,1,5,150,4,2,0,78,8,8,20,9,7,1,10,9,12,4,103,6,33,8,3,2,18,8,0,2,8,5,1,12,0,1
2023-02,57,45,11,10,0,4,3,1,1,8,1,0,3,1,2,13,222,4,0,2,2,0,0,0,0,139,1,1,2,12,7,0,8,3,7,0,1,2,5,0,43,3,54,0,0,2,6,2,0,2,4,3,0,1,0,0
2023-02,58,56,12,20,6,31,7,5,3,4,0,0,0,3,7,40,293,3,3,5,0,0,4,2,6,83,2,7,2,24,2,4,32,3,18,2,4,7,14,1,46,3,20,3,8,1,7,16,3,2,4,6,1,6,0,1
2023-02,59,23,10,7,0,8,12,1,3,2,1,0,0,3,5,13,205,4,2,5,5,1,1,0,4,62,4,5,0,6,2,4,3,0,6,1,0,6,2,0,70,3,58,4,3,18,7,16,1,3,6,6,0,0,0,0
2023-02,60,45,8,8,1,15,13,1,0,6,2,0,0,6,6,28,111,0,2,4,5,3,6,3,3,91,5,1,2,68,11,3,8,10,12,0,0,10,5,2,26,4,35,1,1,2,3,11,1,2,3,11,3,6,0,2
2023-02,61,88,7,9,3,21,19,17,4,8,12,1,3,8,13,60,151,5,2,4,5,5,7,0,8,101,13,8,3,42,10,6,11,3,16,1,11,5,20,2,68,8,14,13,9,1,12,7,10,3,8,16,0,13,0,1
2023-02,62,51,6,5,0,6,3,1,0,7,1,0,1,3,4,23,82,2,0,2,4,0,2,0,0,68,0,3,1,32,2,3,4,3,19,1,3,6,9,0,24,3,1,2,2,12,5,18,0,1,2,4,0,2,0,0
2023-02,63,79,9,23,1,11,23,10,3,8,1,1,1,12,6,32,268,2,1,3,1,5,5,0,2,58,2,4,1,24,10,2,10,9,22,0,3,5,7,3,104,4,3,9,8,2,13,34,1,2,5,10,0,4,0,1
2023-02,64,59,20,7,5,16,3,0,2,21,0,0,1,1,2,36,16,6,0,1,1,0,3,1,2,53,2,2,3,158,4,11,15,3,8,0,5,6,6,0,28,0,14,6,2,1,11,7,0,1,5,11,0,4,0,0
2023-02,65,57,4,8,1,12,7,2,1,17,0,0,0,2,3,34,112,4,2,5,0,1,10,0,2,78,0,0,1,18,11,6,14,5,18,0,1,9,17,0,105,1,15,7,4,0,11,20,1,7,11,16,0,4,0,0
2023-02,66,99,19,19,7,28,50,27,1,10,4,1,0,11,26,76,268,11,2,7,3,12,7,2,10,91,14,8,6,33,16,5,30,11,20,1,10,18,40,5,63,7,3,10,8,34,19,46,8,22,11,37,1,27,0,2
2023-02,67,28,11,3,2,24,38,8,1,15,15,2,0,13,20,83,33,4,0,5,17,9,14,0,6,65,12,14,2,35,12,4,7,3,12,2,7,7,50,2,78,6,24,49,9,0,12,23,15,17,10,6,2,9,0,0
2023-02,68,19,7,0,2,6,31,12,5,16,9,1,0,13,25,32,10,5,3,8,2,6,1,6,6,73,8,14,0,28,12,6,5,6,3,0,6,6,26,3,51,4,43,29,5,2,13,3,23,13,0,8,1,3,0,0
2023-02,69,56,8,1,5,21,32,19,2,13,11,0,0,15,31,62,7,13,1,5,2,3,11,0,2,74,6,16,4,34,23,4,17,8,10,0,8,5,21,6,78,8,41,19,17,18,11,0,12,13,7,20,0,22,0,1
2023-02,70,50,19,10,1,20,8,1,12,38,1,3,1,12,6,78,49,8,6,9,1,7,6,5,3,172,1,9,1,28,9,18,17,19,7,1,4,7,13,5,86,6,18,8,10,9,34,0,4,6,10,36,4,22,0,0
2023-02,71,81,19,6,6,33,40,20,1,18,3,5,1,19,18,60,12,14,1,11,5,5,11,0,4,68,15,16,1,46,24,4,17,10,18,2,15,11,65,3,78,7,35,17,6,0,17,0,16,39,12,39,0,18,0,0
2023-02,72,10,9,3,3,16,6,0,1,3,1,1,1,6,2,40,3,3,1,9,3,3,0,0,0,121,4,5,3,5,4,7,9,10,4,0,0,2,13,1,31,4,14,7,23,4,22,0,0,4,10,16,0,7,0,0
2023-02,73,40,6,2,1,22,15,8,2,8,2,5,6,12,10,44,3,4,3,8,3,9,7,2,1,56,2,12,3,14,13,5,16,4,5,1,8,10,27,1,37,4,34,17,12,2,4,0,14,7,7,23,1,18,0,0
2023-02,74,14,5,8,1,17,4,0,0,13,0,0,0,3,0,44,0,4,0,4,5,0,1,0,0,103,7,1,1,17,1,10,15,3,2,3,0,2,5,2,19,1,1,4,5,7,14,0,0,4,2,17,0,5,0,0
2023-02,75,15,12,5,0,14,8,2,1,12,4,3,0,3,2,38,2,4,3,8,3,5,3,1,1,96,14,4,1,30,4,9,22,4,1,1,3,4,11,3,96,4,11,23,5,21,19,1,5,2,9,11,0,6,0,1
2023-02,76,13,0,2,0,5,3,4,0,4,0,1,0,3,0,4,0,0,0,0,0,0,0,0,0,19,0,0,1,0,1,1,3,0,5,0,0,1,0,0,18,5,3,0,0,0,4,0,0,0,1,5,0,0,0,0
2023-02,77,34,3,18,6,4,39,11,1,15,1,0,1,6,4,15,124,1,0,2,6,2,8,6,1,137,0,3,6,20,6,8,14,7,7,0,0,4,3,1,38,5,49,2,7,6,9,28,2,1,14,32,0,7,0,5
2023-03,0,4005,872,1447,101,1486,1500,562,177,610,482,105,101,847,913,3430,7442,497,110,471,389,200,521,62,198,7898,288,517,233,3285,991,487,904,635,952,60,184,480,1072,500,3109,386,2019,762,432,1059,1272,183,459,523,624,852,53,303,1,252
2023-03,1,75,15,9,1,7,28,18,3,7,1,1,0,13,11,16,120,4,3,5,4,2,13,2,4,123,0,2,0,48,22,20,19,7,8,1,1,7,9,5,25,0,18,10,2,15,6,8,1,7,9,11,1,4,0,4
2023-03,2,125,14,69,2,25,33,14,4,11,3,2,0,18,14,68,58,6,1,11,11,2,8,1,4,235,5,4,5,78,23,3,36,15,18,1,2,5,12,11,31,3,35,13,13,26,25,10,0,4,8,10,1,3,0,6
2023-03,3,60,12,15,1,4,60,19,2,12,4,1,2,15,11,15,135,7,1,9,9,8,3,1,5,153,1,4,4,49,8,5,18,2,18,0,0,2,5,10,30,6,57,3,4,14,9,0,0,2,23,25,0,2,0,14
2023-03,4,51,10,17,2,13,17,4,3,3,0,1,2,4,7,34,59,11,1,7,6,0,31,1,4,181,1,3,1,41,9,6,15,7,8,0,2,7,5,9,35,4,9,4,4,9,9,11,1,0,6,20,0,4,0,11
2023-03,5,42,6,28,2,17,10,1,0,4,0,0,8,6,4,44,61,11,2,1,6,2,6,0,1,80,6,6,5,52,10,6,11,5,23,1,1,3,3,7,30,2,29,3,15,12,10,0,3,0,5,20,0,3,0,12
2023-03,6,45,14,31,0,23,26,15,3,11,2,4,10,45,12,52,210,17,1,7,8,2,6,0,3,169,7,6,5,133,34,9,24,10,27,2,8,12,6,8,64,3,55,6,3,43,14,1,4,6,26,46,2,2,0,22
2023-03,7,36,16,34,2,25,25,7,1,7,1,6,2,21,6,44,193,22,0,7,15,8,4,0,0,204,11,7,6,85,25,11,13,25,35,1,0,8,1,15,37,7,31,6,8,39,16,7,2,5,21,26,5,3,0,8
2023-03,8,15,1,18,1,4,19,9,8,1,4,0,0,5,14,6,190,12,1,4,9,0,1,2,9,192,2,0,24,69,27,9,6,9,36,2,18,6,10,12,82,8,70,1,0,3,5,0,0,1,7,20,0,2,0,1
2023-03,9,8,11,8,2,17,0,0,0,3,0,0,0,4,0,21,0,0,2,1,1,0,0,0,0,83,4,0,0,25,0,6,7,8,2,0,2,0,0,2,17,2,6,1,2,11,5,0,0,0,1,1,0,2,0,0
2023-03,10,47,9,46,2,70,7,0,5,12,2,0,2,27,4,45,27,3,2,19,3,2,9,0,0,212,3,3,0,47,6,13,8,10,12,0,1,3,4,3,48,10,18,12,8,15,39,14,3,2,9,9,3,4,0,3
2023-03,11,34,8,26,1,19,11,4,1,8,0,1,0,8,6,28,42,2,1,9,4,2,6,2,0,85,0,5,1,70,8,19,12,9,5,0,3,1,4,10,36,2,19,6,1,8,13,0,0,2,3,7,0,3,0,6
2023-03,12,23,8,21,2,18,8,1,2,4,1,0,2,15,6,39,34,2,0,1,5,0,3,0,0,80,5,6,0,17,5,4,7,6,6,0,0,4,2,1,45,4,20,7,3,14,17,1,1,1,10,3,0,1,0,5
2023-03,13,25,6,10,0,11,4,2,1,9,0,0,0,4,4,12,61,3,2,0,3,2,1,0,1,65,1,11,1,18,3,3,1,0,6,0,0,3,1,4,21,3,16,2,1,7,16,0,1,2,3,2,0,4,0,5
2023-03,14,77,8,44,1,23,22,5,5,25,0,1,2,8,12,92,260,8,0,6,6,5,6,1,3,90,1,8,1,32,10,8,14,8,16,1,8,5,3,2,26,2,17,4,1,10,16,1,0,4,10,23,0,1,0,18
2023-03,15,112,19,50,1,80,27,5,4,25,1,3,8,14,16,91,158,16,5,11,12,0,8,0,10,169,6,9,4,145,23,15,26,13,24,0,3,6,13,4,51,9,25,16,5,21,21,9,3,2,27,21,1,3,0,6
2023-03,16,99,13,42,1,24,29,4,2,11,1,1,1,8,16,68,222,6,2,12,15,0,16,2,2,89,5,12,4,111,14,7,11,15,37,0,2,16,7,14,43,2,32,15,7,38,26,12,2,8,14,5,0,3,0,4
2023-03,17,115,27,32,0,52,16,5,3,5,2,2,2,13,5,80,13,8,2,21,7,1,12,0,1,89,3,6,0,68,15,13,19,21,13,0,6,6,6,3,54,4,35,5,9,9,100,11,10,3,20,5,0,3,0,2
2023-03,18,32,15,11,0,18,8,3,7,4,0,0,0,1,3,23,5,4,0,0,1,1,2,0,0,49,0,1,1,25,6,2,5,7,5,0,0,6,2,1,16,2,11,4,2,0,14,0,8,1,3,3,0,0,0,0
2023-03,19,163,8,58,2,87,36,10,3,30,3,3,3,5,25,137,140,16,4,12,7,12,18,4,3,116,3,6,4,107,29,18,34,15,27,1,1,11,18,10,21,14,29,7,10,8,41,3,3,9,10,28,1,6,0,1
2023-03,20,44,6,26,0,16,6,6,2,3,1,0,0,9,7,36,64,1,2,10,4,1,1,0,3,39,3,2,2,26,4,1,9,3,20,0,0,3,5,4,36,3,21,1,1,10,11,3,2,0,4,6,0,0,0,1
2023-03,21,89,19,31,3,15,15,4,2,7,3,2,0,9,7,59,172,5,0,8,6,0,8,0,2,71,0,6,5,80,7,3,3,7,24,1,2,3,5,5,38,0,50,7,6,11,7,2,1,4,9,7,0,0,0,11
2023-03,22,98,19,85,3,38,36,7,3,14,3,5,3,20,20,60,475,23,0,16,16,3,14,0,7,215,6,9,6,115,35,10,27,20,43,1,1,10,8,11,40,1,73,43,14,29,26,2,6,2,18,37,0,5,0,15
2023-03,23,110,9,51,0,45,38,15,5,8,26,0,0,17,46,89,132,10,0,11,10,1,6,1,16,86,7,8,4,54,19,1,28,6,22,1,2,2,21,18,41,3,32,10,9,13,15,3,10,9,8,26,1,4,0,2
2023-03,24,87,30,137,2,76,35,11,6,21,7,10,0,25,21,113,663,38,4,14,16,14,23,6,2,285,13,11,9,206,49,12,29,32,30,1,1,15,14,23,127,6,61,18,22,47,20,4,7,4,18,45,0,5,0,15
2023-03,25,233,41,58,4,62,56,27,8,26,38,4,7,38,85,166,122,29,9,21,15,8,17,2,6,196,6,18,7,81,52,11,42,21,34,0,3,10,62,15,82,22,45,27,14,5,52,1,17,19,14,31,3,22,0,5
2023-03,26,17,4,10,3,12,22,3,3,6,16,1,4,4,26,40,24,1,0,4,2,2,2,0,0,47,1,5,0,24,8,3,5,1,5,0,1,3,9,6,21,2,20,6,2,2,2,1,9,6,0,6,0,4,0,2
2023-03,27,47,6,5,1,13,13,11,1,8,22,0,3,6,18,40,73,2,2,4,1,0,1,2,2,61,1,6,0,28,22,2,3,6,4,0,0,4,21,8,15,3,31,20,2,9,12,0,4,13,5,5,0,1,0,2
2023-03,28,32,18,10,5,10,23,10,6,8,13,8,4,8,21,30,292,15,3,7,5,2,5,3,3,300,8,5,19,77,24,21,24,30,34,2,3,18,14,24,121,9,78,8,4,8,5,3,3,4,10,37,1,3,0,0
2023-03,29,77,16,17,1,24,40,7,3,9,54,2,0,23,30,82,59,6,2,7,4,7,8,1,7,84,3,16,7,41,15,3,11,0,7,1,2,8,32,5,37,1,53,16,9,44,4,1,14,9,4,7,2,8,0,2
2023-03,30,88,20,30,0,28,41,5,6,13,13,2,2,9,12,82,296,6,5,9,11,5,12,1,12,132,5,8,5,68,16,10,16,11,25,0,1,6,18,7,68,9,38,8,7,87,25,4,3,9,39,12,2,6,0,1
2023-03,31,56,10,7,1,21,14,1,0,7,5,1,0,5,10,45,388,9,0,4,14,0,8,0,6,94,4,6,3,24,12,8,4,5,39,3,0,12,9,3,52,7,20,5,2,37,5,0,3,4,7,5,0,3,0,2
2023-03,32,40,1,5,0,5,16,1,6,6,2,4,1,6,4,12,240,10,1,4,2,2,2,0,0,159,0,6,16,20,5,1,2,12,14,2,5,2,8,6,41,16,103,2,1,2,3,0,0,1,5,4,0,1,0,0
2023-03,33,26,5,8,0,6,10,3,2,0,0,0,2,1,3,15,53,3,1,1,2,0,3,0,1,38,0,2,2,17,5,3,4,3,8,0,0,3,1,6,20,1,14,3,0,1,1,0,1,2,5,3,1,0,0,0
2023-03,34,24,4,4,0,1,5,1,0,1,0,0,0,1,3,6,104,2,1,2,0,3,1,0,0,18,0,1,4,18,0,1,9,6,5,0,0,7,8,4,30,15,34,0,1,4,6,0,0,2,2,2,0,1,0,0
2023-03,35,10,2,0,0,4,6,3,1,0,0,0,0,1,2,9,6,1,0,1,0,0,2,0,0,29,2,0,2,9,1,3,2,1,3,0,0,2,5,4,15,4,4,5,1,0,33,0,0,2,2,3,1,0,0,0
2023-03,36,3,2,6,0,1,5,10,0,0,3,0,0,1,0,1,0,0,0,1,0,0,5,0,0,16,1,0,1,1,1,0,0,1,1,0,0,1,0,1,14,1,3,2,3,0,1,1,2,1,0,0,2,0,0,0
2023-03,37,5,1,0,0,1,3,2,0,5,5,0,0,1,0,7,9,1,0,2,0,1,0,0,2,17,3,5,1,13,3,0,1,0,1,0,1,2,4,4,3,1,19,2,0,0,1,0,6,1,1,0,0,1,0,1
2023-03,38,52,4,5,0,8,31,16,4,4,28,5,1,4,7,13,15,6,0,9,8,10,3,0,1,35,2,4,2,20,17,5,9,5,8,0,2,16,12,27,20,7,19,2,3,2,3,2,4,1,3,3,0,0,0,0
2023-03,39,13,1,6,0,4,13,9,0,0,1,1,1,9,2,11,5,0,1,2,1,2,1,0,1,32,0,5,3,15,5,1,0,1,1,0,1,3,4,0,17,1,12,3,1,0,2,2,1,4,2,3,0,3,0,1
2023-03,40,12,3,5,0,3,14,12,1,0,7,1,2,8,6,4,6,1,0,3,2,1,2,0,1,31,0,5,1,5,3,2,3,1,3,0,0,2,14,2,62,3,14,7,1,1,5,3,1,10,0,0,2,1,0,1
2023-03,41,17,0,3,0,1,23,7,0,2,0,3,1,9,1,6,9,6,0,2,1,0,4,0,0,53,4,3,5,13,6,1,2,7,6,1,2,6,2,0,44,11,16,6,3,6,5,0,0,1,5,15,1,0,0,1
2023-03,42,28,15,6,2,11,24,19,0,7,8,0,0,23,15,29,3,4,0,3,5,2,6,0,0,61,3,8,2,23,16,6,3,4,2,0,0,12,7,11,26,7,12,16,13,49,8,1,5,9,5,16,0,3,0,3
2023-03,43,66,2,6,2,15,82,37,3,20,11,2,1,21,19,51,13,11,6,10,4,9,10,2,3,94,8,25,4,20,35,11,19,6,10,4,9,15,39,8,71,8,20,21,21,32,21,2,15,17,9,19,5,11,0,4
2023-03,44,58,6,6,4,10,43,29,5,11,5,1,0,24,20,42,18,15,2,8,4,4,8,3,4,82,5,15,6,22,15,7,16,12,16,1,6,11,25,17,90,9,17,14,20,3,21,0,29,26,12,22,0,8,0,5
2023-03,45,19,7,5,0,8,11,2,0,1,1,1,2,3,7,25,1,1,0,2,1,0,2,1,0,36,1,2,2,7,0,0,5,2,4,0,4,4,10,2,16,3,9,15,4,0,10,0,2,6,7,4,0,4,0,1
2023-03,46,56,13,3,4,20,22,15,1,4,38,1,0,13,27,50,24,1,1,5,4,6,11,3,3,72,7,10,1,29,18,13,42,4,9,1,7,6,26,5,27,0,13,19,9,41,16,10,19,26,7,22,0,13,0,2
2023-03,47,1,0,0,1,0,1,1,0,1,0,0,0,3,4,1,2,0,0,0,0,0,0,0,0,6,0,0,0,2,0,1,0,1,2,0,1,0,1,0,0,2,1,0,1,0,0,0,1,0,1,3,0,0,0,1
2023-03,48,33,16,1,0,8,2,4,1,5,1,0,0,14,5,28,3,3,0,3,0,2,8,0,1,47,3,5,3,5,3,2,14,9,4,0,2,0,10,2,36,3,19,14,12,43,20,0,6,2,2,3,1,6,0,1
2023-03,49,57,19,8,2,38,46,11,2,16,17,1,5,41,33,105,22,9,1,10,8,7,17,6,3,102,6,24,1,38,17,8,20,20,8,2,4,8,46,12,92,7,18,20,10,1,42,1,51,22,12,11,2,22,0,1
2023-03,50,12,2,3,1,4,2,4,0,2,0,1,0,4,0,18,1,1,0,3,0,0,3,0,1,32,5,8,0,4,2,0,1,1,0,0,0,2,13,0,3,2,9,1,0,0,5,0,9,3,1,0,0,1,0,1
2023-03,51,24,2,2,0,12,11,4,1,4,4,0,0,4,3,34,20,4,2,3,3,1,6,0,2,76,2,6,0,4,6,4,19,3,3,1,4,1,22,0,18,4,15,19,1,3,13,0,7,14,7,10,0,6,0,0
2023-03,52,47,9,6,5,19,11,2,0,3,4,0,1,3,4,39,115,2,1,2,1,4,5,0,6,31,2,1,1,7,12,4,14,8,10,0,1,5,12,4,38,3,5,1,1,3,12,0,2,7,13,18,2,7,0,2
2023-03,53,39,26,6,3,27,20,14,4,6,0,1,0,11,15,89,10,15,4,9,1,8,17,1,7,66,7,14,0,20,18,14,18,13,4,1,0,5,41,6,95,2,4,28,7,3,41,0,18,19,7,10,5,12,0,2
2023-03,54,6,0,0,0,0,0,1,0,2,0,0,3,1,0,7,0,1,1,0,0,0,0,0,1,14,0,7,0,1,0,0,1,2,1,0,0,2,17,1,1,1,0,1,1,0,0,0,0,12,0,1,0,1,0,0
2023-03,55,20,18,3,1,9,2,0,0,3,1,0,0,4,3,19,37,3,0,2,0,2,0,0,0,42,2,1,0,2,3,2,8,3,2,0,0,8,5,2,14,2,10,0,0,4,7,0,2,1,0,8,0,2,0,0
2023-03,56,60,14,6,0,21,11,4,1,10,1,1,0,8,4,47,58,4,2,3,16,4,19,3,5,168,10,3,3,103,13,4,12,9,7,4,2,12,10,1,81,5,79,14,1,7,66,4,0,4,8,2,0,6,0,1
2023-03,57,46,3,1,0,5,3,0,1,3,0,0,0,1,3,18,158,3,0,0,0,0,1,1,0,43,0,4,1,13,13,5,5,5,5,1,0,4,12,2,18,1,10,1,0,9,4,1,1,1,2,4,1,0,0,0
2023-03,58,67,8,31,3,24,20,1,7,11,0,2,0,6,6,52,272,5,2,1,4,0,7,3,1,164,4,3,0,31,7,7,14,4,13,1,0,3,20,1,34,3,23,10,9,0,14,1,2,3,7,3,0,5,0,0
2023-03,59,25,6,8,1,14,10,2,0,1,2,0,0,1,8,14,153,3,1,3,4,0,2,0,0,78,3,7,1,16,2,1,2,1,7,1,1,14,8,1,49,0,11,4,5,26,8,2,0,0,1,1,0,1,0,1
2023-03,60,58,15,17,0,22,11,3,2,12,4,1,0,6,10,34,109,2,4,9,3,9,6,1,1,107,7,3,3,115,6,6,4,14,8,1,0,4,8,3,66,8,30,2,4,39,11,7,2,3,6,2,0,1,0,2
2023-03,61,86,29,29,3,18,26,7,7,19,20,2,0,15,23,64,206,7,0,14,6,1,11,1,1,148,13,16,4,68,24,10,14,10,15,0,11,22,24,9,61,5,48,15,5,13,16,3,12,12,3,14,1,2,0,2
2023-03,62,41,14,6,1,2,3,0,0,9,1,0,0,9,1,15,112,1,0,3,2,0,4,0,0,44,0,0,0,25,2,1,5,1,12,1,0,0,8,2,16,1,4,5,1,2,5,0,4,1,10,1,0,3,0,1
2023-03,63,89,9,22,1,18,28,10,2,2,2,0,1,8,6,35,253,4,1,5,6,1,3,0,10,96,1,2,3,26,7,3,6,10,18,3,4,8,12,7,57,3,9,5,7,4,18,4,1,7,12,5,0,3,0,1
2023-03,64,80,20,7,3,10,8,1,0,6,4,0,0,5,3,33,13,3,1,1,2,0,6,0,1,112,0,1,0,132,4,6,8,0,9,1,0,3,6,2,27,7,14,10,1,6,8,1,0,2,6,1,0,2,0,0
2023-03,65,61,14,9,2,18,8,1,1,7,0,0,0,2,1,39,165,1,1,2,3,4,4,0,2,127,1,7,0,16,4,3,9,7,11,0,0,3,9,5,26,4,60,2,2,7,16,0,0,7,7,3,0,1,1,0
2023-03,66,135,16,56,1,30,24,8,3,8,4,3,1,15,24,97,151,9,1,14,7,1,7,0,7,176,4,11,6,54,22,7,15,6,28,0,11,14,50,5,68,7,16,20,13,2,27,1,7,32,17,19,2,7,0,0
2023-03,67,45,15,8,2,27,21,4,2,7,20,0,0,22,22,92,19,3,0,4,15,2,11,0,3,112,10,15,4,55,13,7,7,2,6,1,1,11,57,9,48,5,33,31,3,0,16,1,28,16,10,14,1,10,0,0
2023-03,68,29,10,3,0,12,45,16,0,15,21,2,0,11,48,59,11,8,1,6,12,7,5,1,1,60,1,9,0,39,19,9,13,8,5,0,3,6,33,12,27,9,13,44,4,0,14,0,30,23,6,8,0,3,0,0
2023-03,69,66,22,3,4,21,40,11,2,13,17,1,0,25,24,66,9,6,3,13,3,3,8,0,3,67,13,20,2,32,24,2,24,6,10,2,3,11,22,18,30,14,35,14,12,3,19,1,25,16,2,11,0,9,0,4
2023-03,70,58,25,10,1,19,12,2,8,8,2,3,2,11,10,84,86,9,3,5,0,0,4,0,2,277,3,8,0,26,11,8,14,23,12,1,2,6,19,5,53,4,13,10,7,93,34,7,4,6,13,9,1,3,0,2
2023-03,71,65,16,11,2,25,39,15,5,8,10,1,0,25,22,96,35,8,6,8,4,0,19,0,4,128,6,15,2,63,33,7,12,12,4,2,14,11,43,14,40,7,41,26,16,1,32,0,13,23,15,11,0,6,0,1
2023-03,72,11,15,20,2,22,2,2,0,8,0,1,1,9,0,48,18,1,1,8,0,1,4,0,2,166,5,4,3,13,4,11,7,15,10,2,4,3,6,0,33,3,11,11,14,13,17,1,5,2,4,7,0,5,0,3
2023-03,73,52,8,5,0,24,14,8,1,10,3,3,1,27,17,57,7,8,0,5,5,1,10,0,1,55,7,15,2,21,15,11,14,15,8,3,2,3,30,5,38,4,24,14,6,3,27,0,11,13,17,15,2,8,0,4
2023-03,74,9,8,25,2,13,4,1,1,8,0,0,0,2,1,33,3,2,1,5,3,1,8,0,0,155,5,1,0,24,1,11,1,8,4,0,0,1,2,2,51,3,5,8,6,2,18,0,5,1,1,5,0,5,0,1
2023-03,75,38,19,9,1,18,6,4,0,12,6,0,4,13,4,53,12,4,0,12,1,7,4,3,0,165,10,12,0,15,18,8,6,11,2,0,3,3,28,6,70,13,39,14,10,2,27,0,5,16,3,8,0,4,0,2
2023-03,76,7,0,0,0,4,3,2,1,0,0,2,3,3,1,3,1,1,1,1,0,0,1,0,0,36,0,1,0,3,1,1,6,0,5,0,0,0,1,1,17,3,3,3,1,0,3,0,0,2,0,1,0,0,0,0
2023-03,77,47,10,28,1,7,34,20,0,8,3,0,1,6,13,13,127,2,2,4,10,2,3,1,1,151,1,4,9,36,17,8,7,9,15,3,0,10,3,6,16,11,54,4,1,25,10,15,2,2,15,19,0,2,0,14
2023-04,0,3221,766,1060,82,1601,1563,512,192,618,608,105,63,1027,983,3746,7035,636,138,375,401,180,578,148,151,4508,273,655,247,3486,950,399,725,779,897,52,167,441,1045,689,2833,450,1935,1718,1144,1388,1674,2849,391,523,493,611,49,262,25,990
2023-04,1,64,8,12,2,4,35,10,3,2,0,0,0,10,3,23,137,9,0,4,6,4,2,2,2,93,0,5,3,76,18,15,16,12,11,0,0,3,6,4,17,3,30,4,2,20,6,53,0,2,14,4,0,2,0,23
2023-04,2,109,13,42,1,18,33,18,5,17,5,1,1,30,17,72,41,8,2,6,16,6,3,0,3,67,7,6,8,126,33,13,12,9,15,0,1,2,4,9,21,3,9,31,23,25,23,59,1,7,9,8,3,3,0,17
2023-04,3,31,10,8,2,4,58,7,1,9,5,4,2,15,25,10,125,6,2,3,5,4,3,5,6,34,2,2,1,36,8,4,5,6,26,0,0,4,1,12,28,6,12,14,5,16,12,72,0,2,7,18,0,3,0,36
2023-04,4,38,4,6,0,7,11,1,0,5,2,2,3,12,10,20,105,13,0,5,12,2,32,1,1,64,1,9,1,58,6,2,7,1,9,0,0,1,4,14,59,9,24,14,6,17,16,48,1,4,12,6,0,1,4,34
2023-04,5,51,19,35,0,24,25,0,0,6,3,0,0,13,4,48,91,8,2,2,11,1,2,1,2,75,3,6,1,70,9,6,13,14,13,0,1,1,0,4,46,6,9,20,7,31,19,14,1,2,11,12,1,0,0,33
2023-04,6,43,18,43,3,25,30,10,6,4,2,1,5,14,14,47,196,29,7,9,19,4,12,3,0,89,5,14,11,140,32,6,11,22,13,2,0,5,4,21,33,5,69,20,20,36,37,109,2,9,26,23,1,1,0,48
2023-04,7,25,12,28,1,14,20,2,2,5,2,5,2,11,8,28,252,16,2,2,11,2,20,2,2,112,13,11,6,90,33,5,13,24,31,0,0,6,4,18,38,8,36,33,57,19,19,87,0,2,12,20,0,3,0,41
2023-04,8,22,4,9,0,1,27,9,6,3,3,4,2,8,11,4,227,20,1,3,1,0,5,4,1,125,8,13,29,55,16,12,6,27,58,2,0,20,6,30,38,11,78,7,5,14,8,45,0,8,8,14,3,0,0,6
2023-04,9,4,8,9,1,10,3,0,0,3,0,0,0,2,0,13,1,4,1,0,0,0,0,0,0,35,1,3,0,17,0,2,5,4,3,0,0,4,1,2,13,4,19,8,5,18,24,6,0,1,4,1,0,0,0,4
2023-04,10,47,23,18,2,43,9,2,1,19,0,0,17,11,3,54,21,5,1,15,6,2,2,4,0,142,9,7,0,69,5,13,11,12,14,1,0,9,6,9,37,7,13,39,28,28,56,45,1,1,16,14,2,8,2,14
2023-04,11,42,2,12,4,10,6,6,0,4,2,0,0,16,2,46,27,2,2,2,5,1,0,1,0,63,4,4,3,52,1,16,15,30,2,0,0,2,2,9,27,2,18,16,6,19,28,2,1,1,8,2,0,2,0,19
2023-04,12,19,4,10,0,19,7,1,1,7,1,0,1,11,1,27,21,6,1,0,4,1,4,0,1,81,4,10,2,23,4,6,6,5,13,0,0,4,1,2,45,12,32,35,17,12,16,4,0,3,6,1,1,0,0,15
2023-04,13,16,0,9,0,9,5,2,3,11,0,0,0,3,3,17,26,3,0,4,1,1,2,0,1,60,2,0,0,14,6,4,0,3,5,0,0,1,1,5,7,3,20,14,8,6,9,26,0,0,3,0,1,0,0,14
2023-04,14,55,14,25,1,13,16,6,3,6,0,1,0,6,10,42,117,4,3,8,9,0,5,0,5,60,1,6,4,64,16,4,7,5,18,0,1,5,3,4,37,3,10,14,20,18,24,2,1,2,9,6,0,3,0,56
2023-04,15,77,12,43,4,79,21,4,0,14,2,0,1,17,12,91,126,11,8,6,19,2,9,0,0,151,7,7,4,118,15,15,24,19,23,1,3,2,7,12,50,18,36,36,14,55,52,50,8,2,18,8,1,4,0,51
2023-04,16,63,18,24,1,28,21,8,4,8,3,5,1,13,11,45,135,2,0,14,7,3,12,0,3,78,7,8,1,110,17,2,9,13,25,0,0,7,8,9,50,3,31,18,17,58,26,50,3,1,13,10,0,1,0,61
2023-04,17,70,17,26,2,36,13,1,3,8,2,0,0,14,10,91,10,16,4,14,5,3,7,1,1,72,5,1,0,96,5,13,9,31,12,2,0,5,5,5,60,5,17,14,6,23,31,4,2,6,6,0,2,4,0,22
2023-04,18,22,7,11,0,16,18,1,1,7,0,0,1,10,5,28,8,1,3,4,3,5,3,0,1,36,0,4,0,21,11,0,2,1,1,1,4,1,3,2,15,0,1,5,3,3,5,0,0,0,2,4,0,2,0,4
2023-04,19,104,7,61,3,126,32,5,4,7,2,1,0,23,24,138,117,13,6,11,3,2,12,0,2,100,2,8,3,86,7,13,20,17,28,0,4,17,21,10,65,16,78,27,28,17,39,31,4,4,9,7,0,10,0,9
2023-04,20,19,0,25,0,16,8,1,2,4,1,0,0,0,10,39,55,2,0,6,3,0,2,0,3,35,4,0,0,30,9,0,7,3,16,0,1,3,7,2,18,1,21,20,15,12,22,71,2,2,2,0,0,0,0,12
2023-04,21,71,14,25,2,26,16,2,3,8,0,1,0,9,15,31,142,5,0,1,5,0,16,2,1,83,7,6,5,50,7,10,2,8,16,1,0,2,8,12,58,1,18,31,17,14,12,39,1,3,11,4,0,1,0,20
2023-04,22,72,23,47,0,37,35,8,2,14,4,2,0,33,24,70,381,39,3,7,14,3,12,1,3,126,5,8,6,127,18,7,9,17,55,1,1,10,9,13,39,18,83,65,40,70,39,26,2,2,13,20,1,2,0,93
2023-04,23,68,9,23,1,51,29,10,3,5,75,2,0,8,39,121,130,18,3,8,3,2,8,3,4,57,7,19,3,60,24,9,14,16,25,0,0,6,22,17,42,11,20,43,70,17,41,4,7,18,9,11,2,7,0,18
2023-04,24,81,17,62,2,49,41,5,4,7,6,3,4,29,56,97,654,32,3,16,18,0,37,1,2,218,9,17,12,229,45,12,19,33,62,0,4,13,14,41,88,18,65,72,58,59,52,217,8,9,17,28,0,3,4,79
2023-04,25,186,32,51,4,78,86,56,8,21,27,1,0,46,61,179,103,36,7,29,14,5,12,2,11,149,7,41,8,108,68,12,32,44,32,1,10,23,60,16,115,32,54,93,125,11,74,126,17,22,16,9,2,9,0,16
2023-04,26,28,3,11,1,18,30,13,4,4,16,0,0,8,37,48,9,1,0,4,7,5,4,0,1,26,1,8,0,18,14,3,4,2,3,0,4,3,12,1,24,4,11,47,11,2,11,70,11,6,2,1,0,2,0,2
2023-04,27,23,3,7,2,18,25,10,1,3,34,0,0,7,30,38,11,1,1,9,4,1,1,0,4,35,1,10,0,20,19,8,5,2,7,0,0,1,11,9,22,6,28,10,12,8,8,3,7,5,0,4,0,1,0,2
2023-04,28,38,15,14,0,7,31,5,6,10,16,2,2,7,19,21,341,14,0,6,7,0,14,2,2,195,5,9,18,67,26,12,10,19,27,1,3,19,19,37,76,14,102,8,9,18,12,43,5,2,1,21,0,3,0,5
2023-04,29,57,7,13,0,26,27,12,4,16,30,2,1,20,29,67,63,6,1,7,8,7,14,0,4,46,8,13,2,35,18,3,9,4,2,0,0,5,24,12,63,7,17,20,10,9,8,6,6,18,4,6,0,4,1,2
2023-04,30,60,7,22,1,40,37,9,10,7,6,2,0,9,26,106,173,8,3,9,7,5,10,6,8,78,5,10,0,69,17,7,10,9,14,1,0,8,26,10,54,2,20,13,11,95,31,80,3,7,12,4,0,4,0,5
2023-04,31,50,14,11,1,21,21,6,2,6,4,1,0,9,5,46,315,18,0,6,6,9,17,0,1,85,2,1,4,42,14,8,6,5,20,2,0,10,8,8,72,4,31,2,2,6,9,61,3,6,11,3,1,1,0,5
2023-04,32,43,2,9,1,7,24,2,13,17,6,9,1,7,4,11,178,7,1,0,1,0,10,1,4,73,1,4,14,30,11,3,6,16,26,2,4,2,1,10,48,19,70,6,0,6,3,74,1,0,8,17,0,2,0,2
2023-04,33,21,1,4,1,8,17,4,6,3,1,1,0,5,2,12,18,6,1,1,0,0,7,7,1,41,1,3,10,23,2,4,0,2,5,0,0,3,7,7,24,2,28,9,1,5,5,83,2,1,2,3,1,1,0,2
2023-04,34,21,1,2,1,4,5,3,1,0,1,1,0,4,6,11,50,4,0,2,2,0,0,2,0,29,0,2,4,20,3,0,6,6,3,0,0,1,1,3,26,2,11,4,2,4,5,43,0,3,0,3,0,0,0,0
2023-04,35,15,3,0,0,4,10,5,1,0,1,0,1,7,3,5,7,1,0,1,0,0,1,3,0,3,1,9,1,3,2,1,1,6,3,0,0,6,12,3,29,1,23,6,1,5,5,5,0,1,2,2,2,0,0,2
2023-04,36,5,4,2,0,0,7,3,0,0,1,0,0,2,2,1,1,0,0,0,0,0,0,0,0,3,0,1,0,6,0,0,2,1,1,0,4,3,3,2,14,4,0,1,0,1,1,0,0,1,0,0,0,0,0,1
2023-04,37,7,1,3,0,2,2,0,0,0,4,1,0,3,7,8,44,0,0,1,0,0,1,0,0,24,0,3,0,29,2,0,2,0,2,0,4,8,5,0,7,2,8,4,1,0,3,1,2,3,0,2,0,0,0,0
2023-04,38,67,7,6,0,8,29,10,2,2,18,0,0,6,11,24,19,12,0,0,3,2,4,1,1,27,1,5,0,16,12,2,7,2,3,0,3,8,16,10,19,6,28,6,1,2,5,5,0,11,6,3,1,2,0,3
2023-04,39,20,0,5,0,6,17,5,0,0,3,0,0,0,6,10,7,4,0,4,3,0,0,1,0,11,0,5,2,8,8,1,3,1,3,0,0,2,4,2,28,1,5,3,3,4,1,58,2,1,2,1,0,1,0,4
2023-04,40,15,1,1,1,4,9,7,1,0,18,0,1,8,7,14,11,2,1,0,0,1,0,2,0,17,1,7,0,15,3,2,5,1,2,0,0,2,4,15,18,3,20,7,1,0,1,0,3,3,0,2,0,0,0,1
2023-04,41,4,0,11,0,6,9,6,0,9,1,1,0,5,1,15,11,6,0,3,2,2,3,5,1,27,5,6,4,11,6,6,4,3,16,2,1,2,2,6,17,1,21,8,4,14,10,20,0,1,7,9,0,1,0,11
2023-04,42,16,9,6,1,13,23,6,0,9,11,1,3,36,12,32,8,2,0,2,1,1,9,3,2,50,4,11,0,15,18,10,9,4,4,1,0,4,19,7,12,2,14,25,3,39,8,2,8,6,4,28,0,1,0,0
2023-04,43,74,17,8,0,19,55,40,0,13,13,1,1,40,19,56,24,17,2,11,3,2,12,5,2,85,2,21,6,24,26,8,31,13,14,1,3,14,40,14,49,8,39,64,30,8,32,0,13,23,10,17,2,10,1,10
2023-04,44,44,21,12,4,15,30,19,1,18,5,3,0,22,20,43,21,10,3,1,6,7,12,5,6,44,6,28,5,12,14,4,16,11,9,1,1,13,23,27,51,4,32,41,33,0,37,7,13,20,8,12,1,7,0,4
2023-04,45,5,8,0,0,10,4,3,2,4,2,1,0,13,3,28,2,2,0,1,1,1,4,2,0,23,0,8,3,11,3,0,3,2,4,0,1,4,11,0,31,1,2,19,6,0,12,103,5,5,3,1,3,3,0,4
2023-04,46,43,7,3,2,21,27,13,2,6,6,2,1,22,19,51,26,8,2,1,1,8,15,3,0,34,3,11,3,36,26,3,26,10,8,3,11,6,41,5,87,5,40,25,18,3,24,24,11,20,8,19,3,12,0,5
2023-04,47,3,0,0,0,3,1,0,0,0,0,0,0,3,2,9,0,1,0,1,0,0,0,0,0,9,0,4,0,1,1,0,0,0,1,0,0,0,2,1,3,0,4,3,2,1,7,1,2,0,0,1,0,2,0,0
2023-04,48,16,8,3,0,12,4,2,2,4,2,4,0,18,2,34,4,4,1,5,2,8,6,0,0,27,3,1,1,18,8,1,13,7,4,0,4,1,26,6,20,2,5,24,16,2,21,3,10,8,8,4,0,3,1,2
2023-04,49,52,27,10,2,35,33,10,1,15,15,1,5,35,33,120,21,17,4,8,8,10,7,2,1,70,14,22,4,38,17,5,24,33,8,5,13,12,47,12,59,3,22,61,21,145,51,87,33,35,11,7,3,19,0,6
2023-04,50,9,8,0,0,4,0,1,0,12,1,0,1,7,3,17,6,4,0,2,0,1,1,0,2,20,1,4,0,10,3,2,2,3,1,0,0,2,14,1,10,0,20,6,6,1,11,0,2,1,2,3,0,3,0,3
2023-04,51,14,3,0,3,10,9,3,2,3,4,1,0,52,7,37,9,1,2,3,1,1,9,0,7,37,8,10,2,6,10,0,13,2,6,0,0,3,28,5,36,1,16,33,6,18,5,1,7,17,3,3,1,5,0,3
2023-04,52,35,6,3,1,13,3,2,2,2,3,5,0,9,2,25,47,5,0,4,2,1,5,1,1,41,2,8,0,8,7,0,16,10,3,0,2,6,11,6,70,14,13,11,1,34,23,70,2,13,0,10,2,12,0,6
2023-04,53,36,3,0,1,17,21,9,1,9,10,3,0,20,22,82,9,13,0,7,4,4,19,0,5,35,3,13,2,25,24,2,16,17,4,0,2,5,19,12,76,11,24,49,25,4,39,1,26,16,6,9,0,10,3,8
2023-04,54,0,0,2,0,0,2,6,0,1,3,0,0,3,0,4,0,1,0,0,0,0,1,0,0,11,0,3,0,0,0,0,1,1,0,0,0,1,14,1,2,1,5,0,0,0,3,0,0,8,1,0,0,1,0,0
2023-04,55,9,3,3,0,25,9,1,0,3,1,0,0,11,3,22,4,2,0,0,0,0,1,0,1,20,1,3,1,4,1,1,0,4,1,0,0,3,1,0,5,2,15,10,3,11,3,1,6,2,1,1,1,1,0,0
2023-04,56,63,27,6,3,19,24,1,1,23,3,1,1,9,5,65,68,11,5,4,30,3,7,3,3,48,5,10,4,85,13,7,19,21,7,2,5,4,10,9,65,5,15,12,10,18,47,58,0,7,10,7,0,0,0,4
2023-04,57,44,7,2,0,5,2,1,0,6,0,1,0,3,1,19,222,2,1,0,0,1,1,0,1,12,0,3,0,17,6,2,5,3,13,0,0,3,9,3,9,1,10,1,3,4,5,54,0,2,3,5,1,1,0,1
2023-04,58,56,9,24,0,25,20,1,2,7,1,2,0,7,4,106,324,8,1,3,1,0,6,1,2,56,2,3,1,24,9,13,12,7,13,2,3,6,28,4,26,5,28,16,8,9,29,1,7,11,5,4,0,1,0,2
2023-04,59,22,3,3,1,14,10,1,1,3,0,4,0,5,5,38,159,0,0,4,1,0,9,0,0,30,4,8,1,13,1,2,4,2,3,1,2,5,6,3,10,1,21,3,1,26,15,84,1,0,3,1,0,0,0,3
2023-04,60,45,5,15,0,26,14,1,3,13,3,1,0,4,6,38,94,1,6,5,10,6,5,1,2,42,2,4,5,84,7,2,6,17,5,0,0,5,2,3,34,6,36,5,3,29,17,6,3,2,16,18,0,3,0,13
2023-04,61,83,5,15,2,22,37,9,5,12,23,3,0,8,24,66,339,7,1,4,5,2,19,30,2,98,2,11,2,63,23,9,4,9,14,2,4,10,16,14,61,8,26,24,9,8,35,169,16,13,4,11,1,4,2,5
2023-04,62,58,19,6,2,17,2,1,1,5,2,2,0,1,2,31,82,1,0,2,1,1,6,0,0,28,1,4,0,26,1,3,2,2,3,1,0,2,8,4,14,1,10,6,8,18,12,63,0,2,3,1,0,2,0,0
2023-04,63,57,15,17,2,16,33,5,8,9,2,1,0,9,10,38,414,8,0,4,4,1,8,0,2,30,1,4,3,30,4,1,10,7,22,2,3,10,6,6,22,2,9,15,10,2,15,5,1,4,3,3,0,7,0,2
2023-04,64,54,9,8,3,17,5,3,0,13,0,0,0,3,2,38,17,9,3,0,1,1,2,1,1,22,0,2,0,127,2,6,5,3,8,0,2,3,6,4,21,10,22,6,1,3,15,0,0,4,6,8,1,4,0,4
2023-04,65,58,19,10,0,18,8,2,2,12,0,1,0,11,1,54,136,5,0,1,5,0,4,0,0,32,0,11,4,28,3,6,9,9,13,0,2,12,22,8,13,0,17,10,9,9,15,2,0,6,2,8,0,3,0,5
2023-04,66,64,26,37,1,24,29,11,5,14,9,3,0,19,19,87,170,6,6,12,15,4,10,0,8,81,1,23,6,70,25,3,15,6,9,1,9,14,50,8,30,2,19,23,16,8,31,77,8,16,5,21,0,6,0,5
2023-04,67,57,24,11,0,39,37,9,2,10,39,0,1,23,37,100,31,17,4,2,10,3,9,0,1,43,3,12,4,53,9,2,12,8,1,0,10,4,32,8,41,6,32,33,19,3,24,2,31,23,2,5,1,5,3,6
2023-04,68,29,9,6,1,17,39,14,2,11,43,3,0,16,62,63,35,15,2,8,5,3,9,1,7,36,3,14,1,55,19,5,10,6,2,2,6,13,22,18,26,2,10,28,7,2,21,54,24,7,1,5,1,6,2,3
2023-04,69,69,13,4,0,26,40,13,6,1,12,4,2,24,25,78,37,11,0,13,5,0,7,2,2,49,1,17,4,33,13,1,10,8,7,4,10,15,29,24,27,10,60,27,42,1,38,75,23,16,4,14,2,5,2,0
2023-04,70,46,26,8,1,32,14,11,7,7,1,1,0,24,4,127,74,5,5,5,3,4,8,2,1,113,4,19,0,51,12,8,13,29,3,1,2,3,26,4,44,4,25,39,15,90,33,4,3,17,8,18,0,9,0,8
2023-04,71,53,23,15,3,31,52,23,3,18,70,1,0,37,32,103,20,16,4,9,7,5,15,0,4,78,5,21,1,51,26,2,15,26,8,0,1,1,45,19,69,8,21,60,53,6,58,44,9,12,5,14,0,10,0,5
2023-04,72,6,15,3,1,16,6,1,6,10,1,1,1,7,2,61,12,5,0,3,3,0,8,0,1,35,17,12,2,9,7,8,11,8,3,0,0,2,16,2,73,13,17,65,37,10,56,55,2,6,9,6,0,7,0,12
2023-04,73,35,9,3,1,22,16,6,3,24,6,1,0,23,8,74,8,12,5,5,2,6,14,0,0,63,6,7,3,28,21,4,13,21,9,2,12,6,37,15,42,8,25,55,20,43,50,4,10,7,5,16,0,8,0,6
2023-04,74,6,11,3,1,11,1,0,1,2,0,0,0,8,0,52,2,2,1,1,2,2,3,1,0,49,2,4,1,27,1,6,10,6,1,1,0,6,4,1,39,1,9,14,11,6,31,2,1,2,1,5,0,0,0,2
2023-04,75,29,6,6,1,17,10,2,2,33,9,0,0,14,5,64,8,5,8,8,6,6,4,21,3,55,9,3,2,20,11,5,11,7,5,0,4,2,9,10,47,12,22,45,16,7,26,3,6,5,2,10,1,1,0,13
2023-04,76,14,0,0,0,2,2,0,1,0,0,0,0,3,0,8,5,0,0,1,0,0,0,0,0,20,1,2,0,0,0,2,0,0,2,0,0,2,0,0,10,3,3,5,0,0,2,0,0,0,3,0,0,0,0,0
2023-04,77,44,2,23,0,66,36,7,2,5,1,0,1,7,9,58,91,5,3,3,6,3,15,1,2,57,5,3,6,47,9,5,5,2,16,0,2,0,4,8,12,5,21,8,5,23,15,45,1,5,10,5,0,0,0,48
2023-05,0,3963,872,982,63,1859,1776,539,194,611,636,115,69,1453,1114,4482,7255,686,195,529,449,198,628,422,198,3802,323,833,259,4372,1375,449,539,893,1050,61,196,392,1040,498,2870,334,1841,1593,643,2243,1806,5855,605,624,839,284,58,204,1415,1652
2023-05,1,71,10,10,2,9,27,10,5,10,1,1,1,19,9,19,135,6,4,7,8,8,8,2,3,60,1,9,2,99,20,5,4,4,7,0,0,0,12,2,10,1,19,9,12,11,14,98,1,3,21,5,2,1,9,39
2023-05,2,157,18,41,0,25,41,5,7,10,4,6,4,35,13,113,68,11,0,8,18,0,1,0,8,69,2,9,6,119,24,10,9,13,12,0,1,4,10,5,19,5,9,24,23,29,33,102,6,7,15,4,0,1,6,30
2023-05,3,40,26,11,0,2,90,10,2,5,6,0,2,9,19,8,91,6,1,9,10,4,5,5,3,45,4,5,3,37,13,6,6,8,18,1,0,3,2,4,28,1,46,14,8,11,25,250,1,7,23,2,2,2,4,60
2023-05,4,37,3,10,2,11,6,2,1,13,0,0,1,13,14,34,92,7,2,3,6,0,12,3,1,41,6,10,3,92,15,7,2,4,12,0,0,4,3,9,35,3,19,18,7,14,30,68,5,4,34,2,2,4,8,62
2023-05,5,49,3,16,1,18,12,1,1,18,0,0,5,29,2,46,88,15,2,7,14,1,7,0,1,49,1,13,1,112,16,6,2,19,18,0,3,6,6,2,19,3,34,20,8,34,32,12,8,6,23,15,1,0,7,70
2023-05,6,37,18,24,1,31,34,19,2,6,3,4,7,34,22,48,174,24,7,11,14,6,19,1,2,72,4,10,18,186,36,8,4,28,40,1,4,8,4,4,52,10,111,17,15,38,65,303,3,11,30,11,1,3,3,83
2023-05,7,47,13,24,1,19,14,4,1,9,1,1,3,20,13,32,231,14,1,15,7,3,11,0,2,99,8,15,15,159,57,5,10,25,40,2,1,11,4,6,66,2,38,26,11,19,29,275,1,3,20,8,1,4,4,55
2023-05,8,30,9,5,2,2,24,9,8,5,3,3,0,9,9,4,207,21,3,6,4,3,3,2,2,88,2,16,28,49,38,13,8,21,46,0,12,8,1,18,47,15,86,2,5,8,8,149,2,6,16,8,1,3,0,4
2023-05,9,8,12,12,2,13,1,0,2,3,1,0,0,3,0,28,1,0,0,5,2,0,2,0,0,20,1,5,0,29,3,2,7,4,2,0,0,2,2,0,10,1,7,14,1,11,21,6,0,1,6,1,0,1,1,8
2023-05,10,37,15,17,1,116,14,0,2,15,0,0,8,23,4,102,31,8,7,13,9,1,9,2,0,126,8,9,1,110,7,12,14,16,11,1,0,3,6,4,51,7,19,22,15,32,53,65,3,8,26,3,1,1,0,24
2023-05,11,23,2,16,1,26,7,2,1,5,2,0,2,18,10,43,45,5,3,2,3,4,8,1,1,46,3,9,0,118,6,17,8,15,13,0,0,6,6,4,13,3,27,14,15,21,32,4,4,2,13,1,0,2,4,35
2023-05,12,21,3,8,1,11,5,2,1,6,0,0,1,4,4,55,14,3,0,6,2,0,5,0,1,79,6,11,0,43,10,7,8,9,3,1,0,1,0,6,54,8,10,20,14,39,27,5,0,1,14,3,0,1,1,45
2023-05,13,18,2,7,0,10,20,8,4,5,0,0,0,23,1,19,13,4,0,4,0,0,3,1,2,32,1,11,1,34,5,1,1,7,5,0,0,1,2,2,12,3,15,15,4,17,11,106,2,2,4,3,0,0,5,26
2023-05,14,66,1,23,0,14,25,2,4,22,4,2,0,10,14,46,140,11,5,8,5,1,9,0,1,80,7,5,4,84,22,3,7,10,16,0,1,5,3,7,12,5,8,10,9,34,23,7,3,5,12,11,0,1,0,88
2023-05,15,99,12,41,0,84,26,15,3,9,1,2,1,17,21,119,105,20,10,13,8,1,9,3,6,151,6,13,3,184,27,14,15,23,22,1,4,5,7,5,68,8,42,31,16,63,62,117,5,8,22,6,0,2,11,102
2023-05,16,79,13,13,1,27,29,16,5,7,5,4,0,23,20,61,153,5,1,9,12,2,9,2,2,85,6,14,2,128,31,6,6,23,23,1,0,10,5,11,62,7,31,34,16,28,46,68,1,6,18,4,2,3,7,128
2023-05,17,92,8,28,1,46,39,1,4,7,5,5,0,16,8,110,12,12,6,36,10,3,13,2,6,64,9,5,1,108,17,5,7,33,11,0,1,3,7,6,46,4,23,43,26,64,51,5,9,5,12,2,0,2,7,32
2023-05,18,22,4,7,0,19,11,1,0,5,1,0,0,4,5,31,32,1,2,4,0,2,1,1,2,33,1,0,0,27,18,2,2,6,12,0,0,0,2,1,18,0,2,16,1,6,12,1,4,3,3,0,0,2,1,5
2023-05,19,108,13,57,0,142,31,6,5,11,2,4,1,22,25,138,112,7,8,11,10,4,28,1,2,94,4,11,6,86,26,13,11,20,41,2,4,5,19,8,41,8,30,13,17,18,33,90,1,12,9,6,0,3,7,21
2023-05,20,42,7,18,0,15,9,4,1,3,0,0,0,2,8,46,35,1,3,0,6,2,3,1,0,42,1,11,1,42,7,1,1,6,18,1,0,3,4,5,26,5,20,13,3,44,12,133,1,0,5,1,0,2,2,19
2023-05,21,81,8,17,2,22,15,0,0,4,3,1,0,6,11,69,136,9,0,9,6,0,7,0,1,52,5,6,0,58,14,8,3,17,27,0,5,8,13,1,27,2,14,11,7,29,15,102,4,1,12,1,1,0,9,52
2023-05,22,96,16,51,1,44,37,2,3,14,11,1,0,34,25,92,372,30,5,10,16,0,11,5,5,108,6,8,1,155,39,8,9,23,31,1,2,10,12,20,49,5,53,25,22,45,55,124,6,12,38,18,5,2,14,123
2023-05,23,113,9,13,3,53,37,5,7,12,19,1,0,21,39,106,124,7,5,8,10,9,18,0,7,50,7,14,2,99,22,6,11,16,19,2,1,4,27,19,42,5,42,14,21,28,24,19,10,6,13,5,2,0,16,31
2023-05,24,98,22,60,2,53,42,4,10,27,9,4,1,47,45,116,789,35,1,16,27,5,32,5,1,181,14,11,13,275,42,12,30,27,40,8,16,14,10,29,53,10,65,21,15,49,46,385,8,8,36,25,1,3,19,110
2023-05,25,254,80,72,3,85,66,27,7,21,26,6,0,74,77,214,116,34,19,30,17,13,24,6,6,138,9,36,7,107,75,20,16,32,46,0,8,8,73,14,83,10,53,79,33,21,76,270,16,24,23,7,1,8,37,23
2023-05,26,87,9,4,0,15,16,8,4,4,19,0,1,13,33,51,28,3,1,4,3,4,1,0,1,20,1,4,3,11,9,5,2,2,3,0,2,8,11,5,23,4,14,15,0,35,8,41,8,7,1,2,1,4,15,1
2023-05,27,95,2,14,0,24,22,11,0,11,17,0,0,13,24,49,56,5,1,7,4,3,7,1,6,51,1,6,1,27,7,4,1,3,2,0,3,3,15,8,44,5,39,30,0,9,10,28,14,4,0,3,0,2,27,4
2023-05,28,64,12,10,0,23,32,3,5,11,6,6,0,9,13,52,338,17,0,9,6,0,4,5,3,174,3,10,7,91,22,8,11,30,60,3,5,8,23,21,102,10,108,12,7,5,24,136,16,11,8,12,3,0,23,11
2023-05,29,71,13,12,1,95,45,17,4,6,46,1,0,15,30,155,37,7,2,6,12,5,13,3,4,44,7,21,3,61,28,3,15,12,6,1,2,9,26,8,40,6,28,27,4,3,22,82,14,17,12,4,2,5,34,7
2023-05,30,79,24,18,1,60,31,5,6,15,9,1,0,18,25,140,460,13,4,10,11,1,8,173,10,41,2,12,4,51,33,16,8,8,14,3,0,5,18,4,31,9,12,15,9,74,26,129,9,15,51,7,0,2,6,3
2023-05,31,45,7,9,0,20,20,2,2,5,5,2,0,10,24,42,427,4,2,5,8,3,28,8,3,43,2,15,9,74,19,4,4,16,15,0,0,7,8,3,69,1,31,7,0,3,2,193,5,15,3,4,0,2,8,8
2023-05,32,32,1,4,0,2,17,2,3,3,2,3,0,10,7,5,163,15,0,4,3,1,1,0,1,71,1,12,13,26,17,5,8,29,12,1,8,3,7,10,101,14,55,3,0,2,4,29,0,8,8,0,0,0,0,4
2023-05,33,10,1,3,0,11,6,4,1,1,3,1,1,6,3,6,40,4,0,4,7,0,3,10,2,38,0,5,7,19,10,3,1,4,5,1,0,0,1,5,18,4,15,3,0,1,7,140,0,4,7,3,1,0,2,7
2023-05,34,15,1,4,1,3,6,0,1,2,3,1,0,3,4,11,64,3,0,3,5,1,1,0,0,14,1,1,5,9,6,2,3,8,10,0,0,1,0,1,20,4,15,3,2,2,4,155,0,2,1,1,0,2,2,2
2023-05,35,18,2,1,0,4,14,17,0,9,3,2,4,7,4,7,7,5,1,0,2,2,1,2,0,17,0,5,0,6,1,1,0,2,7,0,0,6,4,1,41,6,31,1,3,0,10,1,2,2,5,2,1,0,5,1
2023-05,36,4,4,1,0,1,7,8,0,1,2,0,0,1,1,3,3,0,1,0,0,0,1,1,0,3,0,0,0,6,5,0,0,3,1,0,0,2,6,0,7,2,2,3,2,0,2,1,1,1,1,1,0,1,2,1
2023-05,37,6,0,0,0,3,1,0,0,0,3,0,0,3,5,6,5,2,0,1,0,1,0,0,0,6,0,0,1,14,3,1,1,0,2,0,1,1,2,1,5,1,16,3,0,1,0,0,1,5,0,0,0,0,12,2
2023-05,38,27,2,7,1,15,24,13,1,0,23,1,1,17,11,30,8,13,1,3,4,1,6,1,1,15,0,10,2,47,11,3,6,5,10,1,2,9,12,17,16,1,38,6,5,0,2,9,1,8,5,0,1,2,15,5
2023-05,39,16,16,2,1,4,21,11,0,2,0,1,0,4,1,11,4,4,0,4,1,0,1,0,0,4,2,6,2,16,2,0,0,1,4,0,0,4,3,0,22,2,5,3,6,21,2,106,2,8,2,2,0,3,0,4
2023-05,40,14,1,2,0,3,20,9,0,2,7,0,0,9,6,17,24,2,0,3,0,0,0,0,1,32,3,4,2,10,7,2,1,2,1,0,2,1,4,3,6,1,15,12,2,0,2,1,3,1,2,0,2,1,11,1
2023-05,41,3,5,3,0,2,11,3,1,3,0,1,0,2,2,11,10,4,1,1,1,3,2,1,2,24,1,1,6,14,1,2,1,7,14,3,0,7,4,5,25,2,13,8,4,12,12,47,1,6,8,0,0,0,0,8
2023-05,42,29,9,5,0,16,27,16,0,2,5,0,2,17,14,62,2,8,1,6,6,8,2,0,4,40,4,14,1,24,19,9,10,6,8,1,4,8,12,3,6,3,18,16,0,25,10,3,7,7,2,1,0,6,17,2
2023-05,43,75,13,7,3,18,105,42,2,12,10,4,0,52,20,55,18,7,9,9,4,10,21,3,8,33,8,34,1,41,37,2,11,2,7,1,2,2,49,3,30,5,5,49,10,48,20,4,21,27,11,3,1,4,26,10
2023-05,44,43,9,6,1,21,41,28,1,8,8,2,0,45,15,72,6,16,1,5,7,2,11,1,6,24,5,17,4,33,27,11,16,18,9,3,2,7,37,17,22,4,31,43,8,62,24,10,29,8,11,4,0,13,17,10
2023-05,45,8,2,1,0,6,10,0,0,0,2,2,0,48,7,34,3,1,0,3,3,0,6,2,0,9,1,6,1,5,1,0,5,1,3,0,2,2,6,6,18,5,0,12,3,32,15,104,2,3,3,0,0,1,23,6
2023-05,46,41,28,5,2,18,37,9,2,6,17,3,1,32,18,92,80,8,2,2,9,2,15,3,4,14,5,18,1,36,20,2,9,4,15,2,3,6,22,4,65,7,15,45,9,28,22,124,16,13,8,4,3,6,29,7
2023-05,47,5,3,0,0,4,2,1,0,1,0,0,0,1,1,12,1,3,0,0,0,0,1,0,0,9,0,0,0,1,0,2,1,0,1,0,0,1,3,2,6,1,0,1,2,1,4,2,3,3,0,0,0,1,1,1
2023-05,48,21,9,0,0,15,5,2,0,3,6,0,0,27,4,39,7,6,2,3,5,3,8,0,0,27,1,9,0,14,9,0,7,1,6,0,0,6,11,8,17,0,6,23,10,37,13,8,6,7,6,2,0,0,3,8
2023-05,49,45,27,6,7,29,32,20,3,15,47,4,8,54,38,109,19,28,4,10,5,6,15,0,1,61,10,34,2,32,39,12,11,28,32,0,5,11,43,19,42,8,13,69,28,37,54,116,74,36,13,3,0,8,193,11
2023-05,50,5,2,1,2,10,2,1,0,5,1,0,1,5,8,20,1,1,0,1,2,3,2,0,0,24,0,4,0,1,5,1,2,4,7,0,0,2,4,2,7,1,10,5,2,1,6,0,4,2,3,0,0,0,4,2
2023-05,51,12,3,2,0,13,8,2,1,6,2,1,2,23,8,38,26,3,1,5,0,4,10,2,1,25,6,8,1,10,15,1,5,6,9,1,1,3,30,5,17,4,9,28,3,2,14,6,6,10,2,2,1,6,15,6
2023-05,52,40,28,4,0,21,8,2,1,6,2,0,0,18,1,54,26,9,0,5,1,1,3,1,2,20,2,7,4,11,17,2,11,15,1,0,2,11,9,1,92,8,32,19,6,12,20,111,7,1,10,3,0,5,7,3
2023-05,53,63,17,6,1,28,36,9,3,10,32,0,0,37,29,103,8,16,2,9,3,8,11,0,14,35,6,24,3,26,39,7,6,17,14,3,6,7,38,9,93,0,12,45,7,4,37,2,43,28,15,0,1,6,126,11
2023-05,54,4,1,0,0,0,0,1,0,0,1,0,0,1,4,5,0,1,0,0,0,0,0,0,0,24,0,6,0,0,1,0,0,2,1,0,0,2,8,0,9,0,3,2,1,0,2,2,0,4,1,0,0,0,4,1
2023-05,55,13,20,2,0,22,5,0,1,3,2,0,0,7,2,33,13,3,0,1,0,0,3,0,1,9,2,4,0,4,5,2,4,2,0,0,0,3,6,1,24,3,8,9,0,1,11,5,6,1,3,1,0,2,5,3
2023-05,56,72,21,14,0,18,28,6,4,13,2,0,0,19,6,79,77,19,10,13,21,2,9,0,2,71,3,16,3,140,21,6,25,16,25,0,5,9,14,1,92,0,16,15,8,17,45,124,4,7,15,3,3,7,8,17
2023-05,57,34,4,1,0,8,10,1,3,4,1,1,0,7,4,9,138,0,1,0,3,0,1,0,1,23,0,4,1,16,4,3,8,7,7,0,1,4,13,3,27,2,5,0,5,6,9,108,1,3,5,3,1,2,0,0
2023-05,58,64,33,20,0,22,12,1,4,6,1,1,0,16,10,86,366,11,1,3,5,2,6,2,2,43,3,8,1,31,16,10,11,3,20,5,7,10,9,6,66,9,21,7,8,6,14,6,1,6,6,3,0,3,5,6
2023-05,59,26,0,3,0,16,5,1,2,1,5,0,0,8,6,28,170,1,3,2,0,1,12,9,1,14,1,8,1,16,3,0,0,3,4,0,5,6,4,3,15,3,13,4,2,22,3,95,2,2,3,1,0,1,2,4
2023-05,60,73,16,7,1,21,24,3,2,6,4,1,0,9,10,57,61,2,3,2,14,4,6,0,4,18,5,7,3,123,17,3,5,11,15,0,0,2,5,3,54,3,23,4,8,164,45,14,1,8,9,1,0,1,3,19
2023-05,61,103,18,17,0,32,42,4,5,16,23,2,0,17,36,104,151,13,5,8,5,1,19,65,7,57,5,17,1,70,23,10,6,11,13,0,7,15,12,6,93,6,31,38,13,2,27,321,10,10,3,3,1,7,61,10
2023-05,62,54,9,8,0,13,7,0,0,6,1,0,0,6,4,26,90,1,1,5,6,0,4,0,4,54,1,5,1,34,3,3,4,5,6,1,0,2,6,2,8,0,7,2,1,421,11,148,5,4,5,2,1,2,0,2
2023-05,63,111,12,13,2,13,32,3,6,18,1,2,0,24,5,47,339,10,1,5,2,1,5,26,1,34,3,5,0,32,8,1,15,8,15,1,7,7,12,6,22,3,24,11,14,4,12,7,1,0,6,3,0,1,3,1
2023-05,64,60,4,2,3,16,4,2,2,3,2,0,1,7,2,41,19,10,3,1,0,2,5,4,2,75,2,1,2,92,5,9,0,5,3,0,1,1,6,2,56,2,26,8,1,25,19,2,0,4,4,0,0,2,2,8
2023-05,65,59,5,8,1,18,13,1,0,9,2,0,0,10,6,52,144,4,1,3,3,1,7,2,0,65,3,7,1,33,5,2,4,9,17,1,7,7,15,2,16,1,9,7,2,33,23,4,1,1,8,3,0,2,0,6
2023-05,66,100,9,40,1,32,47,14,3,8,9,6,1,19,36,112,196,10,6,15,10,2,18,35,9,59,10,33,5,64,35,7,7,14,20,0,10,6,55,14,63,5,11,33,14,9,41,94,15,14,13,7,1,4,23,3
2023-05,67,58,23,13,1,26,40,6,6,16,55,0,1,21,41,107,23,5,3,10,7,4,14,7,2,34,8,20,0,58,25,3,13,3,5,2,4,5,30,7,34,2,20,51,19,47,22,1,20,21,8,6,1,5,103,7
2023-05,68,54,9,11,0,27,37,12,5,12,48,2,2,32,51,78,9,12,6,7,6,6,8,1,3,35,3,19,1,65,25,4,10,6,3,0,5,5,36,13,38,3,13,31,7,105,24,78,37,26,9,7,2,8,106,3
2023-05,69,69,7,3,4,19,43,21,7,12,18,7,1,47,22,74,8,24,3,9,3,2,7,1,5,43,6,24,9,37,30,8,13,14,19,0,5,7,41,21,35,10,35,37,12,10,23,79,29,21,4,6,1,5,30,5
2023-05,70,74,17,13,0,34,14,7,9,20,5,1,0,27,12,134,82,15,4,14,2,2,13,1,2,47,10,16,4,57,27,12,11,26,14,0,0,5,35,1,61,7,24,35,9,16,32,20,4,12,12,9,1,6,37,12
2023-05,71,60,22,15,2,38,52,22,2,15,26,2,2,45,30,112,31,4,3,15,7,14,11,3,4,52,15,27,1,78,44,11,7,29,10,0,6,7,50,13,58,2,23,46,17,60,38,90,24,27,14,2,2,5,54,12
2023-05,72,9,7,11,0,23,7,11,3,7,0,2,1,8,1,72,19,2,1,14,2,0,4,2,2,38,15,5,3,10,7,15,6,14,4,0,2,0,9,2,44,3,15,46,10,26,58,100,3,15,14,1,2,2,6,22
2023-05,73,45,19,0,0,31,24,2,0,11,17,3,2,37,20,80,18,15,5,8,8,4,17,2,1,38,10,16,1,37,37,3,9,23,4,2,4,8,13,13,41,7,19,55,9,33,46,29,26,9,15,3,0,5,88,15
2023-05,74,9,1,6,0,17,3,0,0,9,1,0,0,22,2,56,7,1,1,6,0,4,2,0,1,51,11,4,5,44,7,9,4,13,7,1,1,0,2,3,8,3,9,27,3,19,33,9,3,3,3,0,1,1,5,2
2023-05,75,22,14,4,0,14,15,2,2,7,22,0,0,40,12,74,2,7,2,9,3,0,6,2,4,35,7,19,2,27,14,4,12,13,11,1,3,7,8,7,26,4,21,81,19,23,35,59,13,11,8,0,1,1,62,9
2023-05,76,23,0,2,0,2,4,5,0,1,0,1,0,2,2,12,4,0,0,2,1,0,1,0,0,16,0,2,6,1,4,4,1,2,1,0,0,2,1,1,7,2,5,2,0,3,1,1,0,0,2,0,0,0,0,1
2023-05,77,69,24,31,0,16,40,14,1,7,3,3,0,8,16,19,101,13,1,5,5,2,11,0,1,45,6,7,7,47,10,15,7,11,15,1,1,0,2,5,45,5,49,11,5,21,21,107,0,5,23,5,0,1,3,63
2023-06,0,3985,722,786,87,1614,8134,572,246,608,557,82,71,1534,1134,4453,7057,771,227,657,497,237,626,1617,269,3202,364,851,262,5015,1256,475,688,889,1041,46,174,384,985,548,2935,357,1734,2718,1886,2782,2444,5073,652,607,901,481,57,247,1348,1273
2023-06,1,85,5,12,3,5,48,10,3,4,2,1,0,20,5,20,91,8,0,1,8,8,2,0,1,46,2,8,4,110,26,12,10,10,6,0,2,4,5,10,23,1,21,34,36,17,28,36,1,6,23,6,3,3,3,33
2023-06,2,132,12,25,0,19,42,18,7,9,9,2,0,25,19,76,70,18,0,7,10,10,13,3,3,55,2,13,6,134,33,8,13,15,11,0,0,2,8,12,57,2,43,48,45,17,41,101,3,10,16,1,1,4,12,31
2023-06,3,47,12,7,1,7,128,10,1,1,0,0,4,19,33,7,124,10,2,9,9,5,12,7,1,22,5,9,6,62,22,3,8,6,27,2,2,3,11,8,51,0,23,28,11,21,40,125,0,11,28,12,2,4,7,35
2023-06,4,32,8,14,1,22,24,4,1,2,0,1,1,42,16,38,71,7,1,2,7,0,34,2,2,29,0,9,0,107,9,7,7,7,5,0,0,1,8,5,23,1,11,48,27,20,29,109,4,2,29,12,0,1,5,63
2023-06,5,69,8,12,0,24,19,0,0,4,1,1,3,19,12,41,93,14,0,12,18,1,2,1,1,42,2,7,0,115,21,7,6,22,6,1,0,3,4,7,42,2,14,22,19,41,40,21,4,6,36,6,1,3,10,26
2023-06,6,80,4,13,2,17,39,14,5,5,6,2,9,25,30,71,193,19,2,17,18,0,11,4,4,82,9,12,8,211,26,10,15,19,34,0,4,7,3,10,56,6,43,43,36,47,85,206,2,2,31,11,0,0,6,57
2023-06,7,117,8,16,1,25,21,7,5,6,0,2,1,37,20,50,261,24,1,8,13,2,11,2,4,81,6,8,6,163,53,10,17,22,32,1,4,3,3,6,64,4,51,25,41,49,37,157,5,12,19,16,1,5,0,43
2023-06,8,14,0,8,2,12,20,23,11,9,5,3,1,26,10,25,297,22,0,7,6,5,4,10,0,71,3,24,21,66,26,16,13,18,44,1,6,11,2,20,31,6,67,17,13,9,13,82,3,2,10,9,3,1,7,0
2023-06,9,7,6,4,0,11,7,0,0,6,1,0,0,6,1,23,4,3,1,1,4,0,1,0,0,17,1,1,0,63,2,2,6,6,0,0,0,0,1,1,9,1,11,14,10,31,37,6,0,0,5,7,0,1,0,1
2023-06,10,46,10,11,2,35,20,1,2,11,0,0,7,34,3,78,33,12,4,5,6,2,11,0,1,81,18,12,2,136,6,28,18,18,7,1,2,10,4,4,100,5,26,105,42,71,59,130,2,6,29,4,1,4,5,22
2023-06,11,51,8,14,1,20,7,0,2,5,1,0,0,14,9,45,31,6,9,6,6,0,7,0,0,26,4,10,1,120,6,11,9,7,4,0,0,1,6,6,27,3,20,36,38,31,32,10,0,2,12,5,0,3,4,26
2023-06,12,19,3,13,1,9,6324,1,0,6,0,1,1,19,2,48,9,9,2,13,2,0,4,0,0,96,1,4,0,51,3,7,6,13,3,0,0,1,2,3,35,3,6,46,41,23,30,9,0,2,7,3,0,0,2,26
2023-06,13,20,7,11,0,12,7,2,0,5,0,0,1,21,3,28,32,10,2,5,6,0,1,1,1,20,3,13,0,31,10,4,4,14,12,1,1,2,4,4,16,4,27,16,25,15,26,87,0,3,9,2,1,0,1,14
2023-06,14,62,13,17,0,20,31,4,2,10,1,3,2,11,11,51,123,13,2,7,7,3,11,0,5,105,3,8,1,75,16,9,6,10,23,1,0,5,2,3,25,2,8,36,37,45,34,12,4,3,20,15,0,4,2,80
2023-06,15,135,5,38,0,47,32,8,5,8,2,0,0,32,16,121,69,15,4,28,17,3,14,1,4,105,12,12,4,236,25,16,31,27,23,3,17,9,7,6,36,12,25,62,40,148,102,157,3,6,42,24,0,4,9,61
2023-06,16,96,16,18,1,37,29,13,6,15,3,2,2,25,23,69,136,12,2,7,18,0,13,3,1,99,10,14,1,175,40,12,12,20,29,2,5,12,4,7,77,8,37,45,46,49,49,80,6,7,30,10,0,6,11,86
2023-06,17,103,8,18,4,31,17,2,7,8,0,0,2,32,5,87,28,20,7,25,7,1,17,5,3,52,4,8,6,114,21,20,9,26,15,1,2,4,2,6,79,7,13,65,39,55,53,5,4,8,15,6,0,2,9,27
2023-06,18,19,9,7,2,14,16,0,6,4,0,0,0,4,6,25,51,2,2,3,4,2,4,0,2,32,0,4,2,31,16,1,2,10,5,0,0,0,4,0,17,2,4,11,5,8,10,1,2,1,2,1,0,4,2,1
2023-06,19,137,16,47,3,77,29,8,8,22,5,3,0,30,28,149,121,13,13,15,11,8,7,8,6,81,8,14,4,113,14,14,16,22,74,1,7,6,11,4,48,4,29,37,36,20,65,69,2,5,17,45,0,4,2,25
2023-06,20,30,1,6,0,15,11,3,3,8,1,0,0,7,10,39,49,6,1,6,4,8,3,1,1,24,3,2,1,58,13,4,5,11,9,1,17,4,6,3,12,1,9,12,4,40,26,140,1,4,4,1,0,3,0,12
2023-06,21,91,3,14,0,21,18,1,3,1,2,1,0,12,10,45,163,20,0,5,5,4,18,8,8,46,3,8,1,67,12,4,11,5,13,2,0,2,5,2,33,1,50,32,18,197,18,83,4,4,18,3,0,0,5,33
2023-06,22,124,27,35,2,42,30,3,3,23,12,0,0,37,41,95,372,32,3,16,16,6,14,11,3,53,12,19,7,151,48,11,15,18,42,0,0,16,13,10,42,11,69,50,48,108,63,114,8,9,29,10,1,2,14,90
2023-06,23,109,16,11,2,27,43,8,3,15,38,2,1,25,58,102,125,12,3,11,4,3,18,240,13,48,18,23,0,64,27,6,20,9,23,1,4,13,17,14,69,11,22,43,39,19,34,29,14,10,11,8,1,2,29,21
2023-06,24,91,5,56,2,66,33,4,13,14,11,4,0,41,41,107,648,38,8,28,15,5,19,2,4,99,23,9,14,264,49,6,23,47,47,1,3,8,6,21,41,8,57,53,57,48,79,288,5,6,37,13,1,4,18,102
2023-06,25,235,35,60,5,77,92,22,15,17,23,4,6,57,68,227,134,33,21,33,34,6,26,7,17,104,10,39,11,137,67,17,33,20,29,1,8,6,47,16,145,11,57,116,61,188,78,287,20,30,30,7,2,15,34,28
2023-06,26,35,3,7,0,11,14,3,2,3,15,1,0,10,32,65,30,3,5,14,3,2,4,0,4,27,1,18,0,18,13,3,1,2,4,0,0,0,15,10,26,6,15,41,15,282,11,36,10,9,2,2,1,2,26,6
2023-06,27,47,3,3,1,15,16,10,1,2,16,2,1,7,24,42,45,4,1,8,1,2,11,10,1,31,4,12,0,25,15,4,5,5,7,0,0,5,17,8,27,1,34,23,20,308,17,4,13,12,2,2,0,0,19,10
2023-06,28,46,12,21,0,21,27,15,5,11,13,2,1,16,25,37,389,11,3,5,3,6,11,3,3,106,4,14,20,110,46,7,10,48,36,0,3,6,18,34,59,18,116,15,10,21,33,246,8,3,14,12,0,4,35,7
2023-06,29,53,31,10,1,21,28,15,3,9,29,0,1,22,27,86,47,10,0,5,4,3,8,2,17,43,6,11,3,70,19,4,5,8,5,3,0,1,26,11,43,3,41,38,8,95,24,96,21,19,19,5,1,5,52,7
2023-06,30,117,17,14,1,41,43,9,9,13,7,7,0,11,26,162,388,9,8,10,7,11,14,503,4,77,4,14,5,83,18,9,18,11,19,0,0,8,21,9,50,5,21,15,21,15,24,152,10,9,6,12,0,4,2,1
2023-06,31,27,14,13,0,32,15,3,4,11,6,2,0,22,13,52,384,3,5,11,11,28,13,129,5,44,6,13,17,73,11,5,1,8,10,0,1,7,16,9,54,2,17,6,8,3,7,120,1,8,6,8,0,4,18,4
2023-06,32,21,0,3,2,2,13,2,5,5,2,2,1,2,6,2,209,13,3,0,2,0,2,3,2,60,0,8,14,12,7,2,1,28,23,1,0,1,3,11,70,17,82,1,7,4,4,8,0,1,3,2,1,1,2,3
2023-06,33,16,1,0,0,5,6,3,4,0,1,0,0,4,4,3,32,7,0,1,3,0,6,0,2,60,0,2,0,6,5,2,3,3,4,1,0,0,3,6,11,3,20,4,8,1,7,33,1,4,3,1,0,0,2,1
2023-06,34,10,3,7,1,2,5,2,1,3,1,0,1,5,5,22,78,0,0,2,1,1,1,0,2,6,2,0,7,24,2,0,1,4,12,0,0,0,3,1,7,1,13,3,2,55,6,7,1,1,0,2,0,1,5,2
2023-06,35,17,2,1,0,4,11,7,1,7,1,0,4,7,4,6,14,0,0,1,4,0,0,0,0,17,2,3,5,6,3,3,2,3,3,0,3,5,4,2,33,10,7,3,8,3,6,32,0,2,3,2,1,0,0,3
2023-06,36,4,3,1,0,0,8,3,0,3,1,0,1,9,0,4,5,2,1,1,0,1,2,0,0,8,0,2,0,2,5,0,3,0,0,0,0,0,4,1,23,1,3,4,4,1,5,0,0,2,0,0,0,1,2,0
2023-06,37,16,3,1,0,2,4,0,0,2,2,0,0,6,2,9,0,1,0,2,1,0,0,0,0,11,1,1,0,26,0,0,2,0,2,0,0,1,3,2,6,1,4,5,2,0,2,2,6,2,1,0,1,0,5,0
2023-06,38,37,4,9,1,15,31,9,2,3,23,1,0,20,10,32,7,11,1,5,6,0,3,0,2,13,1,9,1,42,17,2,6,8,5,0,0,6,9,6,38,4,36,13,3,9,15,5,4,3,4,4,1,2,13,3
2023-06,39,15,8,0,0,7,21,9,3,1,2,0,0,8,6,7,5,1,0,2,1,0,1,0,1,5,0,9,1,17,1,0,3,2,0,0,0,1,8,2,26,6,11,9,8,18,7,98,3,4,7,1,0,1,5,2
2023-06,40,14,6,0,0,7,23,9,3,1,5,0,2,9,6,9,2,7,1,10,0,2,3,1,1,13,0,4,0,7,6,0,0,0,2,0,0,1,8,0,25,2,20,6,5,0,1,5,2,9,3,2,1,0,10,1
2023-06,41,22,3,8,0,4,6,2,0,4,1,0,0,4,1,8,9,3,1,4,0,1,1,1,4,57,4,8,10,24,6,5,6,4,12,0,0,4,7,3,33,3,17,13,6,3,11,37,1,4,11,6,1,0,0,8
2023-06,42,33,9,5,0,15,31,6,1,5,15,1,0,19,7,47,7,11,2,4,5,1,1,1,2,30,5,9,2,27,9,11,6,2,21,1,2,6,13,1,42,6,11,39,19,5,12,6,3,13,3,3,1,1,13,4
2023-06,43,65,6,11,0,22,100,59,1,28,6,3,2,46,23,59,17,18,1,12,13,17,14,5,15,36,13,32,4,20,32,6,8,11,8,0,9,11,26,9,49,9,13,60,33,4,27,2,24,21,7,13,5,4,13,16
2023-06,44,43,25,5,1,17,49,30,4,4,16,1,0,38,25,76,7,8,1,11,6,4,11,1,2,37,5,24,2,27,14,5,8,11,7,1,7,12,39,21,99,2,27,61,29,14,30,2,23,8,14,6,5,8,24,7
2023-06,45,30,3,3,0,4,3,0,1,7,3,1,1,11,2,33,5,6,0,4,3,0,3,5,0,13,3,2,1,3,7,2,2,2,6,0,2,1,10,3,6,4,23,29,9,5,9,93,5,4,5,4,0,3,6,5
2023-06,46,57,7,4,4,36,37,11,1,9,7,3,1,32,15,78,40,16,4,5,11,4,13,14,6,26,4,28,2,36,17,4,7,5,8,0,0,3,33,5,30,3,12,65,38,17,37,96,31,28,4,5,0,9,20,6
2023-06,47,5,0,0,0,2,0,4,1,0,1,0,0,6,2,12,2,0,0,1,0,0,2,0,0,1,0,1,0,2,0,0,1,0,1,0,0,0,1,0,2,2,0,5,4,0,4,0,2,2,1,0,1,1,3,1
2023-06,48,23,2,2,3,9,9,2,2,6,6,1,0,14,6,34,12,9,6,5,0,1,7,1,2,11,1,12,1,23,7,2,8,7,8,0,0,5,21,3,17,2,1,26,26,19,27,2,19,5,10,1,1,5,10,5
2023-06,49,45,12,7,5,36,44,12,1,13,35,3,4,54,34,125,7,23,7,15,9,0,11,1,6,42,4,22,1,63,25,16,25,26,22,2,4,14,36,12,106,14,26,113,63,24,79,93,56,33,29,8,2,11,170,17
2023-06,50,24,2,2,0,4,4,1,0,5,0,1,0,7,3,13,0,3,0,0,5,0,7,0,2,7,0,6,3,3,7,1,5,2,13,0,0,7,11,2,13,1,2,16,6,7,12,2,4,4,7,2,0,3,8,3
2023-06,51,28,13,3,0,11,15,3,1,4,2,1,1,26,4,54,36,1,3,6,1,1,7,0,3,30,3,9,1,6,10,1,14,6,16,0,2,2,13,3,23,2,15,79,20,1,20,1,15,16,4,1,0,1,9,5
2023-06,52,41,13,6,2,23,8,2,11,1,1,0,0,19,2,44,39,10,1,1,2,0,3,0,2,19,1,6,2,12,8,2,2,22,14,0,2,5,8,0,41,3,7,41,38,1,36,91,15,5,5,2,1,2,5,2
2023-06,53,36,20,2,2,32,31,12,2,7,20,1,0,34,35,100,7,9,7,14,1,4,19,6,7,50,10,20,2,39,28,5,19,17,13,0,2,2,39,14,42,9,12,104,63,30,70,4,58,21,14,2,0,7,118,11
2023-06,54,3,0,0,0,1,0,3,0,1,1,0,2,0,4,6,0,0,1,0,0,1,0,1,0,3,1,4,0,2,1,0,0,0,0,0,0,0,10,2,5,3,1,8,7,2,7,0,5,2,2,0,0,0,11,0
2023-06,55,7,14,0,0,25,3,1,0,0,0,0,0,9,0,30,9,2,0,2,1,0,2,0,1,12,3,6,0,4,1,0,1,7,5,0,0,2,3,0,14,3,15,14,39,0,15,3,4,2,3,0,1,3,1,3
2023-06,56,46,21,11,1,32,24,8,3,12,0,1,0,8,11,103,66,13,2,7,2,0,7,3,5,30,4,1,4,160,17,5,31,8,14,2,10,8,11,5,57,2,28,25,34,23,34,101,0,6,17,3,0,5,5,6
2023-06,57,36,6,1,0,4,6,1,1,4,1,1,0,9,3,22,129,1,2,2,1,2,7,25,2,28,1,4,2,24,4,1,2,5,3,0,0,1,4,1,5,1,10,4,4,32,9,89,0,0,2,28,0,2,1,0
2023-06,58,61,18,16,1,31,17,5,2,20,3,0,0,12,11,68,275,3,2,4,6,6,9,54,6,61,3,5,0,42,4,4,4,7,12,1,0,16,12,5,18,10,11,15,11,54,35,4,2,8,13,3,0,3,3,1
2023-06,59,30,7,2,0,11,5,3,0,2,6,0,1,16,10,22,167,0,0,8,3,0,12,28,1,17,5,4,1,22,5,3,4,5,3,0,0,5,5,0,27,0,14,10,6,161,10,83,2,0,10,2,0,1,1,2
2023-06,60,52,8,6,1,20,20,1,0,5,4,0,0,11,6,61,97,5,2,10,18,1,3,5,4,23,8,7,3,140,12,2,3,9,11,0,0,4,6,6,15,3,16,13,10,63,27,141,3,4,11,0,3,0,7,12
2023-06,61,60,29,5,0,25,32,12,8,9,20,2,0,19,42,86,191,12,7,13,17,9,11,280,10,43,5,21,2,75,26,7,9,11,16,0,4,10,26,9,61,4,38,38,26,7,38,270,10,10,13,8,2,6,50,9
2023-06,62,49,3,9,0,9,7,0,4,10,0,0,0,6,4,32,134,0,2,3,2,11,3,1,7,20,0,1,0,31,1,2,5,4,10,0,2,3,11,2,15,1,10,8,12,8,5,149,4,6,5,0,1,1,6,1
2023-06,63,79,10,9,0,25,25,5,3,9,1,2,0,17,5,58,279,8,0,10,0,2,8,94,0,33,4,20,3,31,13,6,8,5,19,0,3,5,13,5,53,7,14,11,17,15,22,2,2,12,8,3,0,3,1,6
2023-06,64,54,8,5,7,11,7,1,2,10,0,0,0,7,3,55,27,8,6,2,2,2,4,9,2,43,2,6,2,152,8,3,3,5,6,1,6,11,7,3,35,4,10,5,12,10,14,11,2,1,6,0,1,1,2,2
2023-06,65,76,7,5,2,21,10,5,0,6,1,1,0,14,5,44,95,8,0,4,1,0,12,0,7,34,2,7,0,41,1,6,7,6,13,0,1,1,13,2,32,9,11,15,14,12,14,5,1,7,4,1,0,2,1,2
2023-06,66,123,5,18,2,43,27,17,6,24,4,0,1,29,26,111,198,9,4,37,5,1,19,89,7,46,4,19,3,79,32,4,7,11,16,3,3,7,30,13,55,1,12,50,43,13,48,103,12,12,8,9,0,5,19,5
2023-06,67,53,9,9,3,31,35,5,2,12,34,1,0,28,34,110,27,4,3,12,10,4,9,1,6,43,6,14,3,63,23,7,10,7,5,0,2,4,40,18,21,10,23,62,33,3,55,3,47,24,10,8,2,8,95,6
2023-06,68,40,15,8,0,30,32,7,3,16,27,2,1,26,32,104,14,13,2,13,19,4,3,4,5,39,4,17,0,37,17,8,10,4,6,0,2,8,23,14,19,4,24,31,30,0,32,78,25,15,2,7,0,6,105,6
2023-06,69,53,9,5,2,26,45,39,10,8,32,1,0,35,34,78,7,17,2,11,9,14,7,2,5,33,10,19,4,50,44,5,9,15,22,3,4,13,20,17,64,8,29,41,27,8,35,45,24,8,13,14,0,5,44,3
2023-06,70,78,27,6,4,28,18,2,3,20,3,1,0,15,3,135,44,22,12,14,3,4,16,1,5,53,5,13,4,107,20,12,10,38,7,4,4,8,22,3,50,6,25,56,33,49,56,18,4,15,11,5,0,10,15,9
2023-06,71,73,18,10,0,40,36,22,5,20,19,3,0,55,23,140,39,10,7,30,5,3,12,2,5,53,12,32,3,100,36,9,19,23,9,1,6,8,59,19,43,6,13,84,37,3,70,89,31,24,12,8,1,3,65,12
2023-06,72,6,6,2,0,24,11,2,2,8,0,0,2,23,2,59,9,12,11,3,8,0,1,0,1,41,10,11,3,13,5,10,13,15,19,0,0,6,12,4,26,5,10,81,47,10,61,126,3,14,7,4,2,4,8,14
2023-06,73,22,16,2,2,26,21,2,7,11,16,1,1,36,20,71,5,18,6,13,5,0,5,12,3,26,8,13,4,39,18,7,14,20,8,1,3,9,25,26,59,7,17,93,54,2,54,7,19,15,8,9,2,8,60,19
2023-06,74,6,2,1,0,18,3,0,1,2,0,0,0,12,1,60,0,5,2,2,2,0,9,1,1,30,9,2,2,42,8,8,3,8,5,0,0,1,1,0,8,3,9,48,19,8,42,15,1,3,8,3,0,1,1,5
2023-06,75,16,8,3,2,24,20,7,2,8,24,0,0,26,8,81,9,9,3,11,2,2,5,1,1,36,11,10,1,36,9,11,15,11,12,0,2,4,21,14,40,2,19,102,36,8,56,5,16,8,9,5,0,7,54,20
2023-06,76,25,0,2,1,5,10,0,0,0,0,0,0,12,2,9,7,0,0,0,3,0,1,0,1,17,0,4,4,0,1,3,6,3,1,0,0,1,4,1,4,0,6,2,3,3,3,1,0,0,1,0,0,0,0,2
2023-06,77,59,6,16,0,12,31,15,2,6,1,1,1,21,16,20,78,15,0,10,15,0,6,2,4,42,1,22,4,65,21,6,8,15,15,0,1,2,7,3,50,2,20,21,35,26,51,108,2,2,22,16,0,4,1,45
2023-07,0,3387,562,830,394,1873,2185,808,274,640,552,82,67,1355,1231,5137,7064,723,192,917,406,231,427,1968,303,3248,350,746,237,5415,1404,579,2154,1055,950,55,227,386,927,493,3651,420,2103,4841,3400,3892,2679,3383,559,517,1074,2673,49,13585,1493,1537
2023-07,1,46,0,19,1,12,41,11,3,1,2,3,0,10,10,15,95,14,2,13,2,2,7,0,2,87,0,5,1,107,25,6,9,3,7,0,1,3,3,2,30,1,18,79,73,4,19,49,0,6,16,19,0,10,4,40
2023-07,2,89,8,22,5,28,35,15,3,14,4,2,1,28,15,71,85,12,2,22,12,2,2,3,6,52,4,4,6,144,30,12,48,25,12,0,6,11,5,5,51,3,14,105,92,25,54,89,6,4,23,52,1,25,8,22
2023-07,3,37,11,12,5,8,197,7,1,2,5,0,3,17,40,15,142,11,0,13,5,3,8,2,4,61,2,8,4,125,17,2,21,13,19,1,1,2,7,7,31,4,39,38,40,31,44,119,4,7,16,51,2,6,10,41
2023-07,4,36,1,19,2,23,16,0,1,10,0,2,2,23,12,41,72,4,1,2,7,0,5,4,0,63,2,8,0,118,12,14,14,13,7,0,0,7,2,7,43,7,11,72,75,29,41,64,9,4,24,40,0,18,2,69
2023-07,5,54,8,10,2,32,9,1,2,2,0,1,15,16,7,60,101,16,2,8,10,0,5,1,1,28,6,4,2,121,13,8,26,12,10,0,0,3,2,10,20,4,23,65,44,29,39,5,2,0,17,33,0,18,17,40
2023-07,6,55,10,25,1,33,29,7,18,19,3,1,9,49,68,63,169,16,7,10,6,5,6,5,2,56,5,11,16,257,41,18,36,18,43,2,7,5,2,14,31,2,55,88,48,31,66,83,3,4,37,75,3,11,18,80
2023-07,7,53,5,15,7,20,30,5,8,25,3,6,2,19,25,47,150,25,4,14,13,8,4,1,2,36,7,10,8,152,43,4,22,24,32,0,2,3,6,10,62,4,93,35,49,37,57,122,6,6,45,80,1,8,9,33
2023-07,8,17,3,8,1,4,37,12,57,9,8,3,0,6,17,10,220,25,2,6,7,4,3,0,5,94,3,9,19,156,43,12,25,29,59,1,2,1,4,21,70,8,80,12,15,5,12,68,0,7,18,40,0,19,13,2
2023-07,9,4,3,3,2,10,4,0,2,3,0,0,0,14,0,29,5,1,0,5,0,0,1,0,0,28,4,2,1,43,1,16,10,5,4,0,1,2,3,1,14,3,34,33,21,18,27,0,0,2,10,8,1,3,0,5
2023-07,10,50,9,12,7,43,11,2,2,17,1,1,4,27,4,118,47,10,3,14,2,0,5,3,3,108,7,2,1,120,19,23,20,18,7,2,0,6,3,7,59,5,16,128,80,35,65,85,1,5,37,26,1,30,4,17
2023-07,11,24,7,7,8,23,12,3,1,8,2,0,0,17,11,61,25,6,3,7,4,3,2,4,1,47,3,4,2,106,3,16,36,14,7,0,0,3,2,3,35,4,20,91,81,8,40,15,0,3,19,25,1,137,6,52
2023-07,12,17,5,4,6,22,5,0,1,11,1,0,0,18,6,47,6,5,0,12,3,1,1,1,1,43,1,9,0,58,3,5,22,12,8,0,0,4,2,4,42,5,15,108,80,10,40,1,1,0,15,31,0,85,1,38
2023-07,13,27,2,8,1,9,12,2,0,7,0,0,1,10,4,32,33,8,1,4,2,5,2,1,0,44,2,2,0,59,3,5,4,9,10,0,0,3,3,3,30,7,26,42,33,7,24,57,1,2,6,12,1,13,3,26
2023-07,14,38,1,21,5,21,26,8,1,8,3,3,1,20,20,64,54,12,3,7,10,1,1,1,2,105,3,2,3,92,18,2,16,9,15,0,0,4,4,2,31,3,15,76,78,3,46,1,1,1,18,44,0,60,2,121
2023-07,15,95,6,52,8,46,31,16,3,25,1,1,1,18,20,125,106,23,4,25,12,3,4,4,3,79,16,9,4,252,29,17,96,34,20,2,3,6,7,5,76,5,41,166,102,882,79,78,5,8,33,87,0,538,13,117
2023-07,16,92,0,22,8,32,29,9,2,14,4,0,2,18,27,79,117,7,2,13,11,1,6,0,9,117,15,13,1,212,53,9,37,19,30,0,5,4,12,9,43,13,22,138,95,48,62,16,4,5,26,64,0,141,10,93
2023-07,17,99,16,22,4,45,17,4,4,8,0,1,0,17,12,110,22,25,7,28,12,0,9,2,1,65,5,9,2,131,23,6,24,35,12,0,6,13,4,4,102,13,21,94,57,18,59,1,2,1,13,33,0,74,10,31
2023-07,18,32,10,4,2,8,14,3,2,2,0,1,0,6,3,32,28,2,4,10,10,0,2,3,1,24,2,4,1,28,9,2,12,2,1,0,1,0,1,1,24,4,11,19,11,2,6,0,1,2,3,12,0,8,2,6
2023-07,19,162,15,55,7,85,43,21,12,15,4,2,0,18,50,188,199,6,9,46,6,6,12,26,12,109,8,9,3,135,33,11,75,25,50,1,16,6,8,19,52,4,26,86,33,36,57,89,1,2,23,80,0,589,12,22
2023-07,20,32,0,5,2,28,13,5,3,3,2,0,0,7,11,53,82,3,2,4,2,3,6,26,3,27,0,3,0,60,17,6,30,9,13,0,3,4,10,4,24,3,50,14,17,13,16,95,1,2,4,10,1,87,7,14
2023-07,21,43,6,18,8,18,12,6,1,8,2,0,0,13,26,49,145,13,1,15,4,2,3,19,1,32,8,12,4,59,14,9,30,9,12,3,13,5,9,3,48,9,41,51,25,177,19,45,3,5,14,44,0,65,7,35
2023-07,22,91,6,35,12,43,57,21,5,18,5,0,1,23,36,79,337,37,5,18,16,2,2,26,3,60,4,14,7,164,58,12,59,34,31,2,20,3,10,8,50,13,58,91,64,40,48,103,9,2,48,86,0,73,25,120
2023-07,23,111,5,12,8,45,49,8,15,14,22,2,0,16,78,143,120,7,8,33,7,4,12,295,11,32,5,12,3,88,25,11,50,21,11,1,1,4,21,11,64,9,32,76,48,39,42,19,15,17,8,54,1,675,39,23
2023-07,24,67,2,52,17,62,43,12,9,10,9,3,1,40,48,96,675,29,1,30,21,6,19,75,12,108,10,11,9,282,45,29,73,48,35,2,4,9,12,28,111,4,75,103,82,35,76,210,7,4,38,114,2,46,42,88
2023-07,25,213,20,57,33,107,158,131,4,34,39,3,0,45,72,313,129,31,17,104,26,15,14,66,14,104,11,34,5,172,84,19,190,30,34,0,2,7,50,22,175,25,85,155,108,19,107,162,22,25,38,194,2,5728,39,29
2023-07,26,22,1,7,3,21,24,42,1,7,18,1,0,19,27,63,9,7,6,17,3,2,4,3,2,17,2,13,1,35,6,7,25,2,3,0,3,4,8,4,13,1,19,33,17,86,9,9,14,8,2,30,1,987,29,5
2023-07,27,14,4,10,1,12,28,20,0,3,18,0,1,11,15,44,67,6,0,10,0,1,8,10,5,31,5,9,1,39,6,5,8,21,6,0,1,1,11,11,40,2,19,29,18,34,8,2,12,8,3,26,1,105,34,14
2023-07,28,43,13,11,0,22,26,8,9,10,20,4,1,14,26,48,420,16,4,12,8,19,4,16,2,123,2,16,13,96,42,15,27,41,28,0,1,11,17,16,78,15,113,26,30,17,30,133,5,8,23,45,0,33,25,6
2023-07,29,58,16,11,5,26,47,36,2,10,26,0,0,24,17,98,82,8,3,21,11,4,10,14,10,38,6,26,3,74,18,14,31,10,14,1,2,7,29,6,67,5,48,60,27,572,14,54,16,16,19,29,3,548,50,5
2023-07,30,79,7,17,4,60,45,7,4,12,6,2,1,16,28,133,415,6,2,17,9,5,9,355,14,56,9,16,0,101,23,11,53,36,15,2,0,3,29,5,100,11,39,51,36,54,37,91,9,6,5,49,1,259,5,6
2023-07,31,45,3,11,8,18,33,7,9,6,3,1,0,13,20,62,367,13,1,6,11,0,5,164,12,38,8,9,7,77,23,6,12,13,15,1,0,8,7,7,53,2,29,13,12,18,14,80,2,3,8,22,0,12,19,6
2023-07,32,20,0,4,1,2,16,2,7,2,1,2,0,2,5,7,201,9,0,1,1,0,4,5,2,59,3,10,9,16,5,8,2,23,28,1,5,9,6,16,52,17,74,25,5,8,9,4,0,6,7,11,0,66,0,1
2023-07,33,18,0,2,2,5,12,2,3,2,6,1,1,14,7,9,34,12,0,2,1,0,4,1,1,38,2,5,3,10,1,6,3,4,2,0,0,2,3,3,13,1,22,13,3,1,12,3,0,1,10,23,0,41,2,3
2023-07,34,13,0,1,2,6,6,0,1,1,2,0,0,0,5,18,50,2,0,2,1,0,2,4,1,15,4,2,6,18,4,0,3,5,13,0,0,0,0,3,7,1,10,6,6,85,10,3,0,1,1,13,0,16,0,3
2023-07,35,17,1,0,0,3,16,3,0,4,2,2,1,8,2,9,7,3,0,1,1,2,1,1,1,10,4,3,0,8,5,3,2,2,3,0,2,2,3,3,7,10,9,16,8,20,7,31,2,3,4,13,0,8,3,0
2023-07,36,7,0,1,0,2,11,12,0,2,1,0,0,1,0,5,3,2,0,0,0,1,0,0,0,2,1,1,0,6,4,0,4,0,3,0,0,0,4,2,1,1,4,7,6,1,2,1,0,2,3,2,0,1,5,0
2023-07,37,2,2,4,0,1,10,1,0,0,1,1,0,1,1,11,8,1,0,0,1,0,4,0,1,26,2,7,0,12,0,1,1,0,1,0,0,1,5,2,7,1,6,3,6,0,1,0,1,5,0,3,0,3,8,1
2023-07,38,47,4,4,2,16,34,5,1,2,18,1,0,17,8,32,12,24,0,5,2,0,3,1,6,18,1,8,2,47,17,9,14,3,1,0,0,4,6,7,16,1,26,24,11,5,11,14,1,6,4,12,0,17,23,4
2023-07,39,12,2,1,0,4,12,7,0,5,4,1,0,4,4,16,1,6,0,6,1,0,0,0,0,14,1,8,0,23,8,5,8,3,2,0,3,5,6,2,21,5,6,29,10,2,6,29,2,2,6,11,0,3,8,4
2023-07,40,4,0,1,1,2,18,2,0,2,5,0,0,9,4,15,9,5,0,2,0,0,5,3,0,19,1,13,1,13,3,2,3,4,4,0,0,3,10,4,25,7,44,16,2,1,7,0,1,4,1,1,0,2,4,0
2023-07,41,13,1,4,0,5,11,9,1,0,0,1,1,5,1,18,14,1,3,11,2,0,1,3,2,27,0,8,6,21,8,10,3,10,5,1,3,4,13,1,23,8,21,35,30,8,19,45,1,1,11,19,0,5,0,5
2023-07,42,38,8,7,3,15,22,14,0,4,6,2,2,13,7,39,8,5,0,15,6,0,6,5,3,23,4,7,1,31,6,6,7,4,4,0,0,8,13,2,24,7,24,32,24,44,16,8,7,8,4,22,1,11,19,4
2023-07,43,64,9,9,15,18,72,47,1,16,10,0,0,52,22,65,22,19,0,13,5,9,19,2,5,54,12,23,5,24,36,6,44,13,11,0,9,8,31,19,93,16,36,128,106,7,48,1,15,23,17,71,2,146,21,9
2023-07,44,41,7,8,8,18,44,26,2,9,16,1,0,44,19,89,12,13,1,16,3,11,4,0,6,16,6,15,5,35,34,4,28,14,10,0,7,2,22,7,82,3,40,88,85,20,48,0,21,14,10,58,0,235,34,9
2023-07,45,8,3,0,3,19,8,4,1,12,1,1,0,15,3,35,17,3,1,5,4,0,0,0,1,4,0,2,0,6,6,3,17,5,9,0,1,3,9,2,51,11,16,43,29,5,17,64,7,6,10,27,1,413,7,7
2023-07,46,38,12,0,8,27,47,20,2,10,14,3,1,27,17,87,31,14,7,10,1,6,3,4,10,42,6,16,2,30,19,11,81,5,11,2,7,2,43,9,67,2,11,97,75,4,60,58,19,7,14,56,0,133,47,6
2023-07,47,2,0,5,2,3,1,4,0,3,2,0,0,0,0,16,0,0,0,1,0,0,1,0,0,9,0,3,0,1,1,2,4,1,1,1,0,0,3,0,5,1,3,11,16,1,7,0,7,2,2,5,1,13,2,0
2023-07,48,17,1,4,4,29,8,1,1,3,0,1,0,27,5,55,15,11,0,7,5,2,6,0,0,14,1,5,1,11,15,2,54,3,15,0,8,17,11,2,31,3,27,75,66,12,29,5,12,4,13,24,3,271,7,8
2023-07,49,52,6,7,10,33,50,27,2,15,33,2,2,68,38,140,6,21,1,24,5,9,17,2,9,53,14,28,3,37,35,15,42,27,3,1,7,10,42,12,121,15,39,213,134,5,100,67,50,20,20,65,1,222,126,17
2023-07,50,14,1,0,3,8,14,3,0,2,0,1,0,3,2,17,0,0,0,0,0,1,2,0,1,16,0,1,0,3,2,4,9,4,1,0,0,6,8,0,27,2,6,21,12,1,14,0,5,4,5,8,1,78,5,1
2023-07,51,15,5,1,0,17,20,2,1,9,2,1,1,10,5,57,48,12,0,5,2,0,4,0,1,59,1,7,2,12,13,2,38,1,7,0,1,5,14,6,45,4,11,85,34,1,16,12,8,12,8,20,0,99,12,1
2023-07,52,23,3,8,2,39,7,0,3,3,3,0,0,7,4,62,53,9,1,6,2,0,7,1,7,10,2,2,2,15,9,1,17,14,5,2,4,2,8,3,41,2,16,72,70,246,52,103,2,11,12,14,1,26,11,8
2023-07,53,39,25,2,12,34,45,17,1,8,24,0,0,24,34,107,6,7,2,12,4,1,17,0,4,25,14,13,1,30,30,15,39,24,3,3,9,8,23,21,69,7,6,123,83,4,99,0,35,16,23,57,0,162,98,22
2023-07,54,9,1,0,2,0,5,3,0,0,0,0,0,0,1,3,1,2,0,0,0,1,1,0,0,7,0,5,0,0,0,0,1,2,5,0,0,1,12,0,14,0,3,20,8,0,2,64,1,6,1,2,0,6,6,0
2023-07,55,5,1,0,3,29,8,1,2,1,0,0,0,4,3,33,20,3,0,2,2,1,1,1,0,8,3,1,2,4,2,1,8,6,0,0,0,1,2,1,21,3,23,19,16,4,17,12,4,2,4,12,1,3,16,2
2023-07,56,60,27,5,13,35,13,2,1,12,1,0,0,14,1,135,67,8,3,9,5,5,10,4,3,72,4,8,2,127,17,8,62,13,9,0,8,13,10,3,86,8,31,62,66,16,56,98,3,2,18,46,1,152,5,10
2023-07,57,24,1,1,7,10,11,1,1,4,0,0,1,11,6,29,117,1,0,7,5,2,2,8,3,28,0,1,2,20,11,4,8,6,8,0,0,6,4,1,15,0,7,10,7,25,16,47,0,2,3,14,0,20,3,0
2023-07,58,47,2,9,5,49,15,7,1,9,0,0,0,18,12,98,331,5,0,9,1,3,3,32,4,38,8,6,3,44,10,1,13,9,24,2,2,12,9,3,27,4,8,34,25,18,38,3,2,0,11,11,0,15,5,9
2023-07,59,18,1,3,1,19,7,1,1,5,1,0,0,6,5,28,111,0,0,2,1,0,9,32,2,15,8,7,1,16,2,1,4,11,3,0,0,0,1,1,39,2,5,21,16,41,27,66,1,0,12,11,0,3,20,2
2023-07,60,57,17,11,9,29,31,4,3,3,4,2,0,14,11,57,121,3,5,11,12,1,3,22,1,37,2,4,4,153,23,3,22,25,13,1,4,6,4,6,35,6,9,43,36,468,31,79,7,6,13,13,0,13,22,14
2023-07,61,46,16,12,5,25,24,4,5,5,20,2,0,20,26,103,152,6,7,12,12,4,3,346,15,60,7,18,3,70,23,6,28,15,11,1,0,13,22,8,64,3,34,48,52,11,39,165,20,18,10,27,0,49,43,9
2023-07,62,48,6,3,4,13,5,0,0,6,1,1,0,2,4,56,97,2,5,10,1,0,2,1,2,7,1,1,0,33,7,0,14,1,14,2,3,4,4,1,7,2,14,9,10,22,7,55,0,2,3,13,2,14,3,2
2023-07,63,68,11,16,0,20,41,8,11,15,3,2,0,12,7,85,357,3,5,4,8,3,5,206,9,26,2,3,1,39,16,3,9,9,15,1,5,8,12,7,62,1,14,37,35,17,26,3,3,7,8,26,0,23,6,2
2023-07,64,45,8,5,6,21,12,2,0,4,0,0,0,7,1,68,26,9,1,7,3,1,4,0,3,23,3,4,2,134,7,7,44,7,5,0,0,2,2,0,51,3,30,46,15,68,19,2,2,2,13,16,0,34,2,3
2023-07,65,52,12,9,13,22,16,4,3,14,0,0,0,8,4,61,109,4,4,7,1,2,5,12,6,22,0,7,4,44,5,12,47,9,17,0,7,5,23,2,63,1,15,44,30,5,20,0,6,8,9,17,2,34,0,5
2023-07,66,93,15,18,9,40,56,27,8,14,9,5,1,30,25,125,165,12,10,25,5,11,15,81,12,41,11,23,5,105,29,2,33,11,19,3,3,5,24,5,47,3,21,83,62,31,45,30,10,25,23,47,0,86,12,10
2023-07,67,67,19,3,6,35,49,11,4,15,36,0,0,24,42,104,21,9,1,12,12,2,11,30,5,40,13,18,7,65,37,8,15,6,1,0,1,4,26,5,78,6,35,84,73,2,46,7,30,14,9,21,0,54,106,9
2023-07,68,42,4,7,1,19,50,18,2,4,44,0,1,29,37,61,16,8,4,6,9,9,3,16,5,56,7,24,1,46,28,6,6,6,10,2,5,4,29,4,38,5,33,66,34,2,28,51,26,8,11,19,1,47,99,13
2023-07,69,66,13,8,8,26,61,14,1,18,14,4,1,37,30,89,16,12,4,13,5,13,8,3,1,17,4,24,4,64,27,3,26,13,4,0,5,11,40,18,50,6,21,103,85,3,37,110,26,21,8,40,4,134,36,6
2023-07,70,54,12,9,13,45,20,4,6,6,6,1,2,20,8,162,87,15,2,18,4,0,16,2,7,64,10,17,5,56,22,19,68,23,29,0,1,9,19,5,73,5,30,128,58,15,54,20,4,10,18,55,0,80,26,9
2023-07,71,55,25,12,6,40,50,23,2,20,20,0,0,52,24,151,12,7,5,23,4,8,12,2,10,45,8,27,1,80,33,6,33,30,8,5,7,9,36,7,117,4,20,109,59,6,47,59,21,22,19,39,3,120,50,12
2023-07,72,14,17,3,0,26,12,6,1,10,4,0,2,35,3,90,14,3,1,8,1,5,4,0,0,29,3,16,4,28,7,11,19,22,4,1,0,5,6,0,72,10,7,123,85,158,55,58,1,9,15,24,0,44,8,9
2023-07,73,37,17,2,8,43,13,6,0,14,11,1,2,24,15,94,16,8,11,11,0,3,7,1,4,27,1,20,1,28,33,7,52,24,1,2,4,5,31,15,78,8,8,109,66,5,71,0,20,10,19,60,1,101,51,16
2023-07,74,12,9,2,6,16,4,1,1,3,2,0,1,15,0,89,3,1,0,10,2,0,3,5,1,20,5,2,2,66,4,5,29,11,3,1,2,7,3,2,16,3,22,56,24,9,38,6,2,0,12,26,0,52,7,4
2023-07,75,36,32,4,1,22,14,9,2,6,10,0,1,15,5,86,3,4,1,12,0,5,6,2,2,37,2,7,1,32,9,4,38,11,2,1,0,3,27,7,63,7,13,149,75,103,60,3,11,9,13,31,0,108,55,15
2023-07,76,16,0,7,0,5,6,1,3,0,0,0,0,2,0,12,5,3,0,2,3,0,1,0,0,20,1,10,0,1,0,5,2,2,3,0,0,0,1,1,9,1,5,7,4,1,7,0,0,2,5,2,0,1,0,0
2023-07,77,67,3,22,7,12,45,14,4,3,4,0,0,13,13,21,116,12,1,7,11,3,2,0,3,44,3,7,6,88,12,10,9,21,30,1,3,0,4,6,29,6,50,92,47,19,46,52,1,1,23,51,0,10,5,57
2023-08,0,4203,784,818,160,1971,2534,749,296,831,576,135,91,1683,1344,5483,8016,807,227,730,569,342,561,1617,363,3288,391,968,345,6067,1713,579,1025,1055,1201,58,222,477,1265,500,3673,334,1926,3801,1991,2496,2276,4100,695,634,878,884,60,892,1779,1398
2023-08,1,61,1,7,5,10,41,24,2,7,5,1,1,20,13,20,85,14,1,9,4,3,7,5,5,50,1,17,9,96,22,8,10,9,14,0,1,4,12,5,27,4,21,65,39,3,20,18,0,3,11,7,1,2,6,51
2023-08,2,118,4,27,2,30,51,18,6,7,1,3,0,55,15,88,113,9,4,8,13,2,15,2,9,71,4,12,5,164,41,16,12,27,42,0,1,5,7,11,43,4,39,68,47,7,43,145,5,11,20,9,0,6,3,32
2023-08,3,51,12,2,2,11,262,17,3,22,3,2,3,24,34,13,145,11,1,8,9,4,7,20,2,28,2,13,14,65,28,4,14,22,28,1,0,2,3,9,33,6,18,27,28,118,41,179,3,7,10,33,2,1,16,25
2023-08,4,52,18,16,1,17,17,4,3,27,3,0,1,25,7,54,82,14,3,2,7,16,7,6,2,97,2,18,0,114,11,11,9,5,17,2,4,3,4,1,67,2,12,52,34,18,36,64,3,7,16,13,2,1,13,59
2023-08,5,44,5,13,0,48,15,2,4,6,1,1,8,17,8,67,79,13,2,9,7,14,2,5,0,46,1,11,4,117,12,9,11,22,13,0,1,2,4,3,15,4,23,30,23,38,46,10,2,1,7,5,0,2,8,38
2023-08,6,65,7,18,1,37,36,6,8,11,10,14,15,40,43,67,194,25,3,12,4,9,13,4,6,61,9,13,11,245,40,7,11,17,30,2,6,8,9,11,72,5,55,48,26,29,42,88,4,5,39,23,1,1,26,52
2023-08,7,46,9,22,1,24,32,3,4,24,1,1,20,37,30,61,148,25,4,5,23,5,13,1,4,49,9,18,13,181,58,14,12,28,40,2,8,33,6,10,51,10,52,31,42,30,46,146,1,3,26,17,0,6,22,30
2023-08,8,13,0,3,0,2,36,10,14,10,4,5,1,13,22,14,238,22,3,4,18,3,6,6,5,90,4,25,27,67,36,12,13,11,46,3,6,6,5,11,53,8,65,8,19,3,18,61,2,5,13,11,1,1,3,3
2023-08,9,8,8,2,0,18,1,0,2,11,0,0,0,6,1,31,2,2,0,6,0,1,1,0,0,36,1,2,0,50,2,6,2,4,3,0,1,11,1,2,12,1,5,11,11,11,25,1,0,2,6,4,3,2,2,1
2023-08,10,47,15,15,1,47,12,3,2,29,1,0,1,28,2,111,16,11,8,13,9,7,6,3,0,81,12,9,1,166,10,18,13,23,19,0,1,10,5,4,75,3,33,82,56,18,55,62,0,2,19,22,1,3,6,16
2023-08,11,44,14,4,2,18,7,6,1,8,1,1,0,20,3,77,20,7,1,6,6,3,5,5,6,46,6,6,0,124,17,16,7,16,7,0,0,4,0,1,42,4,24,45,34,46,33,32,0,5,4,15,0,3,2,30
2023-08,12,23,4,1,1,18,5,1,0,5,0,0,1,12,2,58,11,8,2,8,1,7,5,0,2,44,4,14,0,81,4,6,6,8,9,0,0,5,5,7,32,8,18,42,40,38,25,12,3,1,6,4,0,6,4,44
2023-08,13,27,1,6,1,11,17,1,0,6,0,0,1,13,7,27,28,8,2,0,3,0,4,0,0,50,1,4,2,56,8,2,0,5,7,0,0,0,8,0,25,2,26,30,26,5,22,61,0,3,6,6,0,2,3,19
2023-08,14,71,8,13,2,16,23,11,7,23,1,2,1,20,29,64,109,16,4,12,9,0,6,7,4,66,7,10,4,96,32,1,13,9,25,1,0,3,8,1,46,1,12,40,61,17,37,17,5,3,10,18,0,3,4,86
2023-08,15,129,10,48,2,67,39,13,8,20,3,1,1,53,14,143,120,19,14,28,19,13,13,2,2,107,8,16,7,241,26,17,43,28,38,0,7,9,15,6,81,11,55,84,50,36,74,65,7,6,32,35,1,52,7,98
2023-08,16,115,13,26,0,26,38,13,3,16,3,0,1,41,16,102,235,18,3,7,14,9,14,2,2,111,7,13,5,199,41,12,20,23,31,3,3,11,4,5,58,5,31,55,42,28,47,25,5,5,14,20,1,9,15,67
2023-08,17,106,16,21,1,27,8,4,1,39,1,1,1,21,4,111,57,29,3,22,11,3,9,3,3,69,3,10,3,172,39,13,20,27,15,0,4,3,7,4,34,12,12,51,32,12,51,2,3,5,13,21,1,12,6,33
2023-08,18,28,1,4,5,17,33,10,4,10,0,0,0,6,1,33,20,4,2,4,40,3,4,0,1,26,2,0,2,36,7,2,15,11,3,0,0,0,3,0,22,2,10,9,8,2,3,5,0,2,5,10,1,1,1,4
2023-08,19,151,10,42,7,86,51,9,4,17,2,4,0,25,27,269,134,11,9,21,7,1,13,33,4,126,12,7,2,158,21,13,51,26,32,0,6,8,17,3,62,11,52,59,27,20,47,91,7,13,19,23,1,55,6,18
2023-08,20,28,2,21,1,14,10,5,4,3,2,1,2,8,10,56,27,5,0,4,0,1,5,11,5,23,1,8,0,58,21,0,5,1,12,0,1,0,6,5,17,0,8,15,9,4,12,75,0,4,10,2,0,4,5,12
2023-08,21,79,8,33,2,27,19,5,6,13,1,3,2,12,22,69,146,6,1,14,8,3,7,5,16,34,3,5,3,128,21,5,17,8,31,3,0,9,4,6,32,2,15,16,15,32,22,44,3,4,11,19,0,9,6,40
2023-08,22,127,12,26,1,47,57,7,7,10,8,5,0,36,30,102,360,39,6,18,21,4,8,37,6,65,14,16,7,194,46,8,20,33,42,0,6,12,10,7,80,13,75,63,44,39,46,59,20,10,29,31,1,8,31,95
2023-08,23,97,10,24,2,58,58,13,8,13,31,3,0,15,50,161,107,6,9,44,10,8,28,128,14,34,6,25,1,94,30,11,25,20,21,2,2,5,33,13,29,7,45,54,25,21,30,39,18,18,13,13,0,27,39,33
2023-08,24,106,12,46,6,65,52,9,8,22,10,2,1,42,64,125,636,24,14,26,41,5,19,49,15,85,21,12,12,297,63,17,27,50,50,3,6,16,28,23,51,6,89,67,57,55,57,345,5,4,39,48,4,7,54,84
2023-08,25,249,37,81,10,104,122,70,8,42,35,3,1,59,76,287,236,21,19,45,35,21,16,48,19,110,15,33,9,178,87,22,74,23,46,0,14,13,58,14,155,12,44,198,62,19,72,164,33,26,29,29,2,244,48,27
2023-08,26,64,5,16,2,22,41,17,6,6,23,2,0,12,40,68,74,6,2,9,9,2,2,35,0,13,1,11,2,31,9,5,13,4,6,0,2,2,13,3,8,0,12,41,9,2,14,20,11,20,3,8,0,39,24,2
2023-08,27,31,3,14,0,12,31,6,2,6,19,1,0,11,29,37,97,7,1,8,3,1,8,14,2,28,2,11,0,55,10,8,6,23,21,0,0,2,15,10,31,2,33,36,10,7,14,14,9,6,10,6,0,9,41,6
2023-08,28,47,4,21,4,29,39,18,7,21,10,9,1,29,36,45,549,16,3,19,9,4,7,21,4,169,2,18,16,119,36,22,19,57,66,1,1,16,17,25,120,13,139,36,25,13,22,226,12,7,20,22,0,7,46,7
2023-08,29,76,10,9,6,26,49,22,4,9,27,0,0,29,34,90,46,11,5,18,4,5,6,117,7,40,5,25,4,67,30,5,16,9,3,1,0,6,46,13,73,3,44,73,14,518,17,88,12,16,6,19,0,19,62,9
2023-08,30,74,5,27,2,40,55,9,6,19,22,3,0,22,45,145,380,12,6,16,12,7,15,254,20,87,6,20,4,130,43,7,28,13,30,0,21,9,24,10,100,13,32,37,57,53,48,125,8,15,11,31,0,34,12,10
2023-08,31,45,11,9,4,22,24,5,7,4,3,3,0,9,18,54,602,8,3,3,29,1,11,85,7,72,8,9,18,104,20,8,12,14,23,2,0,14,14,9,112,6,37,7,5,11,12,111,2,2,11,16,5,19,22,8
2023-08,32,35,6,6,0,4,14,5,6,1,3,7,2,7,4,4,306,6,1,1,4,0,3,1,2,53,0,7,19,27,12,12,3,23,19,3,5,3,5,19,64,11,103,3,4,5,4,9,0,9,7,3,3,2,4,0
2023-08,33,17,0,4,0,5,12,2,1,2,1,1,1,4,6,8,74,8,1,13,0,0,1,0,4,32,1,8,5,13,7,5,7,4,7,0,0,0,2,4,30,1,11,5,8,3,12,3,1,0,1,6,0,4,8,5
2023-08,34,10,2,0,0,6,3,3,8,3,1,0,0,1,4,14,92,1,3,4,3,4,1,2,2,27,2,2,12,34,2,1,2,5,6,0,0,6,1,3,19,0,20,8,4,2,7,4,1,1,3,5,0,1,2,0
2023-08,35,12,13,1,0,3,19,6,0,2,0,2,1,5,2,12,23,3,0,1,4,1,0,2,0,16,6,5,1,5,1,1,1,2,6,0,0,3,4,4,37,3,19,6,12,6,8,67,2,1,5,4,2,1,4,4
2023-08,36,14,1,1,0,1,6,1,2,0,3,0,0,5,3,4,0,3,0,2,1,0,2,0,0,4,3,1,0,6,8,0,5,1,0,0,2,3,1,1,10,2,1,2,4,0,3,14,0,1,3,3,0,0,6,0
2023-08,37,6,5,0,0,1,2,0,0,2,1,0,0,6,6,11,7,0,0,1,0,1,2,0,0,11,3,2,1,17,4,1,2,0,0,0,0,2,9,1,2,1,5,13,1,66,4,2,1,3,1,2,0,0,8,0
2023-08,38,52,11,3,0,18,31,6,1,4,23,1,1,13,18,27,20,8,1,2,7,1,5,3,3,12,5,16,2,52,18,14,7,0,4,0,0,3,12,8,65,3,28,15,17,4,14,121,3,5,3,7,1,1,31,3
2023-08,39,21,0,3,0,4,43,17,0,2,3,0,0,6,2,16,6,3,0,3,2,0,0,0,0,12,6,6,3,15,7,4,3,2,1,0,0,3,5,3,21,5,8,15,19,4,5,0,1,1,4,2,0,0,5,3
2023-08,40,15,2,2,0,6,23,13,2,0,13,1,0,20,7,12,15,3,0,5,1,5,4,0,1,12,1,7,2,14,4,0,3,1,4,0,1,3,10,2,60,3,30,48,6,3,5,0,2,4,0,1,0,2,15,3
2023-08,41,13,1,2,1,7,17,13,1,5,1,1,0,7,2,16,10,8,2,2,0,2,1,1,0,22,4,10,15,25,6,5,4,5,6,0,1,4,3,1,33,8,41,29,10,4,20,16,0,3,9,8,2,1,0,6
2023-08,42,39,10,5,0,18,43,23,1,2,6,0,0,10,22,39,4,7,0,5,4,1,9,0,8,14,6,17,4,47,26,4,9,4,8,2,5,10,24,11,21,1,15,44,5,11,21,6,15,15,11,0,1,6,28,6
2023-08,43,98,11,4,6,19,139,46,2,10,16,2,0,51,30,66,12,24,4,17,5,13,19,5,11,40,8,45,9,29,33,13,28,6,15,1,3,5,53,14,63,8,44,116,32,105,35,31,11,25,12,9,3,15,37,18
2023-08,44,79,17,9,6,23,65,38,4,22,10,2,0,50,19,71,12,12,1,11,1,8,8,5,6,18,4,22,14,36,36,6,14,15,8,0,4,9,38,16,47,5,25,108,29,181,40,1,27,19,9,5,1,26,46,8
2023-08,45,20,0,1,1,13,9,1,2,2,2,1,2,22,8,35,6,3,3,1,1,0,3,0,5,20,3,11,1,14,12,6,4,3,7,0,0,2,9,5,25,1,4,47,16,0,26,86,9,11,6,4,0,20,8,5
2023-08,46,69,11,2,8,34,61,13,4,8,11,1,1,28,36,111,28,6,5,13,5,9,10,18,5,22,5,17,2,45,32,4,42,2,5,1,1,5,32,2,60,2,8,100,32,27,40,68,25,14,15,21,0,11,47,13
2023-08,47,1,3,0,0,3,0,1,1,3,0,1,0,5,3,11,0,0,0,3,1,0,0,0,0,5,1,0,0,3,2,0,0,1,2,1,2,3,5,4,9,0,3,14,10,2,4,0,5,2,0,0,0,1,2,1
2023-08,48,29,34,1,1,14,11,1,0,14,3,1,1,23,5,70,9,9,3,6,1,13,4,0,3,14,5,9,1,23,11,8,12,12,9,1,3,10,28,0,67,5,10,75,31,0,33,53,12,10,8,9,0,9,18,9
2023-08,49,72,31,10,2,57,47,12,2,10,35,5,3,71,58,168,29,19,7,27,7,8,12,5,10,39,11,29,4,62,46,7,22,26,6,0,1,6,72,19,112,3,26,167,65,144,51,46,64,23,19,7,0,14,155,20
2023-08,50,9,6,1,0,9,7,0,0,4,0,0,0,6,11,17,4,4,0,6,3,0,0,0,1,7,1,6,0,4,13,4,4,5,3,1,1,4,13,7,28,0,5,27,9,31,17,0,6,7,5,1,0,2,8,6
2023-08,51,20,23,2,0,14,15,3,0,3,2,5,0,22,3,45,53,13,4,9,0,4,6,4,9,14,4,13,1,13,16,4,14,2,3,0,4,4,14,3,47,6,31,86,27,3,13,1,18,12,6,6,0,5,17,11
2023-08,52,54,7,5,0,53,19,1,4,3,7,0,0,21,5,88,69,12,4,3,1,0,11,0,11,9,4,7,1,21,15,4,13,25,10,0,6,11,18,1,59,1,5,48,19,9,33,78,5,11,27,8,1,3,13,6
2023-08,53,31,35,4,1,34,39,7,2,12,32,2,1,17,33,94,3,13,1,14,3,2,15,2,8,25,9,20,0,34,75,8,20,23,5,0,2,5,46,14,77,3,8,102,60,4,73,1,40,29,20,8,3,16,108,20
2023-08,54,5,0,0,0,1,6,6,0,0,1,1,0,1,4,4,0,0,0,3,0,1,1,1,1,6,0,13,0,1,1,0,0,1,3,0,0,0,10,0,2,3,3,10,12,0,6,0,1,3,0,0,0,2,3,1
2023-08,55,18,6,2,0,37,1,0,0,3,0,0,0,5,4,38,14,6,1,6,1,3,0,3,1,16,5,3,0,5,2,0,2,7,6,0,0,6,5,2,6,0,6,31,2,2,17,17,2,1,7,3,0,2,11,1
2023-08,56,81,20,5,5,31,25,6,4,19,2,1,0,14,4,138,60,13,2,11,18,5,10,0,5,68,3,4,4,175,23,12,27,22,15,2,10,6,17,5,72,1,27,48,30,13,44,105,1,3,9,16,1,12,2,7
2023-08,57,32,16,1,2,7,11,0,3,7,0,1,0,6,5,20,143,3,0,2,1,2,3,21,5,20,0,0,2,36,7,0,10,3,28,2,1,4,3,1,32,5,13,8,7,12,14,97,2,2,0,5,0,3,6,1
2023-08,58,71,8,4,3,42,22,7,9,8,4,3,0,8,11,81,315,4,1,14,5,7,6,47,4,44,6,6,1,41,8,6,12,9,14,8,1,6,10,2,34,5,7,24,17,10,33,56,6,8,15,9,0,1,4,5
2023-08,59,26,5,5,1,19,13,2,1,7,2,0,2,4,8,26,165,4,3,11,3,1,5,60,10,25,1,5,3,29,4,0,5,8,10,1,0,2,6,3,12,0,19,12,5,49,12,17,2,3,6,7,1,3,7,6
2023-08,60,65,39,4,4,24,24,7,3,7,4,2,0,19,3,65,224,4,3,6,14,2,7,39,2,23,9,6,6,158,18,7,9,26,23,0,2,4,5,1,32,2,18,19,21,6,30,120,2,4,19,7,0,5,17,10
2023-08,61,92,16,9,3,32,46,11,9,15,22,3,0,26,35,96,164,12,2,12,10,7,8,278,18,27,5,25,5,87,24,4,16,5,16,1,6,10,34,6,98,5,32,56,29,8,31,172,20,18,13,20,0,3,81,10
2023-08,62,29,10,1,1,13,11,2,0,3,1,1,0,11,0,56,112,6,2,5,0,3,1,10,0,33,2,7,1,50,4,3,9,7,22,0,5,3,8,1,22,0,3,11,5,5,11,4,0,4,5,8,1,4,1,5
2023-08,63,138,12,10,0,41,45,4,31,6,2,1,0,18,9,100,381,6,2,6,4,4,7,62,9,30,9,8,1,38,14,9,10,5,22,1,9,10,16,4,60,1,17,23,22,18,28,8,5,4,3,6,0,8,1,3
2023-08,64,32,5,3,9,14,13,0,4,10,1,0,0,12,1,56,10,10,2,0,5,6,3,1,2,57,2,3,1,213,12,11,11,8,5,0,0,0,10,0,43,4,6,27,10,7,21,13,0,1,9,4,0,4,5,4
2023-08,65,73,10,8,3,21,25,3,2,9,0,1,1,24,7,86,107,6,2,1,4,2,8,3,4,41,3,5,1,48,15,11,9,11,34,0,4,8,21,1,24,1,1,17,8,9,25,35,1,4,7,4,6,9,3,2
2023-08,66,95,20,17,4,45,73,22,5,15,11,1,1,32,32,137,142,18,4,11,6,4,11,92,9,72,4,35,5,82,39,16,26,6,28,0,6,4,38,3,96,8,12,62,30,16,42,95,26,14,11,31,1,14,31,7
2023-08,67,60,12,4,2,38,32,13,4,18,37,1,0,35,46,128,32,8,7,12,6,7,3,17,8,39,17,34,2,77,51,7,3,8,10,1,3,3,40,8,59,7,21,87,47,151,29,16,45,27,11,12,0,10,156,13
2023-08,68,56,21,8,0,23,45,15,2,13,40,0,1,16,33,77,34,13,2,6,4,5,5,7,3,62,2,22,1,53,24,5,10,7,13,0,15,19,37,9,46,9,12,69,50,4,24,72,50,13,5,6,0,7,119,5
2023-08,69,54,10,2,5,33,49,32,5,10,12,3,8,42,27,104,7,18,1,8,4,2,8,0,6,42,4,23,7,61,48,4,17,15,13,2,4,12,42,29,78,3,19,104,36,201,35,58,28,17,12,9,0,10,31,6
2023-08,70,57,15,10,4,37,15,2,7,10,1,2,0,23,8,180,69,13,1,14,3,0,20,5,3,56,9,14,3,77,38,10,10,32,8,0,4,9,31,4,48,6,29,65,15,4,44,24,5,13,15,19,2,10,24,11
2023-08,71,75,15,5,1,61,74,33,5,28,6,4,0,71,40,139,22,19,2,4,15,9,19,0,1,35,6,25,4,90,40,15,12,20,5,0,1,7,44,10,43,2,26,100,38,13,39,34,26,27,31,5,0,8,53,11
2023-08,72,9,2,3,1,21,11,2,2,8,0,0,0,30,3,81,14,7,3,8,7,5,1,0,1,16,7,9,4,38,6,8,11,28,2,2,1,4,14,1,37,4,7,127,53,43,41,39,0,6,9,9,0,3,9,15
2023-08,73,52,20,4,2,41,24,5,3,20,8,2,0,51,15,99,12,13,3,9,2,2,6,5,1,21,4,17,2,70,36,9,26,28,1,0,4,8,51,11,44,3,13,113,52,6,57,2,26,19,16,16,1,17,50,18
2023-08,74,31,6,6,0,14,6,0,2,8,0,0,0,23,1,74,8,2,1,4,2,7,11,1,2,27,14,3,2,103,9,2,2,28,1,1,0,5,3,3,35,1,2,41,21,2,47,8,2,3,9,6,1,12,5,5
2023-08,75,33,6,7,3,16,10,5,2,5,16,1,2,23,12,77,8,7,5,14,2,3,11,2,2,30,3,13,1,41,17,10,13,10,6,1,2,9,21,20,62,5,17,151,47,8,47,3,10,11,12,8,0,5,37,11
2023-08,76,17,0,6,0,3,12,2,0,1,1,2,0,0,0,8,4,1,0,0,2,0,1,0,0,21,1,8,1,4,0,6,0,1,3,0,0,0,0,0,13,3,8,3,3,0,6,0,1,2,0,1,0,0,1,0
2023-08,77,64,6,11,7,15,35,17,1,21,1,1,0,29,17,25,91,22,0,6,12,18,8,7,5,35,4,9,6,68,16,8,12,17,9,0,1,3,4,2,61,4,22,35,34,42,48,104,3,0,12,14,1,6,9,55
2023-09,0,3788,691,792,133,1592,2008,646,306,810,375,139,84,1660,1199,4326,7407,697,207,524,554,246,680,596,274,2516,335,884,289,5322,1241,434,898,884,1029,66,225,375,1188,422,2834,368,1991,2459,1322,1831,1815,4161,486,578,886,840,125,373,840,1009
2023-09,1,54,1,8,3,10,44,11,0,13,0,0,1,10,17,26,84,9,2,3,2,7,9,3,3,33,2,9,0,120,14,3,5,5,18,1,0,5,12,2,9,2,25,25,34,19,20,22,0,5,14,18,2,3,2,26
2023-09,2,102,5,23,1,20,38,10,7,6,4,2,3,57,19,56,61,19,3,7,7,5,13,7,11,34,5,22,7,113,18,14,7,12,30,0,0,1,5,7,32,11,27,40,55,11,39,158,7,6,17,12,2,3,4,25
2023-09,3,60,1,7,2,7,121,11,2,48,11,2,2,16,22,15,198,10,6,11,13,11,8,5,1,33,5,4,5,67,18,3,4,18,19,1,0,2,0,9,26,4,14,12,11,13,29,150,1,3,23,29,7,1,2,37
2023-09,4,55,4,12,1,12,18,0,5,21,1,2,3,23,11,41,39,12,0,7,9,0,8,3,2,69,5,15,3,77,12,8,11,11,28,0,0,5,8,7,36,3,27,24,25,9,34,34,1,6,16,13,3,1,8,42
2023-09,5,42,2,12,0,48,11,2,5,5,2,2,6,47,6,64,71,14,3,2,17,3,3,3,1,36,1,6,2,110,18,4,6,43,19,1,9,15,2,4,12,2,12,26,25,27,26,8,1,3,19,11,0,1,7,22
2023-09,6,48,2,18,4,27,26,6,8,21,7,5,5,51,34,61,192,17,4,15,17,3,17,15,3,33,7,23,7,299,36,5,22,25,16,3,0,3,4,8,57,5,84,39,33,35,53,82,1,8,49,25,0,10,6,28
2023-09,7,40,6,19,4,23,24,1,18,4,2,5,0,23,13,51,177,25,3,13,15,3,9,2,3,48,12,10,10,139,37,3,15,26,29,0,1,12,6,18,35,3,47,20,30,20,31,129,3,6,26,17,1,0,7,21
2023-09,8,14,0,6,1,8,22,8,11,5,3,9,0,8,13,13,292,35,0,9,5,0,6,1,4,79,0,9,19,49,35,9,9,27,42,0,2,14,5,14,34,7,59,5,6,1,33,95,1,6,13,20,1,3,7,1
2023-09,9,5,9,9,0,10,3,0,1,4,1,0,0,4,0,31,1,0,2,0,0,1,0,0,0,16,2,2,0,26,0,4,5,6,3,0,0,1,0,0,15,0,3,16,13,9,17,1,0,2,7,9,5,0,5,2
2023-09,10,55,7,15,3,30,11,3,1,35,1,0,1,47,0,100,25,6,4,5,1,4,6,11,1,43,7,10,4,115,10,14,11,12,9,0,0,3,3,3,36,4,39,49,19,22,36,81,4,9,34,17,3,6,3,9
2023-09,11,43,7,9,0,16,2,2,0,10,0,2,0,14,5,39,21,8,6,2,6,4,4,3,0,41,3,5,1,99,8,10,3,6,6,0,2,2,5,2,17,5,22,16,18,17,28,63,0,3,10,8,1,0,1,30
2023-09,12,18,5,10,2,10,4,0,1,10,0,0,0,10,5,48,7,4,3,3,3,1,4,0,1,28,1,7,1,55,10,9,5,6,17,0,0,3,4,3,26,3,22,34,40,27,27,15,2,1,10,6,12,1,3,20
2023-09,13,17,2,13,1,5,18,1,1,14,2,0,0,10,6,24,25,2,0,2,4,0,2,4,0,31,4,10,0,49,9,4,4,10,10,0,0,0,2,9,6,0,13,21,10,5,40,80,0,0,5,2,2,2,1,8
2023-09,14,58,5,25,0,17,26,8,4,18,1,2,0,16,19,50,65,11,5,13,9,3,7,1,5,25,2,6,4,81,20,3,9,2,12,0,1,2,4,1,13,2,11,16,44,4,35,17,3,5,14,15,0,2,1,70
2023-09,15,124,8,36,1,42,37,5,15,18,0,2,0,24,19,117,84,12,4,13,25,8,13,17,4,68,15,6,6,228,23,17,27,20,43,2,5,3,13,7,81,13,38,40,35,63,48,75,3,7,24,19,7,6,2,65
2023-09,16,76,3,25,1,33,30,6,11,22,0,1,3,20,12,67,166,5,9,14,10,6,13,13,2,73,4,13,6,152,28,5,11,13,20,0,3,5,5,6,48,4,31,29,35,40,29,73,3,3,29,21,4,6,13,65
2023-09,17,102,16,12,1,25,16,4,3,12,2,0,0,19,8,86,15,14,2,19,12,1,21,12,1,62,2,9,1,136,19,7,16,37,19,1,5,4,1,4,31,13,10,40,24,17,52,29,5,7,5,17,1,6,9,15
2023-09,18,32,3,2,0,12,36,8,1,8,0,1,0,10,2,23,27,4,1,3,34,1,4,0,1,25,0,6,2,26,6,1,2,7,4,0,0,0,4,0,15,2,7,14,9,4,13,0,0,1,3,8,0,0,1,8
2023-09,19,253,9,40,2,73,36,7,3,10,1,1,0,44,29,191,117,9,6,11,12,2,13,2,7,69,10,16,9,130,11,9,19,19,50,1,5,12,14,3,90,9,38,23,26,29,46,101,3,8,15,9,2,9,2,14
2023-09,20,33,3,5,1,10,11,4,5,4,1,0,1,7,9,44,40,2,1,3,3,1,4,1,8,5,0,6,1,61,12,0,5,6,9,2,0,0,3,0,17,7,13,5,16,10,13,57,0,6,5,3,0,2,1,10
2023-09,21,73,3,24,2,18,16,4,2,13,1,3,1,10,8,39,147,6,3,11,9,2,27,6,7,37,2,6,16,64,11,10,8,11,24,2,1,3,7,7,20,6,29,18,10,21,19,15,2,3,18,17,0,3,5,32
2023-09,22,66,8,47,3,40,37,6,7,18,10,6,0,21,29,97,418,29,1,11,11,2,9,36,6,59,13,13,12,159,37,10,19,33,38,1,4,10,15,15,59,7,57,42,21,31,30,66,10,2,30,16,1,5,18,56
2023-09,23,125,9,12,4,44,44,19,11,10,28,4,0,48,34,129,110,7,1,16,13,5,25,27,8,24,8,20,3,93,25,5,23,8,12,1,1,4,33,9,36,8,10,43,23,5,29,12,11,11,18,17,2,10,15,17
2023-09,24,67,23,52,7,53,69,9,12,13,13,5,1,52,37,139,711,37,2,51,23,4,22,18,9,89,20,12,14,274,61,14,28,37,45,2,4,6,12,15,55,9,58,35,39,48,65,362,5,4,36,32,2,16,25,58
2023-09,25,161,23,45,13,62,101,62,11,56,21,11,2,69,82,174,97,24,26,35,36,30,10,48,10,63,10,44,5,141,59,23,35,20,37,0,2,8,72,18,76,11,66,105,33,16,65,116,17,25,33,35,4,36,15,17
2023-09,26,46,2,6,0,13,26,10,5,9,10,2,0,22,35,55,9,4,3,9,7,5,2,9,1,16,1,23,1,31,9,8,7,0,2,0,2,0,14,5,14,3,18,30,2,0,4,16,5,8,3,4,1,8,10,0
2023-09,27,25,5,9,0,22,22,5,0,7,34,1,1,14,34,65,33,5,1,8,3,5,5,10,4,15,5,5,2,37,8,3,5,16,2,0,2,5,18,12,36,7,26,39,6,13,14,53,6,12,3,10,0,5,26,5
2023-09,28,53,6,9,1,23,29,11,8,9,12,1,1,14,30,42,516,14,2,2,8,1,9,14,3,112,3,13,14,77,34,15,22,70,63,3,6,16,28,30,104,15,107,15,5,6,33,160,5,6,13,22,4,4,24,3
2023-09,29,60,6,23,1,24,50,20,0,13,18,0,0,23,44,87,108,8,2,6,1,1,9,3,3,26,4,21,1,61,21,10,18,24,20,4,6,16,34,8,81,13,25,51,16,77,16,129,18,17,7,9,0,3,38,4
2023-09,30,98,16,38,1,43,33,9,16,20,6,1,0,26,20,121,440,13,5,6,12,3,19,59,15,73,8,14,2,95,23,9,13,10,28,1,6,8,35,5,74,3,14,17,21,56,37,100,7,11,15,8,0,6,4,3
2023-09,31,33,3,8,0,25,23,5,4,11,2,1,0,9,6,39,460,9,3,5,5,8,7,49,4,22,14,5,7,80,6,3,13,9,7,0,1,4,16,7,25,3,23,3,5,20,11,71,4,3,8,15,0,3,4,8
2023-09,32,24,0,0,1,1,10,3,2,1,1,5,2,6,2,4,201,11,1,0,2,1,12,2,1,87,1,15,14,25,16,2,2,12,26,0,1,1,2,5,85,10,110,3,0,2,7,1,0,3,10,11,0,2,2,3
2023-09,33,9,1,1,1,1,12,2,2,1,2,1,0,8,4,2,50,12,0,4,1,0,8,2,1,25,6,1,0,22,0,7,1,0,5,0,0,0,3,3,16,1,29,5,3,0,8,1,1,1,2,8,0,1,2,2
2023-09,34,8,4,2,0,7,2,0,2,1,1,1,0,1,3,22,54,0,2,0,1,2,2,3,1,25,1,1,17,14,0,0,3,4,8,1,1,6,1,1,7,3,15,5,1,2,3,6,1,1,1,2,0,0,1,1
2023-09,35,7,4,0,0,3,20,13,1,0,0,1,2,4,2,4,9,11,0,2,6,0,0,0,1,21,1,7,2,2,1,3,2,4,5,0,0,1,4,2,11,3,18,11,7,0,8,104,1,1,2,8,0,0,1,0
2023-09,36,15,11,1,1,3,9,5,0,0,2,0,1,5,2,5,4,2,0,1,3,0,0,1,0,8,1,2,0,6,2,0,3,0,1,0,2,3,3,0,11,1,2,1,3,1,1,0,1,0,1,2,0,1,3,0
2023-09,37,8,5,0,0,4,6,2,0,2,3,0,0,3,4,11,13,1,0,0,2,1,0,0,0,5,1,2,2,13,1,0,1,0,0,0,0,0,1,1,5,1,3,3,2,4,5,1,0,2,2,0,0,0,3,1
2023-09,38,49,13,5,0,12,28,13,2,2,7,0,0,9,11,20,13,10,2,5,4,1,11,1,1,11,2,7,5,43,13,5,9,3,4,0,0,2,16,5,18,3,22,19,8,3,10,56,5,8,3,12,0,7,13,4
2023-09,39,14,3,1,0,5,15,16,0,0,2,2,1,7,1,12,7,6,0,3,6,0,1,1,0,6,6,6,0,21,9,0,0,1,1,1,2,3,5,2,9,2,23,12,4,0,3,22,0,6,6,2,0,3,1,4
2023-09,40,11,10,0,1,6,16,11,0,2,2,1,0,12,8,13,4,0,0,4,0,0,4,1,0,12,0,0,1,5,6,2,3,1,4,0,0,0,8,4,20,0,26,19,3,6,3,2,2,2,0,7,0,3,9,1
2023-09,41,16,2,6,1,6,20,4,0,7,0,2,0,2,1,7,9,1,1,1,1,0,0,1,1,13,0,13,3,13,1,6,3,6,8,2,6,9,4,0,16,1,20,11,7,9,13,8,0,1,19,22,0,1,1,5
2023-09,42,20,23,15,1,19,37,15,1,2,12,2,2,23,21,26,10,8,2,6,7,6,13,2,5,25,7,11,0,34,19,5,1,5,3,0,3,9,9,10,30,8,33,30,22,29,12,110,6,2,9,6,0,6,9,3
2023-09,43,61,10,9,3,22,92,50,1,16,6,4,0,61,29,61,17,10,3,11,9,17,16,2,3,53,16,35,5,35,38,15,119,7,11,2,11,16,29,8,75,6,31,65,29,3,41,48,16,23,7,14,3,9,17,8
2023-09,44,59,23,3,8,20,61,36,2,5,5,1,7,35,34,71,5,16,3,13,1,0,10,16,5,13,9,25,5,32,37,10,23,7,5,0,9,5,35,13,53,6,23,67,23,9,26,4,18,18,13,26,5,9,19,13
2023-09,45,11,6,0,2,11,8,1,0,1,1,5,0,11,4,28,5,3,1,1,0,0,2,4,1,12,0,6,1,18,5,2,9,4,3,1,8,5,5,1,33,1,2,40,19,1,13,63,3,5,7,4,0,3,3,4
2023-09,46,43,27,5,1,25,53,14,8,14,9,2,3,30,19,72,37,7,5,6,4,4,5,10,1,29,6,18,2,32,38,4,24,2,2,0,5,12,35,4,62,4,27,106,32,12,31,54,28,27,3,8,1,10,28,10
2023-09,47,1,1,0,2,0,2,4,0,3,1,0,0,4,4,10,0,1,0,2,2,0,0,0,0,1,0,1,0,6,4,1,2,0,0,0,0,0,1,0,5,0,1,8,3,1,2,0,5,2,1,1,1,1,3,1
2023-09,48,12,12,2,1,14,9,1,1,7,2,0,12,25,14,41,5,7,0,0,2,0,3,3,1,8,2,7,3,19,4,1,7,3,4,1,8,4,21,1,24,1,17,26,11,10,20,4,3,4,8,10,2,2,13,3
2023-09,49,63,79,5,8,39,49,18,7,10,15,1,3,54,50,117,18,16,8,11,10,3,11,0,9,28,5,37,12,60,20,8,30,28,7,4,14,14,53,8,98,10,26,96,41,6,52,48,25,23,17,19,1,12,52,16
2023-09,50,13,2,1,1,7,11,8,0,3,2,1,0,8,1,27,1,4,0,0,4,4,1,1,1,6,0,5,0,10,4,1,4,3,1,0,0,2,9,0,9,3,4,11,5,1,8,1,3,2,5,2,0,16,3,1
2023-09,51,30,11,1,1,23,7,5,1,7,1,1,3,26,7,46,25,3,1,2,2,0,5,0,4,30,2,19,2,19,21,3,16,8,2,3,6,6,35,1,42,14,19,63,9,6,11,17,9,11,9,14,1,1,18,12
2023-09,52,67,2,7,1,43,7,1,4,5,1,1,0,13,4,46,19,11,1,5,3,1,6,2,3,14,2,5,2,15,14,2,10,10,5,0,0,1,11,0,29,1,9,14,4,4,23,85,2,7,5,3,2,6,4,2
2023-09,53,45,23,6,4,21,29,8,2,9,14,6,1,27,29,90,6,14,3,11,0,2,17,1,11,14,4,19,0,35,34,11,22,11,3,0,2,3,26,10,46,7,4,88,28,5,38,7,36,24,22,10,2,11,33,15
2023-09,54,10,1,0,0,0,3,4,0,0,1,0,0,2,1,1,0,1,0,1,0,1,0,0,0,1,0,5,0,2,0,0,1,0,2,0,0,1,3,1,2,2,4,6,3,0,2,0,0,1,0,1,0,2,1,0
2023-09,55,17,4,1,0,17,4,0,2,3,1,0,3,1,3,19,6,6,0,1,0,0,3,1,0,6,1,4,0,3,7,4,5,4,7,0,0,1,7,0,15,8,23,10,2,0,7,0,0,3,3,13,2,20,3,2
2023-09,56,97,25,2,3,13,21,1,3,34,2,2,1,19,3,92,56,6,11,8,11,11,14,2,15,35,2,5,2,191,9,5,37,11,12,1,5,7,10,1,71,0,31,17,11,52,18,90,11,4,14,17,4,2,3,7
2023-09,57,46,7,2,1,7,7,1,0,7,0,1,0,3,3,28,176,1,0,2,2,0,2,6,0,26,1,2,2,13,14,1,7,0,14,1,1,3,4,1,23,1,2,10,11,47,11,33,1,1,7,4,0,2,0,3
2023-09,58,61,6,5,2,35,15,1,8,7,1,2,0,16,10,66,353,5,5,4,5,0,8,18,5,32,4,10,2,28,8,3,10,6,20,0,2,6,13,2,48,4,23,10,17,32,14,59,5,7,13,3,1,1,3,3
2023-09,59,49,2,5,1,20,10,0,5,1,2,0,1,11,3,29,175,0,0,3,3,0,10,0,3,18,1,4,1,20,2,4,3,6,12,0,1,6,6,1,14,3,15,6,2,29,8,1,2,1,8,3,0,0,2,10
2023-09,60,44,4,7,0,16,20,0,1,6,1,1,0,21,9,42,116,6,5,6,9,3,5,5,2,31,8,7,2,133,16,5,5,6,17,1,0,2,6,2,29,7,25,20,17,49,22,94,2,1,17,4,1,1,8,7
2023-09,61,58,16,10,1,28,33,14,3,10,10,4,0,22,26,99,196,6,6,7,7,6,12,57,12,39,6,23,1,206,22,1,4,9,9,6,0,4,39,6,85,6,56,50,19,4,26,139,20,11,9,4,3,3,26,7
2023-09,62,52,6,2,0,13,1,1,1,5,0,1,0,9,2,38,144,6,1,2,2,0,6,0,4,14,0,7,0,28,1,2,4,1,17,0,2,6,15,4,21,0,5,8,1,46,9,2,3,3,4,2,0,2,2,2
2023-09,63,63,11,12,1,17,51,10,24,12,2,3,0,21,15,61,431,9,2,2,8,5,10,27,5,35,5,11,1,45,14,2,10,9,17,4,7,4,17,3,28,5,42,39,5,71,21,26,1,13,2,11,0,5,1,2
2023-09,64,56,8,5,14,18,7,3,3,18,1,0,0,11,1,54,28,11,0,3,8,0,9,4,0,38,1,6,0,168,7,7,6,4,5,0,0,0,6,0,49,8,7,19,5,28,10,2,1,1,8,4,5,0,6,4
2023-09,65,67,9,7,2,28,9,5,4,9,1,0,0,6,4,68,122,9,1,6,1,5,11,0,2,36,2,9,5,46,8,9,14,14,13,0,4,2,14,1,40,3,7,17,3,27,17,59,2,5,3,4,2,1,2,2
2023-09,66,113,11,21,2,31,64,27,4,14,6,1,0,44,28,86,120,3,0,5,19,6,32,5,5,44,3,20,4,109,31,3,13,8,33,2,7,8,44,7,31,4,7,39,28,87,30,120,14,15,8,19,0,3,12,8
2023-09,67,44,11,8,2,35,45,13,1,11,17,1,2,37,54,95,21,4,7,4,8,11,14,2,3,25,5,26,4,62,25,2,6,5,1,1,4,5,44,6,48,8,55,51,25,469,27,3,37,29,10,5,2,13,67,10
2023-09,68,67,8,4,0,17,38,10,3,7,10,3,0,26,50,61,13,12,2,7,7,2,4,0,7,21,7,24,1,56,14,12,17,3,6,1,4,7,49,8,30,6,29,68,26,21,13,68,19,16,8,5,0,8,63,7
2023-09,69,65,5,5,3,20,51,22,3,10,4,3,0,47,24,65,9,9,4,9,7,5,7,6,7,29,8,20,4,54,36,2,10,13,10,1,12,11,40,17,52,3,29,68,20,0,26,63,30,10,8,17,0,10,19,10
2023-09,70,46,12,5,0,42,20,2,7,24,4,2,4,66,8,137,88,7,6,7,6,4,28,5,6,74,6,6,3,75,17,5,9,25,8,0,4,8,30,10,50,10,16,40,29,26,36,51,3,15,9,14,4,3,22,5
2023-09,71,65,30,10,2,35,40,22,0,16,9,4,2,42,31,105,9,24,4,13,16,7,36,6,15,44,12,40,4,87,34,11,14,15,5,3,3,3,57,7,83,8,20,100,21,2,32,110,18,28,22,13,2,14,29,11
2023-09,72,14,4,7,0,14,8,4,0,8,2,0,0,23,2,63,11,6,0,5,9,2,5,2,0,13,6,5,1,34,9,7,9,6,4,0,0,1,9,3,32,0,23,69,17,7,40,113,3,9,10,4,0,5,1,11
2023-09,73,37,23,10,0,37,21,6,2,18,4,0,3,40,34,87,6,11,2,9,3,1,9,2,0,41,3,13,2,40,15,5,16,16,7,2,11,7,40,8,63,2,40,77,38,9,44,4,13,16,11,10,4,9,13,10
2023-09,74,9,1,2,0,18,4,0,0,6,0,1,0,6,0,70,0,1,2,1,3,0,8,1,1,12,2,6,3,77,4,4,2,6,1,0,2,0,6,1,17,1,13,17,6,2,20,2,0,3,9,3,6,2,4,8
2023-09,75,13,7,1,0,14,11,4,9,11,7,0,0,15,8,68,2,12,1,8,3,4,4,1,1,35,3,12,2,33,13,6,6,18,8,1,9,8,23,9,64,7,14,95,24,9,31,6,7,14,7,7,3,1,27,4
2023-09,76,14,0,6,1,5,4,3,1,1,0,1,0,9,1,8,0,1,0,1,0,0,0,1,0,5,2,4,4,1,0,2,1,1,2,0,0,0,0,0,4,2,1,2,0,1,4,3,0,0,0,0,0,0,0,4
2023-09,77,57,6,6,0,15,34,6,8,7,7,1,0,21,17,15,57,13,2,7,15,1,8,10,3,29,0,3,0,88,10,2,8,30,10,1,1,1,6,7,15,0,65,26,39,24,37,101,1,2,22,18,1,1,19,42
2023-10,0,3580,663,788,89,1425,1917,626,270,765,256,111,97,1234,969,3848,7281,623,215,473,620,278,497,301,290,2179,265,768,255,4622,977,471,683,828,1160,60,199,418,1073,446,3218,405,1934,2085,1129,1918,1632,4884,398,809,703,478,56,217,488,1282
2023-10,1,64,3,4,3,2,32,12,2,9,4,4,0,17,8,16,135,8,1,4,10,2,2,2,3,27,3,6,4,81,10,1,9,7,19,1,3,5,8,2,25,1,53,28,29,15,20,56,1,8,13,3,0,1,1,35
2023-10,2,120,4,12,5,25,35,7,5,17,1,1,0,28,7,56,60,5,5,5,14,2,5,4,12,39,3,21,8,112,34,11,8,7,22,0,2,0,10,3,22,4,28,43,48,15,32,222,2,11,13,12,0,6,1,23
2023-10,3,38,11,10,0,8,119,13,2,5,6,3,3,14,33,6,182,15,0,5,6,4,1,4,3,30,8,11,6,63,15,3,7,13,15,0,2,2,4,6,25,6,50,16,9,27,23,199,2,7,20,6,1,0,13,42
2023-10,4,49,6,9,0,10,8,0,2,9,1,1,2,23,7,40,63,5,2,3,8,8,2,3,6,30,6,8,2,56,5,4,3,13,12,2,4,4,8,4,56,7,30,44,21,7,26,44,1,8,7,8,2,1,1,46
2023-10,5,38,7,21,1,22,8,1,3,18,1,0,4,3,6,35,99,21,2,4,8,8,7,0,6,45,4,7,2,60,5,2,11,28,25,4,10,7,2,4,47,1,63,26,15,21,30,17,1,8,6,9,1,5,4,41
2023-10,6,41,10,19,1,29,46,7,11,6,4,7,3,24,16,53,164,24,5,13,13,2,23,34,3,46,5,12,9,223,27,15,11,19,29,3,1,11,4,6,58,10,106,27,28,13,32,128,2,14,25,17,2,4,1,73
2023-10,7,34,10,13,2,24,14,6,6,11,1,0,4,26,14,34,210,24,0,10,21,2,5,8,1,31,4,10,6,121,24,4,7,28,23,4,4,11,4,8,69,12,56,28,25,10,34,194,4,16,17,7,0,3,1,40
2023-10,8,13,1,8,0,1,30,8,6,2,4,5,0,13,15,7,218,21,0,5,11,2,7,10,6,57,0,19,19,47,20,11,3,17,35,0,3,10,7,14,109,11,65,3,9,4,11,83,1,29,9,5,0,1,2,1
2023-10,9,5,10,6,0,3,2,0,1,14,0,0,1,6,0,15,2,3,16,1,2,4,0,0,0,9,0,2,1,17,1,1,2,5,2,0,0,3,2,0,15,1,9,22,5,4,13,1,0,3,5,5,1,1,1,4
2023-10,10,50,13,13,1,32,11,2,3,31,2,0,5,11,1,69,24,9,1,6,5,3,7,5,1,38,6,4,1,59,9,13,6,7,12,2,0,10,4,4,45,4,15,51,15,35,45,103,2,4,12,8,5,0,1,21
2023-10,11,41,13,7,0,11,8,2,1,18,0,1,0,20,2,51,28,4,9,4,7,7,7,5,1,36,4,2,0,69,10,16,9,7,2,0,0,5,4,5,31,5,22,22,23,10,22,60,1,2,10,2,0,3,0,35
2023-10,12,19,6,7,1,14,7,0,0,5,0,0,0,13,0,34,10,6,1,5,3,0,2,1,0,25,3,7,0,33,5,12,4,4,5,1,0,8,0,5,19,4,13,24,46,2,23,1,1,5,3,3,2,1,7,46
2023-10,13,16,0,11,1,9,8,0,27,13,0,0,1,14,6,27,37,3,0,1,6,0,0,0,1,26,1,2,1,45,7,5,2,5,3,0,1,3,0,13,26,3,5,20,13,2,9,75,0,1,8,5,0,0,1,15
2023-10,14,58,4,17,0,18,26,11,1,6,0,1,0,21,13,40,87,2,1,9,6,0,6,0,2,44,3,4,3,69,22,10,5,15,26,0,1,4,4,4,30,2,9,29,26,6,27,1,2,4,10,8,0,1,0,113
2023-10,15,130,6,43,0,37,34,6,6,22,1,2,0,24,13,111,71,12,5,14,37,0,4,8,3,43,3,14,9,196,17,19,32,36,46,1,4,0,4,6,56,7,51,38,27,15,54,100,7,17,29,17,1,6,6,89
2023-10,16,102,9,22,1,17,28,6,6,5,0,2,3,17,14,79,195,14,2,8,11,2,10,2,4,32,8,11,4,154,16,7,15,20,33,0,4,2,6,10,58,8,20,48,29,9,42,133,1,8,19,4,0,3,4,94
2023-10,17,78,8,22,2,29,23,7,4,29,0,4,2,12,11,88,37,6,3,12,18,14,19,1,2,43,2,2,3,124,14,10,16,26,9,0,2,4,4,2,48,12,21,37,15,6,37,5,7,3,14,8,0,4,2,21
2023-10,18,20,1,6,2,7,29,0,3,4,0,1,0,4,1,35,8,6,2,3,23,0,4,2,6,21,0,1,2,26,14,4,7,6,1,0,0,1,2,2,12,0,4,8,3,4,9,62,0,11,0,2,1,2,0,2
2023-10,19,146,19,34,1,77,41,11,14,8,2,6,0,16,44,168,164,12,10,16,17,6,9,3,4,46,1,8,4,148,25,11,11,18,39,2,11,5,14,12,83,9,35,32,17,7,39,151,3,8,14,5,1,6,2,21
2023-10,20,41,5,20,0,13,12,3,1,1,0,0,3,4,9,32,48,1,0,2,6,0,2,1,4,10,1,1,0,58,18,3,5,1,18,0,0,0,3,2,20,3,3,9,18,2,10,89,2,2,4,2,0,3,3,14
2023-10,21,47,10,20,1,15,11,1,4,2,0,2,2,5,7,32,164,5,1,10,8,3,26,2,8,32,1,3,5,87,8,5,7,8,28,0,0,5,5,5,54,8,53,11,4,2,12,4,0,7,4,3,0,1,2,36
2023-10,22,86,15,38,2,40,40,10,9,6,4,3,2,27,26,76,478,24,4,6,18,2,19,8,8,50,3,13,5,140,31,17,15,24,61,0,0,6,8,12,105,15,54,38,28,17,44,83,9,19,27,21,3,2,5,107
2023-10,23,101,8,19,4,39,44,23,4,21,15,4,0,21,54,104,115,10,4,14,8,4,7,16,3,19,4,28,7,99,24,14,8,7,18,1,0,4,43,13,43,2,14,32,18,8,24,113,10,15,12,8,0,8,4,16
2023-10,24,67,15,46,2,51,45,5,5,28,4,5,2,31,29,88,606,22,3,22,63,4,20,2,5,50,11,11,13,256,39,12,13,32,42,3,8,13,23,20,47,4,58,33,21,12,66,268,10,12,23,20,0,2,14,92
2023-10,25,178,32,72,5,73,101,48,13,45,14,5,2,46,62,203,58,22,24,23,33,25,15,11,11,62,6,37,9,131,45,15,42,10,27,1,21,7,50,7,134,14,43,77,39,23,55,107,19,36,34,17,4,15,11,14
2023-10,26,40,6,5,1,13,24,9,3,8,5,0,0,15,22,51,6,1,0,9,1,1,2,1,7,19,0,13,1,25,7,1,5,1,1,0,0,3,12,3,0,2,21,20,2,81,2,32,9,4,9,4,1,0,3,1
2023-10,27,45,6,10,0,23,14,14,2,7,27,0,0,12,12,41,36,5,0,10,2,5,10,8,3,24,2,9,0,32,7,9,12,41,23,0,1,6,16,9,20,8,26,27,6,69,12,74,9,12,6,4,0,2,59,5
2023-10,28,31,8,10,0,13,32,8,2,7,5,0,0,14,33,36,494,19,1,13,11,1,8,25,10,106,1,17,20,80,29,20,11,66,107,2,4,26,14,19,69,18,77,18,10,5,40,240,0,24,11,17,3,3,26,11
2023-10,29,90,24,19,1,17,37,15,4,12,28,0,0,21,26,56,52,5,2,5,7,5,12,2,9,30,5,13,2,82,18,6,7,6,10,1,2,5,32,10,53,8,22,48,3,159,11,53,8,30,4,2,0,2,21,4
2023-10,30,76,11,18,0,40,38,9,11,19,2,1,1,13,29,107,432,20,2,8,12,3,11,19,8,26,6,13,4,109,28,9,15,9,30,3,2,8,21,6,57,10,9,13,13,250,23,78,9,15,9,8,1,3,6,6
2023-10,31,37,4,7,3,15,15,4,1,9,4,1,0,11,10,35,550,8,2,6,19,1,6,1,4,71,7,7,5,76,9,3,5,32,37,0,0,16,10,7,68,9,55,3,7,5,15,105,4,2,9,5,1,1,7,9
2023-10,32,28,1,0,0,3,5,2,4,7,3,6,1,10,5,6,244,9,1,1,2,0,3,2,1,40,0,8,16,23,21,7,2,12,38,0,0,5,5,13,211,7,72,4,3,1,3,4,0,17,6,4,1,1,1,0
2023-10,33,11,0,3,0,8,5,3,2,0,0,1,0,6,1,8,30,4,0,2,0,0,4,3,3,30,2,5,2,14,2,1,1,1,6,0,0,3,0,2,25,2,28,2,1,1,2,0,0,8,1,1,1,1,0,2
2023-10,34,6,0,0,0,4,3,2,1,3,1,0,0,3,6,11,62,2,0,0,1,1,1,0,5,10,2,3,6,20,0,0,5,3,3,0,2,4,4,5,22,1,5,1,4,19,3,15,0,0,3,1,0,1,0,4
2023-10,35,5,0,1,0,6,13,6,0,1,0,2,0,4,1,8,7,2,1,5,2,1,0,3,1,6,2,4,2,10,2,4,1,0,1,0,0,2,8,2,43,0,19,3,3,0,6,141,2,8,1,2,0,0,0,5
2023-10,36,6,0,0,0,1,8,8,0,1,0,0,0,1,2,2,1,1,0,3,0,0,1,0,1,2,0,3,0,4,2,0,7,0,0,1,0,0,1,0,5,2,4,3,4,0,0,1,0,0,1,0,1,0,0,1
2023-10,37,7,2,2,0,2,5,0,0,0,3,0,0,2,0,10,0,0,0,1,0,0,0,0,0,7,1,4,1,18,2,1,1,0,1,0,3,2,11,2,2,2,3,6,2,0,4,0,0,3,1,0,0,0,7,1
2023-10,38,63,5,2,2,16,29,13,2,6,8,0,1,13,5,14,11,7,0,3,0,4,3,0,1,7,2,9,0,36,8,4,2,4,5,1,0,3,16,7,25,0,14,4,2,2,8,106,5,7,2,5,1,1,9,3
2023-10,39,12,2,2,0,4,23,17,0,8,0,0,0,5,0,8,1,3,1,3,4,8,0,2,1,9,5,5,1,16,13,0,2,1,0,0,1,2,6,4,5,3,13,7,4,1,2,1,0,5,7,0,1,3,2,6
2023-10,40,13,0,1,0,3,17,20,0,4,3,0,2,14,4,13,6,4,0,1,0,0,1,2,0,10,1,6,1,7,1,1,0,0,4,0,1,4,9,2,22,3,36,10,2,1,0,9,2,0,1,1,0,2,1,0
2023-10,41,4,0,4,0,2,18,9,1,3,0,0,0,2,1,9,11,0,1,6,1,1,1,0,0,17,4,5,5,26,4,1,2,3,10,0,0,0,7,2,19,1,14,17,22,9,9,0,1,0,20,4,0,0,0,7
2023-10,42,25,3,7,2,13,25,16,3,5,6,1,0,10,11,45,11,1,0,7,2,5,1,1,7,21,3,4,2,23,15,1,8,5,4,0,3,4,17,6,27,3,22,24,12,1,7,11,6,3,6,4,1,3,4,1
2023-10,43,65,25,7,2,11,88,62,1,19,1,1,7,39,15,42,9,13,4,9,6,11,20,3,15,23,9,38,4,33,21,11,9,11,14,0,2,7,42,17,41,10,38,56,24,8,26,100,9,25,15,5,3,7,4,3
2023-10,44,50,18,1,2,20,54,20,1,15,7,1,4,33,14,51,34,11,4,9,4,8,12,7,5,15,5,12,2,29,10,6,11,7,11,2,7,15,23,5,50,7,20,60,34,1,32,32,10,16,8,8,0,4,11,6
2023-10,45,18,3,1,3,11,7,3,0,2,1,1,1,7,7,32,0,1,0,5,6,0,1,1,0,4,0,13,0,9,6,2,2,2,3,2,0,1,12,6,31,1,18,27,4,3,13,85,3,1,4,1,0,2,2,1
2023-10,46,44,5,2,2,24,48,19,1,7,3,0,4,19,16,60,22,14,0,8,8,3,14,0,4,16,5,27,1,56,18,5,16,2,10,0,2,0,39,3,29,2,14,83,25,9,22,71,16,32,7,6,1,9,10,6
2023-10,47,0,0,0,0,2,8,2,1,0,1,1,0,3,2,4,0,0,0,0,1,0,0,0,0,0,2,1,0,2,1,0,3,2,1,0,0,1,5,0,4,0,2,5,1,0,1,0,2,1,1,0,0,0,0,1
2023-10,48,21,5,3,0,13,5,1,0,4,3,0,5,13,6,41,8,14,2,5,5,1,5,3,0,23,2,7,0,28,2,2,9,6,4,0,0,0,14,2,15,7,22,20,16,10,20,7,2,11,6,4,0,3,1,3
2023-10,49,36,18,6,3,28,48,11,2,16,14,1,5,64,38,97,9,12,12,11,10,10,9,4,6,23,7,27,8,62,19,6,22,22,7,1,9,17,58,16,77,10,19,98,31,6,41,59,26,37,15,8,0,8,36,8
2023-10,50,13,6,1,3,9,12,1,0,2,1,0,0,7,1,27,0,2,1,2,5,0,2,0,0,8,2,12,0,8,2,7,32,2,2,0,6,9,15,1,29,0,7,12,11,0,13,5,3,2,5,2,1,4,1,2
2023-10,51,27,2,7,1,9,16,5,1,6,5,0,0,21,5,39,15,11,5,8,0,16,1,4,5,34,3,4,1,12,8,9,11,3,2,0,2,5,15,3,44,3,24,42,13,2,11,2,11,10,8,15,2,1,10,3
2023-10,52,67,14,4,0,38,8,2,2,3,0,3,0,10,4,49,48,11,0,4,1,2,9,0,2,12,2,12,1,17,9,3,9,15,4,0,3,1,9,2,37,3,3,22,5,1,15,79,3,0,5,10,0,1,0,2
2023-10,53,23,10,6,1,30,28,5,1,7,4,0,2,30,26,113,10,14,4,4,5,8,12,0,5,23,5,23,0,30,23,8,10,13,5,2,4,13,30,8,46,7,11,98,19,3,42,5,16,18,9,7,1,9,26,6
2023-10,54,0,1,0,0,0,1,1,0,1,0,0,0,5,1,5,0,2,0,0,0,0,1,0,1,20,0,3,0,1,1,0,0,2,0,0,0,0,9,0,34,1,7,12,1,7,3,0,1,5,1,6,0,1,3,0
2023-10,55,5,3,0,0,19,3,1,1,4,1,0,0,8,1,37,12,3,0,3,1,0,2,4,2,15,4,3,1,4,3,2,2,4,7,1,0,2,7,0,37,1,4,4,7,1,7,7,2,1,2,0,0,0,0,1
2023-10,56,75,39,5,1,21,10,1,3,27,2,2,14,9,4,65,74,10,2,11,14,2,11,10,5,63,3,4,0,127,8,5,13,7,39,6,10,8,6,4,43,3,11,25,5,5,28,101,3,4,12,9,1,3,0,10
2023-10,57,43,6,1,1,5,8,0,2,5,1,0,0,10,2,18,213,4,0,1,3,0,1,0,1,25,2,4,3,20,6,1,2,8,22,0,2,5,4,1,30,3,8,2,1,6,7,12,1,3,4,2,0,2,0,1
2023-10,58,82,15,7,0,22,16,6,3,6,0,0,0,12,13,57,303,2,3,8,5,3,10,8,2,28,1,2,5,30,8,2,7,0,27,0,0,6,14,7,19,8,17,10,10,4,21,90,4,9,8,9,0,1,4,2
2023-10,59,39,5,6,0,15,18,1,4,3,0,0,1,6,2,23,134,3,0,1,0,3,4,8,2,37,3,2,1,24,6,2,5,1,9,1,1,2,7,2,41,10,20,6,5,35,3,4,1,1,8,1,0,0,2,5
2023-10,60,38,4,15,4,19,11,3,1,7,1,2,0,15,7,49,134,6,2,2,10,1,6,1,5,19,0,4,3,106,14,2,7,10,21,0,2,8,4,1,23,5,22,7,11,117,24,205,0,4,23,3,0,0,6,13
2023-10,61,64,24,4,2,23,36,11,7,12,7,3,1,13,13,59,169,0,4,13,10,4,4,19,12,19,6,20,5,63,19,9,10,7,8,0,1,5,33,4,34,8,20,43,15,1,23,81,10,15,13,9,1,3,7,2
2023-10,62,50,0,1,0,13,8,1,1,15,0,1,1,6,1,28,106,2,3,1,4,1,2,0,4,9,1,7,0,25,1,1,2,3,21,0,0,1,3,2,7,3,7,8,3,1,6,1,0,0,3,3,0,0,0,1
2023-10,63,74,8,16,2,28,45,3,7,15,2,0,0,24,8,67,290,5,0,2,4,2,4,1,3,47,5,7,0,25,6,7,9,3,18,0,4,9,24,10,63,9,23,10,6,26,39,78,2,5,2,11,0,3,0,1
2023-10,64,73,9,6,5,6,10,3,1,18,0,0,0,11,3,43,12,8,29,0,6,16,4,6,5,62,0,4,0,158,2,2,6,2,5,0,6,11,5,5,46,6,31,13,5,3,12,0,0,5,4,4,0,0,0,5
2023-10,65,73,19,4,3,16,25,10,2,18,0,2,1,31,11,69,93,1,1,1,4,2,1,1,1,20,0,2,3,44,8,3,8,10,15,0,2,3,13,1,24,5,12,10,4,0,15,55,0,5,9,4,2,4,0,6
2023-10,66,96,13,19,3,33,39,14,6,19,1,1,1,31,19,88,143,9,6,10,9,13,19,0,8,28,4,21,1,84,19,6,7,8,14,1,5,9,33,5,68,5,17,27,15,4,35,124,12,30,13,8,0,10,5,2
2023-10,67,35,12,10,0,36,24,9,6,10,15,2,0,28,28,91,19,6,0,9,14,2,9,0,4,30,14,27,2,65,21,4,8,7,3,3,5,9,56,10,46,7,29,53,31,720,21,17,23,39,9,13,1,5,42,3
2023-10,68,50,18,4,1,18,45,20,2,12,6,0,0,39,37,57,13,6,2,2,13,3,7,11,4,38,4,15,0,52,18,8,7,3,6,0,0,5,35,9,72,5,39,59,11,7,18,38,17,19,6,2,1,2,28,2
2023-10,69,68,12,4,0,17,63,25,8,15,5,3,1,26,35,54,11,14,2,4,5,7,2,0,5,30,7,20,3,52,14,11,18,3,11,0,5,7,28,14,35,6,41,52,17,1,23,88,30,20,7,7,3,4,10,1
2023-10,70,54,18,10,1,22,17,3,8,23,0,4,1,11,15,103,43,8,0,10,1,4,11,4,3,59,8,15,0,53,14,8,14,14,12,4,6,6,23,6,54,2,18,31,18,3,34,66,2,11,6,3,0,6,5,2
2023-10,71,66,10,8,1,32,61,16,6,8,11,4,1,37,26,103,19,18,9,14,13,4,14,0,11,38,8,14,3,100,27,14,18,20,4,1,6,6,39,11,42,3,23,64,32,2,45,113,18,38,22,11,1,7,16,5
2023-10,72,8,1,2,0,25,8,1,1,4,0,0,1,12,1,55,1,6,1,5,9,1,2,2,0,12,9,13,3,22,4,5,16,25,1,0,0,0,9,2,22,1,14,26,16,15,29,84,0,5,4,5,0,2,2,6
2023-10,73,58,21,3,0,25,11,3,1,10,2,3,2,22,20,78,12,7,1,5,2,4,8,0,1,24,3,10,2,49,21,7,11,24,1,2,4,13,22,7,45,3,18,51,25,4,25,0,20,23,8,5,1,9,11,10
2023-10,74,10,6,1,0,21,2,0,2,4,0,0,0,6,4,76,4,4,0,1,3,0,6,0,2,8,4,3,1,51,1,3,5,10,1,0,0,3,2,2,53,7,14,11,12,1,15,7,0,0,4,5,0,3,0,4
2023-10,75,23,8,4,2,14,13,4,5,8,1,4,0,12,6,83,0,1,4,11,1,6,7,1,1,12,1,12,6,20,10,9,14,9,2,0,0,5,19,8,45,4,22,55,27,7,25,3,5,13,6,11,1,2,7,4
2023-10,76,6,0,16,0,3,5,0,2,0,0,0,0,10,0,6,7,6,0,1,4,0,0,0,0,7,2,4,1,10,0,1,3,0,5,0,0,0,2,0,8,4,2,0,0,2,3,0,0,0,0,0,0,0,0,2
2023-10,77,45,7,14,2,8,43,15,6,5,2,3,0,8,12,20,97,14,2,5,8,1,4,2,2,22,1,4,4,76,14,7,13,16,13,1,5,3,2,4,14,14,17,27,38,23,49,96,3,5,11,14,0,0,6,46
2023-11,0,3754,708,550,82,1302,1707,624,202,708,225,115,128,1064,908,3594,7393,571,145,1573,495,282,434,222,380,1861,336,563,194,3376,761,206,562,570,1169,57,184,360,1086,630,2886,312,1838,1005,296,1206,814,4903,276,631,744,285,46,175,193,2736
2023-11,1,63,6,2,2,10,34,7,2,3,0,0,0,3,14,12,142,7,0,11,11,2,1,4,2,26,6,6,3,66,10,2,4,1,5,0,0,1,8,6,14,1,16,20,7,10,14,82,0,2,20,1,1,1,0,57
2023-11,2,115,7,9,0,16,33,14,5,7,2,3,1,30,18,52,70,5,2,10,7,1,1,1,2,93,9,4,6,83,20,4,10,3,19,5,4,5,5,12,50,4,33,31,8,6,20,182,1,6,20,2,3,1,0,66
2023-11,3,25,11,8,0,2,53,13,0,5,1,3,2,8,15,7,183,11,2,30,8,5,5,15,3,19,21,5,4,32,10,3,5,6,19,0,0,1,7,8,38,2,35,8,6,8,19,216,1,2,20,4,0,0,2,112
2023-11,4,43,5,7,1,9,11,5,2,3,1,3,1,22,16,28,91,10,3,12,5,4,7,1,1,71,13,8,2,57,5,6,10,7,13,0,2,0,4,10,66,8,38,14,6,4,14,87,0,0,23,5,0,3,0,138
2023-11,5,37,1,14,0,30,12,2,1,0,3,2,5,7,3,40,80,5,0,12,10,1,13,1,4,32,3,5,3,49,10,3,9,8,17,1,3,3,4,9,29,4,31,8,4,5,11,6,0,2,15,7,0,0,1,144
2023-11,6,54,6,16,2,10,35,8,8,7,1,5,7,25,21,35,227,25,2,19,10,6,15,2,7,26,6,9,7,165,19,3,11,16,23,3,2,9,10,24,62,1,80,7,6,10,22,91,4,6,24,9,0,1,0,225
2023-11,7,31,6,23,1,20,27,5,1,9,2,0,6,9,12,39,148,20,2,30,17,4,9,3,0,34,6,7,2,89,14,2,8,17,46,1,0,8,7,20,58,4,42,4,6,4,8,161,1,4,16,14,3,1,0,167
2023-11,8,23,1,8,0,3,17,10,7,14,3,4,4,9,14,5,239,16,3,26,4,2,6,9,12,78,0,2,15,36,17,2,10,17,47,1,1,7,0,11,144,6,77,2,0,2,4,82,0,6,11,15,1,0,1,6
2023-11,9,14,3,6,2,3,3,1,0,2,0,0,0,7,1,19,1,1,0,0,0,2,0,0,0,44,0,0,0,10,0,0,2,0,4,0,0,0,1,2,5,1,6,3,7,3,8,1,0,0,2,0,0,0,0,8
2023-11,10,44,14,5,1,43,5,1,2,45,0,0,2,13,1,58,13,4,3,8,7,2,3,2,2,41,10,2,0,42,1,5,9,9,9,0,1,4,4,10,75,1,24,22,7,6,23,80,0,0,19,9,0,0,2,27
2023-11,11,37,6,8,0,20,6,1,1,6,0,0,0,7,5,56,47,4,2,10,3,7,3,2,2,23,2,3,1,82,4,1,10,4,15,0,0,5,4,6,24,4,16,9,2,2,13,49,0,3,10,0,1,3,0,66
2023-11,12,23,4,5,1,8,5,0,0,11,0,0,0,20,1,27,17,4,0,6,2,1,0,4,1,54,3,3,0,30,4,4,6,5,14,1,0,0,5,8,24,5,56,13,6,54,11,12,1,3,4,2,1,0,0,80
2023-11,13,20,0,5,0,6,15,1,0,7,0,0,0,12,6,22,26,3,1,7,1,1,1,3,0,16,1,3,0,20,5,4,2,0,5,0,0,0,2,11,18,1,46,8,7,1,6,72,0,2,8,5,0,0,0,39
2023-11,14,64,3,15,0,19,16,1,4,4,1,2,3,11,11,40,93,2,5,36,8,4,5,0,1,21,0,1,3,46,16,3,2,7,29,1,4,3,3,4,20,8,17,9,11,10,16,5,0,6,10,0,0,5,1,179
2023-11,15,125,15,22,4,49,25,10,8,12,3,6,3,19,9,99,68,8,5,38,12,5,12,7,9,45,9,11,4,140,20,6,21,31,22,0,1,3,15,14,33,5,33,30,10,17,31,65,4,9,24,11,0,3,0,137
2023-11,16,100,6,20,1,26,12,3,3,5,0,2,5,26,11,74,180,12,1,29,6,1,13,3,6,22,15,9,2,108,10,0,10,23,31,1,6,5,12,11,32,5,29,12,6,18,17,39,1,10,23,1,0,3,0,199
2023-11,17,105,15,11,2,26,25,6,2,49,1,3,1,16,10,85,33,10,3,30,12,4,16,1,5,35,2,2,0,96,8,8,5,25,18,0,6,9,9,22,83,3,9,15,5,8,18,67,4,3,8,14,3,6,0,38
2023-11,18,31,3,1,1,11,38,0,1,1,0,0,1,8,4,30,31,0,0,15,16,1,1,1,3,21,2,2,2,11,5,2,3,1,4,0,0,0,2,2,21,3,2,4,3,2,7,84,1,25,1,0,0,1,0,5
2023-11,19,186,16,34,1,42,34,8,10,15,2,4,1,11,27,112,89,10,6,63,5,3,9,0,11,42,10,11,2,72,23,5,8,31,47,0,7,5,13,15,42,4,56,14,10,5,19,104,2,11,16,5,1,4,1,20
2023-11,20,35,5,7,1,12,12,4,2,3,0,0,0,9,3,32,55,0,1,9,1,0,5,1,10,9,1,3,1,43,8,5,5,4,15,0,1,4,8,5,20,5,8,3,0,6,5,54,2,3,18,4,0,1,0,28
2023-11,21,71,11,10,0,19,11,4,2,5,3,0,1,6,11,48,197,5,0,20,6,0,17,1,2,16,1,2,3,65,11,6,3,1,18,1,8,8,6,7,17,8,21,9,4,6,11,14,0,9,9,3,0,1,0,86
2023-11,22,94,11,16,2,43,24,13,13,31,6,3,0,14,23,85,470,29,3,40,21,9,12,4,4,38,15,6,3,128,20,6,9,14,59,2,14,10,18,21,62,17,61,12,9,15,19,144,2,7,31,8,1,2,0,225
2023-11,23,103,22,11,5,40,42,7,9,11,10,2,1,22,35,109,132,15,4,110,8,6,14,0,11,17,10,16,5,73,14,2,5,8,21,1,0,5,20,8,45,6,16,13,5,13,18,106,7,11,17,5,1,4,4,26
2023-11,24,72,5,36,1,55,25,7,6,21,7,5,4,38,32,77,564,29,1,57,27,2,6,20,14,43,5,14,7,154,31,6,7,25,38,0,7,14,6,49,36,3,37,18,3,26,24,211,8,13,35,19,2,3,2,181
2023-11,25,165,21,30,6,48,88,42,5,36,10,3,4,63,88,169,82,24,12,114,28,13,14,9,12,41,9,32,7,105,33,9,14,7,29,0,2,5,59,15,89,21,74,36,6,16,42,59,10,33,15,14,0,18,3,32
2023-11,26,18,4,6,0,10,23,13,1,9,6,0,0,2,20,48,18,1,3,19,7,4,1,0,1,7,4,4,0,17,4,0,3,14,10,0,2,2,12,2,11,1,58,3,5,4,3,64,4,4,1,1,0,3,1,0
2023-11,27,36,6,6,0,22,13,10,2,4,42,0,1,5,21,62,71,8,3,45,3,0,2,1,7,17,2,10,1,22,19,1,1,60,35,0,0,3,15,8,34,3,24,12,1,10,6,45,4,5,2,3,0,5,119,2
2023-11,28,53,5,9,0,14,26,5,6,11,7,5,4,8,27,32,309,18,2,24,6,4,5,32,5,64,5,11,9,52,19,4,11,25,40,2,0,13,28,16,101,11,110,14,7,12,9,276,0,5,6,6,0,1,0,20
2023-11,29,97,3,8,0,18,40,10,4,10,12,0,2,17,29,70,112,6,2,41,11,4,8,0,4,18,4,11,6,39,22,5,8,3,11,1,7,3,33,9,32,3,43,14,0,1,12,25,16,18,8,9,2,2,2,6
2023-11,30,82,4,10,0,26,21,9,7,26,2,2,1,16,37,77,319,8,3,43,5,3,11,2,15,31,23,6,3,76,16,5,7,5,23,2,5,6,13,13,49,5,15,6,7,58,17,143,6,4,4,6,0,1,0,7
2023-11,31,43,8,5,0,21,31,10,1,4,1,4,1,5,16,48,442,9,2,16,26,1,2,7,4,28,6,13,1,53,17,0,1,1,26,2,0,16,14,10,52,5,13,2,3,1,5,174,3,2,7,1,0,2,1,9
2023-11,32,17,0,2,1,1,6,1,3,8,0,6,0,3,5,2,273,14,1,1,2,0,1,2,0,31,0,7,11,13,13,3,3,15,16,0,7,5,2,8,84,17,42,0,0,3,1,12,0,5,10,3,0,0,1,0
2023-11,33,13,2,1,0,3,10,2,2,1,0,2,0,3,7,3,27,18,0,2,1,1,0,0,1,24,1,1,2,5,0,0,2,5,11,0,0,0,0,5,17,1,6,2,0,2,2,17,1,4,0,1,0,0,0,6
2023-11,34,7,8,1,0,6,5,3,3,3,0,0,0,1,1,4,122,1,0,6,3,0,2,0,0,9,0,1,2,14,3,0,1,3,2,0,1,2,0,1,11,1,3,0,0,0,3,3,0,0,3,1,0,1,0,2
2023-11,35,11,5,0,0,2,8,6,0,0,0,0,0,5,1,4,4,6,0,2,1,0,0,2,2,9,3,3,1,4,5,0,0,0,0,0,0,3,5,2,28,4,27,1,2,1,0,133,0,1,4,0,1,0,0,2
2023-11,36,8,7,1,0,1,3,7,0,1,0,0,1,3,0,3,4,1,0,4,0,0,4,1,0,4,1,0,0,6,2,0,3,2,3,0,0,2,2,2,8,0,2,1,0,0,0,28,0,3,1,0,0,0,0,2
2023-11,37,5,4,1,0,1,1,1,1,2,0,0,0,1,2,5,2,1,1,2,1,0,0,1,0,3,0,2,0,7,1,0,2,4,1,0,1,3,7,4,6,3,7,5,0,0,0,0,5,3,1,0,0,0,0,0
2023-11,38,63,13,3,0,10,34,16,1,1,12,2,0,8,6,27,4,3,3,12,3,1,6,1,5,10,3,8,0,35,5,2,15,1,5,0,3,6,26,8,35,2,14,4,4,1,1,41,3,6,3,4,1,1,3,5
2023-11,39,12,2,0,2,7,28,13,0,0,0,0,0,9,1,9,8,2,0,3,2,4,1,0,2,7,3,5,0,6,4,0,1,0,5,0,0,2,1,3,20,6,5,2,0,1,1,65,1,2,2,2,0,1,0,5
2023-11,40,8,0,0,0,3,22,14,0,0,0,0,1,7,7,12,7,0,0,1,1,6,3,0,2,1,0,5,1,13,10,1,5,0,6,1,0,1,14,5,20,3,23,8,0,0,2,0,2,12,3,0,1,1,2,1
2023-11,41,12,0,5,0,6,15,6,3,2,0,0,0,9,1,15,5,4,0,0,0,0,1,0,0,8,3,7,3,12,0,2,3,3,8,0,0,2,8,3,26,2,30,4,0,1,3,8,0,2,13,4,1,1,0,16
2023-11,42,25,6,4,4,12,30,11,0,2,2,0,2,2,5,19,1,1,1,5,5,2,2,1,3,8,5,8,1,16,11,2,2,4,18,1,10,13,20,3,17,4,15,18,1,0,1,2,8,3,7,0,0,1,4,3
2023-11,43,59,11,0,0,15,119,82,8,15,2,4,12,28,19,54,25,6,6,21,7,7,11,2,8,27,5,18,7,30,24,2,6,6,24,2,4,7,28,9,45,6,11,24,9,8,7,92,7,17,10,5,0,2,0,13
2023-11,44,61,16,4,4,18,41,22,1,12,2,1,5,24,11,59,3,11,2,42,5,19,3,0,5,12,2,14,3,25,14,5,11,8,6,1,1,2,30,11,49,11,37,27,4,0,18,12,11,20,11,6,2,6,1,6
2023-11,45,22,12,0,0,7,4,2,1,1,0,2,0,9,3,18,0,2,0,9,5,0,2,0,0,2,0,1,5,4,2,1,0,3,1,0,0,4,11,5,16,2,3,17,2,1,3,83,0,8,5,0,1,0,2,6
2023-11,46,45,9,5,3,19,38,12,0,8,4,2,1,12,10,49,16,6,1,14,3,10,4,0,5,23,4,10,1,28,10,0,12,4,0,0,8,9,35,6,42,7,6,25,4,1,17,20,10,28,8,2,0,7,1,5
2023-11,47,1,2,0,0,2,5,0,1,0,0,0,0,1,2,10,1,0,0,6,0,0,1,0,0,3,1,1,0,2,1,0,0,0,0,0,0,0,1,0,9,1,3,5,0,0,0,0,1,0,0,0,0,0,0,0
2023-11,48,18,15,1,1,7,13,0,1,7,2,0,12,10,3,40,6,5,1,12,5,2,1,6,1,7,3,6,2,15,3,2,9,0,5,0,0,6,12,7,45,0,7,14,4,4,13,8,4,3,6,1,1,3,0,6
2023-11,49,48,42,4,5,40,24,9,1,13,17,2,1,43,40,108,13,5,4,23,4,13,13,3,5,15,9,20,1,51,12,7,30,12,1,7,8,11,33,18,86,12,20,39,11,36,17,13,23,27,13,4,1,6,7,4
2023-11,50,17,7,1,0,8,3,1,0,0,0,0,0,9,2,10,0,2,0,3,10,1,2,0,0,1,2,5,0,1,1,1,0,1,0,0,0,0,2,1,31,0,0,4,2,1,3,102,3,4,3,0,0,1,0,1
2023-11,51,33,14,1,1,12,5,7,2,3,1,1,0,27,5,38,19,4,1,10,0,5,6,0,6,17,5,8,1,10,6,0,9,2,4,1,2,4,8,4,38,4,9,20,1,1,4,56,5,6,6,5,1,2,0,2
2023-11,52,39,10,3,3,21,7,2,6,5,0,1,0,9,1,58,47,6,3,7,1,3,4,0,12,5,1,4,4,10,7,2,6,4,3,0,2,9,15,6,44,0,5,13,4,7,6,46,0,8,8,2,0,4,1,6
2023-11,53,35,42,2,2,20,28,9,3,9,6,2,5,26,15,77,4,3,5,27,4,6,14,3,6,20,5,17,1,28,17,4,21,6,2,2,13,8,24,9,50,2,9,33,7,0,15,10,14,22,8,1,1,12,4,3
2023-11,54,0,1,0,0,1,1,7,0,6,0,0,0,6,6,2,2,1,0,2,1,0,1,0,1,5,0,4,0,1,2,0,3,0,0,0,0,1,8,1,24,2,10,6,1,0,0,0,1,3,0,0,0,0,0,0
2023-11,55,10,7,0,0,17,6,0,0,1,0,0,0,7,1,18,15,5,1,5,2,2,2,4,2,4,0,1,1,6,1,0,1,2,3,0,1,6,7,3,37,0,6,9,1,0,3,71,0,2,3,1,0,0,0,6
2023-11,56,76,23,11,2,12,10,3,0,7,0,0,14,10,3,66,84,0,0,12,9,2,11,0,8,49,6,5,3,89,14,7,22,7,40,0,2,2,14,6,55,2,17,7,0,4,16,90,1,0,8,2,1,1,0,9
2023-11,57,48,6,2,1,9,14,0,0,4,2,1,0,6,1,12,162,4,0,3,1,1,1,0,3,24,2,7,0,7,7,2,3,6,34,0,0,4,5,4,11,1,18,0,0,2,4,1,1,0,1,0,0,3,0,1
2023-11,58,85,10,7,1,14,10,2,1,9,0,0,0,5,8,52,386,9,2,31,2,6,3,5,35,20,3,9,1,28,8,2,7,0,42,3,0,2,19,5,24,3,18,8,6,7,14,70,2,12,10,6,0,0,0,9
2023-11,59,27,6,6,1,7,9,0,3,14,1,0,0,6,5,22,167,1,0,11,3,0,1,2,0,14,3,3,2,17,4,0,1,2,5,0,3,6,6,2,18,2,17,0,2,72,3,26,1,3,8,2,0,0,0,8
2023-11,60,64,12,9,1,14,6,2,2,15,2,4,0,30,4,38,158,6,1,7,9,4,3,3,0,19,1,2,3,75,14,1,7,9,17,0,0,2,6,4,50,0,17,2,4,129,5,124,0,3,14,3,0,2,1,17
2023-11,61,74,27,6,3,25,34,7,4,7,9,1,0,20,19,58,153,3,0,40,8,11,4,1,10,19,6,13,0,57,6,2,6,2,23,1,0,8,32,7,54,9,30,30,7,0,15,75,8,15,7,0,1,3,3,10
2023-11,62,46,1,4,0,11,5,0,1,16,0,0,1,3,1,22,117,1,3,7,3,6,0,26,5,28,1,2,0,17,2,1,3,2,13,1,0,3,3,1,2,1,3,1,1,2,3,6,0,0,10,3,1,1,0,1
2023-11,63,92,11,21,2,22,65,4,15,16,0,4,2,26,5,82,409,6,0,19,9,1,8,0,15,15,4,7,1,27,12,1,5,5,30,1,9,11,39,7,18,2,9,3,3,3,27,87,3,13,4,3,1,2,0,3
2023-11,64,65,11,1,0,8,13,5,2,4,0,0,1,6,3,31,13,10,1,3,7,13,6,2,2,31,2,3,2,149,5,2,5,1,3,0,0,1,1,4,50,1,12,4,0,5,4,1,0,2,5,0,1,0,0,6
2023-11,65,82,12,8,1,21,9,5,1,31,0,0,1,7,1,50,87,7,5,3,5,21,8,2,17,38,1,6,2,30,2,2,8,3,17,3,3,4,7,2,49,1,12,5,1,0,12,81,1,3,4,2,1,0,0,4
2023-11,66,118,5,10,1,44,55,25,9,17,0,4,0,17,22,101,273,8,2,58,10,8,12,0,7,17,6,21,0,72,19,4,8,11,23,0,6,6,62,6,30,4,24,20,1,1,18,165,11,27,6,6,1,5,2,4
2023-11,67,64,18,5,1,27,26,10,0,7,8,1,0,19,44,92,15,4,0,48,6,2,11,1,14,24,4,24,2,61,11,0,6,3,4,4,2,6,45,20,20,6,45,37,8,466,10,11,16,32,9,2,1,3,8,6
2023-11,68,40,10,4,1,17,45,23,1,3,5,0,0,19,30,62,26,4,2,22,2,3,5,2,3,28,2,11,1,59,7,5,8,3,4,0,0,4,39,12,19,0,18,26,10,8,17,26,11,26,4,4,0,4,3,2
2023-11,69,43,14,4,0,34,54,30,2,9,4,0,1,24,16,79,1,17,2,38,7,3,12,3,7,15,4,18,2,41,13,1,9,2,11,1,2,5,48,7,25,6,25,36,2,9,9,40,11,15,15,4,1,6,4,4
2023-11,70,55,21,7,2,28,18,2,5,22,2,3,0,28,3,112,86,21,4,24,4,3,15,7,5,50,5,7,5,48,18,4,14,9,34,0,1,3,32,8,60,9,20,21,2,8,13,101,5,10,21,7,1,3,0,9
2023-11,71,60,11,5,0,29,56,24,0,13,6,1,6,30,19,95,7,13,5,62,15,4,12,0,13,35,6,23,6,51,18,7,18,12,4,0,2,3,27,9,49,7,16,24,6,6,19,104,6,16,20,3,0,10,2,1
2023-11,72,6,7,12,1,12,9,5,0,4,2,1,1,14,2,56,2,4,4,7,7,2,2,0,4,15,6,3,1,20,6,6,10,4,2,1,2,2,8,1,28,2,15,20,2,32,11,51,1,1,14,2,1,1,0,33
2023-11,73,39,15,3,2,23,13,2,1,9,1,4,0,35,7,81,2,7,3,13,6,3,6,0,2,26,2,6,1,24,9,4,27,5,2,2,7,14,26,3,51,3,12,17,8,11,12,25,11,36,8,5,1,4,3,6
2023-11,74,7,8,0,1,11,1,1,0,12,1,0,0,8,1,61,3,2,0,3,3,0,4,1,0,4,8,1,3,66,0,3,7,9,5,0,0,0,0,5,33,1,7,13,1,3,8,51,0,1,2,3,0,1,0,14
2023-11,75,13,12,3,0,11,4,0,2,8,5,1,0,8,8,60,1,3,2,6,4,2,3,0,2,18,4,11,1,12,4,2,13,6,3,0,0,2,21,10,19,3,20,58,4,17,6,23,3,8,6,2,1,1,1,21
2023-11,76,16,0,4,0,1,4,1,0,0,0,1,0,5,1,1,10,1,0,0,0,0,0,0,0,9,0,2,2,1,1,0,1,1,2,0,0,1,0,1,2,0,9,1,0,0,1,1,0,0,2,0,0,0,0,1
2023-11,77,56,0,6,1,2,29,10,1,5,3,3,0,8,10,20,74,24,3,7,16,3,6,5,2,36,1,2,7,22,12,4,10,5,15,0,1,8,0,14,45,1,48,16,4,10,15,122,3,5,11,1,2,1,0,132
2023-12,0,3677,444,555,44,1211,1484,584,200,611,190,125,145,952,796,3027,6133,475,116,483,385,245,354,103,265,2827,325,492,189,2653,757,242,620,367,1034,43,130,315,1139,552,2246,251,1726,610,353,1874,658,4712,265,524,718,606,72,230,0,859
2023-12,1,69,3,4,1,8,34,8,1,8,0,3,0,4,8,10,78,4,1,3,1,2,5,2,4,55,1,0,1,66,10,1,3,0,5,1,0,4,6,7,27,2,13,7,6,4,8,47,2,4,15,11,1,3,0,34
2023-12,2,103,6,16,1,17,35,10,7,19,3,2,1,26,7,47,47,9,4,6,9,3,0,3,8,43,8,5,4,82,18,2,17,11,12,2,0,4,8,7,20,1,24,12,16,9,13,123,1,3,19,14,3,3,0,13
2023-12,3,27,0,7,1,2,58,11,3,6,3,4,3,6,30,6,110,5,0,4,6,0,2,3,2,61,4,9,2,42,13,3,9,6,15,0,1,3,4,15,14,3,10,4,2,5,5,229,2,6,25,20,4,2,0,42
2023-12,4,54,0,7,2,5,7,1,0,16,1,5,4,11,9,28,42,5,3,6,6,3,4,0,1,49,6,3,5,37,5,2,9,4,12,0,0,1,5,19,26,0,9,14,6,8,6,13,1,0,25,18,0,1,0,28
2023-12,5,31,2,19,1,26,3,2,2,5,0,0,6,13,5,33,103,7,1,4,5,1,1,11,4,61,6,1,1,51,9,5,7,7,13,0,3,6,5,13,44,1,11,6,4,0,11,2,2,1,11,22,2,0,0,54
2023-12,6,31,12,23,4,25,23,11,9,2,1,3,1,22,23,28,187,19,3,16,11,5,6,4,4,102,8,3,5,94,14,9,19,17,34,0,3,9,2,28,29,3,53,3,3,6,6,103,2,3,26,33,2,0,0,87
2023-12,7,29,2,17,1,22,12,7,2,3,3,1,2,11,11,45,175,17,0,11,7,2,5,3,1,89,9,11,9,73,14,2,20,15,45,1,1,6,6,31,38,0,24,3,5,5,12,137,2,7,18,21,1,0,0,51
2023-12,8,18,1,7,0,6,19,13,8,3,5,4,2,9,12,9,210,17,0,7,3,2,3,0,2,101,5,1,22,45,16,3,5,10,42,2,2,11,0,12,42,6,45,1,0,2,2,105,2,3,6,7,2,4,0,2
2023-12,9,5,2,1,0,6,2,0,0,3,0,0,1,3,1,11,0,1,1,1,0,3,0,1,0,10,5,0,0,4,1,3,4,0,2,0,0,1,1,0,10,2,3,5,3,20,7,3,0,2,5,2,0,2,0,3
2023-12,10,31,15,12,2,30,8,2,2,10,0,1,4,9,1,51,21,11,1,8,7,0,5,1,0,47,6,5,0,23,4,2,9,6,10,0,0,12,5,6,35,1,22,4,2,7,12,95,1,2,17,5,1,6,0,8
2023-12,11,47,11,2,0,9,4,1,0,8,1,2,1,14,2,41,37,5,4,6,5,7,4,2,1,21,0,4,0,56,2,9,4,8,12,0,1,5,0,6,27,3,31,8,1,4,11,87,3,1,7,3,1,1,0,14
2023-12,12,23,1,4,0,6,3,0,0,15,0,1,5,8,2,27,18,4,1,6,2,4,0,0,0,28,2,2,0,21,4,6,18,2,4,0,0,4,1,7,11,3,17,4,16,7,7,0,1,3,13,13,1,0,0,15
2023-12,13,20,0,10,0,3,16,4,2,9,1,0,0,8,5,12,15,3,1,3,2,3,2,1,0,20,0,2,3,25,5,3,7,5,3,0,0,0,3,4,10,1,18,6,10,1,9,88,0,2,6,3,0,1,0,4
2023-12,14,69,0,19,1,24,22,3,1,5,1,2,3,3,30,46,107,10,1,15,8,2,4,2,3,21,2,1,1,31,12,6,8,6,50,1,3,1,6,5,22,11,55,10,8,6,13,2,2,3,8,7,1,1,0,51
2023-12,15,120,7,25,0,33,17,5,4,18,1,1,0,35,16,90,92,11,2,10,16,9,14,1,2,34,5,3,2,125,10,10,21,7,80,2,5,7,10,4,53,4,62,18,7,26,19,10,1,3,20,9,0,5,0,26
2023-12,16,81,8,13,0,18,35,4,5,10,1,0,14,18,10,49,111,5,0,12,1,1,6,0,6,31,7,6,3,89,16,3,14,5,36,1,2,9,4,14,21,1,8,3,15,3,11,109,1,5,13,4,0,1,0,47
2023-12,17,93,15,9,1,19,16,1,4,30,0,2,0,16,6,63,23,11,2,11,3,4,5,1,4,31,4,1,1,85,14,10,12,7,6,0,3,0,7,4,67,6,11,13,10,6,8,95,0,3,14,11,3,6,0,1
2023-12,18,20,4,2,0,8,21,2,1,0,0,1,0,1,2,15,12,2,2,6,10,0,0,1,3,19,3,1,0,13,4,1,2,1,4,0,0,5,4,4,10,0,5,4,1,0,5,81,2,3,2,2,0,1,0,2
2023-12,19,207,6,28,1,53,21,7,4,19,1,7,0,22,22,144,67,6,5,9,10,2,15,5,4,54,1,7,3,76,13,2,8,13,35,2,8,3,31,5,63,5,75,6,18,5,20,77,2,11,14,11,1,2,0,1
2023-12,20,30,8,6,0,10,14,4,1,2,1,0,1,2,3,20,45,0,0,2,3,0,1,1,8,10,2,1,1,25,9,0,2,1,13,0,0,4,4,6,35,1,6,1,2,0,5,5,3,0,2,3,1,1,0,8
2023-12,21,61,4,8,1,13,12,3,3,4,1,0,3,22,9,40,173,7,1,5,10,2,4,1,4,28,3,3,2,54,7,5,7,6,30,2,1,6,4,8,16,2,25,7,6,8,6,126,3,0,15,8,4,0,0,18
2023-12,22,50,6,18,1,34,24,6,6,17,3,1,1,11,20,50,390,21,1,8,7,4,8,4,4,43,6,10,4,66,27,2,13,11,28,0,2,11,15,11,29,4,47,18,8,16,11,74,3,3,26,16,1,3,0,89
2023-12,23,77,8,10,1,35,31,6,11,7,15,2,1,19,34,85,56,8,6,23,4,3,10,1,11,14,13,16,0,67,12,2,12,13,17,0,4,3,29,11,27,4,34,12,3,6,16,150,3,9,43,8,1,6,0,6
2023-12,24,75,5,38,1,47,25,11,12,19,3,5,1,11,35,72,517,28,3,9,17,2,10,1,5,63,13,10,12,122,43,1,17,12,25,3,2,9,9,39,70,2,51,11,5,7,18,218,2,7,21,19,2,2,0,92
2023-12,25,181,23,24,2,63,67,32,4,16,17,7,11,61,50,175,72,17,10,22,18,20,14,7,9,27,10,22,5,80,44,4,13,10,52,0,3,5,46,11,96,11,63,21,7,5,29,107,18,18,22,9,1,14,0,7
2023-12,26,28,2,1,1,10,12,6,1,6,4,2,0,7,15,30,6,3,0,6,4,1,3,1,3,9,3,8,0,10,11,0,3,0,7,1,0,0,8,1,17,4,10,8,0,6,5,30,4,5,1,1,0,3,0,2
2023-12,27,35,6,12,0,16,11,9,0,3,14,2,5,3,11,48,52,3,1,13,0,3,2,3,2,25,1,6,1,12,14,6,3,33,26,0,0,10,14,6,32,4,11,4,5,6,7,55,0,4,1,6,0,1,0,1
2023-12,28,69,2,7,1,15,29,8,9,18,10,7,1,5,23,17,302,34,1,15,7,3,5,5,7,92,1,3,14,27,19,6,7,10,34,3,1,7,22,28,70,14,73,3,5,3,3,418,4,10,13,31,4,4,0,4
2023-12,29,48,14,7,0,17,44,18,4,8,20,2,0,18,28,60,28,5,0,8,4,8,3,1,5,12,3,15,2,34,20,4,5,2,9,0,0,2,36,5,20,2,25,21,6,3,6,22,10,16,5,2,1,2,0,5
2023-12,30,93,6,26,1,27,24,7,5,16,1,2,0,20,20,75,308,7,1,13,7,4,11,0,6,39,7,4,5,46,30,8,15,5,22,1,4,5,25,2,71,7,23,5,5,6,12,130,1,3,7,11,0,4,0,4
2023-12,31,60,4,3,2,20,23,3,6,9,2,0,1,12,11,29,357,4,2,9,29,3,3,3,4,47,5,4,8,45,10,3,7,1,5,0,0,5,8,6,62,8,55,2,5,15,6,94,4,2,8,6,0,3,0,5
2023-12,32,10,1,3,0,1,4,3,8,2,1,6,1,6,8,6,151,14,2,1,1,0,3,5,4,31,1,5,6,12,8,1,0,7,15,2,5,2,2,7,45,6,76,1,1,1,1,2,0,5,11,1,2,0,0,0
2023-12,33,7,1,2,0,3,12,1,1,0,1,1,0,2,5,5,27,4,0,2,1,1,2,0,0,17,0,3,1,6,4,2,0,4,3,0,0,0,3,4,20,1,54,2,0,1,4,0,0,1,8,5,1,0,0,2
2023-12,34,16,0,0,0,0,0,1,0,0,0,0,0,1,2,6,61,0,1,0,2,0,2,0,0,10,2,3,2,9,2,5,1,1,2,0,0,0,6,2,9,2,1,0,2,6,1,0,0,0,1,2,1,0,0,0
2023-12,35,8,2,0,0,2,11,5,0,1,1,1,0,2,1,3,5,2,0,5,0,0,2,0,0,9,1,6,1,3,4,1,1,1,1,0,0,1,1,1,24,1,6,5,0,0,3,5,0,0,4,0,1,0,0,0
2023-12,36,5,0,0,0,2,7,3,0,1,0,1,0,3,0,8,1,2,0,2,0,0,1,0,0,4,0,3,0,9,1,1,2,0,0,1,2,0,7,0,11,0,5,2,2,0,1,2,0,2,0,0,0,0,0,1
2023-12,37,6,1,0,0,1,6,1,1,0,0,0,0,3,7,3,5,1,0,1,0,0,1,1,0,8,1,1,1,7,0,1,0,0,1,0,0,0,8,4,8,0,3,5,0,1,0,0,1,2,0,0,1,0,0,4
2023-12,38,39,12,7,0,8,30,18,1,1,3,1,0,8,4,32,11,2,1,8,7,1,7,0,2,27,2,6,1,23,5,5,6,3,16,0,0,2,13,9,22,2,16,3,5,4,0,22,4,5,4,5,6,2,0,0
2023-12,39,14,7,0,0,2,19,14,0,4,0,0,0,3,1,8,6,1,0,1,3,8,0,0,3,10,6,5,2,9,3,0,2,1,4,1,2,3,5,5,10,1,9,3,0,0,0,76,2,4,2,4,1,3,0,3
2023-12,40,15,0,0,0,2,23,12,0,1,3,1,0,8,5,7,4,0,0,0,0,1,1,0,3,20,4,7,1,7,6,1,1,0,4,0,0,0,29,6,16,3,32,3,0,14,4,66,0,11,0,6,1,1,0,0
2023-12,41,10,2,5,0,6,12,7,2,4,0,3,0,4,0,4,8,5,0,4,1,1,1,1,0,10,1,1,7,13,5,3,2,1,9,0,0,5,4,3,34,4,35,11,0,3,3,3,0,0,14,1,1,0,0,5
2023-12,42,22,4,3,0,14,28,23,0,4,3,2,0,5,15,24,4,2,2,2,6,1,0,4,1,17,3,9,1,22,9,2,8,2,1,0,2,1,18,11,13,4,17,10,7,12,2,1,1,9,2,12,0,4,0,1
2023-12,43,78,6,6,1,10,110,61,6,20,1,2,2,16,14,37,5,4,2,5,8,10,9,2,11,52,12,25,1,16,25,8,10,3,7,0,3,4,48,5,41,5,19,21,7,3,12,58,9,27,8,15,3,9,0,4
2023-12,44,83,6,3,0,20,46,21,3,17,0,3,13,18,23,46,2,9,0,10,4,0,5,0,1,32,6,8,4,8,21,0,12,8,4,3,7,2,28,9,58,3,4,6,5,1,6,92,12,14,6,12,0,2,0,3
2023-12,45,10,1,1,1,6,2,1,1,0,0,2,2,7,1,20,0,0,0,3,4,0,0,0,0,10,5,3,0,4,0,2,3,0,1,0,0,0,11,2,7,0,2,10,3,0,7,61,5,4,3,1,0,2,0,2
2023-12,46,49,11,3,1,20,26,13,1,20,1,3,0,24,16,61,38,4,1,1,5,15,9,1,5,16,2,22,0,15,14,5,19,1,3,0,1,3,23,13,34,0,3,16,4,4,11,2,11,21,4,12,0,3,0,0
2023-12,47,3,0,0,0,0,0,0,0,1,0,0,0,1,1,3,0,0,0,1,1,0,0,0,0,8,2,0,0,2,0,0,0,1,0,0,0,0,2,0,9,2,2,4,1,0,1,0,1,1,0,2,0,1,0,0
2023-12,48,23,13,3,0,8,6,2,0,2,0,0,20,11,4,42,11,5,3,7,0,2,1,2,0,10,4,4,0,5,1,0,6,1,3,0,0,5,5,7,35,1,14,7,4,6,10,1,5,4,2,4,0,3,0,2
2023-12,49,56,18,5,0,47,25,10,2,15,11,4,6,28,22,83,11,11,5,10,5,7,13,0,9,56,7,22,2,26,14,12,20,9,3,1,16,16,40,15,62,3,22,19,13,54,22,10,13,32,6,24,1,14,0,6
2023-12,50,14,4,0,1,7,3,3,0,1,0,0,1,3,1,9,0,1,0,0,1,2,0,0,1,9,0,4,0,2,0,0,0,1,4,0,3,5,6,0,32,0,9,0,2,0,3,103,2,3,1,4,1,5,0,0
2023-12,51,15,9,0,1,4,4,5,3,2,1,1,0,15,6,25,30,3,0,4,5,1,3,0,3,19,4,5,0,11,2,0,3,0,2,1,3,1,23,1,29,3,6,11,2,3,1,92,3,11,6,7,0,0,0,3
2023-12,52,54,7,1,0,25,8,3,0,6,0,0,0,9,2,36,45,0,0,2,0,1,4,0,2,10,3,3,1,6,1,0,12,3,3,0,0,1,9,6,28,1,5,7,2,0,9,0,1,9,2,8,0,2,0,0
2023-12,53,33,35,3,0,22,13,7,0,8,1,3,1,27,14,69,6,2,2,11,4,2,7,0,8,31,5,10,2,20,12,4,8,3,2,1,0,8,29,12,42,7,17,33,12,1,16,2,10,20,10,14,0,12,0,4
2023-12,54,7,0,0,0,0,2,4,0,1,0,0,0,2,0,0,0,1,0,0,0,1,1,0,0,10,0,3,0,0,2,0,0,0,0,0,0,1,3,0,12,0,1,4,2,0,0,0,1,3,0,3,0,1,0,0
2023-12,55,18,2,3,0,9,6,2,0,0,0,0,0,11,1,11,9,3,0,2,2,0,2,0,4,10,3,1,0,1,1,1,1,2,3,0,0,2,0,1,12,2,2,4,1,3,5,69,0,5,1,4,0,0,0,1
2023-12,56,46,14,7,0,15,12,1,3,10,1,0,3,12,3,78,82,5,0,7,7,5,10,2,3,69,8,3,1,94,6,3,16,2,15,0,5,7,4,4,31,6,7,4,1,7,28,108,0,1,11,2,0,3,0,2
2023-12,57,60,1,4,1,7,5,0,1,2,0,2,0,2,1,16,155,2,1,5,1,0,0,0,2,41,3,1,0,5,3,0,2,1,32,1,1,6,7,1,3,2,18,1,1,1,2,2,0,2,3,0,1,2,0,0
2023-12,58,77,3,6,2,15,8,1,1,13,1,3,0,11,9,38,191,3,1,7,5,1,6,0,2,46,5,1,1,28,4,3,9,2,19,1,4,2,17,2,10,5,14,5,0,1,4,89,3,3,13,5,0,1,0,3
2023-12,59,27,7,5,0,8,3,1,2,3,1,0,1,5,4,14,158,1,0,2,2,0,3,0,1,63,0,3,2,10,1,2,5,1,9,0,0,5,2,1,20,3,13,1,0,37,2,1,0,4,4,3,1,0,0,1
2023-12,60,62,3,6,0,24,9,3,0,6,1,0,1,13,4,29,159,3,1,7,3,1,5,0,2,62,3,4,6,65,6,1,6,6,19,1,0,1,6,5,32,1,23,3,3,263,11,113,2,1,13,3,0,1,0,0
2023-12,61,79,9,6,1,37,29,6,2,10,4,0,3,7,12,82,225,9,2,6,12,0,10,0,5,66,7,13,1,36,19,3,6,4,11,0,0,5,43,8,46,3,20,15,5,0,9,14,9,13,6,12,0,3,0,1
2023-12,62,64,3,2,1,4,2,5,0,7,1,1,0,2,1,16,156,1,0,6,0,6,3,0,6,38,3,2,3,21,1,0,5,1,10,0,3,5,5,2,14,1,3,3,3,2,7,2,1,4,3,0,1,2,0,0
2023-12,63,108,4,5,1,21,40,6,10,9,0,0,1,10,7,32,261,2,1,2,3,0,5,1,5,40,1,3,0,28,11,4,6,4,16,0,2,11,20,3,35,6,20,1,3,1,15,104,2,5,3,7,0,2,0,2
2023-12,64,73,2,3,1,10,22,3,3,5,0,0,0,7,3,39,12,4,2,1,9,14,2,8,3,67,2,0,1,150,4,3,7,1,1,0,0,0,7,0,9,0,9,4,6,2,20,10,0,0,9,1,0,2,0,0
2023-12,65,74,3,8,0,22,12,2,4,7,0,0,0,10,2,42,88,2,0,5,3,2,5,0,9,90,1,6,3,30,3,5,6,2,24,0,4,1,10,4,23,3,68,1,2,0,8,85,0,3,5,7,0,1,0,1
2023-12,66,108,3,27,1,28,36,24,1,17,5,0,1,22,15,64,221,7,3,3,6,7,9,1,6,66,7,17,0,39,22,6,9,6,34,0,4,2,63,9,15,1,29,11,7,3,13,186,10,19,9,9,1,7,0,6
2023-12,67,54,8,8,0,35,29,10,1,8,13,1,1,30,28,78,17,6,3,5,16,6,8,1,9,34,5,12,2,40,15,0,8,2,0,0,1,4,31,7,13,5,26,13,5,560,11,1,17,19,12,7,1,6,0,0
2023-12,68,32,7,1,0,15,31,21,3,10,10,3,3,26,24,47,16,3,1,5,4,11,5,0,6,28,3,23,0,27,12,4,14,0,8,0,3,4,46,10,51,10,27,23,1,122,9,48,16,19,4,6,2,3,0,2
2023-12,69,48,18,4,0,11,51,25,3,15,2,2,0,26,21,58,7,8,3,7,4,3,5,2,8,31,7,20,2,35,10,3,11,4,11,4,0,1,56,10,42,4,30,17,7,62,12,10,15,27,5,10,1,8,0,3
2023-12,70,47,5,2,1,26,16,3,3,24,0,0,2,20,6,93,56,10,8,5,6,12,11,1,4,99,2,12,1,22,11,5,12,10,16,0,0,11,39,7,19,4,31,10,4,5,18,97,4,15,14,6,1,17,0,3
2023-12,71,79,13,7,2,31,48,31,10,9,6,0,2,36,18,94,10,8,3,16,4,10,19,0,12,49,12,19,6,50,18,3,17,11,4,3,8,8,55,8,61,9,34,18,5,472,7,121,6,26,25,4,1,6,0,1
2023-12,72,10,5,2,0,14,6,6,0,0,2,2,0,9,2,42,3,2,1,6,4,3,5,0,3,51,14,5,4,17,4,7,9,2,2,0,0,3,11,6,30,3,6,9,11,5,10,10,1,0,9,5,1,4,0,10
2023-12,73,39,4,2,0,11,15,2,0,7,0,1,4,28,6,50,3,2,2,11,2,1,1,0,0,25,3,8,1,25,5,3,24,7,6,0,2,7,33,8,22,3,18,14,3,3,9,22,6,14,11,7,0,10,0,1
2023-12,74,12,0,2,0,7,2,0,1,5,0,0,0,6,1,42,0,3,4,2,0,2,3,0,0,58,7,0,0,26,1,2,2,3,1,0,0,2,4,0,10,2,5,3,2,1,14,91,0,1,5,1,0,1,0,1
2023-12,75,29,3,3,0,10,3,2,3,13,0,3,3,3,3,46,0,6,2,11,3,1,8,1,5,29,5,6,2,12,3,2,13,3,2,0,0,3,20,4,24,5,16,15,11,1,9,7,5,12,10,5,0,4,0,1
2023-12,76,18,0,1,0,4,1,0,0,0,0,1,2,2,0,3,0,4,0,0,0,0,0,0,0,9,1,1,4,0,0,0,1,2,1,0,0,0,2,0,2,0,14,1,1,0,0,0,0,0,1,0,0,0,0,0
2023-12,77,51,4,11,1,10,29,7,3,6,3,3,0,18,12,20,112,19,1,5,9,0,2,1,0,44,3,7,0,31,28,6,15,7,14,1,0,7,7,5,7,8,16,7,7,4,9,89,5,1,20,24,3,1,0,56
2024-01,0,4660,644,637,113,1702,2029,1537,207,1431,159,137,109,739,636,2964,6790,477,167,982,346,1250,356,184,446,6476,467,530,175,2410,829,275,698,660,1157,61,162,342,1004,327,3039,403,2640,678,729,541,725,4004,317,469,929,1387,50,570,0,185
2024-01,1,73,4,9,2,1,38,15,3,5,1,3,5,11,5,16,111,6,3,16,5,5,2,2,3,134,6,1,1,50,21,0,6,12,22,0,0,2,6,1,25,4,11,13,20,3,6,11,2,2,11,23,0,3,0,8
2024-01,2,114,5,20,4,17,36,15,9,29,1,4,0,15,9,56,37,6,0,9,10,19,7,3,6,80,12,3,9,54,15,9,15,21,18,2,3,1,1,4,55,3,16,26,13,1,16,153,1,5,21,28,3,2,0,5
2024-01,3,30,7,7,2,4,64,29,0,22,6,2,2,7,22,9,85,9,2,32,3,6,5,10,5,75,3,6,4,48,17,3,3,4,29,0,1,1,3,15,37,1,31,8,10,9,6,177,0,5,24,35,1,1,0,9
2024-01,4,31,6,10,0,16,17,10,2,19,2,1,3,12,4,34,53,7,3,14,3,10,5,0,2,119,6,5,2,33,7,2,9,11,23,0,0,3,7,6,34,8,46,2,14,5,6,0,2,5,14,41,0,2,0,8
2024-01,5,31,8,66,0,28,7,3,2,12,2,2,4,11,9,35,84,8,2,17,2,6,2,2,7,157,7,2,5,31,13,9,20,17,9,0,0,2,1,9,29,5,52,7,13,2,10,2,2,2,13,30,0,1,0,9
2024-01,6,39,6,28,4,21,37,13,3,14,1,3,9,24,21,46,166,26,2,30,16,6,7,3,5,131,7,12,3,125,26,9,23,20,35,0,2,9,7,16,54,15,69,11,8,0,10,125,2,6,41,57,0,4,0,17
2024-01,7,33,11,18,1,17,17,17,2,16,4,1,7,4,7,20,182,18,0,16,5,18,6,4,3,186,5,6,7,62,29,5,21,26,26,2,3,4,3,20,75,9,36,11,14,4,15,66,1,1,24,50,0,2,0,15
2024-01,8,19,0,5,1,1,43,35,9,11,4,5,7,2,4,5,182,15,0,3,6,3,3,2,5,212,2,3,15,28,21,0,6,15,39,1,2,7,6,7,55,18,87,5,1,2,0,87,2,5,13,15,3,5,0,2
2024-01,9,8,8,9,0,15,0,1,1,5,0,0,0,2,1,19,2,2,2,2,1,0,0,1,0,28,2,0,0,2,0,3,9,9,1,0,0,1,0,0,36,0,3,5,8,93,8,1,0,0,7,4,0,2,0,0
2024-01,10,45,15,8,1,53,10,3,0,46,0,0,3,12,1,75,32,6,4,17,7,12,2,2,1,70,11,5,0,36,2,4,9,11,17,0,0,11,5,3,73,5,32,9,23,10,21,77,0,1,28,28,0,17,0,3
2024-01,11,48,11,3,3,18,6,4,6,40,0,2,1,8,1,31,33,10,2,6,2,17,0,6,3,49,2,0,1,52,2,11,10,11,8,0,0,2,1,3,56,2,24,21,16,5,16,68,0,1,12,13,2,5,0,5
2024-01,12,13,6,6,1,8,2,1,0,8,0,0,0,1,3,29,24,6,1,6,1,3,3,0,1,65,1,7,0,9,3,10,8,5,7,2,0,1,0,6,29,5,8,15,19,25,11,0,0,2,7,16,0,5,0,3
2024-01,13,44,2,9,0,9,23,1,1,10,0,2,0,8,1,16,19,2,1,2,3,3,0,1,1,68,4,8,2,24,2,2,4,2,7,1,0,2,3,3,29,2,10,8,9,6,5,14,0,0,9,6,0,1,0,3
2024-01,14,101,7,17,0,18,24,9,2,27,1,3,1,3,9,36,89,6,4,9,4,10,2,0,1,65,1,6,3,29,13,5,11,8,30,0,0,1,3,6,24,7,20,6,16,1,11,1,4,4,16,36,1,11,0,9
2024-01,15,172,6,17,1,53,21,7,10,23,3,3,2,6,12,111,57,5,6,32,13,23,19,10,3,159,18,7,2,67,22,10,22,18,39,0,0,3,14,12,98,7,52,20,23,29,20,4,6,2,24,32,1,12,0,4
2024-01,16,134,11,16,2,20,17,14,5,29,0,3,4,12,11,29,138,8,2,18,2,17,9,2,2,95,14,7,2,80,20,6,7,13,32,2,2,11,4,3,39,6,62,19,15,3,15,148,1,3,20,27,0,9,0,6
2024-01,17,133,25,22,0,51,20,4,2,14,0,1,2,6,1,77,6,5,3,32,8,11,8,0,10,133,3,0,0,54,7,0,8,20,8,0,0,5,9,1,61,3,31,9,13,5,22,88,5,1,12,18,0,8,0,0
2024-01,18,44,7,3,0,19,22,4,3,3,0,3,2,3,2,14,9,2,1,9,12,8,1,3,3,42,1,3,0,9,3,6,5,4,1,0,0,1,1,0,31,2,22,3,3,1,7,80,1,8,4,3,1,2,0,0
2024-01,19,210,12,22,3,58,33,13,9,34,1,2,1,6,18,91,110,3,3,32,8,20,11,11,19,108,8,13,4,41,18,5,13,27,51,2,6,6,16,11,48,2,82,18,17,3,21,60,3,10,17,27,1,5,0,0
2024-01,20,68,0,13,1,19,13,3,0,10,1,1,6,2,7,17,54,0,2,6,1,10,1,1,5,24,1,4,0,19,5,0,6,4,9,0,0,0,10,6,28,1,23,3,6,3,7,2,0,1,2,6,0,1,0,1
2024-01,21,105,6,9,1,16,23,6,5,14,1,2,3,4,15,33,158,8,1,25,8,10,7,0,5,68,6,1,2,71,4,4,5,11,33,0,2,2,1,4,26,9,54,5,9,0,11,142,1,1,11,19,1,5,0,4
2024-01,22,88,8,19,3,37,27,22,8,30,2,3,0,20,14,58,412,16,2,22,8,16,11,9,7,192,8,1,1,86,31,8,16,17,37,1,3,4,12,10,76,17,58,10,26,9,21,109,3,4,31,47,1,7,0,15
2024-01,23,70,8,10,2,37,36,27,6,14,4,5,1,9,24,69,109,14,7,26,3,28,8,1,9,65,4,17,2,43,23,1,11,4,17,0,1,6,17,4,41,5,26,7,18,1,9,168,11,7,17,17,0,7,0,4
2024-01,24,80,12,39,6,78,43,22,4,64,1,6,0,21,24,54,583,31,8,92,12,44,19,4,7,148,21,11,5,101,42,5,13,23,68,1,5,11,7,10,84,25,167,14,22,11,15,151,4,2,173,76,3,5,0,20
2024-01,25,248,28,35,6,59,122,101,6,53,9,4,3,46,50,144,134,9,9,44,18,81,26,5,32,130,14,42,7,63,35,9,32,22,99,2,12,15,42,8,89,4,65,9,34,4,26,59,23,23,37,32,0,46,0,2
2024-01,26,34,9,4,0,12,28,40,0,10,14,1,0,12,14,45,33,0,1,4,7,31,2,6,4,42,1,8,0,14,6,1,6,5,28,3,3,10,9,2,14,1,20,6,2,1,4,5,4,9,2,2,1,7,0,0
2024-01,27,24,2,3,1,15,30,23,1,20,4,2,1,4,19,41,36,4,0,25,2,11,1,8,1,79,4,3,1,14,9,1,4,1,13,0,0,3,14,4,28,0,32,8,6,3,2,57,3,6,4,8,0,13,0,0
2024-01,28,57,0,12,4,15,37,16,7,26,7,7,1,6,13,14,438,18,3,16,3,9,3,12,1,324,10,8,11,28,15,9,6,20,46,0,2,18,13,12,109,16,174,3,7,3,12,173,4,1,15,46,1,3,0,4
2024-01,29,59,11,3,3,21,51,57,2,15,9,1,2,11,15,58,36,4,1,23,8,28,7,3,9,41,3,12,2,24,9,1,7,3,10,2,3,7,29,5,53,6,32,6,7,4,5,33,8,19,8,9,0,8,0,0
2024-01,30,135,9,6,1,55,36,25,6,17,2,4,1,10,22,82,320,10,5,27,6,19,10,3,10,164,10,12,2,28,10,6,8,19,10,1,13,8,27,2,37,12,50,5,23,0,21,188,7,6,5,16,0,7,0,0
2024-01,31,51,3,6,3,35,21,16,4,13,2,3,1,0,6,31,399,9,3,26,8,23,4,3,2,91,14,3,2,51,17,3,8,6,10,0,2,4,10,5,42,9,64,1,5,41,4,2,2,2,5,13,1,1,0,1
2024-01,32,18,1,5,2,1,13,8,3,17,3,5,0,7,2,4,221,3,1,1,2,1,2,2,1,125,0,3,12,15,8,1,4,17,20,1,2,2,4,1,17,8,126,1,0,4,1,0,0,1,5,8,1,0,0,0
2024-01,33,7,1,3,0,4,8,0,1,8,0,3,0,2,0,3,34,3,0,4,0,5,2,0,0,84,0,6,2,5,4,7,1,2,3,0,0,3,0,0,17,6,18,1,2,1,1,0,0,0,7,4,1,1,0,0
2024-01,34,11,0,2,0,6,7,4,2,3,0,1,0,0,1,9,37,0,1,2,0,3,1,1,1,20,1,1,4,8,5,1,1,2,5,2,2,4,4,2,13,0,6,1,0,0,2,4,1,2,1,2,0,1,0,0
2024-01,35,10,4,2,1,3,15,8,1,0,1,2,0,3,1,7,12,0,0,6,1,2,1,0,0,35,1,4,1,7,6,1,1,2,4,0,0,1,13,1,8,2,16,2,0,1,1,6,1,0,1,6,1,0,0,0
2024-01,36,11,9,0,0,1,8,2,0,1,0,0,0,1,5,2,2,1,0,4,0,0,0,0,1,10,5,1,0,12,2,0,2,0,3,0,0,0,2,5,11,0,4,1,0,0,1,2,0,0,1,0,0,0,0,0
2024-01,37,2,3,1,0,2,3,2,0,0,0,1,0,5,3,4,8,0,0,1,1,4,0,0,1,4,1,3,0,12,0,0,0,2,7,0,0,0,20,0,12,0,14,2,1,0,0,0,3,3,2,2,0,0,0,0
2024-01,38,509,6,3,1,7,26,31,0,7,11,2,1,9,7,32,17,5,1,10,2,23,2,5,3,41,1,6,2,19,12,2,12,2,6,0,0,4,20,6,22,5,28,5,3,3,1,2,0,12,4,8,1,4,0,1
2024-01,39,30,1,0,0,3,26,33,0,9,2,2,0,6,6,9,3,2,1,2,1,6,0,0,3,29,3,4,1,9,6,0,1,0,4,0,0,2,4,3,19,3,11,7,2,0,3,52,1,7,4,7,1,1,0,0
2024-01,40,12,0,1,0,4,34,21,1,9,3,1,0,14,5,11,7,1,0,6,3,6,0,1,3,28,1,7,0,7,12,1,5,3,3,0,0,0,14,2,11,3,28,4,2,0,0,78,0,7,1,9,0,0,0,0
2024-01,41,22,6,0,0,9,17,13,0,5,1,1,1,5,2,10,7,3,2,8,2,2,5,2,0,46,2,0,4,9,4,4,1,3,10,1,3,7,0,2,27,5,40,13,4,1,2,14,0,0,15,8,0,4,0,2
2024-01,42,27,2,6,0,13,45,50,0,12,3,0,3,16,8,21,1,4,1,4,2,28,8,0,4,103,6,1,2,11,9,3,3,0,7,0,0,1,17,2,27,4,24,16,3,1,3,11,5,11,6,15,1,7,0,2
2024-01,43,86,4,5,1,12,162,173,4,42,2,2,1,17,14,36,9,13,9,18,7,51,9,1,13,119,12,26,4,15,13,3,19,5,7,0,1,3,41,9,31,1,10,19,18,1,6,73,15,16,14,46,0,6,0,1
2024-01,44,23,8,7,8,20,65,97,1,27,1,3,3,22,19,50,3,8,5,12,5,38,6,1,6,47,10,18,5,15,24,4,18,14,3,0,0,0,44,7,50,13,51,12,9,0,14,52,7,16,9,47,4,13,0,0
2024-01,45,25,2,0,3,7,12,4,1,11,0,0,1,6,1,19,2,2,0,3,1,9,0,0,1,43,5,4,0,5,4,1,5,4,0,0,0,0,6,1,10,3,17,6,4,1,2,47,2,2,0,5,0,7,0,0
2024-01,46,38,13,4,1,40,33,54,2,26,4,2,7,16,11,72,42,5,2,8,5,34,6,0,12,67,2,15,1,5,11,5,11,1,2,2,1,5,28,5,52,4,46,25,7,6,11,0,16,7,11,15,1,6,0,0
2024-01,47,4,0,0,0,3,1,0,1,1,0,1,0,0,1,6,0,1,0,2,0,6,0,0,0,6,1,1,0,0,1,0,0,0,0,0,0,0,0,0,9,0,1,10,1,0,0,0,0,2,1,1,0,3,0,0
2024-01,48,23,12,1,2,3,7,3,0,21,0,1,0,11,1,20,6,2,2,2,2,23,3,4,1,34,4,4,0,9,3,0,6,6,2,0,2,3,10,3,40,1,10,4,12,0,4,9,3,1,8,8,0,10,0,1
2024-01,49,31,43,3,5,32,50,23,2,40,5,0,1,18,18,76,13,9,5,10,8,47,4,2,15,80,14,19,0,18,18,10,29,15,6,3,12,18,55,12,111,13,31,24,19,7,19,5,21,29,13,38,1,37,0,4
2024-01,50,16,2,1,1,3,3,1,3,7,1,0,0,2,10,10,1,0,3,4,1,7,1,2,1,16,3,5,1,5,0,1,1,1,0,0,0,0,12,0,12,0,3,3,5,0,6,98,4,1,2,3,0,4,0,0
2024-01,51,23,17,4,1,16,14,3,2,13,1,0,0,15,4,24,40,3,3,6,1,15,5,0,4,78,6,16,0,6,4,1,5,2,10,3,3,7,18,3,45,3,14,6,2,2,4,103,4,10,4,5,1,8,0,0
2024-01,52,42,20,3,1,115,9,1,0,15,0,0,0,4,2,38,81,5,0,2,0,15,3,8,8,32,7,3,1,5,3,0,11,2,3,0,0,8,12,2,65,2,15,5,4,0,12,0,5,11,5,24,0,6,0,0
2024-01,53,38,15,1,2,36,24,19,2,23,7,2,0,19,10,76,9,5,2,17,4,26,18,1,11,75,13,13,0,13,11,5,12,11,3,1,3,3,53,0,45,7,18,18,12,3,15,0,16,33,7,16,1,25,0,3
2024-01,54,3,0,0,0,1,8,22,0,1,0,0,0,3,1,1,2,2,0,0,0,4,2,0,2,27,0,4,0,0,0,0,0,0,0,0,0,0,8,0,2,1,8,0,0,0,0,0,0,3,0,2,0,1,0,0
2024-01,55,10,11,0,0,20,4,1,0,0,0,0,0,2,1,14,7,3,1,1,0,5,0,0,4,71,3,2,0,0,1,1,6,5,4,0,0,3,6,1,30,3,9,1,6,1,6,121,2,3,1,4,0,2,0,0
2024-01,56,76,18,7,1,31,16,7,1,30,1,1,1,12,3,62,61,2,3,12,5,12,12,2,17,139,25,6,3,118,4,4,17,12,13,3,7,7,8,1,36,5,50,6,5,3,26,49,1,1,10,6,1,7,0,1
2024-01,57,45,4,2,4,8,0,5,1,7,0,0,0,2,2,14,180,2,0,0,0,2,0,0,3,55,2,2,0,5,5,0,5,2,14,0,0,0,3,0,11,10,48,2,3,0,6,0,0,0,2,6,0,0,0,0
2024-01,58,69,10,3,0,31,20,7,3,18,0,0,0,8,7,38,336,3,1,8,9,11,5,1,15,100,4,2,2,82,9,3,10,7,22,1,0,9,18,2,47,3,23,5,14,0,12,92,4,6,22,6,0,1,0,1
2024-01,59,41,2,4,0,19,5,0,1,10,0,1,0,6,2,15,138,4,1,6,2,7,5,7,5,96,1,1,1,19,3,0,3,4,5,2,2,9,13,0,14,3,55,3,6,34,1,0,0,0,8,7,1,0,0,1
2024-01,60,58,9,5,1,26,12,5,0,20,0,2,6,5,8,39,162,2,2,16,4,9,7,1,6,101,9,2,2,51,22,2,3,9,3,3,3,6,4,5,45,2,17,3,8,55,15,137,2,8,7,6,2,1,0,1
2024-01,61,113,18,9,1,29,30,23,5,15,2,2,4,10,16,68,176,2,2,18,6,21,7,2,13,133,2,4,3,36,24,2,8,5,14,1,5,4,16,5,56,5,33,18,14,2,10,0,15,11,5,10,0,10,0,0
2024-01,62,48,7,0,0,7,5,10,2,4,0,3,0,3,2,18,142,5,1,5,0,7,0,0,10,30,1,3,2,14,1,2,4,0,30,2,5,10,5,0,25,0,10,3,1,0,6,4,2,2,8,4,0,6,0,0
2024-01,63,98,5,10,1,26,31,10,6,8,4,1,0,7,1,46,235,3,1,7,5,11,7,1,16,81,4,5,1,18,12,2,10,7,14,0,2,3,17,5,42,20,37,8,10,2,14,94,4,0,6,10,1,6,0,0
2024-01,64,88,8,3,1,3,24,0,1,9,0,0,0,11,0,34,11,3,1,12,5,24,0,1,4,105,2,4,4,202,2,1,7,10,9,1,4,8,1,1,45,2,45,3,3,5,3,0,1,1,3,1,0,4,0,0
2024-01,65,80,5,6,1,16,13,9,1,24,0,1,0,1,2,31,89,4,0,2,1,14,1,1,9,92,2,6,3,26,3,4,6,11,7,0,1,1,8,2,10,4,14,10,8,0,10,90,0,3,3,22,0,4,0,0
2024-01,66,131,12,11,4,28,41,45,1,52,1,1,0,15,13,71,226,7,2,19,6,34,5,1,17,66,9,16,2,37,31,6,18,6,24,1,6,4,48,5,55,7,17,7,23,1,12,192,10,22,11,51,1,31,0,0
2024-01,67,57,9,9,2,42,42,28,2,23,9,3,0,24,13,73,24,13,4,8,12,30,3,0,7,65,10,11,0,34,8,3,10,3,12,2,10,9,41,5,38,9,39,52,14,1,11,0,15,13,9,19,0,21,0,0
2024-01,68,39,6,2,4,26,57,69,3,23,2,1,1,25,18,54,33,4,2,6,10,39,2,1,7,58,2,10,1,24,12,5,12,8,3,0,2,4,17,4,16,2,34,23,12,0,11,58,10,23,2,8,1,11,0,0
2024-01,69,50,6,3,2,15,67,64,1,27,3,4,1,14,15,52,19,18,0,7,6,30,6,1,7,60,3,15,0,20,19,6,17,3,13,0,0,1,27,8,19,7,59,8,4,2,13,2,16,9,8,22,1,16,0,0
2024-01,70,62,23,3,1,31,10,6,11,30,1,2,0,20,3,91,17,7,2,14,7,9,5,3,10,146,0,13,2,21,10,8,9,10,22,1,0,4,14,0,72,1,19,5,7,1,14,7,2,4,7,25,1,8,0,0
2024-01,71,58,11,12,0,53,65,64,10,63,4,2,1,27,7,88,19,8,7,20,10,40,14,5,20,164,17,17,0,26,24,6,20,9,8,5,14,11,49,3,48,4,28,6,10,101,14,158,10,23,17,41,1,32,0,1
2024-01,72,18,11,8,0,24,15,5,0,26,0,1,1,0,1,34,11,1,4,6,6,15,1,1,1,61,9,5,1,10,2,2,1,15,14,0,3,4,5,0,72,5,20,8,9,4,19,1,1,6,9,12,0,6,0,1
2024-01,73,49,27,2,1,52,17,11,2,38,1,1,3,21,3,59,3,5,8,14,3,34,2,2,3,72,5,13,2,16,14,1,9,20,4,3,3,3,19,8,62,4,8,9,10,1,21,51,9,8,6,19,0,21,0,0
2024-01,74,18,5,7,0,17,5,1,0,32,0,0,0,3,0,51,5,1,0,4,0,6,1,0,2,79,27,0,0,22,1,10,4,9,5,0,0,2,4,2,31,1,2,3,4,0,9,57,2,0,6,12,1,2,0,0
2024-01,75,18,10,7,0,22,9,8,3,17,2,0,1,6,9,54,4,2,3,8,2,21,2,1,6,65,15,8,2,11,2,5,21,13,5,0,0,2,6,3,49,2,40,5,3,3,10,0,3,7,11,13,2,24,0,0
2024-01,76,30,0,1,0,1,4,0,0,1,0,0,0,5,1,7,7,0,0,0,0,1,1,0,0,20,0,2,2,0,1,0,2,0,0,0,0,0,1,0,3,3,5,0,0,0,0,0,0,0,1,0,0,0,0,0
2024-01,77,52,5,17,4,8,43,31,9,3,2,3,0,13,13,16,197,28,1,19,4,6,1,6,1,124,8,3,7,32,12,5,17,9,22,1,1,6,8,3,42,8,30,12,25,7,11,84,2,1,19,24,2,6,0,8
2024-02,0,4428,792,1000,71,1561,1606,637,246,1074,396,128,135,1313,879,3527,7352,560,160,390,463,262,551,105,231,7705,273,578,185,2852,906,432,553,739,1441,50,156,357,1219,608,2818,372,1885,962,462,748,991,4777,363,650,683,403,59,279,0,341
2024-02,1,98,12,7,0,6,36,21,2,20,2,2,0,9,5,16,107,3,3,4,12,3,2,4,4,198,0,3,4,54,10,1,2,2,17,0,0,5,6,7,22,2,14,12,8,3,8,27,0,8,16,6,3,2,0,5
2024-02,2,142,14,38,0,28,33,10,7,39,1,3,1,42,15,80,54,6,3,3,15,18,6,3,3,171,2,27,4,80,34,9,9,12,19,0,0,1,6,7,38,3,26,17,8,28,21,120,0,2,23,6,3,5,0,11
2024-02,3,66,5,23,1,10,54,16,1,23,7,3,8,10,14,12,202,9,2,5,4,1,6,4,2,174,2,3,1,30,13,3,3,10,25,1,1,4,7,13,27,3,20,12,3,3,8,207,0,6,29,16,1,0,0,16
2024-02,4,51,6,23,1,9,17,12,3,17,0,1,5,16,3,32,55,12,1,6,8,1,4,0,3,175,1,3,0,52,6,9,6,7,18,0,1,0,4,5,33,3,29,7,4,8,11,0,0,4,17,3,1,2,0,18
2024-02,5,50,2,33,2,20,8,1,2,14,2,0,3,11,5,28,115,12,4,5,8,1,2,1,1,98,3,10,1,47,9,11,2,8,18,0,3,0,2,11,21,3,27,17,7,14,13,9,7,2,14,7,1,0,0,11
2024-02,6,54,7,15,4,22,36,16,9,23,4,8,9,28,20,52,151,31,7,5,16,9,8,3,1,184,8,3,2,124,15,8,13,15,30,1,4,6,4,12,47,7,57,8,2,28,21,109,3,5,27,18,1,1,0,26
2024-02,7,40,12,32,4,14,18,4,4,36,0,1,7,5,6,23,255,20,3,9,5,6,15,1,0,268,3,5,6,82,35,12,12,17,39,2,0,6,0,14,69,3,25,7,3,5,11,115,14,1,13,23,1,5,0,25
2024-02,8,23,1,6,0,5,24,6,8,12,2,6,1,14,7,9,215,22,3,5,5,2,8,1,6,147,1,4,18,22,7,8,8,9,47,0,3,9,3,20,56,4,54,0,1,7,2,151,2,3,7,2,3,0,0,2
2024-02,9,8,7,7,0,3,1,0,1,6,0,1,0,2,1,14,2,8,1,1,0,0,0,0,0,45,1,0,0,7,2,5,0,5,4,0,0,1,0,1,13,4,6,2,4,17,9,0,1,0,10,0,1,1,0,0
2024-02,10,64,29,14,3,68,5,1,0,14,2,0,3,31,5,63,9,9,2,12,7,3,9,0,1,172,3,2,0,29,6,13,9,12,12,0,0,0,4,5,47,1,29,12,13,14,28,103,0,1,15,7,0,4,0,6
2024-02,11,32,7,10,3,18,7,2,3,16,2,0,1,8,2,40,39,3,3,5,3,1,2,0,0,66,4,5,2,44,4,15,7,5,20,0,0,2,1,6,21,4,29,14,11,1,14,57,1,1,11,5,0,2,0,3
2024-02,12,19,9,9,1,16,4,0,0,8,0,1,1,36,1,31,31,8,0,4,2,0,4,1,0,68,3,4,0,22,13,4,14,5,5,0,0,0,2,3,20,19,33,7,5,59,17,3,2,0,6,8,1,1,0,6
2024-02,13,38,4,10,0,6,36,0,0,6,1,0,0,7,3,14,7,1,0,3,3,1,0,0,0,52,3,1,2,20,6,1,5,3,15,0,0,1,1,9,20,4,10,6,3,3,7,0,1,0,7,1,1,0,0,2
2024-02,14,68,7,38,2,19,14,7,7,21,1,1,0,22,10,54,111,2,2,2,5,4,6,0,3,116,5,3,5,26,13,5,4,5,24,0,3,4,4,3,22,2,19,11,6,26,3,29,4,2,12,17,1,4,0,17
2024-02,15,145,8,45,1,71,24,7,14,13,1,1,0,28,3,77,95,16,4,9,11,3,13,3,7,127,5,2,0,100,14,14,12,21,98,0,5,7,12,9,57,6,50,23,10,9,29,0,5,8,25,4,0,1,0,7
2024-02,16,120,10,50,2,25,21,4,3,12,3,2,1,23,6,80,199,4,2,5,8,3,10,0,5,148,3,6,5,72,11,8,18,6,43,0,0,2,11,13,64,15,37,15,15,24,21,231,3,7,13,5,0,5,0,29
2024-02,17,100,29,36,0,22,13,3,0,13,1,1,4,16,3,83,18,7,7,6,14,0,8,0,2,187,3,3,2,56,12,2,4,10,25,0,2,5,8,2,46,6,43,11,9,7,35,119,7,10,15,5,2,6,0,3
2024-02,18,67,32,12,0,13,34,2,3,6,0,0,0,6,0,15,29,3,0,2,9,0,1,0,1,37,2,2,0,9,12,1,0,6,2,0,0,3,5,0,33,0,5,1,5,0,12,82,2,3,3,0,0,2,0,2
2024-02,19,206,6,36,1,98,43,15,9,22,1,4,0,22,17,209,109,9,3,5,3,6,15,0,9,113,4,14,2,140,20,6,14,155,84,1,2,5,28,16,68,4,48,10,7,3,22,87,6,14,13,11,0,5,0,3
2024-02,20,50,6,15,0,13,9,1,0,10,1,2,2,3,5,24,41,2,1,5,4,0,1,0,2,33,1,5,0,24,10,3,1,5,15,1,0,2,7,3,16,5,3,5,5,2,3,14,1,5,6,0,0,3,0,3
2024-02,21,112,9,14,1,18,11,4,3,12,0,0,1,5,9,38,204,5,2,5,13,3,7,0,3,59,1,5,2,44,6,1,4,7,36,4,4,5,13,7,31,9,27,8,5,20,12,176,1,2,7,4,0,1,0,9
2024-02,22,84,17,42,2,33,31,9,7,13,3,5,1,28,21,55,395,10,2,9,11,6,9,2,6,166,5,13,7,91,24,2,6,33,33,2,0,7,17,11,45,6,53,46,10,30,20,75,3,5,26,5,2,2,0,24
2024-02,23,114,11,16,0,36,30,10,5,14,21,2,0,33,45,111,96,10,7,15,9,3,17,1,10,164,5,10,1,57,24,6,4,8,28,0,2,2,44,19,23,13,23,6,8,3,27,219,12,15,11,3,1,3,0,3
2024-02,24,96,13,44,3,63,34,7,3,33,5,7,2,39,22,100,622,22,2,15,21,8,36,3,14,203,8,7,4,117,40,9,11,24,61,3,6,12,6,20,71,13,86,15,5,27,18,174,2,1,31,21,0,4,0,18
2024-02,25,211,16,41,1,60,88,56,19,36,25,6,0,70,68,179,143,16,7,22,43,8,25,9,6,341,16,37,11,70,61,6,10,30,77,1,8,17,64,22,90,8,25,36,17,4,46,136,30,34,22,9,4,16,0,5
2024-02,26,34,11,39,0,17,19,5,2,7,29,1,1,7,31,60,98,10,4,2,3,2,6,18,0,131,2,12,3,19,12,2,6,40,74,1,9,10,21,5,38,9,18,8,7,2,6,18,1,9,4,0,0,2,0,1
2024-02,27,27,7,2,0,7,14,12,0,14,28,0,1,5,14,37,40,6,1,19,3,1,1,4,1,137,1,14,2,11,11,1,10,4,21,0,3,4,13,11,28,2,34,11,0,17,4,10,3,8,3,2,0,2,0,5
2024-02,28,71,8,8,2,6,33,11,9,4,12,5,1,16,34,18,356,21,1,7,6,0,3,3,4,203,6,10,15,24,19,3,6,21,38,5,1,13,13,13,97,18,92,6,2,5,14,168,8,7,8,5,0,0,0,1
2024-02,29,72,11,6,1,13,31,13,3,15,36,0,0,21,60,61,35,11,2,7,12,7,6,2,4,102,3,7,6,32,27,5,5,7,10,0,2,5,44,15,19,4,25,9,4,5,9,75,8,15,6,0,1,3,0,2
2024-02,30,112,25,15,0,39,26,6,8,11,1,7,1,18,18,82,259,11,5,7,7,2,3,3,11,109,3,11,2,48,17,3,12,7,29,1,1,7,23,6,48,10,19,6,8,32,19,108,3,11,4,1,0,2,0,2
2024-02,31,59,8,11,1,79,27,5,4,19,1,2,1,9,8,31,315,7,4,3,16,1,5,0,3,77,3,3,1,41,9,9,4,8,28,1,0,5,13,10,69,3,56,1,3,11,10,70,7,3,9,5,0,4,0,1
2024-02,32,10,1,5,0,2,16,2,3,5,1,4,0,6,2,4,309,15,1,1,2,0,2,3,5,130,0,2,7,24,3,8,0,8,30,2,4,1,2,7,16,16,93,1,0,0,0,1,0,3,9,1,0,4,0,0
2024-02,33,5,1,1,0,1,5,0,0,2,0,0,0,7,2,3,58,4,0,0,4,0,4,0,0,37,0,5,0,7,1,3,2,3,9,0,0,0,5,11,10,7,23,1,0,3,1,1,2,0,2,1,0,0,0,1
2024-02,34,17,0,4,1,5,3,2,2,4,2,1,0,2,0,14,131,0,0,2,1,1,0,0,0,36,1,2,4,12,2,0,0,0,4,0,0,1,5,3,8,1,7,1,0,1,0,0,2,0,2,1,0,1,0,0
2024-02,35,21,1,3,0,2,17,10,0,1,1,2,0,3,0,8,4,1,0,0,1,1,0,0,1,31,1,1,3,2,1,1,1,0,2,0,0,2,0,0,24,0,6,5,0,18,2,0,0,2,0,0,0,3,0,0
2024-02,36,6,2,0,0,2,12,1,0,0,1,0,0,1,0,2,6,2,0,0,2,0,3,0,1,7,0,2,0,11,1,0,0,1,0,0,0,0,3,2,14,1,2,2,1,0,1,0,0,0,0,0,1,0,0,0
2024-02,37,7,1,0,0,3,5,0,0,1,1,1,0,0,0,6,8,1,0,1,0,0,0,0,0,20,0,1,0,22,0,2,1,0,3,0,1,4,1,5,1,1,11,1,0,1,0,2,2,3,1,0,0,0,0,0
2024-02,38,48,4,2,1,8,24,8,1,5,18,0,4,11,16,27,17,9,0,2,11,9,4,1,2,31,2,3,1,19,17,1,3,1,0,0,0,1,13,12,11,1,20,11,4,3,4,15,0,3,2,3,3,1,0,1
2024-02,39,19,5,2,0,6,18,10,0,0,1,0,0,6,4,11,2,4,1,3,4,0,1,0,4,39,3,5,1,12,4,1,0,0,7,0,0,0,11,4,16,2,7,5,3,2,4,83,0,4,6,1,0,0,0,1
2024-02,40,11,0,0,0,1,25,9,1,5,6,3,0,4,7,8,4,0,1,1,0,2,1,0,1,37,3,12,0,4,5,3,1,1,3,0,0,0,18,4,9,6,13,5,0,0,1,107,2,10,2,16,0,3,0,0
2024-02,41,14,0,1,1,5,9,4,1,4,0,0,0,7,4,9,4,3,0,2,2,3,0,0,1,60,0,3,1,13,4,3,1,1,16,0,0,4,4,2,24,4,20,18,5,4,6,0,0,1,10,0,0,0,0,2
2024-02,42,28,3,6,0,15,29,8,0,10,7,1,1,8,4,33,7,6,7,10,4,2,15,0,3,51,5,4,1,9,18,4,10,3,11,3,4,6,19,9,17,5,32,31,1,0,6,86,3,12,4,5,0,8,0,0
2024-02,43,54,16,29,0,12,100,54,2,34,5,1,6,38,19,46,11,5,4,11,4,12,17,1,12,109,5,30,2,18,30,5,9,4,8,1,3,9,44,15,63,3,25,51,11,2,18,87,9,24,4,2,1,5,0,2
2024-02,44,48,6,2,0,14,36,37,3,47,7,1,1,27,22,36,9,13,5,7,3,7,6,1,2,59,12,10,5,20,26,8,17,8,4,0,8,7,23,24,20,1,25,19,9,0,14,90,10,8,8,13,2,3,0,2
2024-02,45,23,1,4,0,6,9,3,0,10,1,3,3,12,4,18,3,2,0,3,0,2,2,0,0,31,2,6,2,4,5,0,2,1,11,0,2,3,12,2,23,6,2,25,3,1,4,46,2,3,4,0,1,3,0,0
2024-02,46,54,12,24,3,21,30,15,6,13,10,1,6,28,11,62,25,5,0,2,3,3,12,0,1,95,3,17,1,10,28,6,7,2,12,1,7,5,38,11,92,8,8,57,13,14,11,2,19,19,5,3,1,9,0,0
2024-02,47,0,0,0,0,1,0,0,0,3,0,0,0,3,1,3,0,0,0,3,0,0,0,0,0,26,0,1,0,1,0,0,3,0,1,0,0,0,4,1,4,0,1,1,0,0,0,0,1,0,0,1,0,0,0,0
2024-02,48,32,7,2,0,15,12,5,1,13,0,0,0,14,6,29,6,4,2,5,3,17,5,2,2,27,1,12,2,2,3,1,10,9,6,0,1,4,11,9,33,2,14,15,7,2,10,1,1,8,2,0,1,5,0,2
2024-02,49,61,24,11,3,66,28,15,4,31,11,3,0,31,46,105,39,11,7,7,8,4,10,6,6,72,9,19,4,32,10,9,18,18,11,0,4,6,66,13,92,10,17,40,24,14,28,11,32,50,14,6,1,20,0,0
2024-02,50,18,1,0,1,7,4,5,0,3,0,0,0,14,3,17,1,1,0,1,2,4,3,0,2,24,1,0,0,4,1,2,7,1,0,0,0,10,10,5,30,2,1,7,1,0,6,104,0,11,1,0,0,4,0,0
2024-02,51,36,9,5,1,23,11,6,1,14,2,1,1,32,5,52,47,5,2,4,1,4,7,2,2,80,2,9,2,4,6,8,13,2,5,0,0,5,27,0,37,3,18,13,7,0,2,90,5,12,0,6,0,11,0,2
2024-02,52,55,6,6,2,37,6,0,0,8,0,0,0,16,4,52,92,7,2,1,0,2,7,0,1,40,3,7,2,8,3,3,12,9,3,0,2,4,4,5,35,1,11,0,0,2,11,0,0,3,6,3,1,4,0,2
2024-02,53,37,17,9,1,22,30,10,3,12,5,1,1,34,18,79,20,9,2,7,7,0,30,1,7,88,11,18,0,14,13,6,16,13,7,0,0,8,35,7,61,2,16,29,12,2,32,0,21,34,7,3,1,13,0,5
2024-02,54,4,1,0,0,2,3,4,0,1,0,0,0,3,2,4,0,1,1,0,0,0,1,0,1,16,0,3,0,0,1,0,0,1,2,0,0,0,16,0,11,3,8,1,1,0,0,0,0,12,0,0,0,1,0,0
2024-02,55,16,9,4,0,12,7,3,1,14,0,0,0,10,0,46,4,7,1,1,1,0,1,0,1,55,6,1,0,1,3,4,6,4,9,0,0,2,2,0,16,3,9,2,3,0,7,80,3,2,5,6,0,0,0,1
2024-02,56,92,57,6,0,29,9,2,1,15,1,3,1,10,3,61,116,3,1,7,7,1,37,0,4,129,4,6,0,97,5,6,19,14,11,3,2,7,10,6,81,2,26,12,5,6,33,53,0,5,10,4,1,4,0,3
2024-02,57,46,2,7,0,0,5,0,3,2,1,3,0,2,2,15,208,1,0,1,4,1,1,2,3,78,2,4,0,12,4,2,5,1,31,0,0,2,3,1,9,1,15,1,3,4,1,0,1,0,2,0,0,0,0,0
2024-02,58,121,10,10,1,20,18,5,4,11,1,0,0,26,10,61,377,4,1,5,4,2,7,3,2,115,1,5,2,43,7,3,11,4,20,0,2,4,13,4,52,7,21,5,13,9,18,120,3,10,29,3,1,3,0,1
2024-02,59,37,5,4,0,17,6,2,1,7,0,0,0,11,2,20,141,0,2,2,1,1,8,1,1,48,4,4,3,12,2,4,2,2,20,0,0,4,3,4,32,2,23,3,5,35,2,0,0,2,4,2,0,3,0,1
2024-02,60,58,20,9,0,24,19,1,1,10,3,2,6,6,8,36,106,0,2,2,9,6,7,0,3,89,7,3,2,47,11,1,0,7,16,0,0,5,8,6,33,4,11,2,3,18,14,94,0,1,9,2,0,1,0,2
2024-02,61,119,24,5,0,20,24,10,10,15,11,3,27,9,14,84,161,5,5,5,8,7,4,0,8,173,2,9,1,47,17,2,4,3,4,1,3,7,29,7,58,4,29,31,3,2,17,4,7,11,6,1,2,8,0,2
2024-02,62,67,4,6,0,12,5,2,2,9,0,0,0,6,0,17,186,3,0,0,2,0,4,0,3,85,0,3,1,21,0,3,5,0,22,1,2,3,3,1,32,1,14,5,1,1,6,2,1,0,6,0,0,0,0,0
2024-02,63,106,5,15,1,16,41,7,16,9,1,4,1,25,3,47,267,3,1,2,6,1,7,0,8,70,6,3,0,93,12,2,8,8,33,1,5,11,17,5,35,2,11,10,8,4,20,120,6,6,2,3,0,8,0,1
2024-02,64,69,26,11,1,8,6,1,8,11,0,1,0,7,4,34,13,1,2,1,4,2,6,1,3,185,0,1,0,173,2,6,6,4,4,0,0,1,5,0,38,1,26,2,3,6,6,1,2,2,8,3,2,5,0,1
2024-02,65,82,20,9,1,21,8,3,2,11,0,1,0,8,5,57,150,11,0,2,2,5,5,1,0,116,0,6,4,26,3,14,15,5,9,3,7,3,8,0,20,1,8,7,2,5,12,220,0,4,6,4,1,2,0,0
2024-02,66,95,12,16,1,36,21,13,5,36,4,2,0,25,29,83,153,9,4,10,9,15,18,6,1,183,5,16,2,55,13,20,16,4,14,0,1,3,45,7,53,12,65,12,4,20,26,173,10,23,7,13,1,6,0,0
2024-02,67,45,7,3,1,35,17,16,2,19,30,4,1,28,22,83,32,9,1,5,8,6,7,0,4,74,9,20,1,147,12,13,18,4,3,1,9,13,45,16,27,2,14,44,8,27,28,24,11,40,6,12,2,4,0,1
2024-02,68,45,5,5,1,30,34,27,5,13,29,1,1,20,30,66,29,6,1,4,7,5,9,0,2,71,7,11,5,20,20,18,13,9,12,1,3,4,42,8,41,15,54,26,20,1,8,0,23,27,4,10,2,4,0,0
2024-02,69,63,21,7,1,12,33,23,0,22,16,4,5,35,29,44,9,12,2,11,9,4,13,3,6,75,2,20,2,17,23,7,10,4,8,3,5,9,43,49,31,6,36,31,12,0,12,0,19,18,6,3,2,14,0,4
2024-02,70,53,17,7,2,26,11,4,7,18,2,0,4,13,3,76,31,8,1,2,4,5,16,0,2,141,3,10,3,33,10,20,6,9,13,0,1,8,32,6,63,5,13,9,12,2,27,6,3,14,7,11,0,9,0,0
2024-02,71,81,36,8,7,44,57,22,3,35,15,0,3,56,34,111,10,10,5,10,6,8,12,2,8,83,4,18,1,36,22,17,20,17,9,0,4,14,84,17,68,7,28,18,11,108,28,207,15,29,7,23,3,10,0,5
2024-02,72,16,7,6,0,9,2,2,0,11,0,1,0,18,7,37,4,5,1,9,6,5,3,0,2,67,13,11,2,19,8,5,7,7,5,0,0,3,9,3,34,3,6,6,12,0,16,1,0,3,6,9,0,0,0,4
2024-02,73,41,21,7,0,25,17,4,0,19,4,2,2,47,15,78,6,9,4,9,5,0,9,1,2,85,6,5,0,28,12,8,17,15,17,1,8,13,25,8,38,1,24,16,13,1,22,76,5,23,7,6,0,5,0,3
2024-02,74,10,2,9,0,7,4,1,0,2,2,0,0,9,0,47,0,1,1,3,1,1,3,0,0,61,5,4,0,23,3,11,5,7,2,2,0,0,3,2,26,3,1,14,2,2,21,79,0,1,5,4,0,0,0,0
2024-02,75,18,9,4,2,18,4,0,3,22,2,1,0,25,4,53,3,5,2,11,4,3,3,0,0,60,12,10,3,19,7,4,4,6,4,0,5,2,29,4,34,2,14,11,10,3,13,4,4,10,9,5,0,2,0,2
2024-02,76,42,0,4,0,1,0,0,0,0,0,1,0,2,3,5,3,1,0,1,0,0,0,1,1,28,0,0,4,0,1,1,0,0,5,0,0,0,1,1,22,2,7,1,4,2,1,0,0,0,2,1,0,0,0,0
2024-02,77,65,6,25,2,6,45,15,5,28,3,0,6,18,11,10,133,23,0,2,8,8,3,1,1,217,1,2,3,37,25,2,2,12,20,2,3,9,3,4,25,8,28,6,5,6,12,95,2,5,28,14,1,5,0,24
2024-03,0,4510,555,906,138,1403,1618,539,261,655,404,139,88,1080,943,3523,7921,701,144,542,519,203,543,75,311,5492,281,775,204,2654,897,362,1022,910,1749,67,230,475,1204,521,2974,395,2057,1334,749,1405,1422,4039,655,631,1615,1472,55,400,0,571
2024-03,1,96,1,9,2,10,29,9,5,6,2,3,2,12,15,13,138,12,1,8,3,0,3,2,5,109,2,8,4,46,12,3,8,6,15,0,2,4,2,4,5,3,54,6,2,12,6,39,0,5,32,18,3,1,0,20
2024-03,2,161,16,23,3,27,18,6,5,20,2,0,7,21,10,69,45,8,0,9,6,2,6,1,7,117,2,9,2,78,32,4,22,18,21,0,1,6,13,13,65,6,54,29,22,28,23,143,3,7,18,38,0,6,0,13
2024-03,3,45,1,10,4,7,47,19,1,6,6,2,1,5,16,14,397,11,0,2,3,0,1,1,0,64,2,1,3,39,11,4,13,7,42,2,1,6,3,6,32,3,39,5,7,6,10,125,2,5,48,47,0,5,0,19
2024-03,4,48,6,14,3,14,9,4,0,3,1,1,4,23,4,30,128,18,2,4,9,0,7,1,0,137,3,10,5,46,3,8,16,4,20,0,0,21,4,6,38,2,21,17,16,6,21,3,1,1,65,29,0,3,0,39
2024-03,5,40,6,25,1,28,5,2,1,5,2,0,3,7,11,34,108,16,0,4,3,5,10,0,1,84,5,5,3,44,7,7,32,29,30,2,2,14,1,9,15,5,13,23,17,22,15,53,3,0,66,48,1,3,0,21
2024-03,6,39,12,34,7,21,29,8,5,8,4,2,4,33,14,49,390,21,1,13,25,0,12,3,8,146,7,6,8,111,19,6,23,22,54,1,10,11,5,17,43,7,72,14,14,34,12,106,2,3,125,60,2,5,0,28
2024-03,7,28,4,17,0,11,24,5,1,25,2,1,11,16,8,27,202,36,3,4,11,4,12,1,0,156,6,6,9,73,30,9,21,27,48,0,1,6,4,16,51,7,54,7,4,7,17,131,0,1,63,60,1,5,0,21
2024-03,8,25,4,10,1,4,18,8,8,5,5,6,3,7,7,9,223,28,0,3,5,2,2,2,4,175,2,12,14,26,25,10,10,13,52,1,6,9,5,15,51,12,52,2,3,7,26,118,0,8,47,21,1,0,0,2
2024-03,9,4,8,2,2,8,3,0,0,4,0,0,0,3,1,23,4,0,1,3,2,0,0,0,0,42,1,0,0,6,2,1,1,6,3,0,0,2,1,0,13,5,3,7,10,12,16,55,1,0,10,1,0,0,0,1
2024-03,10,55,18,11,1,34,6,5,5,11,0,1,1,15,0,70,31,7,2,13,8,3,7,0,2,140,9,4,1,44,3,9,23,15,15,0,2,3,6,4,52,4,23,16,16,19,38,53,8,2,32,17,3,4,0,11
2024-03,11,28,4,9,4,17,8,1,0,8,2,1,0,11,2,48,34,7,1,3,7,1,6,0,1,57,0,3,2,62,6,7,18,8,16,0,0,5,10,3,30,4,28,10,11,9,19,31,0,1,15,12,1,4,0,8
2024-03,12,15,4,3,0,7,3,0,4,2,0,0,1,36,0,48,29,7,0,1,3,0,2,1,0,113,0,5,1,23,9,10,6,15,14,0,0,2,1,11,13,0,17,17,21,23,25,57,1,2,16,14,1,1,0,13
2024-03,13,45,3,12,1,8,11,3,0,8,1,1,0,8,1,24,26,6,2,3,1,0,2,0,1,79,1,3,2,11,12,3,11,5,23,0,0,1,3,20,24,5,12,3,9,11,13,0,1,2,8,6,0,2,0,7
2024-03,14,76,7,25,0,28,20,3,8,25,2,1,1,23,15,62,89,6,1,12,5,2,5,0,2,93,3,10,4,41,16,6,16,19,23,0,0,5,4,8,45,1,10,10,15,11,17,2,4,5,33,31,0,1,0,49
2024-03,15,166,17,31,5,54,43,10,14,13,2,0,0,13,11,96,149,7,8,14,22,8,20,5,7,126,1,6,6,126,16,14,44,17,74,2,0,1,7,8,71,8,36,25,18,19,45,7,19,4,47,29,4,8,0,24
2024-03,16,100,12,20,1,36,18,5,6,12,1,0,3,11,9,60,199,10,3,9,11,0,6,2,9,106,3,7,3,60,18,10,25,7,22,2,3,4,8,5,44,7,31,25,14,8,26,155,9,1,55,23,1,15,0,31
2024-03,17,109,14,14,1,23,15,2,4,8,1,1,0,6,4,67,20,16,2,22,8,3,14,0,2,69,2,0,1,56,16,4,18,49,11,1,3,6,7,3,60,2,23,14,9,9,45,63,10,4,16,12,0,4,0,5
2024-03,18,48,9,6,1,8,31,2,2,5,0,0,0,3,3,13,19,2,0,2,7,7,1,0,0,33,2,1,0,7,2,2,18,5,8,0,0,0,1,0,36,0,10,6,4,1,6,61,2,8,7,6,0,3,0,1
2024-03,19,241,7,42,6,70,30,6,16,19,2,2,1,24,19,158,140,7,6,21,7,0,14,0,59,120,2,18,3,80,15,9,24,100,83,0,7,9,25,8,58,6,29,11,18,9,42,61,18,11,17,27,0,10,0,2
2024-03,20,55,4,24,0,12,6,7,2,5,0,0,1,4,3,36,28,2,1,7,0,1,1,0,4,24,4,7,1,32,4,2,10,5,28,0,0,3,0,2,25,2,16,3,3,24,13,12,0,2,10,5,0,5,0,4
2024-03,21,139,1,17,2,14,16,6,1,4,4,4,2,6,7,50,195,10,3,8,11,1,11,0,1,65,6,7,2,36,14,3,14,8,49,1,5,11,5,1,39,3,33,5,7,3,6,120,5,7,50,21,1,1,0,16
2024-03,22,111,9,56,8,40,27,9,6,13,1,3,1,21,19,69,334,32,3,16,11,3,9,13,6,136,12,9,6,72,19,10,26,22,102,1,1,8,16,13,61,5,63,41,17,33,35,59,8,3,80,66,4,9,0,44
2024-03,23,131,13,13,4,32,44,19,4,7,15,7,0,14,42,68,99,9,4,10,15,3,15,1,9,65,7,19,2,54,18,0,17,8,29,0,1,11,31,3,26,10,23,17,9,11,19,129,11,26,43,25,1,6,0,10
2024-03,24,112,9,38,2,58,31,9,8,36,11,4,0,33,33,95,675,25,4,16,26,5,24,1,4,174,9,9,10,158,41,14,21,41,111,2,5,23,13,28,57,6,51,13,15,39,64,123,9,6,131,50,1,4,0,46
2024-03,25,182,36,49,6,50,107,40,19,23,19,10,1,73,72,165,148,13,17,20,30,21,16,2,7,143,6,63,5,68,43,8,39,39,115,4,13,19,60,13,122,13,44,42,35,8,73,246,38,40,22,43,2,36,0,6
2024-03,26,19,0,8,1,10,24,10,4,6,26,2,0,10,19,62,18,8,5,3,4,4,7,2,3,34,2,2,1,26,8,2,7,15,47,1,9,8,7,5,12,3,14,14,7,2,8,0,29,6,2,5,2,3,0,0
2024-03,27,24,7,10,1,21,17,4,0,7,12,0,0,6,22,51,33,7,2,3,2,5,1,1,0,37,2,7,1,22,14,1,6,31,46,2,2,12,9,7,38,3,27,11,3,12,9,4,20,7,6,12,0,7,0,1
2024-03,28,58,3,13,0,15,21,7,7,3,12,8,0,7,28,25,284,44,0,10,5,0,6,0,0,214,3,27,15,45,19,5,20,14,34,2,7,12,17,20,48,17,142,7,4,10,38,66,62,6,41,34,1,1,0,6
2024-03,29,72,13,6,1,21,24,12,8,3,41,4,1,9,47,71,21,8,0,15,14,3,4,2,11,35,2,10,1,32,18,3,8,13,24,0,1,4,40,15,37,7,25,21,5,2,16,122,21,14,2,17,0,1,0,1
2024-03,30,108,8,21,1,27,31,8,13,6,4,4,2,19,18,67,294,13,3,6,5,4,11,0,10,73,2,7,0,51,17,8,19,9,18,0,2,7,27,8,37,3,34,14,8,2,15,4,2,5,10,12,0,2,0,2
2024-03,31,61,0,14,2,16,37,3,1,12,4,5,1,6,10,33,411,15,5,4,10,6,8,2,1,116,7,8,3,44,15,0,6,17,10,1,3,11,9,10,47,1,55,4,2,11,19,120,3,2,30,18,0,7,0,0
2024-03,32,10,3,1,0,1,14,1,4,0,4,4,0,2,6,3,320,14,0,0,1,1,3,1,1,105,0,5,12,16,1,5,4,10,20,2,0,1,2,9,15,11,90,3,0,1,8,1,0,2,27,2,0,3,0,1
2024-03,33,5,2,1,0,2,7,2,0,0,1,0,0,10,4,6,50,1,0,4,0,2,3,0,2,44,2,2,1,5,0,2,1,7,17,0,0,1,1,5,20,0,9,0,0,1,11,14,22,2,22,10,0,1,0,0
2024-03,34,11,5,2,0,8,16,3,3,1,2,1,0,6,6,12,71,2,2,7,5,1,2,0,2,31,2,3,3,21,7,0,1,3,5,0,0,1,0,3,2,3,8,0,2,6,2,0,7,2,4,6,1,1,0,0
2024-03,35,15,2,1,0,3,22,7,0,3,0,1,1,5,5,9,14,3,1,1,5,0,1,0,0,29,0,6,1,5,3,0,0,3,3,0,0,6,3,5,50,3,12,4,5,6,2,0,3,2,6,3,0,0,0,1
2024-03,36,6,2,0,0,1,9,5,0,1,1,1,6,14,2,5,1,0,0,1,0,0,1,0,0,8,0,1,0,9,2,0,3,0,0,0,0,0,0,0,7,0,1,4,0,0,3,28,0,0,3,2,0,1,0,0
2024-03,37,10,0,0,0,3,6,1,0,1,3,0,0,2,1,5,12,2,0,0,2,0,0,0,0,4,2,2,1,7,3,0,3,0,1,0,0,6,3,4,5,3,14,5,4,0,7,0,4,1,0,1,1,0,0,0
2024-03,38,29,5,7,3,16,28,14,0,3,8,0,0,7,14,29,10,7,0,7,6,2,7,0,3,20,3,9,2,20,11,9,13,1,14,1,0,5,14,6,25,7,36,9,1,1,10,0,1,6,8,14,0,5,0,0
2024-03,39,21,2,0,0,7,19,8,0,1,1,3,0,6,2,6,5,1,0,3,3,0,0,0,1,5,2,10,1,4,6,2,3,2,9,0,0,1,5,1,9,2,10,5,4,0,3,23,1,2,20,14,2,1,0,3
2024-03,40,7,1,1,1,2,17,10,0,1,7,1,0,17,4,11,10,5,0,2,0,1,1,0,3,24,2,4,0,3,3,2,1,0,0,0,2,1,15,4,9,2,15,4,0,0,2,49,5,6,3,6,2,1,0,1
2024-03,41,13,3,7,0,2,11,5,0,6,1,0,0,6,4,10,15,3,0,5,0,5,5,2,2,35,4,9,9,10,5,2,5,7,11,0,0,2,9,2,13,7,16,4,1,7,4,2,0,4,41,17,0,1,0,1
2024-03,42,25,3,14,3,10,23,18,2,2,13,2,0,7,4,24,6,8,0,3,7,1,2,4,5,35,7,17,0,11,20,6,10,4,6,1,6,6,12,6,13,4,85,14,7,2,10,80,6,6,9,18,0,2,0,1
2024-03,43,67,7,27,1,15,90,52,4,15,7,2,0,24,15,60,12,11,2,12,9,7,5,1,12,99,3,26,0,21,20,6,26,7,22,0,15,14,43,10,57,11,8,76,8,8,16,75,15,30,29,30,2,13,0,6
2024-03,44,44,6,4,4,18,38,12,1,14,4,2,0,25,26,49,5,21,5,16,8,8,6,1,3,49,7,21,5,8,26,4,19,12,15,0,6,2,29,12,38,3,19,30,24,0,24,69,17,13,9,34,0,14,0,1
2024-03,45,13,9,2,3,7,4,1,0,5,1,6,3,7,3,13,1,5,0,2,3,0,6,0,2,28,0,9,1,9,5,2,3,5,9,0,1,3,16,4,28,3,9,23,7,1,16,61,5,13,5,7,0,2,0,5
2024-03,46,112,8,27,2,16,51,13,4,11,11,4,4,14,14,43,28,4,0,3,4,3,13,1,6,90,6,26,2,20,22,1,24,2,20,2,4,10,37,8,28,9,12,151,11,46,18,3,21,20,10,20,0,5,0,2
2024-03,47,0,0,0,3,0,2,0,0,0,0,0,0,0,4,11,4,0,0,1,4,0,1,0,0,3,0,0,0,0,0,1,1,0,0,0,0,1,2,0,5,1,2,13,5,2,3,0,1,1,0,3,0,2,0,1
2024-03,48,26,11,5,0,15,12,1,2,13,0,0,0,11,6,39,6,6,3,5,3,1,7,0,9,42,4,7,3,12,5,3,14,4,11,0,0,0,11,6,63,4,64,30,13,0,19,9,6,7,10,12,0,3,0,3
2024-03,49,52,24,10,2,46,24,9,2,19,18,2,1,29,49,114,10,14,8,18,14,14,12,1,10,112,12,25,1,19,18,5,27,14,8,1,18,13,61,7,130,1,30,55,29,2,40,24,36,38,18,26,1,16,0,3
2024-03,50,13,1,1,0,2,9,2,0,4,3,0,1,7,5,12,1,1,0,3,0,0,5,0,2,20,1,3,0,0,4,1,1,1,0,0,0,1,5,0,30,1,5,6,8,0,9,82,1,3,3,9,0,1,0,0
2024-03,51,34,9,3,0,9,7,2,0,7,3,1,0,5,6,41,6,9,2,4,1,4,8,0,2,40,6,10,1,2,11,0,12,4,6,0,1,4,29,9,68,4,30,38,14,1,7,55,9,15,3,13,0,3,0,2
2024-03,52,61,15,5,1,15,3,1,2,10,1,1,0,14,5,35,54,5,2,5,4,1,1,0,1,19,3,2,3,7,4,2,6,8,3,2,0,0,16,3,27,8,19,8,8,1,10,3,0,6,3,14,0,4,0,0
2024-03,53,30,26,12,2,30,19,10,3,9,20,0,1,22,19,89,7,7,4,16,2,5,40,0,8,48,5,18,1,15,26,2,26,12,2,0,3,5,35,13,69,0,8,41,22,0,45,0,32,35,8,45,0,22,0,3
2024-03,54,2,0,0,0,0,2,6,0,2,1,0,0,2,2,3,0,2,0,0,0,0,0,0,3,9,0,3,0,0,2,0,0,1,1,1,0,0,21,2,8,3,8,3,1,0,1,0,0,13,1,7,0,4,0,0
2024-03,55,19,0,0,0,10,1,1,1,5,0,2,0,3,0,20,6,5,0,1,2,0,0,0,2,10,1,4,0,1,0,1,5,3,11,2,10,6,2,1,37,10,8,6,6,0,5,79,1,3,1,7,0,1,0,0
2024-03,56,99,22,8,0,17,11,2,4,9,0,3,0,14,2,62,75,7,2,5,6,1,14,1,3,87,3,7,1,124,12,1,23,13,17,0,3,2,14,5,68,9,34,15,8,14,22,93,2,0,10,8,3,8,0,1
2024-03,57,31,5,1,3,2,9,3,2,2,0,0,0,5,5,9,132,2,0,0,1,0,2,0,2,37,1,5,0,9,4,3,3,1,26,1,2,8,6,1,18,1,10,1,1,5,5,1,0,1,4,1,0,4,0,0
2024-03,58,117,1,4,1,20,17,3,3,11,1,2,0,15,9,55,312,5,0,6,6,0,9,0,5,71,0,12,1,31,5,3,9,1,25,5,8,8,18,1,39,7,20,13,8,12,17,55,5,7,6,16,0,2,0,0
2024-03,59,34,0,4,3,30,12,0,0,2,0,0,0,7,3,25,151,1,1,2,5,0,4,0,1,31,6,3,2,11,2,1,5,5,7,0,1,1,4,2,15,4,17,1,1,16,3,3,3,2,8,10,0,2,0,2
2024-03,60,82,13,17,1,43,5,4,3,9,2,2,1,9,5,33,179,8,1,2,9,1,8,0,0,68,4,5,2,51,4,2,10,12,21,2,1,6,3,7,31,8,45,5,4,132,8,88,4,4,24,10,0,3,0,5
2024-03,61,138,6,5,2,22,32,5,8,7,15,1,4,11,24,68,177,5,0,13,14,7,8,0,6,48,3,22,4,40,12,10,6,5,31,2,6,8,20,13,66,9,23,27,10,1,35,3,10,8,9,12,1,5,0,5
2024-03,62,59,2,7,0,8,1,0,1,8,0,1,0,7,1,25,130,1,0,1,1,1,4,0,1,50,0,2,0,25,4,1,10,0,13,3,4,12,9,1,26,0,5,3,4,10,7,0,0,6,6,3,0,0,0,0
2024-03,63,82,9,23,0,19,64,8,23,3,2,3,1,16,5,50,338,7,3,2,6,0,8,0,8,95,9,9,0,23,8,6,12,11,38,2,11,10,28,10,31,3,17,6,7,2,17,84,2,4,6,8,1,5,0,0
2024-03,64,67,6,5,0,5,6,1,0,4,0,0,2,4,7,38,23,17,2,5,2,3,4,0,2,59,1,4,0,150,7,8,11,2,5,1,0,3,6,1,9,0,14,12,3,0,6,53,0,2,6,3,0,2,0,1
2024-03,65,89,4,6,1,25,16,4,1,6,0,0,0,10,0,50,111,7,1,11,3,7,3,0,6,85,2,7,3,24,5,11,7,7,17,2,2,1,26,1,37,3,4,1,4,4,8,105,3,11,7,13,0,5,0,0
2024-03,66,116,2,24,8,38,24,7,9,20,10,6,4,28,21,98,175,8,2,12,13,5,20,12,5,89,5,24,4,50,20,7,19,15,40,0,5,12,36,5,74,13,22,15,13,1,24,87,8,10,8,38,1,6,0,0
2024-03,67,66,3,4,3,35,28,11,1,21,15,0,1,22,36,86,35,3,3,10,9,8,12,1,8,49,9,24,6,38,14,2,17,4,6,2,2,3,47,4,60,5,23,46,16,21,27,73,33,33,8,14,0,7,0,3
2024-03,68,40,4,11,1,16,34,16,4,9,22,0,2,20,42,65,13,3,2,8,25,3,7,0,3,53,7,10,2,31,13,5,9,2,10,0,3,7,34,15,28,10,38,36,17,0,7,3,29,24,6,13,2,4,0,1
2024-03,69,66,6,7,2,16,46,20,1,7,17,3,2,28,37,62,8,5,4,11,11,6,5,1,4,85,2,13,4,22,34,8,7,7,16,2,9,9,48,6,36,14,29,31,13,3,25,2,22,17,8,26,1,7,0,3
2024-03,70,102,24,13,4,26,8,2,3,10,3,0,0,21,7,96,46,11,5,8,9,3,17,0,4,122,2,13,2,36,6,17,12,38,11,1,2,15,43,7,47,2,16,28,16,4,55,30,2,12,9,26,2,8,0,1
2024-03,71,60,15,11,1,41,53,18,1,27,14,2,1,39,24,106,11,12,0,18,8,2,18,0,7,99,16,27,0,43,12,6,19,23,24,3,7,9,52,14,74,9,21,35,25,567,34,144,18,24,5,36,1,21,0,5
2024-03,72,7,12,10,0,19,6,1,2,10,0,0,1,20,1,38,6,6,2,7,4,0,2,0,0,72,9,36,4,19,9,6,23,8,6,0,0,1,11,1,58,9,4,18,22,16,22,4,3,7,17,14,0,9,0,10
2024-03,73,55,10,4,3,30,7,6,0,15,2,1,0,37,15,71,9,9,4,7,9,7,10,0,2,75,3,15,1,21,13,4,24,19,15,0,7,15,42,7,116,12,10,22,17,81,29,91,18,14,12,31,1,17,0,3
2024-03,74,7,0,1,0,6,3,1,3,3,0,5,0,3,1,36,2,2,0,4,0,0,4,0,0,59,3,1,1,29,2,12,1,8,6,3,0,3,2,0,15,2,2,10,3,5,8,114,0,1,7,5,0,2,0,3
2024-03,75,19,3,5,3,11,15,3,1,11,4,1,0,17,5,73,7,6,3,13,4,0,7,0,1,66,4,17,0,9,3,4,30,5,6,1,1,4,36,9,38,7,27,25,24,3,33,4,6,18,8,29,1,13,0,5
2024-03,76,40,0,2,0,0,6,1,1,2,0,1,0,11,0,5,4,0,0,0,1,0,0,0,0,9,1,0,2,2,2,3,4,1,0,0,0,2,1,0,2,2,10,3,0,2,0,0,0,0,0,0,0,0,0,0
2024-03,77,68,8,18,6,5,29,7,4,8,3,2,1,6,17,17,412,29,0,10,11,0,5,6,0,92,4,8,0,22,18,4,11,19,28,0,3,3,3,10,35,6,40,10,8,11,18,77,2,2,51,29,2,2,0,38
2024-04,0,4333,603,1182,169,1709,1706,590,239,609,426,117,94,1167,959,3986,8526,844,158,398,491,194,589,108,264,5735,269,948,226,3537,1017,447,1056,1108,1838,57,182,477,1265,608,2971,398,1980,1822,1263,1883,1911,4848,647,737,5454,1556,45,444,309,1147
2024-04,1,79,2,9,3,6,41,5,4,5,2,2,1,11,7,14,122,11,1,5,4,2,5,2,1,77,2,11,1,57,13,3,10,8,17,0,0,0,5,8,12,1,11,13,15,7,12,112,0,4,44,31,2,4,0,31
2024-04,2,139,8,43,2,29,47,15,4,6,2,2,1,35,13,70,42,12,3,12,14,1,1,0,2,116,4,9,5,92,25,10,14,28,27,0,0,4,7,7,39,6,39,37,29,12,36,209,1,5,35,28,2,6,1,23
2024-04,3,43,10,7,0,9,40,18,4,2,1,3,5,14,14,18,167,10,0,3,6,1,3,1,5,44,5,14,12,89,11,0,13,12,41,1,0,4,6,13,23,7,34,4,10,19,25,109,0,2,58,40,1,1,0,40
2024-04,4,62,9,12,0,22,10,5,5,8,1,0,0,12,7,40,97,7,2,3,6,0,3,0,1,106,0,8,4,63,10,8,10,9,29,0,0,2,3,8,56,3,16,24,18,28,26,7,6,4,54,26,0,1,1,51
2024-04,5,42,2,55,1,31,9,2,1,15,2,1,4,11,4,43,137,12,1,4,3,1,5,2,0,70,4,6,1,64,12,5,23,24,15,0,0,3,2,14,31,5,15,25,26,35,36,75,2,2,42,56,0,2,2,42
2024-04,6,41,8,26,8,23,20,5,6,13,1,2,5,31,21,44,261,26,4,6,15,2,6,5,3,80,6,14,10,129,21,18,29,33,41,0,3,5,6,24,56,6,59,37,21,34,42,107,2,13,125,67,3,3,1,62
2024-04,7,34,9,26,2,26,31,7,1,11,0,3,7,24,9,27,193,44,4,3,13,4,13,0,2,178,12,8,12,97,50,7,28,71,88,4,8,9,1,18,62,12,43,11,21,17,19,169,8,3,52,70,0,3,0,44
2024-04,8,28,0,1,1,3,20,8,7,2,0,5,4,3,13,7,285,29,2,2,4,1,4,1,10,187,1,18,18,40,17,17,13,32,140,1,3,4,13,18,30,23,74,4,13,8,15,191,34,8,56,42,0,1,2,6
2024-04,9,7,10,10,2,9,2,0,0,2,0,1,1,2,0,28,4,3,1,0,3,4,0,3,1,46,0,0,0,10,1,3,4,4,3,0,0,0,0,3,23,2,18,5,5,15,21,73,2,2,11,4,1,0,0,2
2024-04,10,67,8,26,2,52,12,2,0,14,0,1,5,16,2,90,22,12,1,8,12,1,14,2,1,104,9,11,1,65,2,9,25,21,10,0,0,6,4,3,26,1,19,52,21,30,50,5,4,6,26,21,0,2,0,11
2024-04,11,45,6,12,1,19,11,1,3,9,0,0,1,12,2,51,24,8,0,9,2,1,6,0,3,57,4,15,0,46,2,12,14,15,15,0,0,5,8,3,14,4,33,18,17,32,25,2,0,6,21,8,2,0,1,17
2024-04,12,17,2,4,1,18,13,1,0,9,0,0,1,8,2,37,16,6,2,3,8,1,7,0,1,95,1,7,0,31,1,7,11,19,11,0,0,1,6,8,17,8,27,20,20,48,34,67,1,3,15,15,0,4,0,27
2024-04,13,24,6,18,0,6,11,1,0,6,0,0,1,13,6,21,10,3,0,2,8,0,0,0,0,49,0,3,1,24,7,5,7,11,14,0,0,5,2,13,15,1,9,11,9,7,15,0,0,0,11,14,0,2,0,14
2024-04,14,76,9,32,2,17,13,3,3,12,0,2,0,19,12,38,66,5,3,9,4,1,6,2,2,74,4,9,4,48,12,8,14,9,18,0,1,1,5,6,27,2,3,21,21,151,46,32,1,5,45,17,0,4,1,95
2024-04,15,148,15,59,1,49,28,7,11,16,0,2,7,27,10,109,143,17,4,13,18,1,23,0,14,126,5,25,4,156,22,12,23,88,53,1,2,5,9,6,60,11,67,52,25,34,57,14,3,8,52,28,1,6,4,73
2024-04,16,102,7,38,1,36,22,3,5,14,1,3,0,19,16,64,273,14,3,9,12,0,13,0,3,120,6,31,2,92,23,14,27,15,22,0,0,5,6,16,83,2,25,57,34,47,42,251,3,1,40,43,1,8,2,79
2024-04,17,98,2,20,1,46,19,5,3,5,1,0,1,23,5,121,20,20,7,12,9,1,7,0,3,64,6,5,1,99,19,7,10,39,5,1,0,4,11,4,39,1,24,24,17,13,48,76,9,4,16,4,0,7,1,22
2024-04,18,42,0,4,0,11,16,4,0,3,0,1,0,7,2,18,7,4,1,3,4,0,8,0,0,31,0,2,0,20,11,3,10,7,3,0,2,2,1,2,10,2,15,13,4,2,13,12,1,5,5,8,0,0,0,3
2024-04,19,148,10,56,6,61,33,6,10,11,1,3,1,18,30,148,148,10,4,22,13,2,18,14,9,107,7,22,3,101,27,5,13,36,68,1,6,6,26,10,67,3,31,21,25,14,44,83,6,12,20,21,3,6,1,10
2024-04,20,39,5,13,0,12,9,0,3,5,0,0,0,1,9,20,25,4,3,0,1,22,4,0,2,62,1,3,0,46,5,2,15,12,36,1,0,3,5,4,54,7,17,6,10,12,19,0,0,3,9,7,0,7,0,13
2024-04,21,132,2,28,5,25,20,5,2,14,1,3,2,4,8,39,273,13,3,6,10,2,13,0,6,66,1,5,5,70,8,5,17,5,37,1,3,5,6,14,47,3,48,20,16,10,22,180,2,5,437,24,0,0,2,43
2024-04,22,96,9,65,0,40,42,13,4,14,6,5,0,13,12,74,416,29,5,5,12,3,9,0,4,259,7,14,4,138,25,5,33,16,120,0,7,17,25,21,57,13,77,37,22,35,43,25,4,7,875,51,1,10,3,90
2024-04,23,138,14,18,1,46,52,12,4,7,10,3,0,20,46,115,87,11,5,16,12,7,12,3,4,51,7,13,4,56,23,3,16,9,31,0,0,10,25,19,55,13,14,23,16,23,17,152,24,8,17,21,0,7,1,18
2024-04,24,89,18,56,4,40,34,5,12,20,7,1,1,40,42,80,607,38,5,13,33,15,22,2,4,243,9,11,8,136,44,9,39,25,86,1,1,12,15,43,73,15,36,21,28,51,46,127,105,6,599,77,2,8,3,70
2024-04,25,225,15,59,11,48,89,66,8,25,16,6,3,41,63,175,125,32,14,21,16,11,21,8,7,163,4,71,6,73,56,13,40,27,42,1,4,17,66,12,65,7,42,74,47,20,56,233,27,37,453,44,1,28,4,26
2024-04,26,49,14,16,0,10,35,10,0,3,18,3,1,2,23,45,35,3,1,5,8,5,1,0,0,27,3,7,0,19,10,0,3,2,11,0,2,5,7,7,28,7,20,15,11,1,10,2,7,9,4,4,1,5,8,1
2024-04,27,31,1,8,0,25,15,7,3,5,23,1,1,11,27,61,56,9,2,12,3,2,5,0,7,57,2,13,2,26,8,2,11,30,55,2,6,13,22,5,47,4,23,9,2,8,4,3,6,4,5,22,0,5,2,5
2024-04,28,50,5,29,2,18,26,14,11,7,8,3,0,27,23,30,544,34,0,19,5,4,6,1,0,301,3,15,11,54,19,9,23,64,182,7,9,46,16,15,82,11,101,14,2,10,14,91,27,17,40,46,1,6,7,6
2024-04,29,54,19,24,1,33,33,11,4,8,29,2,0,22,29,82,61,8,3,4,9,0,6,3,10,57,2,19,2,59,14,10,15,15,31,0,3,6,39,15,24,6,17,16,10,14,13,81,16,20,10,13,0,8,17,0
2024-04,30,99,9,14,3,38,26,3,17,15,1,1,1,24,18,75,431,12,5,4,10,4,4,0,8,104,5,7,9,53,14,6,18,15,21,1,1,8,20,7,56,8,37,8,14,7,20,4,7,14,53,22,0,4,3,2
2024-04,31,37,7,16,2,26,30,5,3,19,2,1,0,16,8,35,444,9,9,6,9,6,16,0,5,81,9,8,2,50,14,1,6,10,19,4,0,12,11,7,52,6,33,4,2,11,6,133,9,5,29,11,0,7,1,3
2024-04,32,10,0,1,2,1,18,0,0,3,0,7,2,6,4,1,285,10,0,2,2,0,5,1,3,120,0,17,12,24,6,3,3,6,32,0,11,3,2,5,29,17,74,0,0,3,7,0,6,2,23,12,0,0,0,1
2024-04,33,14,1,3,0,4,18,12,2,1,1,1,2,8,2,10,65,4,0,1,3,0,7,0,0,89,1,6,0,4,3,2,4,8,8,0,0,2,2,3,17,8,15,3,4,4,5,0,0,4,19,10,0,0,1,2
2024-04,34,26,3,5,0,3,4,1,1,0,0,0,0,1,16,10,97,4,0,1,6,1,0,0,0,21,0,4,4,24,3,0,3,1,7,1,0,2,6,1,7,4,15,1,0,6,3,2,2,4,4,7,0,1,0,4
2024-04,35,16,0,0,0,4,20,6,1,0,1,0,1,5,4,6,10,4,0,2,4,0,0,0,1,26,5,6,3,12,1,0,3,0,5,0,0,1,9,1,24,4,11,4,4,1,5,2,1,5,4,5,0,0,1,1
2024-04,36,7,8,0,0,0,7,4,0,0,1,0,1,8,1,1,4,1,0,0,1,0,2,0,2,8,0,2,0,5,4,0,1,3,2,0,0,0,3,2,8,1,0,1,1,0,5,200,0,1,4,2,1,2,1,0
2024-04,37,10,1,0,0,3,2,1,1,1,3,0,0,1,5,7,35,4,0,2,0,0,0,0,0,22,1,4,1,15,4,0,5,2,4,0,5,5,6,0,4,6,15,8,1,0,4,0,4,5,2,1,0,0,0,1
2024-04,38,39,19,4,0,18,33,25,2,4,11,1,0,15,7,19,22,13,0,2,1,0,6,9,2,15,5,18,4,11,12,3,11,4,6,0,0,5,10,10,35,4,21,7,6,2,7,56,4,3,9,15,1,5,2,4
2024-04,39,15,1,2,1,4,27,10,0,1,3,1,0,19,3,11,6,2,0,0,2,0,0,0,1,12,0,4,0,11,6,2,2,0,2,0,2,4,3,2,4,1,16,6,3,2,7,98,0,2,15,4,0,0,0,5
2024-04,40,7,3,0,0,7,17,32,0,0,6,2,0,7,6,12,15,9,0,0,1,2,1,0,1,37,0,12,2,11,0,1,3,1,2,0,2,1,15,4,10,4,22,10,2,0,2,31,4,8,2,7,1,0,0,0
2024-04,41,11,1,4,0,5,18,6,1,2,2,0,0,8,5,13,13,8,0,1,3,0,1,0,2,30,0,12,3,25,3,3,6,6,5,0,0,1,2,9,28,4,18,15,5,8,8,0,1,3,28,10,1,0,0,6
2024-04,42,40,14,24,0,9,23,13,1,3,7,2,0,27,8,24,9,11,1,4,2,0,5,0,1,55,4,14,1,14,27,1,8,3,12,0,1,3,13,15,15,1,10,14,9,2,8,72,6,7,11,23,0,9,1,0
2024-04,43,93,12,29,2,16,81,61,2,10,10,2,1,40,22,53,19,17,1,7,6,2,8,0,11,131,9,41,6,22,29,10,31,19,7,0,4,9,36,17,46,8,14,85,26,45,16,112,19,13,16,26,2,11,3,6
2024-04,44,62,8,10,9,23,36,18,3,14,7,1,1,9,28,60,15,13,3,7,2,6,12,0,6,54,6,9,6,30,29,6,23,14,6,2,3,5,32,13,75,5,63,47,44,3,40,76,21,15,449,25,2,15,10,3
2024-04,45,23,3,1,2,18,5,1,0,3,2,0,1,9,3,41,5,4,0,3,1,3,3,0,3,17,3,7,1,7,3,2,6,4,2,0,2,4,19,5,15,4,28,21,9,0,10,5,5,16,4,2,1,3,0,2
2024-04,46,60,4,10,2,20,41,8,0,4,4,0,5,16,8,51,53,17,0,3,4,5,6,0,9,61,3,20,0,18,14,1,17,8,3,3,4,4,35,5,64,9,15,74,36,4,36,23,20,15,10,26,0,9,1,4
2024-04,47,4,2,0,3,7,2,3,0,1,0,0,0,3,0,13,1,1,0,1,0,0,3,0,0,6,0,0,0,1,0,1,0,0,2,0,0,0,0,1,0,0,1,8,5,0,5,0,2,1,0,2,0,0,0,0
2024-04,48,25,9,1,3,4,10,8,2,5,0,2,0,18,5,27,5,8,0,4,3,2,4,0,2,45,1,9,1,7,3,3,13,8,2,0,5,0,20,4,15,6,10,22,34,6,26,75,3,11,6,17,0,11,5,0
2024-04,49,56,19,5,6,42,29,11,1,19,41,1,4,46,38,134,28,24,2,9,10,9,14,0,3,73,10,32,1,29,39,13,28,22,13,2,7,10,86,16,84,4,53,99,58,11,81,45,45,39,11,41,0,16,43,10
2024-04,50,15,1,1,0,2,5,1,1,0,2,0,0,2,3,22,3,5,0,3,0,0,2,0,0,24,0,5,0,7,2,1,4,2,2,0,0,3,7,1,26,0,2,14,10,0,7,44,5,8,3,2,0,0,0,0
2024-04,51,34,6,6,0,19,3,3,0,4,0,0,0,17,13,46,32,5,2,5,0,2,9,0,3,50,4,15,2,5,6,1,10,3,3,0,2,6,34,1,28,11,11,38,13,1,16,84,15,12,4,15,0,2,0,3
2024-04,52,70,8,13,1,35,1,3,3,8,1,1,1,24,3,61,69,8,2,0,1,0,4,0,0,30,2,7,1,11,7,2,13,5,6,0,2,3,29,4,37,5,11,18,18,7,12,0,1,15,2,6,0,1,1,4
2024-04,53,42,19,6,5,31,18,10,1,11,26,1,0,31,24,109,14,15,3,8,1,2,33,0,2,75,4,18,1,18,15,13,27,31,5,0,4,13,35,7,49,4,20,74,33,1,61,1,33,39,9,28,3,25,45,5
2024-04,54,2,1,1,0,0,3,2,0,1,1,1,1,1,4,2,0,0,0,0,0,0,1,0,0,7,0,6,0,0,3,1,0,1,1,0,0,0,8,2,7,6,6,2,3,0,1,30,3,6,1,3,0,0,0,0
2024-04,55,11,13,0,1,13,2,0,0,0,2,0,0,7,4,27,26,4,0,2,3,0,1,0,2,23,1,2,0,3,4,0,3,5,3,0,0,5,4,1,18,1,9,17,3,3,14,40,3,4,4,5,1,0,2,1
2024-04,56,83,23,10,5,25,27,4,6,8,1,1,0,14,6,92,107,6,2,4,10,1,11,1,3,121,2,5,3,163,3,7,22,14,10,0,2,5,11,5,38,2,47,12,24,15,33,112,1,2,14,15,2,8,0,7
2024-04,57,26,4,2,1,4,10,0,2,1,1,1,0,2,3,19,291,3,0,2,0,0,0,0,5,24,3,1,1,11,4,3,3,3,58,2,1,7,6,0,13,1,8,2,5,2,14,1,0,2,3,5,0,6,0,1
2024-04,58,105,6,15,3,39,16,2,4,12,3,2,0,9,14,62,324,7,1,3,4,1,10,2,2,35,5,7,3,41,8,2,17,9,17,3,0,10,6,6,59,3,19,7,11,29,25,104,0,2,12,14,1,4,0,5
2024-04,59,20,3,6,0,65,8,2,4,1,2,0,0,8,9,22,177,3,1,2,0,0,5,4,1,33,1,4,2,16,2,13,6,3,4,0,4,4,12,4,16,0,34,4,7,33,6,1,1,1,7,10,0,0,0,4
2024-04,60,70,11,20,1,26,11,2,0,4,2,1,1,6,9,36,233,1,0,1,22,5,6,0,3,64,9,4,2,78,12,2,7,7,25,1,0,11,8,4,40,0,14,4,9,152,18,96,0,5,12,9,1,4,0,11
2024-04,61,92,13,9,4,28,38,4,13,7,19,3,0,10,21,80,175,6,1,3,13,2,9,23,10,87,2,11,0,51,25,5,6,9,52,2,3,14,35,3,103,5,50,43,19,7,35,3,9,12,453,15,1,7,11,5
2024-04,62,50,4,9,3,11,4,2,0,5,3,0,0,5,2,48,114,0,0,1,0,1,3,0,3,46,0,4,2,46,2,5,3,0,17,0,3,5,11,0,15,0,2,8,3,11,7,1,0,4,466,2,0,4,1,2
2024-04,63,116,8,38,4,23,53,3,10,5,4,4,0,21,4,65,368,14,0,6,8,4,7,7,3,47,2,8,0,29,9,6,14,9,45,0,4,11,23,4,78,7,18,8,31,7,28,165,2,8,5,9,0,12,0,0
2024-04,64,70,12,4,8,14,15,2,0,7,1,1,1,5,1,48,41,7,2,2,3,3,7,0,2,66,1,3,1,196,3,5,9,6,11,0,4,3,6,0,5,3,9,3,6,9,14,164,0,6,9,7,0,5,2,1
2024-04,65,79,9,5,4,14,8,6,5,6,0,2,1,13,3,54,143,4,0,0,3,3,4,1,10,76,3,14,0,24,6,7,14,8,9,2,1,7,17,2,45,1,14,12,8,8,23,84,0,7,8,12,0,5,0,4
2024-04,66,148,10,36,6,34,37,4,12,16,9,6,1,29,18,107,168,17,3,5,5,11,14,3,10,79,5,22,1,72,25,9,19,13,25,2,12,10,51,10,89,6,30,26,21,6,40,47,7,22,6,29,0,13,1,3
2024-04,67,92,11,8,4,51,30,12,1,23,25,0,2,9,25,100,14,6,1,6,17,8,14,0,9,47,7,14,4,37,25,4,21,9,4,2,3,5,46,6,62,5,21,42,31,6,37,79,30,30,11,18,0,10,38,3
2024-04,68,50,10,0,3,25,49,12,2,7,36,2,0,18,29,78,24,5,6,5,8,0,9,1,6,53,1,21,1,39,14,8,14,7,7,0,5,16,40,12,67,9,49,47,19,4,27,0,20,28,5,18,0,8,16,2
2024-04,69,70,5,9,2,54,40,23,4,14,7,1,0,30,32,63,26,23,4,9,10,3,5,1,3,53,4,24,4,45,31,10,14,4,13,1,3,11,39,19,31,4,24,38,21,8,24,0,26,30,6,26,2,11,5,4
2024-04,70,75,27,10,3,29,14,1,3,17,3,0,2,21,10,126,106,20,1,7,2,2,19,1,7,152,1,25,9,37,19,24,14,37,51,1,0,6,35,7,81,2,20,41,24,9,52,16,8,22,13,23,1,14,6,6
2024-04,71,63,15,16,2,49,42,8,2,24,19,3,1,25,37,125,13,17,3,7,17,6,34,0,3,87,9,32,1,65,21,9,36,21,12,2,13,12,55,21,47,3,28,42,39,439,44,111,7,32,10,26,0,24,9,2
2024-04,72,11,12,10,4,22,8,3,0,10,1,3,3,26,2,50,3,3,15,8,4,1,7,1,1,73,6,28,0,21,7,10,15,13,6,1,2,10,15,1,43,4,20,40,28,8,41,8,1,8,12,20,0,8,5,11
2024-04,73,62,6,4,1,30,16,3,3,9,10,2,1,26,14,86,13,15,4,8,9,1,12,0,5,46,6,19,2,30,11,7,28,25,11,3,7,11,31,9,64,4,28,39,45,226,58,59,8,18,424,49,2,15,15,6
2024-04,74,5,3,5,1,18,6,2,0,4,0,1,1,5,0,43,1,2,0,3,2,0,6,1,1,67,3,1,0,32,2,9,4,13,2,0,0,0,2,2,20,3,8,13,5,6,34,62,1,2,8,9,0,7,0,7
2024-04,75,10,11,7,4,16,13,1,2,13,12,0,3,14,8,68,12,7,2,4,3,3,11,0,1,69,4,16,2,38,10,4,20,14,4,0,0,3,19,4,56,14,22,93,40,5,62,3,5,26,8,24,0,11,13,11
2024-04,76,20,0,2,0,1,1,1,1,1,0,0,0,2,0,6,5,2,0,1,0,0,0,0,0,74,1,3,3,2,0,2,3,3,4,0,0,0,1,0,3,2,8,0,1,2,6,1,0,0,3,1,0,0,0,0
2024-04,77,43,3,27,6,9,28,5,5,15,4,1,3,15,13,29,196,30,0,5,9,0,8,3,4,103,6,8,4,47,29,9,9,14,20,0,0,2,2,7,21,3,20,14,8,27,21,110,1,4,60,36,0,3,3,61
2024-05,0,4635,599,1087,194,1709,2013,756,292,574,627,107,96,1633,1008,4708,8157,875,131,585,563,181,707,499,259,5362,310,1196,212,4345,1626,441,1521,1079,1499,57,228,444,1193,522,3647,424,2070,4842,4477,2521,2998,3291,695,726,659,2412,44,529,3103,2132
2024-05,1,76,3,17,6,6,33,12,3,5,0,1,0,15,14,13,91,5,0,5,4,1,5,1,3,81,1,10,2,62,14,6,15,5,9,0,0,4,5,3,27,2,19,81,74,13,41,43,2,1,12,32,0,7,7,41
2024-05,2,147,3,37,4,33,63,14,7,13,5,2,0,34,12,101,52,12,1,8,15,4,9,4,7,98,3,16,6,121,38,16,22,26,12,0,3,8,11,7,39,6,63,202,191,61,82,126,6,12,16,35,2,4,11,48
2024-05,3,35,6,11,2,6,54,33,1,2,7,0,2,32,28,26,176,17,3,4,7,2,13,2,1,52,0,12,3,49,16,2,15,19,37,1,2,2,4,6,47,6,60,40,27,40,31,65,1,6,14,50,0,2,5,60
2024-05,4,52,9,21,3,23,16,3,6,4,1,3,0,21,20,39,66,14,5,10,10,1,9,4,4,59,5,22,1,73,11,5,18,16,36,0,3,5,4,5,37,2,32,72,84,54,47,76,2,4,8,26,2,2,8,98
2024-05,5,58,6,37,1,30,10,2,3,9,1,2,10,11,10,40,92,17,3,6,5,1,5,1,0,62,8,19,1,63,13,10,32,31,11,0,1,7,9,6,30,9,18,127,99,40,44,76,2,3,15,79,0,1,3,86
2024-05,6,58,9,25,3,35,64,26,7,17,5,4,10,35,19,57,193,29,4,20,24,4,17,4,4,101,8,24,2,162,33,10,51,38,36,0,2,7,8,17,55,9,47,103,105,43,78,84,5,6,30,83,0,6,20,116
2024-05,7,35,7,17,1,23,21,6,6,10,3,4,2,27,11,44,202,35,0,20,20,6,12,2,1,118,6,17,9,117,29,9,33,37,46,0,3,6,4,21,42,3,87,67,104,40,74,58,7,3,17,106,3,5,16,57
2024-05,8,31,1,3,0,3,19,6,7,6,5,5,1,7,16,12,337,24,0,7,15,1,12,2,11,113,0,14,20,48,16,11,17,24,86,1,14,6,8,7,42,11,49,9,13,8,19,147,3,12,12,32,1,1,11,4
2024-05,9,5,7,11,1,11,2,0,0,5,0,0,0,3,1,25,3,2,1,1,5,2,2,0,0,41,1,4,0,13,0,5,5,8,3,0,0,3,0,0,26,1,34,56,43,27,38,46,0,0,6,5,0,3,0,11
2024-05,10,58,20,19,4,46,18,2,1,12,1,0,3,23,1,80,18,11,3,6,12,2,16,0,1,109,8,11,1,75,6,17,20,21,17,0,2,6,1,4,76,8,52,140,122,24,103,3,3,4,22,18,1,4,12,40
2024-05,11,49,8,15,2,26,8,5,0,5,5,0,2,26,6,55,24,4,1,4,8,4,1,1,4,58,8,16,1,90,9,7,16,16,8,0,0,2,9,4,17,8,22,93,97,16,46,0,1,4,6,19,0,2,11,47
2024-05,12,11,5,7,0,23,19,1,1,1,0,0,1,27,0,65,15,13,1,5,2,2,4,0,1,77,4,17,0,65,8,12,6,16,3,0,0,1,0,3,34,4,5,121,124,20,51,47,9,4,7,10,1,1,5,57
2024-05,13,30,4,11,2,12,9,2,0,0,1,0,1,14,9,30,19,4,0,5,4,1,3,0,1,38,3,26,0,44,21,1,4,9,9,0,0,7,3,14,36,0,10,48,62,11,30,2,2,4,6,4,0,0,2,32
2024-05,14,64,7,22,1,18,20,6,5,2,2,0,1,10,12,85,45,9,3,12,8,4,7,0,1,74,3,22,1,77,22,5,21,11,15,0,3,5,2,4,63,2,6,96,107,14,72,49,2,4,8,18,1,4,5,152
2024-05,15,165,18,49,3,53,32,11,6,10,1,1,13,28,15,131,119,18,8,19,14,2,18,5,4,158,6,17,2,147,24,11,36,72,72,3,4,9,11,4,97,8,48,200,199,83,93,1,11,3,28,29,4,8,23,126
2024-05,16,110,11,28,1,42,27,8,4,7,0,3,4,35,12,100,165,6,1,10,16,1,13,2,0,111,3,20,0,114,35,11,28,11,38,3,1,7,9,6,64,5,45,160,136,57,77,152,9,4,8,21,0,3,20,151
2024-05,17,112,14,30,0,33,22,4,1,10,1,2,1,20,12,102,29,18,4,18,9,2,16,0,2,129,4,9,1,101,24,9,19,27,14,5,2,5,7,12,90,7,8,92,125,15,80,49,6,4,11,9,1,5,7,43
2024-05,18,24,1,5,0,7,9,3,1,1,0,0,1,6,5,31,41,2,0,5,5,1,10,0,2,45,2,11,0,24,37,4,6,10,5,0,1,8,3,2,32,2,8,34,46,1,18,3,0,5,2,18,0,2,5,12
2024-05,19,197,24,49,6,76,52,8,12,3,1,2,1,33,35,179,136,16,2,18,23,1,13,0,7,136,10,13,8,106,39,10,33,20,52,1,6,9,29,6,75,5,92,131,93,27,75,79,3,7,16,31,1,8,6,37
2024-05,20,34,4,8,2,15,9,1,1,3,0,2,0,4,12,41,36,3,0,1,7,1,2,0,1,79,3,4,1,45,6,4,12,7,43,0,2,2,0,3,11,5,4,57,20,5,28,2,2,5,4,12,0,4,7,22
2024-05,21,122,4,26,0,21,16,3,4,5,4,1,2,17,12,57,182,7,0,5,7,0,18,0,2,42,3,6,3,61,15,3,15,8,36,1,0,7,8,4,55,6,32,99,65,7,32,95,4,6,11,24,0,2,9,62
2024-05,22,138,6,47,9,37,47,12,4,25,8,2,1,19,32,63,408,47,3,10,26,5,17,2,5,212,5,17,9,145,47,6,44,26,61,0,3,2,12,14,155,14,100,174,144,42,108,92,6,8,34,84,0,6,29,173
2024-05,23,97,9,14,3,46,39,5,16,9,14,2,2,15,30,135,126,6,3,19,10,4,11,41,6,59,5,13,2,93,22,11,30,3,28,1,1,11,28,13,32,10,21,43,53,16,35,66,9,12,14,41,2,8,41,37
2024-05,24,104,7,67,8,63,44,8,9,19,6,3,0,49,46,101,516,50,6,19,31,5,16,2,5,278,19,19,15,207,69,10,56,51,105,1,4,17,14,27,81,7,63,75,64,74,69,78,9,9,34,129,2,5,40,162
2024-05,25,239,33,71,7,78,110,68,13,24,39,3,2,61,81,214,119,16,13,37,24,7,25,2,5,101,11,62,2,79,102,13,40,28,45,0,12,14,60,12,96,8,50,135,172,84,90,204,29,42,27,50,4,24,109,28
2024-05,26,51,1,3,1,16,22,9,3,4,18,0,0,11,18,46,42,1,1,4,1,2,3,5,3,19,1,3,1,14,13,3,4,1,9,0,2,3,10,3,6,3,17,19,23,2,7,12,17,6,2,6,0,3,43,5
2024-05,27,290,6,10,0,26,14,9,2,8,26,0,0,8,19,76,9,4,2,8,0,0,6,4,9,41,2,9,2,69,13,4,8,12,17,2,3,3,31,9,20,1,29,23,13,13,17,19,7,9,1,14,1,4,44,5
2024-05,28,47,10,19,1,13,31,10,21,11,9,8,1,18,19,25,720,50,1,7,7,1,9,1,4,305,1,31,6,54,18,13,20,90,140,7,14,26,23,18,80,12,112,41,17,28,24,85,0,22,15,56,0,1,28,12
2024-05,29,73,10,19,7,21,38,15,1,5,46,1,1,27,30,92,77,9,1,11,12,5,8,8,9,54,6,23,2,68,23,1,16,8,19,0,2,5,28,15,41,10,14,26,13,20,29,73,13,26,10,31,0,7,140,4
2024-05,30,105,21,24,9,24,38,4,17,13,6,4,1,25,28,89,307,17,0,8,4,3,13,133,7,114,1,19,2,57,26,9,31,8,20,1,2,11,31,9,124,21,49,32,41,93,47,18,3,4,8,47,0,1,11,7
2024-05,31,48,4,18,5,22,21,2,2,17,3,2,1,18,6,49,396,10,5,8,12,4,62,1,2,87,9,20,17,41,22,4,14,5,17,0,1,11,25,10,104,12,53,10,9,49,9,63,8,18,12,15,0,4,8,13
2024-05,32,5,1,5,1,2,15,4,6,6,1,2,0,4,8,6,256,14,0,3,4,0,5,0,1,60,2,12,14,16,5,3,4,21,22,1,7,6,2,7,14,12,88,6,0,2,4,6,2,10,4,18,2,3,2,2
2024-05,33,20,1,5,0,0,13,5,1,0,3,1,0,10,4,7,113,8,0,4,3,2,5,3,2,36,0,5,1,7,4,8,5,7,15,0,0,3,2,2,12,2,21,4,6,8,6,3,0,3,6,15,0,0,6,2
2024-05,34,13,1,5,2,5,3,1,3,0,0,1,0,6,3,12,96,0,0,1,8,0,0,0,0,5,1,3,4,20,7,3,9,7,4,0,0,2,5,0,38,3,10,7,1,5,5,7,0,0,1,6,0,1,2,3
2024-05,35,20,5,1,0,3,16,8,0,6,0,2,2,10,2,3,10,10,0,0,1,0,3,1,0,32,3,5,2,6,1,1,5,3,4,0,0,2,3,1,17,2,11,9,6,2,4,0,2,1,3,8,0,1,6,4
2024-05,36,6,2,0,0,5,9,12,0,0,2,1,0,6,1,6,7,0,0,3,5,0,1,0,1,5,0,5,0,4,4,2,0,0,0,0,0,0,3,1,14,1,3,4,0,0,0,50,1,1,1,2,0,1,9,0
2024-05,37,9,4,0,0,5,3,1,1,0,9,1,0,0,5,6,30,3,0,1,0,0,0,0,3,20,1,2,0,18,4,1,6,1,2,0,3,3,8,3,3,0,7,3,5,1,6,0,3,3,1,4,0,2,28,0
2024-05,38,43,12,14,1,5,33,15,3,7,27,2,1,22,7,24,19,8,2,3,4,5,7,2,6,23,2,15,0,38,21,4,8,1,7,0,2,5,12,7,33,2,24,17,6,1,13,29,2,6,7,14,0,2,51,5
2024-05,39,14,2,0,0,4,13,5,0,0,3,1,1,4,0,14,5,1,0,6,1,0,1,0,1,25,0,9,0,10,8,3,4,2,1,0,0,1,11,6,58,1,14,7,19,3,6,90,1,0,6,11,1,3,8,4
2024-05,40,13,0,1,0,2,18,8,0,2,11,0,1,7,4,9,13,1,0,1,1,0,0,1,1,17,0,12,0,9,3,2,7,1,2,0,2,4,13,4,34,3,24,6,7,1,5,1,1,11,4,7,0,3,24,0
2024-05,41,5,1,3,0,5,12,12,0,4,0,0,0,11,1,11,3,7,0,0,3,1,0,0,0,26,2,13,0,15,3,2,2,4,2,1,0,1,9,4,29,3,20,11,11,14,12,0,1,3,8,28,0,0,3,5
2024-05,42,40,0,9,5,12,28,13,0,6,7,1,1,16,16,33,6,8,0,2,5,6,3,0,3,56,2,16,2,25,37,7,20,4,1,0,2,7,20,1,27,4,19,22,7,7,17,48,7,10,4,40,0,10,53,5
2024-05,43,107,6,20,3,18,97,80,2,16,14,1,0,66,23,83,21,19,1,10,8,2,9,1,8,84,11,56,1,15,39,16,47,5,9,0,5,8,46,8,95,6,18,113,72,20,50,16,19,22,9,83,2,22,40,9
2024-05,44,51,19,4,10,14,56,31,7,17,4,1,0,65,16,72,9,21,3,17,8,10,8,5,3,54,4,36,4,23,44,4,41,16,11,0,5,4,31,17,60,1,12,111,128,5,67,38,27,10,9,95,1,33,64,15
2024-05,45,16,5,0,1,8,7,6,2,6,1,0,0,15,5,41,24,5,0,6,1,0,1,0,1,15,2,7,3,10,8,4,10,3,2,0,4,4,15,3,7,1,7,62,63,2,14,0,11,8,4,23,0,16,16,7
2024-05,46,39,14,8,5,25,42,18,2,6,7,0,6,44,9,60,46,5,0,1,5,1,6,7,6,60,1,24,1,22,36,9,28,6,1,3,4,3,20,18,30,1,7,142,77,40,36,3,24,17,3,45,0,22,60,4
2024-05,47,3,0,0,1,8,4,1,0,3,3,0,0,0,1,15,0,1,0,10,0,0,0,0,0,21,0,0,0,1,2,0,5,1,1,0,0,0,4,0,0,0,1,4,18,0,9,0,1,0,0,1,0,3,7,1
2024-05,48,15,2,2,0,18,8,2,0,2,1,0,1,39,2,41,19,12,1,4,1,1,7,0,1,30,1,11,2,10,20,0,13,8,3,1,3,17,14,8,26,3,11,41,35,1,29,35,8,11,7,16,1,9,35,8
2024-05,49,75,45,11,6,44,45,12,11,29,48,2,1,51,36,138,30,37,4,10,9,12,18,0,9,73,4,34,3,56,65,5,33,22,5,1,16,15,58,12,125,16,26,154,201,15,95,19,55,41,11,55,2,27,374,18
2024-05,50,19,2,2,0,7,3,2,0,3,1,1,0,14,4,15,3,0,1,0,0,1,0,0,0,35,3,12,0,7,7,3,4,2,0,0,0,1,13,2,39,6,0,15,27,5,16,8,5,10,2,1,0,3,17,1
2024-05,51,22,3,7,0,18,12,3,3,3,4,1,0,19,5,45,43,13,1,5,7,6,2,6,1,32,5,8,1,2,10,0,15,3,20,0,1,2,21,5,18,12,17,40,28,4,18,68,9,10,3,12,0,2,12,7
2024-05,52,48,7,6,0,36,5,6,2,7,2,2,0,26,3,57,69,10,0,1,1,1,8,0,3,26,2,17,0,15,6,3,11,18,26,0,2,3,17,3,35,3,12,26,36,4,19,1,3,4,1,13,1,6,9,12
2024-05,53,33,11,11,3,21,47,16,1,5,35,0,1,30,24,115,6,10,3,8,5,2,32,2,4,71,3,26,1,22,50,10,18,33,3,0,1,9,20,17,42,6,15,98,88,2,67,1,47,25,4,37,1,18,317,12
2024-05,54,9,0,0,0,3,2,1,0,1,0,0,0,2,0,7,0,1,0,0,1,0,0,0,1,9,0,3,0,0,1,0,3,3,0,0,0,0,11,1,6,2,6,12,0,0,2,29,0,3,2,0,0,0,1,2
2024-05,55,12,4,2,1,13,7,1,1,0,1,0,0,10,0,19,3,8,0,2,1,1,3,0,1,55,1,5,0,4,17,3,4,3,7,0,2,2,9,0,34,0,23,17,20,4,11,14,3,3,1,14,0,0,4,4
2024-05,56,107,5,5,2,41,25,2,2,13,1,3,0,31,6,103,147,14,1,8,10,4,2,0,4,65,1,12,3,158,10,5,28,14,9,1,8,9,7,6,30,10,41,62,59,8,46,80,3,3,15,29,1,7,10,9
2024-05,57,53,3,9,1,9,9,2,3,0,0,1,1,5,2,30,219,7,0,3,0,1,1,1,4,44,1,3,0,17,10,4,13,3,23,3,3,5,9,1,6,4,5,23,30,5,17,4,1,5,3,11,0,3,4,1
2024-05,58,70,6,19,2,28,11,3,7,13,3,1,1,10,16,76,382,6,1,5,7,6,7,43,3,47,2,10,1,64,11,3,16,5,34,2,11,16,19,2,47,1,19,34,43,14,51,83,8,13,8,30,0,5,10,7
2024-05,59,29,3,1,1,25,12,6,0,0,0,0,0,6,2,21,118,2,0,2,5,0,10,0,1,83,0,8,3,16,9,1,7,5,10,1,0,5,6,1,28,6,33,5,22,31,17,7,1,2,4,18,1,2,3,5
2024-05,60,53,2,17,3,21,48,2,2,4,4,1,4,3,4,54,140,4,1,11,5,4,4,5,0,28,13,6,1,117,15,4,19,12,10,0,0,5,3,4,44,4,24,19,28,33,37,72,3,2,12,21,0,1,14,9
2024-05,61,112,13,13,3,24,25,17,6,14,16,2,0,10,15,89,209,6,3,5,10,0,14,159,15,70,10,18,4,182,21,6,14,6,18,2,13,8,28,3,94,9,36,51,31,18,58,9,17,11,5,14,0,6,117,8
2024-05,62,58,11,7,0,15,5,2,1,8,1,1,0,21,0,42,140,3,0,0,6,0,5,2,2,60,2,2,2,29,4,1,12,3,15,0,2,2,6,2,8,0,7,8,7,6,8,1,2,1,2,13,0,1,7,3
2024-05,63,102,17,14,3,37,59,3,13,7,2,0,0,18,3,80,357,9,1,3,3,0,8,12,6,95,4,17,3,104,8,5,12,9,40,0,3,8,24,3,103,8,19,37,33,14,34,125,2,6,3,16,0,5,12,1
2024-05,64,56,9,4,1,14,8,2,3,1,1,1,0,11,3,46,12,10,0,3,4,1,7,2,4,44,0,1,1,114,16,4,30,3,5,0,4,4,6,2,17,8,9,19,14,3,16,85,0,5,2,15,0,5,5,2
2024-05,65,59,11,6,4,23,18,4,0,3,0,0,2,9,3,66,125,2,4,6,6,0,13,1,5,58,0,7,1,36,9,2,24,14,10,1,3,2,17,4,50,3,9,20,12,8,15,79,1,10,5,18,0,5,4,6
2024-05,66,110,13,25,11,36,48,24,7,17,5,0,0,30,32,131,269,14,3,12,9,2,20,7,13,87,4,22,3,128,45,12,33,16,31,0,2,3,33,8,107,3,21,65,72,550,50,20,15,22,6,32,1,14,33,9
2024-05,67,83,10,11,4,25,33,7,6,12,66,2,1,26,31,103,63,12,6,9,15,3,15,2,4,44,1,14,1,159,27,10,16,6,4,3,4,8,50,7,41,10,31,79,58,25,48,54,48,20,4,23,1,8,332,8
2024-05,68,66,15,6,0,37,50,14,5,5,45,1,2,22,28,97,68,4,1,9,3,3,8,0,2,43,7,24,2,36,31,2,19,6,3,0,2,6,32,12,57,5,15,66,34,3,19,5,47,26,12,28,0,10,217,7
2024-05,69,58,7,11,6,28,61,33,2,9,13,6,1,41,30,82,40,19,3,11,10,5,9,0,4,88,11,28,8,27,36,2,40,16,9,0,5,7,32,16,87,11,18,57,55,2,46,5,34,30,5,68,0,27,64,6
2024-05,70,51,13,11,4,42,18,2,5,11,5,4,1,33,16,193,101,7,1,22,7,0,19,0,4,149,3,14,5,44,39,9,29,28,20,4,0,10,21,3,68,12,17,79,91,5,43,29,15,12,6,39,0,12,43,12
2024-05,71,91,12,13,5,31,73,34,4,12,21,2,1,67,29,149,24,18,3,23,8,6,33,3,7,148,11,42,5,75,55,8,47,27,15,0,6,6,59,11,71,5,14,70,69,465,70,43,30,45,10,81,0,28,131,18
2024-05,72,11,2,14,3,26,11,4,5,6,3,2,3,18,4,56,2,5,4,8,3,4,6,0,2,48,11,34,0,29,10,9,38,11,6,0,0,0,12,0,70,2,24,149,113,18,57,38,4,7,5,52,0,4,20,25
2024-05,73,40,3,7,6,24,22,6,2,10,12,2,0,41,10,74,11,14,2,9,7,1,19,0,5,83,10,25,6,27,43,4,57,24,5,0,5,3,38,14,84,11,11,86,97,118,91,46,21,27,10,90,3,34,136,15
2024-05,74,5,3,8,1,15,6,2,0,7,0,0,0,25,2,70,2,2,2,0,3,1,5,0,1,56,8,8,0,59,4,0,29,7,3,0,0,1,2,5,35,2,3,49,34,1,38,21,5,1,4,48,0,3,8,7
2024-05,75,23,10,4,2,23,14,5,4,21,21,0,0,18,7,75,8,8,4,7,2,7,1,5,1,44,9,16,1,42,15,7,36,10,6,1,3,10,20,12,46,5,20,239,154,2,74,29,18,6,6,59,0,15,89,16
2024-05,76,34,0,2,0,1,5,2,1,1,0,0,0,11,0,7,4,0,0,1,1,0,2,0,0,13,0,6,0,1,4,1,0,1,2,0,0,1,2,0,11,2,8,2,7,2,5,12,1,0,0,0,0,0,0,0
2024-05,77,62,6,24,1,15,27,19,5,6,6,1,0,21,15,22,124,31,0,10,10,3,5,2,4,44,3,17,3,42,31,7,13,15,24,5,2,4,3,8,13,6,41,86,68,17,53,65,6,3,15,25,0,10,10,80
2024-06,0,4056,621,1111,109,1759,1842,641,290,652,472,118,45,1714,1195,4584,7876,865,292,942,408,224,524,2398,312,4905,366,895,210,4808,1489,406,740,1017,1642,58,268,472,1074,470,3834,401,2179,4353,3554,2559,2738,2888,652,551,592,959,234,263,1733,1709
2024-06,1,48,2,11,6,9,46,9,2,15,2,1,0,17,6,29,141,6,1,8,6,2,0,14,3,51,2,3,1,76,12,3,14,4,12,1,3,5,3,3,30,3,15,95,32,45,29,34,6,6,14,30,2,6,3,42
2024-06,2,150,13,35,4,32,33,9,7,10,5,2,1,37,13,77,74,15,1,8,9,5,8,17,14,82,5,21,2,157,42,10,13,21,37,0,1,7,16,14,41,2,32,118,89,24,73,73,5,9,21,24,1,3,10,45
2024-06,3,59,3,9,1,7,43,11,3,23,1,0,6,14,38,19,180,4,2,3,1,4,8,6,5,20,8,6,5,54,9,2,14,6,22,2,2,8,5,12,73,3,62,42,37,20,40,37,0,3,14,36,1,3,12,62
2024-06,4,59,7,12,1,24,17,1,2,23,0,2,1,22,13,36,100,7,5,13,4,6,4,9,4,42,13,12,2,106,14,8,11,9,21,1,3,3,2,6,47,1,22,69,66,20,46,9,4,5,19,26,1,5,5,70
2024-06,5,31,9,20,1,31,14,6,0,9,1,0,3,20,14,34,212,13,1,7,4,7,7,2,0,58,5,7,1,68,8,15,10,38,15,0,0,3,1,8,49,18,19,104,75,36,42,54,5,0,15,34,1,0,7,47
2024-06,6,40,7,23,3,34,37,10,5,7,6,5,3,36,31,64,444,33,3,12,12,8,5,11,6,94,8,16,12,180,48,10,25,27,52,1,0,7,9,8,63,4,75,94,113,31,75,101,3,3,32,50,1,5,10,94
2024-06,7,47,4,20,0,18,27,7,2,18,4,4,1,27,17,38,314,53,3,20,9,6,15,2,2,170,10,9,11,128,43,6,18,36,40,1,7,17,6,15,50,9,55,63,52,20,83,131,12,6,17,60,1,1,19,35
2024-06,8,30,0,10,2,7,31,18,4,5,4,3,0,13,25,8,297,44,1,7,4,5,5,8,2,96,4,8,11,45,17,10,13,39,90,2,17,17,4,28,38,11,77,26,24,5,19,57,2,6,17,16,0,2,16,3
2024-06,9,5,2,14,1,9,2,0,1,1,0,0,0,6,1,19,0,2,6,0,3,0,0,0,0,42,1,0,1,41,2,2,3,1,5,0,0,2,0,0,10,5,47,20,18,17,33,32,0,1,7,1,0,1,1,3
2024-06,10,65,19,13,1,34,11,2,1,24,3,1,0,33,3,101,10,9,50,9,7,4,9,6,4,75,6,6,2,124,4,15,12,18,13,1,2,14,3,4,98,1,35,118,138,19,77,6,1,3,16,12,52,1,16,31
2024-06,11,77,7,5,7,20,8,5,1,1,1,0,0,15,2,68,26,6,2,13,4,0,4,3,3,90,5,2,0,108,7,18,7,14,12,0,0,5,0,2,16,4,39,125,111,65,54,3,5,3,3,11,23,2,4,37
2024-06,12,15,7,17,0,16,11,0,1,21,1,0,0,18,2,53,20,7,0,7,4,2,6,0,0,78,4,7,1,48,1,8,3,30,9,0,0,1,1,6,40,5,22,123,104,11,62,19,3,1,7,13,1,0,7,48
2024-06,13,19,5,4,0,9,8,1,1,11,0,1,0,14,3,23,20,10,1,7,3,0,2,1,0,60,3,4,1,37,9,3,4,7,3,0,0,0,4,2,22,3,32,35,57,9,28,1,1,2,6,17,0,0,7,22
2024-06,14,75,6,20,1,24,24,12,3,9,1,4,2,24,14,64,101,12,4,12,5,7,10,0,3,95,3,17,1,64,16,5,14,8,22,1,0,5,6,2,43,7,30,126,146,29,44,37,3,6,8,26,0,6,4,131
2024-06,15,119,11,39,1,58,34,12,13,11,4,0,0,24,22,104,75,22,9,14,22,2,8,1,6,157,5,10,1,163,20,8,21,21,53,1,6,6,9,7,139,3,84,155,128,67,86,6,5,6,13,8,1,3,6,91
2024-06,16,115,8,34,0,36,29,10,4,8,1,2,1,14,23,88,142,10,2,14,9,2,14,1,9,140,7,6,5,119,21,6,16,12,39,0,8,5,10,6,75,9,32,159,132,42,83,105,5,3,14,17,0,2,9,135
2024-06,17,79,10,18,4,36,14,2,3,10,1,0,0,21,5,85,34,10,17,22,17,3,8,0,0,104,7,12,2,157,16,12,14,38,13,0,2,6,11,11,88,12,18,116,112,12,77,12,1,4,13,12,12,2,4,23
2024-06,18,34,0,1,1,13,10,2,0,12,0,0,0,4,4,34,13,0,6,2,1,0,3,3,0,20,2,6,3,21,12,0,2,10,10,0,4,3,4,1,9,1,5,17,14,5,13,6,1,6,3,3,29,3,3,8
2024-06,19,137,23,55,3,93,36,7,13,17,8,1,0,26,23,190,98,11,15,21,11,4,15,17,7,103,5,17,2,138,35,7,31,21,48,1,4,8,16,5,51,30,24,64,71,16,55,35,4,7,9,8,48,4,13,26
2024-06,20,28,2,71,1,20,11,0,1,6,0,0,1,8,9,50,61,3,1,9,2,0,1,1,0,105,0,10,2,38,21,1,6,80,48,0,1,4,4,0,12,5,37,25,16,6,26,8,1,2,3,4,0,3,8,9
2024-06,21,120,9,20,1,25,17,2,8,8,1,0,0,21,17,40,179,12,1,9,6,2,12,2,2,87,1,2,0,79,17,4,14,7,30,1,3,4,2,3,46,9,32,68,57,25,42,57,3,2,11,9,0,0,4,46
2024-06,22,98,18,50,1,44,29,24,1,14,5,4,0,23,46,69,454,22,4,17,23,0,19,12,3,134,12,13,3,165,30,17,19,29,104,2,7,12,11,6,152,6,72,130,120,31,91,29,4,7,18,38,1,2,22,119
2024-06,23,65,27,23,2,39,48,12,9,12,22,1,0,30,44,106,123,16,10,23,14,1,13,174,8,74,3,12,2,80,31,5,11,7,47,3,1,11,24,13,64,4,25,61,68,14,43,55,14,9,6,11,0,2,54,26
2024-06,24,98,13,40,1,64,51,8,10,9,10,6,1,41,55,101,649,37,5,26,18,4,12,36,15,174,21,7,3,234,54,6,11,32,97,2,3,8,3,13,134,14,56,83,76,41,61,94,4,6,29,60,3,5,35,114
2024-06,25,211,25,55,3,74,84,54,19,24,32,6,1,93,84,253,96,24,30,58,9,5,16,66,7,99,11,45,5,104,63,12,16,90,106,0,9,13,48,14,123,24,46,169,154,33,116,111,20,34,35,14,29,9,72,28
2024-06,26,51,3,6,0,7,27,6,2,5,19,2,0,9,31,43,8,4,1,15,0,2,5,40,5,16,2,13,4,23,17,1,1,9,1,1,2,7,16,2,22,3,36,21,24,0,20,103,11,5,3,4,1,2,57,5
2024-06,27,74,9,10,0,20,33,3,3,5,24,2,0,10,9,79,34,4,0,12,4,1,7,30,4,24,11,9,1,19,12,1,8,19,5,0,0,3,17,6,25,2,17,29,12,11,13,23,15,4,3,12,0,4,39,6
2024-06,28,47,8,9,0,15,43,11,22,9,12,5,1,35,27,30,412,38,0,14,4,2,8,30,9,186,3,11,18,44,30,10,12,18,85,1,5,16,10,15,66,11,102,35,27,8,22,117,2,6,9,21,0,0,12,10
2024-06,29,55,14,8,0,25,39,17,8,8,21,3,2,24,35,74,48,13,0,19,3,3,5,18,8,47,5,19,3,61,21,7,7,4,14,2,4,1,31,12,63,7,21,42,26,2,21,73,27,11,3,6,0,2,81,2
2024-06,30,98,14,18,2,50,42,6,16,13,4,3,2,18,30,95,415,10,4,7,7,2,13,386,13,107,12,16,3,101,27,3,11,7,23,0,7,9,16,12,127,9,32,23,41,13,29,25,9,6,12,14,1,3,9,3
2024-06,31,63,3,11,5,45,25,5,4,2,5,0,0,13,11,36,268,13,5,8,9,0,5,50,3,110,7,8,11,39,19,3,5,5,14,0,1,7,6,7,84,4,31,8,8,75,17,37,1,2,12,13,0,2,9,13
2024-06,32,6,1,4,0,2,12,1,6,6,2,5,1,15,9,0,179,33,0,1,4,0,4,9,2,88,1,5,12,17,7,2,2,9,34,0,5,2,4,8,29,12,69,5,2,1,5,37,0,4,12,1,0,2,3,2
2024-06,33,27,1,6,1,2,7,4,3,8,0,2,0,6,4,2,58,11,2,0,1,0,1,1,3,37,0,11,4,6,6,1,0,4,17,0,0,1,1,7,31,5,39,6,7,4,11,6,0,6,5,7,1,3,2,3
2024-06,34,10,3,7,0,8,2,0,0,0,1,1,1,7,2,20,128,2,2,3,3,0,0,7,0,21,0,3,2,20,11,1,7,2,12,0,0,0,2,2,34,3,7,2,6,3,5,11,1,0,2,2,0,0,5,0
2024-06,35,9,3,0,0,1,13,4,1,3,0,3,1,3,0,3,13,1,0,8,3,0,3,2,2,30,0,9,0,7,5,0,1,1,5,0,0,5,6,1,19,3,19,11,13,14,3,1,2,2,1,0,0,1,4,2
2024-06,36,8,0,1,0,0,7,7,0,1,4,0,2,2,0,3,6,0,0,4,0,2,1,0,2,9,0,5,0,5,3,1,1,0,2,0,2,3,7,1,2,0,4,2,5,0,5,6,0,1,0,1,0,1,4,0
2024-06,37,8,4,0,0,0,1,0,1,0,0,1,0,6,2,7,21,3,0,2,0,1,0,0,1,10,2,0,3,7,1,0,1,0,5,0,0,4,6,2,16,3,10,7,1,0,0,2,2,0,2,0,0,0,9,3
2024-06,38,30,6,9,0,11,27,11,1,4,14,1,0,7,13,42,19,5,1,4,0,5,4,1,1,19,4,11,1,33,17,2,4,3,18,0,2,7,13,12,26,1,9,17,16,1,8,16,5,7,8,7,0,4,25,4
2024-06,39,17,3,4,1,6,17,15,0,6,0,1,0,1,2,11,4,3,2,5,1,3,4,1,0,20,2,4,1,18,7,4,1,3,2,1,0,0,12,2,7,4,4,9,20,1,10,37,3,4,3,6,0,0,3,6
2024-06,40,15,1,2,0,3,8,10,0,1,7,0,0,17,7,10,5,2,0,1,0,2,3,3,3,20,1,10,1,10,5,0,2,0,1,0,0,2,11,2,27,3,16,12,5,2,8,4,4,4,0,2,0,2,12,0
2024-06,41,11,0,4,0,4,14,5,2,4,1,0,0,11,6,4,11,6,3,1,0,1,4,2,0,46,3,1,5,17,3,5,7,7,9,1,10,9,11,3,66,2,34,18,18,29,19,0,2,2,17,6,0,6,1,4
2024-06,42,23,2,9,1,24,33,12,1,4,5,0,0,8,17,40,6,4,0,2,1,1,7,10,3,33,3,20,1,31,22,2,7,10,9,0,1,6,16,2,17,4,15,37,21,13,14,44,9,9,4,6,1,7,12,10
2024-06,43,82,4,7,1,15,117,82,4,11,2,4,0,84,34,64,3,13,1,23,7,4,11,18,9,40,5,41,2,22,45,3,17,8,9,0,7,4,50,8,80,5,24,104,60,14,43,39,25,35,4,20,1,12,25,8
2024-06,44,37,8,7,3,26,51,21,2,6,8,5,0,42,21,79,3,14,6,16,5,8,6,2,4,53,3,20,3,30,37,7,17,13,6,1,0,3,45,9,111,4,21,81,66,64,43,46,25,9,4,19,2,5,30,8
2024-06,45,17,4,2,8,18,8,4,1,5,1,0,0,14,7,39,10,3,1,2,4,5,4,7,3,10,6,4,2,4,5,4,5,1,2,0,0,0,12,1,13,1,21,59,37,0,18,3,7,9,1,2,0,1,22,2
2024-06,46,74,20,7,2,18,45,12,6,11,8,0,0,54,14,69,25,12,2,7,8,7,4,15,3,50,6,30,2,24,32,7,37,11,11,0,5,1,31,10,78,5,22,136,76,28,34,58,32,15,4,27,0,14,49,7
2024-06,47,3,2,0,0,4,2,2,0,0,2,0,0,1,1,9,0,0,0,2,0,1,0,0,0,10,1,3,0,1,1,0,1,1,0,0,0,0,1,0,5,0,0,5,8,0,4,0,2,2,1,6,0,0,13,2
2024-06,48,23,3,0,2,15,9,1,0,10,3,0,0,15,14,37,6,15,5,7,5,2,3,0,5,21,1,9,0,15,9,4,4,11,3,0,1,12,17,5,13,2,34,34,30,1,35,85,8,14,5,9,0,2,23,7
2024-06,49,70,24,6,2,41,35,12,4,16,20,4,0,77,42,113,6,21,2,27,5,4,7,4,18,61,11,28,3,32,60,6,14,16,7,3,20,16,52,12,116,5,40,133,92,3,70,7,39,24,6,16,0,10,153,22
2024-06,50,8,2,4,0,9,3,2,1,2,1,0,0,7,6,14,1,1,1,2,0,3,0,0,1,62,1,7,0,9,2,1,0,4,2,0,0,6,7,1,11,2,3,16,21,0,18,27,2,1,1,1,0,0,9,3
2024-06,51,21,5,4,0,18,12,0,0,6,4,0,1,15,10,42,19,10,1,3,5,9,2,39,3,26,2,6,0,4,27,1,5,4,10,0,0,1,29,1,28,3,15,69,15,18,19,33,11,19,0,7,1,0,17,9
2024-06,52,43,18,9,1,23,11,0,1,5,1,0,0,25,1,67,47,11,0,2,2,0,9,0,2,14,7,8,1,8,15,5,8,17,11,2,8,10,19,0,47,0,14,32,20,6,18,0,4,8,1,7,0,1,15,11
2024-06,53,32,13,14,2,26,19,11,1,6,18,0,0,23,14,88,9,8,5,29,5,2,19,7,2,65,6,32,1,25,48,8,12,9,6,0,16,16,30,5,73,2,23,79,54,3,58,4,46,26,5,12,0,17,107,14
2024-06,54,5,0,0,0,3,3,4,1,0,0,1,1,3,1,5,0,2,0,1,0,0,1,1,1,27,1,5,0,2,1,0,1,0,4,0,1,0,11,0,23,5,1,21,1,0,0,4,3,2,0,2,0,0,2,0
2024-06,55,14,6,6,0,16,5,6,1,1,0,1,0,21,2,28,9,5,0,6,1,3,0,0,1,18,2,10,0,2,6,1,3,5,4,0,0,0,3,0,25,1,18,10,16,2,12,26,1,2,0,1,1,2,5,3
2024-06,56,98,24,3,2,31,15,2,0,10,2,0,1,36,6,105,97,6,7,11,3,1,7,1,4,55,5,4,5,200,15,8,6,15,18,2,5,8,4,5,68,5,30,43,37,13,40,94,6,3,4,7,1,0,6,14
2024-06,57,64,3,1,1,9,9,1,3,2,0,0,0,11,1,22,178,4,0,0,4,0,1,11,2,50,0,1,0,15,10,2,3,4,35,2,0,3,7,2,6,3,8,7,8,14,8,0,0,2,0,2,1,1,3,0
2024-06,58,60,7,14,2,25,15,4,5,10,0,0,0,9,7,71,308,8,3,17,6,2,14,230,9,76,2,8,0,66,9,3,10,6,37,4,3,6,18,1,44,6,22,16,36,10,29,120,6,5,2,6,0,1,6,4
2024-06,59,27,1,2,0,11,12,0,2,4,1,1,1,7,6,16,115,2,3,4,6,0,3,90,4,26,6,8,2,19,9,2,2,5,10,0,0,3,13,1,16,2,15,8,16,12,13,1,1,3,4,3,0,0,3,9
2024-06,60,38,5,14,0,40,17,3,5,2,4,4,4,11,10,66,163,14,1,9,3,1,12,3,1,29,8,2,0,95,14,7,7,17,14,0,0,7,7,7,92,4,15,14,28,110,25,66,3,3,11,3,2,7,21,18
2024-06,61,92,8,96,2,36,35,9,12,18,24,3,0,26,39,118,175,8,11,35,14,12,4,736,8,155,4,21,2,139,28,4,17,5,17,0,1,7,18,4,83,16,35,43,43,11,38,41,16,7,6,26,0,10,60,5
2024-06,62,40,4,2,2,15,2,0,6,5,0,0,0,3,4,29,112,4,0,3,1,1,2,0,6,32,2,3,2,52,4,0,3,3,29,0,1,5,6,1,16,1,2,10,9,8,7,3,0,1,2,2,0,3,2,1
2024-06,63,113,9,18,1,28,36,6,8,12,3,2,0,12,9,58,320,11,2,10,3,1,8,49,7,51,3,15,0,124,14,7,6,6,23,0,7,13,16,4,48,0,11,47,27,13,30,159,4,8,3,8,0,4,0,3
2024-06,64,53,10,2,1,25,5,1,1,8,1,0,0,6,3,52,16,12,0,1,6,1,7,8,0,33,0,4,3,183,14,6,8,3,6,0,0,9,3,2,25,4,4,12,16,9,12,86,1,3,6,5,0,0,8,4
2024-06,65,66,11,8,1,24,11,1,3,11,1,0,0,16,3,83,106,4,2,3,1,4,4,0,5,67,1,5,0,46,6,6,8,10,24,0,1,4,11,3,38,4,58,30,22,585,24,76,0,5,3,5,0,5,1,6
2024-06,66,97,6,30,4,32,36,19,7,15,7,0,0,33,22,157,176,14,1,40,10,5,20,66,6,100,8,30,2,121,33,2,10,12,44,4,10,11,45,9,48,3,20,65,41,724,29,8,19,19,10,13,1,4,19,10
2024-06,67,72,9,51,1,29,27,14,1,9,31,0,2,51,49,93,57,9,2,32,8,3,4,38,12,89,4,22,1,138,32,3,15,6,11,2,18,8,45,8,50,9,29,78,75,14,49,34,45,16,4,9,1,3,138,7
2024-06,68,33,2,1,0,18,84,15,3,4,33,0,0,32,27,66,42,7,1,13,9,7,10,39,4,58,5,21,2,35,38,6,9,3,10,0,1,8,26,8,39,6,32,71,43,13,30,4,29,19,3,10,0,6,97,4
2024-06,69,57,6,3,4,24,53,21,4,15,16,6,1,41,30,79,21,26,0,25,4,4,10,11,5,64,4,27,5,34,47,9,18,6,8,1,6,2,43,19,81,1,50,59,40,2,26,16,29,18,6,9,1,7,35,10
2024-06,70,56,13,8,4,26,18,1,8,8,1,3,0,44,14,157,91,14,1,34,5,2,7,16,3,124,9,13,0,39,20,13,9,14,25,0,4,12,9,21,76,3,20,54,48,11,59,23,2,5,9,12,1,5,30,12
2024-06,71,82,28,9,0,38,44,20,6,10,20,5,0,63,32,113,4,19,5,70,7,16,33,12,6,79,20,29,4,60,60,9,19,15,15,8,20,19,46,9,87,10,51,97,73,13,72,32,29,20,3,13,4,15,76,15
2024-06,72,19,5,8,0,28,12,0,3,9,3,1,0,22,3,97,2,3,16,8,2,2,2,0,0,46,5,9,3,41,9,5,13,16,1,0,1,2,12,5,52,1,16,96,59,7,71,9,2,2,5,7,0,5,15,27
2024-06,73,30,11,5,1,32,17,6,2,11,8,3,1,49,12,111,7,11,3,23,6,4,13,6,8,54,9,27,1,51,28,1,19,18,3,1,5,3,22,14,54,2,19,80,57,2,47,15,36,13,8,9,2,5,60,12
2024-06,74,5,14,9,0,24,10,4,1,3,0,0,1,7,0,69,1,1,1,7,1,1,2,1,2,23,4,4,1,71,0,8,9,9,0,0,0,0,1,3,28,7,3,42,10,1,43,9,1,2,4,6,1,2,4,8
2024-06,75,26,13,11,1,26,7,4,0,7,13,3,1,45,7,92,3,7,5,17,2,5,10,0,3,73,6,13,2,51,11,7,18,14,2,0,2,10,26,1,46,1,20,151,49,4,55,16,11,12,5,11,1,7,31,8
2024-06,76,52,0,4,2,1,3,3,0,2,0,0,0,2,1,5,11,0,3,1,1,0,0,1,0,19,0,2,1,4,1,5,3,1,0,0,0,0,0,0,16,3,4,5,5,0,5,26,0,0,0,0,0,0,1,0
2024-06,77,71,11,19,3,6,29,9,4,11,4,0,0,14,24,19,235,26,1,5,12,0,7,5,3,72,2,11,11,54,34,10,5,23,31,2,3,7,2,6,24,6,21,57,54,24,46,64,2,6,16,16,2,0,9,68
2024-07,0,4145,532,897,164,2077,1969,611,269,702,566,106,58,1675,1360,5459,9197,837,322,958,442,284,502,1159,236,4085,406,939,201,5569,1606,543,1710,1199,1431,64,325,419,982,684,4147,581,2473,9706,8850,2763,3289,1906,656,537,765,932,53,434,1485,1628
2024-07,1,45,2,8,2,6,45,7,2,2,1,2,0,17,10,18,158,6,0,9,5,0,6,0,2,32,7,5,2,94,13,7,11,11,14,0,0,0,2,5,15,4,17,52,40,4,34,36,2,5,18,28,1,12,7,34
2024-07,2,121,5,43,6,25,40,16,6,32,1,1,0,55,15,121,81,15,1,12,8,3,3,2,2,100,5,4,4,133,33,19,66,31,50,0,0,5,11,9,40,8,27,118,141,33,65,64,4,2,16,50,1,15,13,46
2024-07,3,26,2,7,3,6,43,11,0,9,4,0,4,22,36,8,230,10,2,5,14,4,8,2,0,33,3,11,4,56,27,3,18,22,21,1,0,3,4,15,62,2,31,39,39,38,40,49,5,5,14,30,2,8,16,53
2024-07,4,79,2,17,2,17,12,1,1,7,0,1,1,18,7,31,120,9,1,6,6,16,1,8,0,59,2,17,3,130,15,5,29,38,36,0,2,4,3,8,40,7,26,112,61,32,51,5,1,1,21,21,0,6,8,85
2024-07,5,41,15,28,2,26,21,1,0,11,3,0,3,35,17,52,134,19,1,7,3,1,3,3,2,49,2,9,1,98,18,9,9,46,15,0,3,4,3,3,42,6,35,177,114,32,64,37,6,4,14,17,0,2,14,44
2024-07,6,32,6,22,4,23,37,10,6,17,6,8,2,48,34,70,244,34,4,15,13,3,5,1,2,108,6,13,16,227,45,15,28,35,25,2,5,8,5,8,38,6,91,209,160,73,70,68,5,3,29,66,2,6,25,75
2024-07,7,37,1,22,5,27,17,6,3,8,7,4,3,18,23,40,237,23,2,25,18,2,14,2,4,52,5,15,6,250,35,11,18,26,34,1,7,3,3,19,35,1,58,101,84,48,66,57,6,3,20,37,2,6,13,30
2024-07,8,18,1,6,1,5,31,6,11,12,3,5,2,19,27,15,391,25,2,7,5,0,6,8,5,61,0,12,16,55,16,14,11,29,71,0,4,5,13,18,45,17,84,19,35,5,10,68,1,11,13,16,1,2,19,4
2024-07,9,4,2,16,0,7,4,0,1,9,0,0,0,3,0,28,1,1,4,2,1,0,0,0,0,53,4,4,0,35,0,4,8,7,4,0,0,0,3,2,33,0,40,29,14,11,16,32,0,0,8,4,1,1,0,4
2024-07,10,69,5,11,1,44,19,3,8,12,1,0,0,38,5,141,9,12,9,21,10,2,8,3,2,106,10,16,0,128,6,11,23,17,8,1,3,3,6,5,71,6,30,146,83,13,67,17,2,6,12,20,3,7,9,24
2024-07,11,47,3,15,11,32,5,2,8,13,0,1,0,14,6,65,37,4,2,4,4,3,3,0,0,112,6,7,2,106,1,8,19,25,11,0,2,3,4,4,33,4,31,83,68,49,54,1,2,1,11,10,0,4,9,30
2024-07,12,19,5,7,2,21,9,2,3,7,1,1,0,21,5,87,36,3,3,6,9,0,5,1,1,76,2,8,0,71,9,7,15,13,9,0,0,1,1,5,42,4,18,151,109,16,47,17,4,1,9,19,0,5,5,40
2024-07,13,34,2,8,4,11,2,3,0,25,1,1,2,13,11,45,25,6,4,3,1,0,1,1,1,58,2,13,2,54,7,12,13,11,5,1,1,1,1,1,22,0,9,61,45,3,30,2,0,4,8,10,0,2,2,20
2024-07,14,63,2,19,4,24,17,2,3,7,3,0,0,16,21,71,105,16,1,9,3,0,3,0,1,120,3,12,4,115,12,9,13,9,25,0,4,2,2,2,43,17,14,219,135,19,62,28,3,4,23,22,0,6,3,126
2024-07,15,124,11,34,3,63,42,6,6,11,3,2,2,31,27,134,90,21,5,33,13,3,10,3,6,150,11,9,4,246,28,14,33,130,48,0,3,7,6,8,118,13,73,387,269,50,108,44,13,6,28,22,3,9,9,88
2024-07,16,122,6,26,1,40,36,9,7,10,4,3,2,36,22,113,248,10,4,21,14,1,8,2,8,129,11,11,2,162,28,13,6,12,26,1,9,6,6,7,67,5,54,312,167,28,75,37,4,5,18,6,0,8,6,87
2024-07,17,127,9,17,0,30,18,5,6,34,3,2,0,17,7,110,27,16,3,31,8,8,11,0,1,72,6,8,1,214,18,7,13,22,9,0,2,7,4,16,103,13,16,380,393,20,142,1,7,2,14,9,0,2,7,32
2024-07,18,81,4,2,1,14,8,2,2,7,1,1,1,6,6,46,5,4,1,7,4,2,3,0,1,34,2,4,0,27,10,4,5,7,5,0,3,2,3,0,28,7,8,106,181,4,35,1,0,1,1,5,0,5,1,9
2024-07,19,152,17,39,6,129,40,10,8,22,4,1,0,23,35,202,108,17,9,32,8,2,13,4,4,124,8,11,3,149,21,12,17,18,25,0,6,7,22,13,173,23,64,758,608,14,150,25,15,10,11,19,0,6,8,33
2024-07,20,20,2,2,2,25,14,1,1,4,0,0,0,4,6,58,55,10,2,4,0,1,4,7,7,32,3,5,0,79,14,3,9,6,15,0,1,2,7,2,25,5,28,259,214,11,34,0,1,2,4,5,0,5,1,33
2024-07,21,113,3,13,2,22,14,2,1,1,1,3,0,14,19,57,200,8,0,2,10,0,17,0,5,56,2,13,2,65,15,5,19,15,39,1,7,3,5,3,52,7,30,144,88,12,24,32,2,1,18,9,1,3,3,50
2024-07,22,105,10,49,2,52,41,5,3,17,12,1,0,34,29,109,575,31,6,14,22,3,15,26,5,129,4,16,6,161,69,22,25,26,58,2,14,13,11,21,129,30,42,285,297,84,109,69,10,5,49,37,0,3,37,119
2024-07,23,79,14,14,4,63,44,12,7,11,13,0,1,17,45,148,91,15,4,31,13,2,12,76,5,47,4,13,3,105,48,13,27,13,30,2,1,11,17,10,69,22,36,304,273,86,82,31,16,13,15,15,2,10,33,32
2024-07,24,97,8,53,5,71,39,6,17,15,13,4,1,57,65,98,898,35,4,18,17,3,31,128,5,146,28,17,9,253,75,12,31,47,143,1,6,21,20,31,62,24,71,307,223,102,93,15,9,6,34,53,3,5,45,104
2024-07,25,187,25,52,0,85,106,55,7,47,23,9,0,49,93,266,73,27,21,56,14,27,14,48,12,88,16,41,5,150,79,13,37,22,41,0,10,15,70,83,206,18,60,563,479,13,137,86,28,34,17,19,2,28,55,24
2024-07,26,39,1,8,0,22,32,12,3,5,72,0,0,13,29,62,42,4,2,19,0,3,2,27,4,30,7,14,3,23,26,5,9,44,50,3,8,5,6,56,22,7,9,83,81,0,20,1,8,2,1,4,0,1,53,4
2024-07,27,34,4,6,1,25,25,15,3,3,37,0,0,27,31,65,58,8,3,16,6,3,4,24,1,38,10,14,1,23,17,8,7,41,47,1,1,5,8,21,33,5,37,76,65,5,24,0,9,3,6,2,1,0,35,8
2024-07,28,72,2,9,2,15,37,17,21,10,15,5,1,18,45,34,761,56,7,8,11,3,5,33,1,109,7,9,22,78,31,19,15,41,62,10,29,23,10,26,121,19,187,280,199,16,53,120,8,8,14,25,2,5,29,12
2024-07,29,51,13,14,4,24,47,11,1,8,46,1,1,33,45,86,98,6,3,15,8,3,6,47,5,75,2,26,1,71,26,11,13,21,44,3,7,8,21,16,102,11,53,153,190,1,38,52,30,14,8,10,0,3,68,6
2024-07,30,109,14,17,2,40,42,9,11,8,7,6,2,27,24,118,314,9,1,14,11,5,13,153,6,65,6,19,4,118,39,12,25,14,28,1,3,10,14,9,99,24,44,124,95,96,48,5,10,7,5,21,0,9,16,10
2024-07,31,35,5,8,2,16,49,1,4,11,7,1,0,9,23,61,410,20,10,9,11,4,8,39,5,83,7,13,2,63,34,9,10,18,20,0,1,3,3,12,78,9,50,37,43,8,15,30,4,2,10,15,1,2,11,9
2024-07,32,12,2,4,1,1,17,4,8,3,2,6,0,7,3,7,388,11,1,1,6,0,2,3,5,63,0,10,12,15,10,6,4,6,22,1,1,2,4,7,51,23,97,11,6,1,5,35,0,3,11,7,0,0,2,2
2024-07,33,18,1,3,0,5,4,2,3,2,3,1,0,4,6,5,78,5,1,2,1,1,1,1,0,68,3,6,2,11,11,4,1,6,8,0,1,1,1,3,26,5,12,20,18,5,5,8,0,1,2,1,0,1,1,2
2024-07,34,24,5,2,0,18,11,0,1,0,0,0,0,1,4,27,107,2,0,4,3,0,1,4,0,19,0,3,8,33,14,1,5,2,7,0,0,1,0,3,27,1,12,11,11,12,7,9,2,0,0,1,0,0,4,0
2024-07,35,19,8,0,0,3,13,5,1,3,0,0,2,4,3,5,23,1,0,2,3,1,1,0,0,30,3,6,0,16,3,0,1,4,5,0,2,6,17,1,36,0,21,10,41,1,3,1,0,2,0,3,1,0,6,2
2024-07,36,7,1,0,0,2,12,5,0,0,6,0,0,5,1,5,7,1,1,6,0,0,2,0,0,9,0,3,0,4,2,0,1,0,1,1,0,2,3,0,2,1,4,3,7,0,3,0,1,0,0,1,0,0,2,1
2024-07,37,2,0,0,0,6,2,0,0,2,1,0,0,4,5,4,16,0,0,7,2,0,0,0,0,9,5,6,2,9,1,1,3,1,1,0,0,0,4,1,3,0,11,11,18,5,6,2,2,1,0,0,0,1,17,2
2024-07,38,37,8,12,2,11,28,9,1,0,18,0,1,20,11,40,38,11,0,8,0,1,2,1,4,17,3,7,1,31,14,6,1,5,7,0,2,1,14,7,41,6,29,58,88,16,18,39,2,1,6,0,0,2,25,6
2024-07,39,14,4,1,1,10,20,11,1,3,2,1,0,12,4,15,8,3,1,4,0,2,1,0,0,6,3,0,0,14,5,3,0,2,3,0,1,2,3,1,3,1,5,37,146,1,6,20,0,1,6,0,0,1,3,4
2024-07,40,22,2,2,0,6,20,17,0,5,3,1,1,12,5,12,43,1,0,2,1,5,1,5,0,5,3,3,4,8,7,3,0,0,1,0,1,1,8,5,38,1,18,23,24,37,5,0,3,2,1,3,1,2,12,2
2024-07,41,6,0,8,1,24,13,2,1,2,1,1,0,7,7,13,24,3,0,6,4,1,1,0,1,41,5,12,5,25,7,1,5,9,8,0,0,2,6,3,32,2,59,46,45,1,16,0,0,2,10,8,0,0,0,9
2024-07,42,40,7,3,2,27,34,37,1,10,8,1,1,15,28,48,15,16,4,6,4,10,4,22,1,32,8,9,1,42,25,8,10,11,10,0,3,4,12,12,37,7,21,131,180,93,31,51,11,8,5,6,0,4,18,4
2024-07,43,70,8,11,0,27,79,41,2,17,5,1,1,79,31,74,12,15,5,10,4,5,20,2,9,50,9,49,4,18,44,3,15,5,17,1,11,5,73,6,76,6,38,139,124,43,40,17,18,16,5,10,1,15,21,9
2024-07,44,50,7,4,4,23,47,23,3,13,8,0,0,38,33,75,10,12,3,23,2,6,4,1,2,29,10,23,0,22,35,4,9,8,3,1,8,8,28,17,37,8,64,110,123,77,47,37,12,16,7,5,1,9,35,15
2024-07,45,13,5,6,3,15,8,1,0,0,2,0,0,23,5,30,1,3,2,4,0,1,1,0,0,18,6,6,0,9,9,1,6,5,1,0,4,4,6,1,9,4,6,69,36,58,22,1,5,3,3,3,0,4,18,7
2024-07,46,46,5,7,1,26,36,11,1,5,3,3,1,23,16,80,30,15,1,8,11,3,4,1,10,47,14,19,0,37,29,4,14,7,14,1,7,5,29,9,50,4,29,157,66,22,33,7,36,17,5,10,1,6,31,4
2024-07,47,8,5,0,1,2,0,0,1,2,1,0,0,2,4,11,0,2,0,1,0,0,2,0,1,6,0,2,0,1,1,0,1,2,0,0,0,1,2,0,17,0,2,20,39,1,7,0,2,0,2,0,0,0,9,1
2024-07,48,29,12,1,2,14,6,3,2,10,1,0,0,19,7,47,1,4,3,7,2,1,2,0,1,24,0,6,3,17,13,3,12,6,1,1,5,14,10,5,46,0,26,85,87,27,36,61,8,7,6,9,1,5,13,10
2024-07,49,84,22,9,6,39,44,7,2,11,19,0,1,53,38,143,7,17,3,24,2,4,11,4,6,44,12,31,2,43,40,16,26,24,4,1,9,7,28,4,138,5,41,168,118,35,73,16,38,26,9,10,2,16,77,20
2024-07,50,17,1,2,0,6,12,4,1,2,0,1,0,5,5,29,0,0,1,2,0,1,0,0,1,18,0,5,1,13,10,0,4,2,0,0,4,3,4,0,16,0,6,52,20,1,17,21,6,2,1,3,0,2,6,3
2024-07,51,17,3,7,0,14,25,6,2,15,2,0,0,18,3,49,53,4,1,16,2,3,8,4,8,33,3,10,0,12,9,1,14,0,6,0,2,3,12,5,21,5,22,115,33,3,15,3,10,6,0,9,1,4,17,5
2024-07,52,52,8,7,1,26,11,2,1,4,5,0,0,5,6,66,42,13,1,2,1,0,6,0,3,14,2,8,0,12,11,2,7,16,4,1,3,10,12,0,40,1,2,33,23,15,13,0,7,5,1,6,0,5,2,4
2024-07,53,56,24,8,3,25,24,10,4,10,22,1,1,33,31,98,15,19,1,19,1,1,21,9,1,50,9,26,1,27,24,4,26,21,9,2,8,11,24,10,76,13,9,136,161,3,73,5,41,30,7,22,1,41,65,12
2024-07,54,8,2,0,0,1,2,4,0,1,1,0,0,0,2,3,0,1,0,1,0,0,1,0,1,6,2,5,0,0,1,1,2,0,1,0,0,0,9,0,20,3,1,19,23,0,3,14,2,1,1,1,0,2,2,1
2024-07,55,10,4,6,1,20,3,1,1,1,0,0,0,7,2,27,7,4,1,1,1,0,3,0,0,20,0,4,0,4,6,1,5,10,3,0,2,2,6,1,36,6,19,48,109,2,17,7,2,5,3,8,0,3,0,4
2024-07,56,74,7,4,1,26,22,3,2,22,2,1,0,41,8,117,84,7,6,9,3,4,9,5,9,49,4,9,4,258,14,5,22,8,14,2,2,5,8,9,51,2,39,67,89,11,52,21,2,2,9,12,1,7,3,14
2024-07,57,25,2,1,2,14,6,3,4,1,0,0,0,12,4,17,165,0,0,1,3,4,4,7,3,30,1,3,3,22,11,1,2,3,11,0,1,3,2,2,12,1,10,18,29,0,6,1,1,1,1,8,0,1,5,2
2024-07,58,79,3,18,1,39,18,4,2,9,2,1,0,14,22,94,376,8,2,11,1,4,8,71,8,52,4,12,0,45,9,3,61,13,19,6,7,6,13,4,39,6,29,52,52,5,31,63,3,3,6,3,0,2,5,7
2024-07,59,46,2,3,2,38,10,1,2,1,1,0,0,3,6,34,322,3,1,4,3,1,6,64,1,43,1,4,0,15,6,0,7,2,5,1,0,2,7,1,19,7,47,28,38,24,20,0,2,2,4,4,0,0,11,6
2024-07,60,46,5,13,4,57,9,2,4,0,2,2,12,10,2,78,184,4,0,9,8,3,3,6,2,29,13,7,0,131,20,16,11,22,16,1,2,2,0,10,91,1,17,51,59,13,24,62,3,4,11,8,0,1,17,11
2024-07,61,91,12,10,1,64,40,5,6,6,15,3,0,13,29,139,179,11,3,30,13,10,8,226,5,49,3,17,0,106,31,8,197,13,14,0,8,11,23,7,123,13,24,103,150,29,43,22,20,11,8,7,1,7,34,4
2024-07,62,68,6,1,1,21,6,3,2,4,2,0,0,9,4,53,107,4,0,1,1,0,1,0,1,38,1,1,0,43,5,2,6,2,15,2,3,2,4,2,26,7,2,41,67,4,23,1,0,2,5,4,0,2,3,1
2024-07,63,123,12,27,2,52,68,4,14,12,4,0,1,20,8,104,303,10,2,18,6,5,6,5,2,56,1,12,2,44,23,6,206,6,22,1,8,4,31,9,63,14,6,124,136,10,47,144,3,5,1,11,1,8,4,4
2024-07,64,39,7,4,3,10,14,2,0,5,1,3,0,9,3,70,15,8,2,9,3,3,5,2,1,60,1,3,0,170,17,8,23,11,7,0,2,4,6,1,16,4,7,23,49,11,10,77,1,7,6,6,0,1,12,4
2024-07,65,80,12,12,3,27,20,3,0,8,1,0,1,13,1,93,96,12,1,6,8,2,6,0,3,43,3,12,2,48,6,5,14,4,11,1,0,5,13,1,38,5,18,43,89,15,28,14,2,8,8,7,1,7,8,8
2024-07,66,90,7,23,4,53,42,20,2,14,16,1,0,28,29,144,148,10,3,28,14,5,14,40,10,50,12,19,3,86,37,5,194,8,27,2,5,7,42,9,111,23,33,173,237,28,74,12,17,19,10,10,1,10,22,7
2024-07,67,65,10,9,4,47,37,9,4,8,39,1,0,55,36,120,52,3,2,28,15,2,7,17,7,27,10,34,4,48,26,7,114,6,7,2,5,8,38,7,79,7,56,135,239,6,57,36,50,30,6,4,0,9,72,8
2024-07,68,43,8,5,0,34,76,24,6,5,18,3,0,34,38,103,34,9,2,14,4,5,4,3,3,21,6,21,1,65,29,0,6,5,12,0,4,6,23,15,72,8,52,118,230,83,43,2,39,18,9,6,0,7,83,8
2024-07,69,95,8,4,4,25,63,18,7,7,8,2,2,60,37,81,38,25,2,29,5,0,3,3,1,40,4,15,1,51,56,6,9,5,7,2,23,11,35,22,76,11,41,128,164,109,38,8,26,17,5,7,0,9,51,8
2024-07,70,57,17,8,6,46,20,5,6,19,8,2,3,46,10,219,64,15,2,28,3,2,14,0,2,108,5,16,0,64,21,17,14,23,32,1,2,14,20,14,131,9,28,175,161,4,68,6,7,7,10,17,2,6,39,12
2024-07,71,99,13,12,3,52,51,17,4,8,13,0,0,62,40,136,29,15,5,31,8,9,35,1,4,68,15,44,0,81,43,8,11,19,8,0,27,14,46,16,54,11,27,148,127,818,59,0,29,41,17,12,2,10,67,13
2024-07,72,8,9,10,2,22,5,5,3,7,1,1,1,10,3,88,22,5,97,5,1,55,1,0,2,51,8,22,0,78,17,8,13,11,8,0,0,3,11,1,30,2,29,213,116,10,89,11,1,2,27,9,2,5,13,19
2024-07,73,51,29,4,1,34,21,4,2,13,6,1,0,37,18,100,6,10,7,29,1,0,8,1,5,29,6,16,0,47,32,5,12,24,3,2,4,6,24,11,65,9,16,142,106,180,74,1,11,18,17,8,2,13,27,9
2024-07,74,15,7,7,1,14,4,0,0,5,0,0,1,16,0,80,2,2,3,6,8,1,3,0,1,26,5,2,3,93,8,14,5,13,1,0,2,12,3,1,31,2,7,51,24,3,44,6,3,3,7,3,1,4,11,10
2024-07,75,17,7,12,1,14,10,3,0,22,13,2,0,19,9,85,6,3,30,23,2,16,8,0,8,42,9,10,0,41,7,7,15,12,5,0,4,4,21,1,70,6,20,169,59,5,51,2,10,9,17,13,1,7,41,17
2024-07,76,23,0,1,0,7,3,1,0,5,0,1,0,2,0,11,3,1,0,1,0,0,1,0,1,8,0,8,1,8,2,4,1,2,3,0,0,4,2,0,8,5,5,37,50,0,15,10,0,0,1,0,0,3,0,0
2024-07,77,68,4,14,5,20,17,22,2,5,9,2,0,14,25,21,176,29,1,11,12,0,7,3,0,82,3,4,3,63,40,19,13,18,30,0,0,1,1,2,16,2,33,81,40,10,29,23,3,2,20,21,0,6,11,52
2024-08,0,4248,475,733,95,1919,1843,621,347,668,489,115,58,1850,1350,5014,10194,738,208,710,535,179,529,1404,335,2935,386,976,225,4948,1516,443,717,1087,1700,98,300,459,971,418,3049,366,1957,3785,2816,1767,1938,3685,633,655,904,625,71,266,1378,1324
2024-08,1,55,1,11,6,5,44,6,7,16,1,3,0,23,23,14,121,8,4,3,5,2,4,26,11,31,2,10,2,101,20,2,8,10,13,0,0,3,4,7,13,4,14,37,35,11,26,74,2,6,6,17,1,4,3,39
2024-08,2,125,5,12,4,25,32,9,9,21,2,0,0,64,26,111,87,15,3,10,12,3,3,8,1,27,3,12,6,145,22,9,33,19,23,1,1,3,10,7,15,1,31,82,85,8,61,141,2,5,11,22,1,10,12,32
2024-08,3,32,14,7,2,6,34,13,2,4,7,4,3,16,39,18,151,9,0,6,7,0,7,4,5,23,5,12,6,57,29,1,12,24,32,0,0,3,6,12,35,9,49,19,17,30,32,72,5,7,16,7,1,0,18,32
2024-08,4,53,8,29,1,24,13,3,5,15,3,5,0,30,11,36,166,15,1,5,9,10,2,7,1,17,5,15,5,99,17,13,17,14,10,0,0,9,1,5,41,1,29,48,46,26,33,3,2,3,16,18,2,1,8,62
2024-08,5,44,3,9,0,43,9,2,1,3,2,0,2,34,10,49,156,16,1,9,10,3,6,3,2,40,5,9,2,78,10,9,6,40,19,1,0,3,3,6,13,5,33,36,58,21,28,80,1,2,11,8,0,0,7,32
2024-08,6,42,5,17,1,20,28,3,13,8,4,6,0,36,37,48,212,13,1,21,16,2,14,1,2,90,8,23,4,214,41,19,22,28,48,1,3,5,6,13,37,5,86,41,78,35,46,72,4,2,28,17,0,6,27,55
2024-08,7,26,9,14,2,37,13,1,2,2,4,2,3,19,30,63,236,11,1,6,25,2,10,2,2,49,6,18,7,165,44,8,12,23,39,0,0,6,0,8,60,6,58,31,52,25,42,115,4,3,21,17,0,0,20,27
2024-08,8,26,1,8,3,7,24,16,9,4,7,6,1,15,30,16,367,14,2,12,7,3,5,4,4,69,1,25,20,47,23,7,18,20,50,2,4,9,5,14,47,9,68,4,14,8,15,62,2,14,11,11,0,2,10,3
2024-08,9,11,0,8,0,9,3,1,0,1,1,0,0,5,2,31,6,1,1,0,1,0,0,0,0,23,7,2,0,26,3,11,5,3,3,0,0,5,0,1,12,2,24,22,24,5,27,36,1,1,2,1,0,1,0,4
2024-08,10,46,6,16,1,45,12,1,4,13,2,0,1,44,3,112,18,13,8,11,6,0,3,1,3,136,10,13,2,119,5,8,7,17,15,1,2,14,5,5,42,3,25,70,90,28,54,69,9,3,23,10,1,2,9,21
2024-08,11,49,4,12,1,34,10,2,0,11,0,0,0,19,2,75,23,4,4,12,9,1,2,2,1,83,2,7,0,103,7,9,12,16,8,1,0,1,4,2,37,3,34,30,44,42,23,14,2,5,13,6,2,0,6,26
2024-08,12,26,2,11,0,27,10,0,2,10,1,0,0,11,1,62,22,8,5,6,1,0,0,5,1,24,3,4,0,68,4,7,8,15,17,0,0,9,1,4,17,1,40,40,54,83,34,65,5,0,4,2,1,0,4,23
2024-08,13,29,4,8,0,9,5,0,9,8,3,0,3,19,4,36,72,4,2,4,2,0,2,1,1,51,2,7,2,39,9,8,5,10,5,0,0,7,5,7,14,1,20,15,22,7,6,1,0,3,7,3,0,1,2,12
2024-08,14,51,5,23,1,29,25,3,0,3,4,0,0,32,19,82,85,10,3,13,5,0,4,3,6,74,6,15,4,90,18,9,3,29,11,0,1,3,5,3,13,1,17,60,52,25,40,61,6,8,17,1,0,0,4,90
2024-08,15,149,3,16,2,43,30,6,8,14,1,1,0,21,15,104,138,10,11,12,19,5,20,0,6,95,11,7,2,211,38,13,16,39,100,1,3,14,5,10,81,5,30,94,89,37,65,40,13,7,16,6,1,0,7,85
2024-08,16,95,1,21,1,44,44,13,7,21,4,0,0,23,15,72,291,9,2,15,11,4,13,0,6,117,14,15,1,145,26,10,4,21,30,4,2,4,6,9,16,12,28,85,67,57,56,35,8,13,16,6,0,0,13,79
2024-08,17,112,3,12,2,40,15,2,6,15,3,1,0,19,3,123,39,11,4,13,16,1,12,0,2,49,6,13,2,158,25,5,10,22,19,0,4,7,8,4,70,8,4,78,66,10,50,23,9,4,5,5,0,0,3,24
2024-08,18,37,1,1,0,22,4,0,2,9,2,0,0,5,5,31,1,2,1,6,2,0,4,2,3,28,8,6,0,17,11,3,4,5,1,0,0,0,6,0,17,3,1,32,9,3,10,0,0,2,1,4,0,0,1,5
2024-08,19,209,4,34,0,76,49,21,3,21,2,0,2,33,39,169,149,12,15,24,14,4,31,8,2,77,9,7,1,130,20,4,12,27,22,0,2,3,14,11,76,7,34,59,67,6,56,40,8,9,10,11,2,4,2,19
2024-08,20,33,1,5,1,13,14,4,0,7,0,1,0,7,13,41,50,3,1,6,6,0,2,1,4,17,5,5,0,56,12,5,2,7,20,0,1,0,7,1,25,1,4,40,22,5,12,0,4,3,2,4,1,2,2,19
2024-08,21,88,7,19,0,30,15,6,3,17,3,2,0,18,14,69,454,3,4,6,2,2,16,2,2,59,4,20,8,125,19,3,10,13,76,0,6,9,5,3,24,1,24,25,26,34,19,44,3,5,13,4,0,1,5,42
2024-08,22,67,9,24,2,50,39,9,7,18,4,4,0,26,24,86,491,31,8,10,17,2,13,21,6,72,10,16,4,147,38,5,7,30,134,1,6,14,7,16,70,10,46,99,56,29,31,73,8,13,26,20,3,4,26,83
2024-08,23,112,5,22,3,48,45,11,8,8,38,2,0,25,58,127,217,16,4,34,12,0,8,50,13,61,10,12,2,92,29,20,15,11,18,2,9,12,18,14,47,10,26,60,52,89,31,14,12,9,14,6,0,6,21,23
2024-08,24,87,7,42,2,67,49,8,39,11,11,8,1,51,46,134,936,37,9,35,24,5,15,140,10,78,13,12,9,232,67,6,19,44,172,2,4,13,25,18,84,12,49,55,60,50,39,49,11,12,38,24,1,3,50,71
2024-08,25,226,14,35,4,66,95,35,7,45,29,11,1,86,73,250,106,29,17,26,13,14,13,65,16,77,13,65,5,131,76,11,20,33,40,0,8,8,54,13,101,4,41,194,107,24,72,130,27,44,23,16,2,8,39,23
2024-08,26,54,5,6,1,10,24,10,4,3,31,1,0,14,38,47,26,6,0,4,1,1,1,13,3,11,1,20,1,23,24,2,5,27,22,1,0,2,14,6,8,0,15,31,10,1,6,2,10,1,5,1,0,1,50,4
2024-08,27,29,5,4,0,33,31,16,2,6,16,4,0,13,25,59,89,8,1,12,2,0,3,56,2,12,0,9,0,18,16,3,5,23,24,1,1,10,9,2,30,3,40,54,13,18,10,25,11,9,4,6,2,1,41,6
2024-08,28,68,6,13,0,19,39,22,21,25,17,4,1,22,50,35,1173,42,0,13,15,7,6,54,3,157,15,17,13,55,24,12,11,99,149,13,13,22,18,18,70,20,158,44,28,12,28,225,7,11,16,25,2,4,65,7
2024-08,29,75,7,11,1,25,39,19,2,10,28,2,1,15,31,82,117,13,0,16,8,2,6,14,4,39,3,14,1,45,32,11,7,11,16,3,12,12,18,4,64,2,14,47,25,16,11,129,21,9,7,7,2,8,51,3
2024-08,30,79,16,8,2,45,31,11,13,11,5,2,1,45,24,134,419,18,3,17,10,7,11,117,14,51,6,20,6,72,22,10,17,12,32,2,5,10,19,6,118,4,35,23,47,16,31,36,15,7,10,12,0,5,5,8
2024-08,31,41,10,15,2,51,58,9,17,4,3,2,0,13,22,48,467,10,5,11,23,3,9,42,1,57,9,7,6,49,32,2,13,33,21,1,1,9,9,4,56,1,17,13,11,61,14,121,6,8,19,6,0,4,15,6
2024-08,32,11,1,3,1,1,17,2,9,1,6,5,0,5,4,5,351,10,1,0,3,1,4,7,1,55,2,14,19,31,10,3,1,24,96,5,16,8,10,5,39,30,81,2,5,5,3,40,0,3,17,10,0,1,5,1
2024-08,33,12,1,4,0,5,10,2,3,3,3,1,0,5,7,10,164,6,0,1,3,0,2,4,0,29,1,9,2,3,0,1,1,7,5,2,3,6,3,5,18,6,22,4,4,1,2,10,0,1,5,1,1,1,6,3
2024-08,34,17,1,8,0,3,6,2,4,4,1,0,0,3,2,24,109,1,2,20,7,0,1,2,2,24,1,3,4,22,3,0,4,1,2,1,2,1,4,1,21,2,15,1,3,2,5,97,1,1,1,1,0,1,2,1
2024-08,35,20,1,1,0,3,12,7,1,0,0,2,7,5,3,11,17,4,0,3,3,1,3,3,0,9,1,9,7,3,6,1,2,1,3,0,2,0,2,2,15,2,17,4,6,0,3,10,1,1,1,0,1,3,0,4
2024-08,36,32,1,0,1,0,7,8,0,0,0,0,1,5,1,2,10,0,0,1,0,0,4,0,3,3,1,0,0,12,6,2,2,2,1,0,0,3,1,2,1,0,3,12,5,1,0,0,0,0,1,1,0,2,5,1
2024-08,37,19,1,1,0,5,5,0,0,0,7,0,0,5,4,14,10,1,0,3,1,0,3,0,0,3,1,1,1,11,1,1,5,0,0,0,2,0,0,2,0,2,8,12,4,1,4,4,0,0,0,3,0,2,3,1
2024-08,38,28,2,5,0,13,23,17,2,1,22,0,0,20,12,38,22,9,0,3,6,0,7,1,3,12,6,11,2,60,44,5,6,2,2,0,2,6,6,15,15,2,10,20,16,1,7,100,5,3,2,7,0,4,23,4
2024-08,39,12,2,5,0,4,17,16,0,1,1,0,0,6,0,10,7,6,1,5,0,0,0,0,0,13,4,1,1,6,1,3,3,4,2,0,0,0,6,1,17,4,5,16,18,2,7,52,0,4,4,2,0,2,0,6
2024-08,40,27,8,4,0,3,34,14,0,0,8,1,0,11,8,14,15,1,0,6,1,1,1,2,3,16,2,2,0,11,19,2,3,0,0,0,0,0,6,2,26,2,26,10,11,0,4,4,3,6,4,3,0,1,8,1
2024-08,41,6,0,11,0,7,13,11,0,0,1,1,0,14,2,8,31,4,0,0,2,0,2,0,0,23,0,8,3,21,4,7,3,11,10,3,0,7,13,2,49,3,27,24,28,5,9,2,2,8,19,18,0,0,1,8
2024-08,42,33,1,9,3,13,21,5,2,2,8,0,0,25,21,31,4,4,1,7,5,3,4,17,5,18,6,12,0,42,35,5,3,4,6,0,13,7,16,3,33,1,16,62,38,3,19,73,6,9,2,7,1,5,21,6
2024-08,43,158,5,6,3,17,91,37,7,15,10,1,1,75,41,78,13,16,5,14,11,6,14,11,3,40,4,38,4,27,52,9,21,4,14,0,1,3,41,7,49,6,23,128,50,85,33,42,34,21,15,12,2,13,17,12
2024-08,44,65,12,6,3,13,51,30,3,11,8,2,0,51,32,74,13,17,1,19,5,2,9,7,4,14,2,40,2,17,35,4,8,9,2,1,3,1,26,9,60,6,28,71,56,23,44,25,12,21,21,10,1,5,26,9
2024-08,45,22,3,1,1,14,9,1,0,2,4,0,0,20,8,50,2,4,1,8,2,2,2,0,0,6,4,10,0,6,9,0,2,6,12,0,0,1,9,4,9,4,9,44,15,32,8,2,2,3,1,7,0,4,12,3
2024-08,46,75,19,5,4,34,31,9,0,7,5,0,1,22,14,84,22,12,2,3,3,4,5,5,4,26,7,26,1,29,18,3,13,7,10,0,2,1,34,11,62,4,17,108,59,312,24,8,25,8,14,12,1,8,32,15
2024-08,47,3,0,0,2,2,1,0,0,1,0,0,0,5,4,9,0,0,0,2,0,0,2,0,0,1,0,3,0,1,4,1,5,0,0,0,0,1,4,0,5,1,1,4,4,1,2,0,2,2,3,1,1,2,3,1
2024-08,48,27,0,2,2,12,16,1,0,7,2,1,1,19,5,62,3,2,2,4,1,1,3,0,2,11,1,19,0,15,9,3,17,11,4,0,0,0,40,3,34,5,22,45,34,1,28,36,12,9,11,10,1,6,16,5
2024-08,49,59,35,6,4,46,27,19,2,15,18,4,0,63,49,129,19,17,5,15,7,5,17,3,8,38,9,26,3,45,36,4,29,9,4,2,17,17,26,9,97,12,14,135,71,2,39,9,44,25,32,8,1,12,86,10
2024-08,50,14,3,2,1,10,11,5,1,2,1,1,0,3,8,20,0,2,0,2,2,0,1,0,0,9,1,2,2,13,5,0,2,2,0,2,6,2,4,0,2,0,7,28,15,7,16,0,4,2,5,2,0,1,13,2
2024-08,51,24,6,4,0,18,22,23,0,7,2,0,2,23,4,69,21,4,2,8,1,2,4,1,6,18,3,9,0,23,17,0,18,3,8,3,5,10,28,3,28,2,19,81,24,7,19,2,16,20,12,11,3,5,12,10
2024-08,52,57,13,7,1,36,5,2,3,1,2,0,0,17,4,68,62,6,1,2,0,1,9,0,4,9,2,4,0,13,8,3,9,24,15,6,17,12,8,1,19,2,14,79,81,248,32,26,4,7,11,2,1,15,8,9
2024-08,53,46,21,3,4,19,31,9,4,6,10,1,0,70,24,92,2,12,3,4,11,5,13,1,7,27,5,20,1,29,21,7,13,10,1,1,10,8,41,2,83,8,11,104,72,3,39,31,30,42,10,6,3,13,72,14
2024-08,54,4,0,0,0,0,1,2,0,0,0,0,0,8,0,11,0,2,0,2,0,0,1,0,0,12,0,3,0,5,3,2,1,0,1,0,0,5,7,0,19,4,0,15,4,0,0,30,2,3,1,4,0,0,2,0
2024-08,55,11,4,3,0,13,3,2,0,2,0,0,0,9,3,38,6,1,1,0,3,1,8,1,2,8,3,3,3,3,2,2,6,11,3,1,2,6,4,3,20,4,13,30,12,12,12,0,2,7,9,5,0,1,2,3
2024-08,56,90,21,7,1,19,10,1,6,11,1,0,0,23,5,114,185,16,3,10,11,0,6,0,6,27,5,9,1,197,9,8,6,9,24,5,2,10,5,7,36,2,17,20,37,34,29,190,2,4,17,4,0,4,2,14
2024-08,57,45,2,2,1,9,5,0,3,1,0,0,0,1,3,31,232,5,1,1,3,1,7,31,7,7,3,1,2,23,18,8,4,1,17,2,6,6,5,2,31,1,20,7,11,3,11,1,2,3,4,2,0,0,2,1
2024-08,58,53,3,3,2,29,19,4,6,9,2,0,0,13,17,75,273,7,1,7,5,3,6,82,9,47,1,10,1,48,23,3,2,4,9,6,4,9,11,1,15,6,16,26,33,3,28,77,2,1,8,2,0,3,5,5
2024-08,59,19,3,6,0,92,4,0,2,18,2,2,0,3,2,23,178,8,2,4,0,1,11,23,1,26,6,5,1,11,9,3,2,4,10,0,0,5,6,2,17,3,14,7,11,21,10,6,2,0,2,7,0,1,6,5
2024-08,60,50,8,10,1,35,15,2,4,5,5,1,9,16,6,56,164,3,0,11,11,2,2,7,2,43,13,4,2,118,14,2,18,15,19,0,0,7,4,1,48,4,26,16,18,13,22,104,3,5,20,6,0,1,13,12
2024-08,61,73,9,12,0,45,56,12,12,7,14,0,0,14,42,106,217,12,3,10,13,3,6,251,5,88,5,13,3,81,29,5,10,5,37,1,4,5,23,1,104,4,44,92,48,24,32,96,19,16,9,10,0,3,31,7
2024-08,62,68,6,5,0,15,2,1,3,4,1,0,0,6,1,44,126,4,0,0,3,0,5,3,3,17,0,10,0,44,5,3,3,1,16,3,3,3,11,0,30,1,8,12,16,3,11,12,2,2,9,8,0,2,2,4
2024-08,63,108,5,17,0,24,34,4,4,5,4,1,0,22,9,69,311,7,1,9,5,2,5,78,6,28,3,4,4,36,15,5,9,9,27,1,4,5,9,5,23,10,23,32,26,3,28,214,1,5,12,7,2,5,4,7
2024-08,64,60,16,4,2,11,8,2,0,4,2,0,2,18,5,59,26,6,2,7,2,1,5,3,4,44,2,4,1,198,13,4,9,1,10,0,8,1,4,2,56,5,12,4,13,4,18,91,1,3,7,4,1,1,6,5
2024-08,65,90,4,5,1,17,20,2,4,6,2,0,0,11,3,84,101,5,1,9,4,1,2,5,7,36,1,9,1,53,1,7,11,5,7,0,0,3,15,5,34,4,16,9,22,10,12,24,1,6,15,5,1,2,1,5
2024-08,66,106,12,22,3,35,45,19,7,15,7,1,0,47,40,129,212,15,4,15,15,3,20,104,17,48,10,24,2,80,29,5,16,9,26,5,3,3,34,6,91,3,13,89,40,8,23,11,16,22,21,18,17,6,26,10
2024-08,67,91,8,7,0,43,40,9,6,20,29,4,0,38,53,119,69,12,0,32,23,5,10,21,12,28,11,17,4,62,37,8,10,8,7,2,11,6,19,7,37,5,35,136,61,3,30,40,38,25,20,10,1,8,80,8
2024-08,68,49,7,8,0,20,52,14,4,6,21,2,0,38,33,77,54,7,1,10,14,1,8,26,7,19,4,12,1,74,18,10,4,5,7,2,2,9,25,12,37,7,43,95,56,4,26,46,30,11,7,7,0,5,68,2
2024-08,69,90,7,8,3,27,46,26,7,15,11,3,1,59,42,82,4,10,3,6,8,3,7,6,9,23,7,21,3,40,47,5,10,6,11,0,12,6,39,9,82,5,50,90,56,8,32,6,30,23,13,9,1,9,53,13
2024-08,70,73,17,4,0,26,23,4,11,13,3,1,1,29,9,147,54,13,17,14,4,8,12,0,10,57,1,12,3,77,13,5,12,38,26,1,17,9,14,4,81,5,24,72,46,2,33,47,4,14,26,15,1,8,22,12
2024-08,71,77,12,9,0,65,53,13,3,18,13,4,2,80,36,142,24,10,6,13,7,8,22,4,7,38,13,47,3,77,38,13,21,22,7,4,10,6,47,11,63,9,21,121,63,2,43,27,28,27,28,14,2,7,47,11
2024-08,72,15,2,5,0,21,6,0,1,5,0,0,6,23,1,73,1,6,4,12,4,3,6,2,1,37,11,11,3,36,17,7,8,9,8,0,1,9,7,3,51,2,10,86,48,14,48,12,1,10,16,2,0,4,6,18
2024-08,73,35,12,4,1,29,11,4,1,16,4,2,1,44,15,84,12,6,4,9,3,6,8,32,5,37,7,16,1,24,20,4,16,20,4,0,20,10,25,4,61,3,6,91,50,3,37,28,17,15,16,13,1,3,42,20
2024-08,74,12,1,2,0,12,7,1,5,9,1,0,1,15,0,73,4,2,3,3,4,3,4,0,1,10,6,5,0,72,6,6,7,12,0,0,0,3,3,3,26,2,10,29,16,6,24,53,3,4,9,10,0,1,7,9
2024-08,75,19,8,5,4,17,9,3,2,22,4,0,2,42,8,72,6,9,1,10,3,4,6,4,7,21,5,20,2,27,8,5,10,7,9,1,2,8,24,3,20,4,17,100,29,7,40,13,5,15,20,11,0,2,33,11
2024-08,76,32,0,3,0,7,1,0,1,0,1,1,0,5,1,8,2,2,0,0,0,0,0,0,12,10,0,3,5,2,0,2,0,1,7,0,0,1,1,0,10,4,4,4,6,1,1,64,0,1,0,1,0,0,0,0
2024-08,77,35,1,16,1,28,30,14,2,7,5,2,0,11,27,32,151,31,2,8,6,3,7,5,3,26,4,9,6,63,36,12,7,19,22,0,0,1,4,5,22,11,26,40,49,15,33,69,1,9,13,14,2,6,21,51
2024-09,0,4054,502,598,109,1746,1701,508,331,885,438,121,107,1801,1283,4470,8183,701,194,528,494,271,581,514,264,2548,311,956,212,4727,1285,355,666,887,1446,75,272,466,932,472,3364,366,2241,2611,2020,1058,1705,1138,561,566,620,602,81,300,889,1102
2024-09,1,50,0,3,6,3,30,14,1,7,2,1,0,23,16,17,103,6,1,5,6,1,5,12,8,30,3,8,1,70,16,5,2,8,14,0,0,8,2,4,19,0,39,37,19,7,28,1,2,6,13,7,1,2,3,27
2024-09,2,131,5,15,2,29,47,9,7,14,2,1,1,44,14,87,46,6,2,7,7,7,18,6,8,25,3,14,4,145,41,9,10,24,35,2,6,2,18,8,51,4,33,58,52,43,43,15,1,5,11,7,1,4,6,36
2024-09,3,50,3,6,4,4,33,9,2,2,2,5,1,22,30,9,153,9,0,14,7,3,9,4,5,37,6,12,8,68,21,4,10,11,28,1,0,5,7,3,54,12,46,15,15,40,19,25,0,7,12,7,0,1,5,32
2024-09,4,51,6,10,0,11,23,4,4,18,0,0,1,37,15,51,86,5,2,5,3,3,8,1,5,39,1,22,5,86,12,10,9,18,24,0,5,4,1,10,53,12,35,39,38,16,29,6,1,7,23,11,1,2,1,54
2024-09,5,38,6,8,2,31,6,1,6,9,3,0,3,22,5,54,99,15,0,4,5,6,5,9,4,34,1,10,4,83,10,9,11,24,62,1,0,3,1,8,28,4,47,22,41,13,26,16,0,2,11,11,1,1,5,36
2024-09,6,37,4,23,1,27,38,5,16,7,4,7,1,59,27,61,210,15,0,9,16,1,6,23,6,77,10,12,10,205,33,6,12,21,39,0,3,10,9,11,76,2,40,22,37,32,36,11,7,8,31,17,2,6,9,59
2024-09,7,32,7,14,3,28,28,3,4,9,3,4,14,20,14,45,200,33,1,14,21,8,12,5,2,89,2,21,7,134,45,3,14,27,55,3,3,8,4,10,69,9,68,10,57,35,32,7,4,13,17,13,4,2,9,29
2024-09,8,19,4,3,3,7,25,3,10,11,14,7,13,9,21,6,419,22,0,3,3,1,7,11,6,63,0,21,14,54,16,2,11,30,47,1,3,7,7,17,73,5,102,5,10,3,14,8,5,10,8,18,0,0,8,0
2024-09,9,7,5,4,0,7,3,0,0,4,0,0,7,6,1,24,1,0,2,0,3,1,0,0,0,14,2,8,2,15,0,2,2,6,3,0,0,6,0,0,34,3,43,18,11,9,17,28,0,0,5,0,1,0,1,1
2024-09,10,48,3,14,0,56,6,3,6,17,0,0,2,40,4,101,29,7,6,13,8,2,4,7,1,70,9,11,0,109,7,11,7,8,12,0,1,4,5,3,57,3,35,63,49,20,51,18,3,0,19,2,1,1,3,22
2024-09,11,62,2,14,1,29,9,0,2,15,0,0,1,17,7,56,21,11,5,1,3,2,3,25,2,65,2,14,0,91,2,4,4,9,12,0,0,4,3,5,42,2,20,28,46,22,26,2,0,1,10,12,0,2,7,22
2024-09,12,20,3,1,0,16,6,0,3,22,0,0,0,33,4,69,20,4,6,4,2,5,6,7,1,54,4,10,0,59,5,11,8,16,9,1,2,0,1,7,34,1,53,35,62,7,32,18,2,1,5,5,3,0,2,22
2024-09,13,29,4,7,3,10,6,2,4,8,2,0,0,37,7,32,40,16,4,6,6,3,2,3,0,65,0,14,0,42,9,4,1,7,12,0,0,4,4,3,24,3,24,19,21,12,19,0,0,5,2,2,0,2,2,9
2024-09,14,69,3,24,1,15,17,4,1,20,4,1,0,28,18,72,93,5,3,5,1,0,2,1,1,74,3,13,2,78,18,9,7,7,16,2,6,9,5,2,52,2,13,29,45,8,29,28,1,6,15,10,1,6,3,81
2024-09,15,119,4,37,3,55,22,3,8,21,0,1,0,30,21,131,85,14,3,16,13,1,27,5,7,93,4,18,0,224,32,16,19,33,63,0,2,10,10,9,62,5,32,61,54,23,67,2,3,4,21,6,7,3,4,68
2024-09,16,79,11,17,0,26,27,4,6,15,7,1,2,30,15,89,138,14,3,8,9,6,9,0,2,58,7,11,5,162,27,12,12,21,30,3,0,5,9,11,55,9,45,45,65,35,38,16,2,1,14,7,0,13,10,86
2024-09,17,85,12,12,0,37,15,2,6,24,1,1,0,31,13,81,17,11,10,15,11,0,8,2,2,55,4,10,2,123,8,8,8,17,26,0,7,5,1,2,62,2,24,47,35,8,47,24,3,1,10,15,5,2,0,13
2024-09,18,32,2,0,0,10,14,3,0,3,1,0,0,3,4,28,9,3,1,3,4,2,6,1,2,10,3,3,0,17,14,2,2,7,8,2,0,0,2,3,17,0,6,17,5,4,13,0,1,1,1,4,0,0,1,3
2024-09,19,167,2,25,3,71,31,4,2,35,3,4,4,17,19,158,78,7,6,16,16,6,17,6,8,74,5,17,3,153,21,9,13,11,82,0,6,13,19,9,65,2,82,26,40,16,46,22,5,17,12,10,1,3,6,23
2024-09,20,31,4,4,1,25,11,9,2,3,0,1,0,9,11,45,76,2,1,1,1,1,2,3,3,22,2,10,2,54,5,2,13,5,29,0,3,9,2,0,8,0,18,35,15,7,16,2,1,4,2,3,0,8,0,12
2024-09,21,87,6,5,0,24,9,4,2,2,1,3,1,22,14,57,243,14,2,7,9,2,24,9,1,45,5,10,1,68,18,4,13,41,57,0,1,5,3,9,34,1,10,28,27,16,16,30,1,0,5,7,0,1,4,44
2024-09,22,92,7,38,2,47,32,9,12,21,3,3,4,31,29,97,400,27,10,16,20,5,19,10,7,101,5,24,6,139,38,10,14,7,69,1,6,5,9,5,55,9,67,73,49,28,43,2,5,12,20,24,1,6,14,64
2024-09,23,87,8,14,4,36,32,3,6,9,18,3,0,18,56,112,144,12,5,18,7,2,12,24,6,34,9,21,2,104,32,2,8,7,24,1,8,2,15,13,74,11,70,40,35,85,24,5,12,8,8,16,0,6,14,10
2024-09,24,103,13,34,3,60,43,8,24,60,7,11,0,49,71,117,723,36,1,21,47,12,20,14,8,76,17,28,14,186,71,6,17,26,77,1,4,10,10,20,82,9,79,45,40,43,57,9,11,18,27,51,3,2,18,60
2024-09,25,255,27,39,4,85,91,35,10,27,26,8,0,68,85,228,115,19,15,46,13,12,16,4,8,81,10,57,3,113,68,5,35,58,93,7,23,27,33,51,68,19,71,110,59,9,61,71,29,19,22,22,4,15,126,8
2024-09,26,39,8,8,1,11,18,4,4,7,15,0,0,8,49,34,29,1,0,1,4,3,0,1,3,17,3,7,0,27,12,2,6,9,10,0,1,2,19,5,21,3,12,19,5,3,14,7,11,8,5,2,1,3,21,1
2024-09,27,48,6,6,1,26,25,9,7,3,21,0,2,22,24,54,78,7,1,3,1,4,7,0,2,11,0,11,1,40,23,5,2,12,6,0,1,7,16,9,40,2,28,20,15,8,10,0,11,5,1,2,0,2,28,7
2024-09,28,42,2,10,0,16,33,9,18,16,15,2,5,17,33,43,423,30,1,9,12,1,8,29,8,58,3,19,23,79,25,2,12,28,83,1,11,47,13,19,56,5,79,15,18,7,15,10,5,9,9,22,3,2,28,9
2024-09,29,66,3,12,0,23,28,15,3,22,46,2,0,22,38,64,64,14,1,6,6,9,3,3,6,34,6,22,1,58,19,4,14,9,17,0,3,1,20,6,41,1,25,38,11,7,13,36,12,13,6,11,0,1,53,1
2024-09,30,77,27,9,4,42,33,6,10,16,2,4,4,13,32,113,544,11,4,7,17,5,7,9,7,32,4,13,2,87,21,10,18,6,25,3,9,16,18,12,191,8,39,8,37,8,19,138,6,7,5,10,1,4,5,3
2024-09,31,34,1,2,4,16,20,3,5,10,4,0,1,17,24,42,345,16,3,9,16,4,7,12,1,53,7,7,3,58,17,4,16,12,23,4,0,4,11,7,70,9,30,5,7,24,8,14,4,4,7,6,1,3,7,6
2024-09,32,13,3,4,0,0,14,3,5,1,3,6,4,13,6,2,367,8,0,2,2,1,10,4,4,54,0,17,21,25,8,0,4,16,23,3,15,2,2,7,32,17,80,2,0,0,2,0,0,12,10,5,0,1,2,1
2024-09,33,16,1,0,1,1,8,3,2,1,4,1,1,6,2,10,40,4,0,0,1,1,1,3,2,38,1,8,2,7,4,0,4,9,4,0,0,0,4,5,16,10,16,6,5,0,4,2,0,4,5,1,0,0,1,2
2024-09,34,8,1,4,0,4,5,1,6,2,0,0,2,0,3,14,68,0,2,2,1,0,1,0,1,12,1,0,5,14,4,0,0,6,1,0,0,6,3,1,10,1,9,6,6,0,2,9,0,0,0,0,0,0,2,1
2024-09,35,10,1,0,0,2,11,3,0,1,0,0,2,2,2,4,38,4,0,0,3,0,6,2,1,28,0,6,2,7,4,1,0,0,2,0,0,1,3,0,35,1,9,0,5,1,8,0,2,0,2,1,0,0,3,2
2024-09,36,5,2,0,0,1,8,3,0,0,3,0,1,4,0,1,3,3,0,6,0,0,0,0,0,4,0,0,0,4,1,0,0,0,0,0,0,1,2,0,0,1,2,6,2,0,0,0,0,2,1,0,1,0,1,0
2024-09,37,8,3,0,0,1,4,1,0,0,4,1,0,4,0,9,19,0,0,0,0,0,2,0,0,3,2,3,0,9,1,2,2,0,3,0,0,3,1,1,9,1,10,9,2,0,2,4,4,1,0,2,0,0,0,1
2024-09,38,27,6,6,1,18,24,12,2,4,13,0,0,11,9,26,21,7,0,6,3,2,7,7,3,12,2,11,1,35,6,3,6,2,3,0,0,4,12,11,39,0,18,19,12,0,9,8,4,3,5,2,0,1,7,2
2024-09,39,10,3,0,0,5,14,7,1,3,0,0,0,7,2,10,5,0,0,2,1,0,1,2,0,8,6,7,2,4,1,4,2,1,4,0,1,1,2,5,24,1,4,8,11,3,3,9,0,2,4,0,0,1,2,6
2024-09,40,12,4,1,0,2,13,5,1,2,13,0,0,25,8,5,8,2,0,4,1,1,0,1,1,2,2,5,3,16,21,1,2,2,1,0,0,2,10,2,56,7,26,20,8,1,4,2,3,3,0,2,0,0,3,0
2024-09,41,29,0,3,2,13,12,1,1,3,1,1,0,7,1,7,25,5,0,5,1,0,4,34,0,22,10,9,4,27,3,6,1,11,9,4,4,6,0,2,18,2,49,11,36,6,8,0,1,5,15,8,0,0,1,2
2024-09,42,35,2,6,0,15,30,13,3,3,8,2,2,20,18,37,30,9,1,9,1,1,4,0,1,10,5,6,1,21,15,2,2,3,6,0,2,2,12,3,36,2,22,46,15,0,6,21,4,7,8,1,3,4,9,8
2024-09,43,102,12,7,2,29,104,44,10,22,8,3,1,47,29,55,35,16,7,7,6,3,9,5,4,30,15,34,1,23,20,5,18,3,8,2,15,20,22,8,68,4,9,63,32,6,20,19,73,14,6,26,0,11,7,4
2024-09,44,53,2,6,5,10,50,32,2,40,6,2,2,46,14,63,7,11,1,17,8,16,6,3,9,23,7,27,6,34,26,3,12,10,7,0,4,5,20,10,53,10,66,79,53,19,38,4,16,15,7,24,0,8,11,12
2024-09,45,15,9,3,1,7,13,5,0,3,0,0,0,27,10,24,9,3,0,3,4,0,3,0,2,10,1,5,2,15,6,1,5,4,9,0,6,3,14,1,26,0,11,33,12,0,14,1,6,3,2,1,0,8,4,7
2024-09,46,76,13,3,0,33,40,14,7,7,5,1,1,33,12,76,38,8,4,6,3,6,6,0,1,22,5,17,0,36,15,6,11,2,16,0,3,8,38,3,83,3,19,114,28,14,20,4,46,17,6,8,2,8,11,8
2024-09,47,1,0,1,0,0,1,0,0,4,1,0,0,5,2,4,2,1,2,1,1,0,1,0,0,0,1,2,0,2,2,0,1,3,1,0,0,1,4,1,3,3,1,12,8,1,7,2,3,1,1,2,0,1,2,1
2024-09,48,14,7,0,4,14,7,4,0,21,2,0,0,36,11,31,11,9,4,3,0,3,1,11,0,5,8,13,1,10,16,1,7,5,3,1,10,6,9,5,44,4,10,43,26,1,21,82,6,9,28,9,2,30,2,4
2024-09,49,50,16,3,2,33,31,12,1,39,12,1,1,48,52,105,24,12,6,6,8,9,15,4,10,29,7,25,0,47,37,13,20,22,7,4,15,17,42,10,76,5,23,122,68,2,42,0,29,18,11,9,3,16,49,15
2024-09,50,16,1,3,0,7,10,2,0,2,2,0,0,7,10,23,1,0,0,2,3,0,2,0,0,7,3,2,0,11,1,0,0,3,1,0,0,1,9,1,5,2,7,13,9,0,17,0,2,1,1,4,0,0,3,3
2024-09,51,26,6,2,0,20,10,14,1,6,2,1,0,30,9,59,46,4,2,4,2,6,9,5,1,10,5,11,1,11,10,3,8,6,5,0,3,6,27,6,44,4,6,62,23,33,21,7,11,14,1,2,0,3,4,10
2024-09,52,27,4,5,1,40,17,1,5,7,0,2,1,22,1,61,29,6,0,1,0,7,8,8,4,8,3,6,1,19,7,0,1,21,4,0,2,7,11,0,26,14,12,23,15,184,19,0,2,4,1,3,0,1,2,3
2024-09,53,44,37,1,2,27,21,4,0,11,9,0,0,20,34,70,5,5,9,5,3,5,17,5,2,16,4,11,0,31,23,6,12,14,1,0,3,5,32,8,99,1,12,59,33,1,43,22,36,29,7,5,0,10,64,3
2024-09,54,0,0,0,0,2,2,1,0,2,0,0,0,1,0,3,0,0,0,0,0,2,0,2,0,14,0,9,0,1,3,0,1,1,3,0,0,0,13,0,3,3,25,7,3,0,0,0,1,4,1,0,0,1,0,2
2024-09,55,9,1,2,0,7,2,1,1,6,1,1,0,3,1,21,9,2,4,2,1,1,1,2,4,10,3,3,0,2,4,3,0,5,0,0,0,4,4,0,27,0,20,22,7,2,9,0,2,7,4,2,0,0,0,1
2024-09,56,78,9,6,2,34,15,1,7,6,3,0,0,27,5,87,122,11,6,6,14,0,10,1,1,28,3,10,2,158,11,11,14,6,17,7,2,8,8,6,31,9,7,24,28,9,25,42,2,1,4,2,0,8,4,8
2024-09,57,55,0,3,3,9,4,0,0,3,3,0,1,11,2,23,202,3,0,3,0,1,10,1,1,9,0,2,0,14,8,2,6,0,7,3,0,5,5,5,6,0,5,6,1,4,4,0,1,1,0,1,0,1,2,0
2024-09,58,76,8,8,3,34,22,3,12,11,2,0,1,22,8,76,488,1,0,5,2,3,11,21,10,42,4,12,3,41,13,0,10,11,9,9,8,11,19,3,34,4,18,16,42,2,23,43,3,6,9,4,0,5,1,7
2024-09,59,17,4,2,0,43,11,0,1,2,3,0,0,7,4,31,139,1,1,3,7,0,7,2,0,36,4,1,0,17,4,1,2,2,9,0,0,3,1,1,2,0,20,3,8,19,5,1,0,2,4,2,0,1,5,1
2024-09,60,53,9,3,1,48,17,2,1,9,5,1,11,18,5,57,111,4,0,6,7,5,5,14,1,10,4,9,2,133,17,5,5,16,14,0,0,3,3,1,32,3,17,17,18,7,17,11,5,3,7,5,1,4,6,12
2024-09,61,97,14,10,3,40,35,12,15,9,10,3,0,27,27,105,187,6,2,8,8,1,6,62,7,53,6,16,1,76,22,3,8,10,27,0,2,4,24,8,137,7,40,47,39,27,28,40,9,4,4,7,0,0,24,5
2024-09,62,52,3,2,0,5,3,1,1,14,0,0,0,7,2,47,129,4,0,3,2,0,6,1,3,16,2,3,0,34,6,6,3,3,19,3,0,1,3,0,34,1,0,9,6,13,5,0,0,2,5,3,1,0,0,3
2024-09,63,105,11,8,3,30,46,5,15,11,8,0,1,25,11,66,375,12,1,4,9,4,6,1,6,25,2,11,1,87,7,7,15,4,26,0,4,9,21,2,46,5,30,14,19,6,13,78,2,5,4,8,0,9,2,2
2024-09,64,66,2,3,0,6,8,0,0,9,1,0,0,8,4,47,20,22,4,4,5,0,7,0,3,22,3,3,0,153,6,12,5,5,15,0,3,5,4,1,11,4,7,7,4,5,4,37,1,12,5,2,3,1,3,8
2024-09,65,89,5,2,1,22,14,3,2,7,1,1,0,13,2,55,109,7,5,2,4,6,5,2,7,20,1,12,1,30,6,6,8,1,12,0,6,3,6,5,17,6,26,11,15,8,14,0,0,3,1,2,0,0,2,5
2024-09,66,126,10,19,3,47,47,4,5,10,6,5,2,47,28,124,168,8,1,8,12,2,16,4,7,45,4,28,7,113,32,1,9,7,18,2,1,7,38,4,48,5,15,43,30,14,27,9,11,20,8,9,4,4,9,6
2024-09,67,75,11,4,2,36,27,12,5,15,26,2,0,50,38,107,19,9,4,5,20,8,20,2,5,15,9,19,0,73,23,1,7,5,0,0,12,10,41,12,31,5,14,76,40,4,26,9,29,27,14,2,0,7,56,3
2024-09,68,97,11,5,0,20,49,8,3,3,18,1,1,23,42,67,29,7,1,7,16,4,5,21,5,16,5,16,1,49,24,2,14,8,5,1,7,10,34,6,43,7,45,54,39,3,26,37,14,23,6,4,0,4,56,3
2024-09,69,95,14,3,2,16,50,30,0,10,18,1,0,42,42,71,7,17,1,5,4,5,5,2,5,20,7,20,3,49,41,6,17,9,9,0,6,6,26,11,87,4,37,56,29,12,22,8,16,10,3,9,2,8,30,5
2024-09,70,60,18,6,1,31,21,5,6,16,4,4,1,25,15,141,42,18,4,19,2,7,9,1,4,56,3,16,1,66,10,9,7,26,15,1,0,3,24,7,95,7,37,64,39,5,36,28,4,4,11,5,2,5,21,11
2024-09,71,60,16,9,1,34,40,15,4,45,16,2,0,48,44,121,17,17,9,24,11,12,26,1,11,38,5,20,0,66,46,10,16,13,9,0,1,6,42,12,54,3,30,99,45,8,43,0,32,25,14,18,3,10,34,11
2024-09,72,12,2,2,1,30,13,8,3,6,0,1,3,35,1,81,4,4,2,4,3,8,1,0,2,34,4,8,4,45,12,3,10,17,4,0,0,3,13,1,18,6,38,71,36,9,50,11,5,0,7,12,0,6,6,14
2024-09,73,40,5,3,2,38,18,6,3,19,8,1,0,39,12,92,1,5,2,6,5,2,13,4,2,27,3,12,1,33,19,3,18,26,1,1,10,7,28,6,50,16,9,62,43,1,27,1,22,23,3,7,1,9,20,6
2024-09,74,5,3,3,1,11,3,0,0,11,0,0,0,7,1,58,3,3,4,4,1,3,2,5,1,19,0,5,0,62,4,6,18,21,1,0,0,2,5,4,16,0,15,30,28,5,23,1,0,4,4,18,5,0,1,2
2024-09,75,25,12,5,1,21,11,2,4,9,2,1,0,35,6,86,3,10,3,12,3,8,15,0,2,13,6,7,1,40,10,4,12,13,4,0,8,4,11,2,25,7,10,65,32,1,34,1,4,7,8,7,2,7,13,8
2024-09,76,16,1,5,0,6,3,1,0,1,0,1,0,3,4,13,3,0,0,2,1,0,2,1,0,10,0,1,1,3,2,1,1,1,2,0,0,0,1,1,11,4,9,2,6,5,5,7,1,1,1,1,0,1,0,0
2024-09,77,63,2,9,2,11,32,17,5,12,1,5,1,54,23,18,134,21,3,3,8,10,1,24,1,27,5,10,5,43,38,4,12,9,12,0,5,3,2,3,37,10,31,18,34,19,21,7,1,6,15,17,3,3,1,36
2024-10,0,3951,422,617,80,1868,1694,607,262,739,350,111,156,1712,1107,4311,9268,662,165,477,503,293,553,219,229,2244,292,891,197,4568,977,326,562,902,1218,44,177,371,1114,566,3187,421,2339,2226,1864,1527,1600,3140,462,698,868,327,71,186,390,1425
2024-10,1,75,0,9,4,9,40,17,4,8,1,0,1,33,14,15,163,2,1,0,14,4,5,1,1,47,2,21,1,100,17,2,0,7,10,0,1,6,10,0,16,17,15,27,34,3,10,47,2,14,18,4,0,1,3,37
2024-10,2,102,8,13,1,24,45,12,10,31,1,4,1,51,17,74,34,8,1,6,19,6,3,14,2,34,1,13,4,86,17,6,6,15,15,1,0,3,10,8,58,7,29,55,87,6,32,142,2,4,14,6,2,3,2,47
2024-10,3,37,1,1,0,4,48,14,6,8,1,2,2,18,7,13,168,8,2,4,12,2,4,2,3,22,2,13,6,54,10,3,7,11,30,0,1,11,10,6,42,5,37,20,20,17,14,26,3,10,35,9,0,1,4,45
2024-10,4,59,5,6,0,19,24,12,0,11,1,3,4,28,13,44,64,7,5,6,1,4,7,3,2,18,6,5,5,91,7,9,8,7,20,1,0,1,5,3,9,1,52,43,46,9,25,8,1,5,38,9,0,1,9,66
2024-10,5,36,6,14,0,28,12,0,1,7,0,1,5,24,10,44,120,14,3,6,7,2,8,1,2,41,1,14,1,85,7,6,12,23,10,1,2,2,3,5,36,1,34,37,43,14,26,100,2,1,34,4,4,0,4,61
2024-10,6,42,10,15,4,27,27,10,15,28,3,4,6,37,20,49,254,17,0,14,12,3,12,15,7,55,8,13,6,177,21,6,10,26,31,0,0,11,2,7,64,11,94,32,28,32,37,77,2,14,53,22,0,1,3,83
2024-10,7,28,6,11,2,27,16,3,6,2,3,2,16,27,13,42,262,39,2,8,16,4,15,7,0,47,5,10,13,113,24,6,3,20,46,3,2,11,2,15,61,3,72,18,42,38,28,66,0,8,30,5,1,2,2,69
2024-10,8,16,1,8,0,2,26,5,5,10,4,5,8,16,23,6,473,29,1,4,3,6,3,5,3,91,1,23,19,62,12,8,11,24,68,1,10,11,7,7,72,15,68,6,12,3,9,23,1,22,22,4,2,0,2,4
2024-10,9,8,2,3,0,21,1,0,0,7,0,1,0,6,0,21,3,3,0,0,0,4,1,0,0,6,1,1,0,11,0,4,1,4,1,0,0,0,2,0,18,1,13,9,13,45,23,48,4,3,5,2,1,2,0,8
2024-10,10,52,4,14,0,57,12,5,3,15,1,0,0,27,2,113,24,13,4,2,4,6,3,3,2,92,10,14,0,79,9,9,6,16,10,0,0,5,4,2,41,7,14,38,61,15,40,86,3,3,24,5,2,2,2,19
2024-10,11,50,12,12,1,38,7,3,3,6,0,1,1,25,8,80,29,8,1,9,7,0,11,3,3,33,3,12,0,92,4,8,9,16,6,0,2,9,0,3,16,5,27,25,47,38,29,1,0,2,9,2,2,0,1,21
2024-10,12,18,5,1,0,18,7,1,0,9,1,1,0,23,3,60,25,3,4,0,4,3,1,2,0,33,1,13,0,48,4,4,6,17,5,0,0,3,0,2,11,4,25,26,34,7,24,50,0,2,12,1,8,0,0,35
2024-10,13,19,4,4,0,24,28,2,2,5,3,1,1,40,6,38,24,5,2,3,6,0,2,0,1,28,2,17,2,35,10,6,5,9,15,1,1,0,6,11,19,2,18,16,9,7,12,1,1,1,2,1,1,0,0,17
2024-10,14,71,2,13,2,28,11,5,2,13,0,1,1,29,18,76,80,8,1,10,7,0,7,3,0,48,6,5,0,84,12,4,4,6,24,1,3,2,6,3,9,10,13,34,43,23,32,58,12,1,20,2,0,2,0,118
2024-10,15,147,8,30,1,43,24,3,7,11,4,5,0,28,18,92,157,18,4,13,12,11,21,4,6,79,4,17,4,171,14,16,27,16,46,1,2,9,7,12,79,11,53,65,59,53,60,0,0,11,19,3,1,1,2,61
2024-10,16,50,3,26,2,30,23,8,3,17,3,3,4,36,15,77,164,13,2,18,14,11,12,1,7,53,7,17,3,118,10,4,17,54,18,0,2,3,6,3,47,10,50,40,59,47,51,65,2,3,31,12,0,6,0,98
2024-10,17,91,7,13,2,37,22,2,3,13,1,0,1,11,11,108,37,8,3,18,12,6,13,6,2,51,8,10,1,116,9,7,16,11,16,2,12,4,9,2,80,9,29,36,26,18,31,79,3,8,8,5,1,3,0,22
2024-10,18,23,3,2,0,18,8,3,0,3,1,1,0,13,0,29,3,4,1,4,2,0,2,0,4,12,4,2,0,14,5,1,4,2,4,0,0,0,3,0,26,2,15,12,14,3,14,0,2,2,5,3,0,2,0,5
2024-10,19,160,2,29,3,66,25,6,8,15,3,1,0,36,22,133,130,12,5,15,17,7,16,3,7,92,9,10,2,97,16,8,23,10,33,0,2,7,23,9,65,3,59,32,23,16,55,20,3,5,10,7,0,4,1,20
2024-10,20,22,3,9,0,25,11,3,2,3,1,0,0,6,10,42,56,2,0,4,10,3,8,2,4,14,2,4,0,75,12,3,5,2,16,0,1,4,3,2,20,1,9,11,10,4,16,0,0,6,6,2,0,1,1,11
2024-10,21,61,8,12,2,23,18,1,1,6,3,2,9,24,12,53,249,9,6,6,8,2,21,20,5,51,3,8,1,70,13,8,5,13,44,3,2,4,6,11,10,10,54,21,16,10,43,97,2,7,21,6,9,1,3,46
2024-10,22,66,7,30,3,35,45,19,7,25,3,2,7,43,26,93,519,26,5,14,11,7,13,3,2,60,6,26,0,161,30,14,16,21,58,2,10,8,11,17,53,6,99,32,46,34,52,29,8,6,37,17,1,2,1,123
2024-10,23,82,19,17,3,30,35,11,9,19,11,3,1,29,34,110,141,6,3,9,8,4,15,1,6,17,5,14,1,98,18,9,7,6,14,1,3,5,25,6,47,6,35,32,26,120,23,14,4,19,7,6,0,2,5,18
2024-10,24,105,7,33,3,46,48,5,14,18,3,3,1,73,34,85,713,29,9,17,23,9,17,19,9,69,13,32,11,262,38,11,11,32,78,2,8,5,10,27,62,8,117,42,34,26,28,79,8,9,51,15,1,2,5,86
2024-10,25,191,15,40,3,72,91,50,12,22,28,7,0,60,86,208,114,29,11,25,23,15,21,9,4,60,4,37,4,126,66,9,35,52,47,1,8,9,58,96,112,4,54,89,52,15,58,151,25,27,21,11,2,4,9,13
2024-10,26,83,3,14,1,15,27,15,5,11,20,3,0,4,31,51,70,2,4,7,2,5,7,0,2,18,0,5,0,25,28,0,4,52,38,1,7,6,6,52,4,4,9,23,19,0,4,21,7,9,2,1,1,4,31,3
2024-10,27,45,5,6,0,15,26,6,0,5,12,0,0,12,22,51,85,2,2,2,7,1,9,4,2,19,3,6,1,20,15,1,4,43,24,0,0,6,18,18,21,6,27,25,8,16,13,26,4,9,4,0,0,5,42,8
2024-10,28,62,8,10,1,29,35,7,10,9,11,4,1,36,28,46,607,25,6,7,11,2,7,6,3,92,5,27,14,73,17,10,8,17,46,1,2,15,22,16,98,20,149,17,12,5,19,144,2,16,21,8,1,0,11,16
2024-10,29,71,5,6,0,16,39,11,2,9,27,0,1,20,41,72,80,4,2,3,10,5,5,5,10,28,3,19,2,70,16,2,8,8,12,0,1,2,36,5,33,9,28,29,16,5,10,82,23,14,3,7,1,1,11,4
2024-10,30,110,8,9,2,36,19,7,13,16,5,4,3,39,23,102,338,10,1,5,6,1,13,4,12,40,4,16,1,84,15,2,11,9,25,2,1,2,16,2,105,7,29,22,22,5,24,215,3,11,12,5,0,3,3,6
2024-10,31,28,2,9,2,36,31,7,6,4,6,1,3,13,9,42,386,8,3,10,8,11,13,1,2,54,13,2,2,43,11,8,8,14,13,0,6,5,13,3,66,2,32,6,10,7,5,5,3,7,7,7,0,3,0,6
2024-10,32,15,0,4,1,0,15,3,2,3,1,2,5,6,1,2,613,12,0,1,2,1,2,2,1,18,0,11,17,22,6,2,4,16,46,2,2,1,6,6,40,17,72,2,2,1,1,104,0,12,9,3,1,4,0,0
2024-10,33,11,2,1,0,3,16,2,0,0,2,3,3,7,2,6,84,1,1,5,2,0,0,0,1,7,1,1,5,12,1,0,0,4,5,0,0,2,5,8,16,10,21,1,2,1,5,2,1,7,6,1,0,0,1,1
2024-10,34,18,1,4,0,4,3,1,1,0,2,1,2,0,4,13,150,4,2,2,12,2,0,0,0,7,3,5,9,29,6,3,0,13,2,0,0,2,1,10,7,7,13,2,2,27,2,1,2,0,0,0,1,0,1,1
2024-10,35,13,0,0,1,27,11,9,0,0,1,1,2,3,2,13,40,3,0,4,0,1,3,1,1,30,2,4,0,13,2,1,4,1,3,0,0,2,5,3,40,5,19,1,4,1,2,4,1,4,1,0,0,1,3,3
2024-10,36,4,0,0,0,1,4,8,0,0,1,0,3,13,0,3,1,1,0,6,0,2,0,0,0,7,0,1,0,1,4,0,0,0,2,0,0,1,2,0,3,0,1,0,1,0,0,0,0,1,1,0,1,0,1,1
2024-10,37,6,0,0,0,5,0,0,0,0,1,0,0,2,3,9,25,0,0,1,0,0,1,0,1,10,1,0,1,18,0,0,0,0,1,0,0,0,1,3,2,2,11,0,0,0,2,0,1,2,1,0,0,1,1,0
2024-10,38,26,7,4,0,7,19,9,2,2,8,1,2,5,7,20,26,1,0,2,8,0,12,0,2,14,2,9,1,35,5,3,7,4,2,1,5,15,17,6,40,8,28,19,4,2,9,145,4,6,1,0,2,1,4,5
2024-10,39,21,1,1,2,5,27,15,0,8,1,0,0,8,1,7,5,3,0,0,2,3,0,0,0,8,2,6,1,9,5,1,2,1,3,1,2,2,3,2,18,11,8,9,8,0,1,18,1,6,5,4,0,0,0,5
2024-10,40,16,0,1,0,3,11,5,1,1,8,0,1,14,3,10,17,1,0,0,3,0,0,4,1,5,3,4,1,6,0,0,4,0,0,0,2,6,10,2,17,1,17,9,7,0,2,3,1,9,1,9,2,0,5,0
2024-10,41,21,0,6,0,15,15,5,2,4,2,1,1,11,2,10,17,5,0,0,1,1,1,1,0,17,0,13,9,20,3,0,2,7,8,0,0,4,5,1,11,5,22,15,10,16,6,0,0,2,24,0,0,0,1,13
2024-10,42,29,1,3,0,23,32,17,5,7,4,0,2,12,21,57,12,6,0,1,3,1,1,1,0,15,4,8,2,23,14,1,7,5,8,2,0,1,12,8,37,2,16,31,5,0,13,104,9,8,6,1,0,2,4,2
2024-10,43,55,10,4,2,29,72,55,3,15,6,6,3,47,48,67,18,18,6,12,6,14,9,1,6,30,6,24,1,25,33,10,16,7,13,0,7,11,29,11,100,7,12,58,38,6,28,34,38,26,12,10,0,4,1,8
2024-10,44,56,1,1,1,17,47,27,2,26,4,2,1,34,35,67,15,12,7,10,9,7,12,4,4,14,6,21,2,39,26,2,11,14,4,0,1,2,41,13,39,3,36,64,39,23,40,23,23,19,2,5,1,4,5,5
2024-10,45,19,0,2,0,13,6,7,1,3,1,0,5,9,8,30,7,2,0,3,0,0,0,3,1,9,1,7,0,16,6,1,3,4,4,2,3,2,17,1,6,4,8,20,13,0,5,0,4,13,2,1,0,1,3,4
2024-10,46,56,11,7,2,32,48,9,2,15,5,3,10,32,18,75,11,9,2,6,10,8,8,1,6,13,3,12,0,28,25,1,10,10,18,0,1,1,32,5,52,5,17,81,27,47,31,1,24,16,9,12,0,6,9,6
2024-10,47,6,0,0,0,1,1,1,0,1,0,0,0,1,4,6,0,0,0,0,0,0,0,0,0,2,0,0,0,7,1,0,1,0,1,0,0,0,4,0,7,0,1,8,4,0,4,1,5,0,0,0,0,0,0,0
2024-10,48,38,2,5,1,18,14,1,0,10,3,2,2,11,6,30,7,8,0,3,0,0,9,16,3,9,2,6,4,10,3,1,11,6,10,0,2,1,14,5,48,5,19,21,26,0,26,133,4,4,15,8,1,7,3,7
2024-10,49,98,26,6,0,38,33,15,7,19,8,0,0,31,36,110,7,8,7,14,0,7,16,0,7,25,7,18,1,54,31,6,9,11,8,1,5,8,40,7,94,9,38,97,68,4,50,5,23,33,11,5,2,8,16,11
2024-10,50,9,4,0,0,6,2,1,0,4,0,0,1,8,6,19,0,0,1,0,2,1,2,0,2,9,0,5,0,11,1,1,1,1,6,1,3,3,17,2,2,2,10,20,7,32,17,0,5,9,1,0,1,1,1,4
2024-10,51,24,6,3,0,19,17,9,0,2,5,0,1,9,10,52,19,8,0,4,0,1,6,0,0,8,4,3,0,15,6,0,7,3,8,0,0,7,28,3,75,4,11,61,15,5,16,4,4,22,3,6,0,5,5,3
2024-10,52,45,6,8,0,40,7,1,4,4,2,0,0,8,4,57,52,9,0,3,0,0,8,3,2,9,1,3,1,26,11,1,4,9,3,0,0,4,14,0,40,3,14,8,12,532,14,0,1,2,4,1,0,4,1,2
2024-10,53,50,11,3,2,19,20,4,2,4,8,1,0,32,21,89,5,13,5,10,0,1,27,1,4,22,5,14,1,35,8,1,5,14,1,0,0,3,36,6,80,1,14,66,54,1,38,43,20,24,9,1,0,7,19,9
2024-10,54,2,1,0,0,2,1,3,1,4,0,0,0,5,1,3,3,1,1,1,0,0,2,1,1,7,0,9,0,1,0,0,1,0,5,0,0,1,9,0,38,1,4,7,4,0,1,68,4,4,0,0,0,0,4,1
2024-10,55,12,3,4,0,22,1,1,1,1,0,0,0,5,6,17,5,0,0,2,0,0,1,1,2,6,4,6,2,3,2,0,2,4,1,0,0,0,10,0,24,4,7,5,13,51,6,0,0,3,1,1,0,0,2,1
2024-10,56,83,7,3,0,24,5,2,3,12,2,0,0,22,3,88,142,5,4,7,7,2,8,1,4,19,2,3,3,114,13,8,6,6,9,1,0,3,14,12,38,9,19,18,29,7,30,71,1,4,3,2,1,1,1,13
2024-10,57,55,0,2,0,4,7,0,1,9,2,1,1,5,2,25,285,4,1,0,0,0,1,0,0,10,0,1,2,13,9,1,3,4,18,0,1,4,7,1,7,0,2,10,2,0,8,1,0,2,2,2,0,1,0,2
2024-10,58,64,5,5,0,29,15,2,7,6,0,2,0,20,17,63,441,5,2,2,9,1,6,0,4,24,2,20,1,60,6,2,10,6,7,2,0,11,14,4,19,4,25,17,21,4,15,66,2,7,3,6,0,3,2,5
2024-10,59,28,2,5,0,18,8,0,0,5,4,0,2,15,9,16,176,2,0,0,3,3,4,0,3,20,3,5,0,17,4,4,2,3,9,0,1,7,7,1,17,1,10,2,10,10,2,0,4,0,3,4,0,0,3,3
2024-10,60,59,4,10,1,97,19,2,2,8,2,3,6,14,7,47,219,7,3,3,15,3,3,1,1,6,5,3,0,127,11,1,7,12,16,0,0,1,3,2,20,0,25,7,23,4,8,45,4,5,8,1,0,2,0,10
2024-10,61,98,20,13,0,60,24,7,4,11,15,0,1,24,18,96,192,6,3,12,10,11,6,2,8,55,10,24,1,162,17,4,8,8,22,0,3,5,33,5,129,8,52,33,24,3,29,35,15,7,2,6,1,3,11,3
2024-10,62,51,5,3,1,9,4,1,1,4,0,0,0,4,5,33,126,0,0,1,1,1,6,0,1,17,0,8,1,29,1,2,1,3,6,0,2,5,9,2,29,5,10,10,5,8,7,2,0,0,2,0,0,0,1,3
2024-10,63,79,6,13,3,20,43,4,11,7,2,4,1,17,5,64,353,9,0,6,8,1,4,0,4,33,1,4,2,71,10,5,7,23,13,1,11,14,13,4,55,4,34,15,22,4,15,123,3,8,8,3,0,1,0,0
2024-10,64,52,7,1,1,13,7,7,1,15,0,0,0,11,3,71,22,8,2,4,6,0,4,0,2,19,2,4,1,152,8,3,7,2,2,1,2,8,9,3,33,3,21,6,3,8,13,57,0,5,6,0,1,2,1,2
2024-10,65,86,6,10,10,22,21,4,2,26,0,0,1,13,2,60,135,5,0,3,9,10,5,1,4,41,1,9,1,42,6,9,6,7,6,0,4,7,10,4,25,5,17,14,19,20,13,2,2,7,2,5,0,5,0,4
2024-10,66,132,5,20,1,45,51,11,6,14,4,0,2,44,30,98,183,15,0,9,10,7,11,2,5,43,3,22,1,75,28,5,6,5,22,0,5,7,41,6,52,1,12,34,40,2,22,53,9,22,12,3,0,4,2,1
2024-10,67,70,3,4,2,49,39,10,2,8,18,1,1,42,35,104,41,5,0,6,10,2,9,1,8,18,8,23,4,68,23,1,10,5,4,0,3,9,59,11,31,5,15,79,21,2,24,35,33,21,10,4,2,5,26,1
2024-10,68,61,8,3,1,27,40,14,3,13,26,0,2,27,41,66,21,5,2,6,7,7,3,2,7,23,5,14,0,47,13,3,8,4,3,0,0,11,30,4,46,6,26,41,28,8,18,7,20,18,10,2,3,8,17,2
2024-10,69,79,15,2,1,22,29,26,7,22,12,2,1,39,39,64,25,16,1,16,6,6,5,1,6,29,3,23,3,51,34,3,14,9,10,1,4,6,47,12,93,5,74,54,36,9,19,8,17,18,7,4,0,10,6,8
2024-10,70,75,13,7,1,28,17,1,8,15,2,3,0,31,2,132,49,14,1,8,0,2,13,2,5,54,4,24,2,48,14,9,10,25,31,1,0,5,6,5,74,9,30,37,27,3,24,63,2,8,6,8,2,4,5,1
2024-10,71,38,14,11,1,41,47,24,6,21,12,2,1,60,22,109,14,13,4,6,7,8,24,2,1,32,8,20,2,72,31,3,16,13,9,1,6,5,52,8,44,12,47,69,46,10,26,2,15,28,19,5,1,9,38,5
2024-10,72,9,4,2,1,22,5,3,0,7,0,1,1,24,0,87,3,3,5,26,1,10,1,3,2,12,7,10,3,42,9,8,8,8,5,0,2,3,6,4,38,8,48,64,26,7,39,6,2,9,11,4,0,2,2,10
2024-10,73,41,7,2,0,40,14,9,2,11,3,1,7,34,11,88,6,9,3,11,4,22,5,1,5,9,7,26,0,46,18,3,10,21,1,0,11,4,28,11,62,1,13,64,46,1,36,25,22,20,9,2,2,3,12,5
2024-10,74,13,4,2,0,16,2,1,0,4,1,1,1,8,2,59,1,1,3,2,5,0,4,2,1,15,4,4,2,59,4,5,6,10,1,0,0,4,1,4,21,0,14,29,12,3,20,37,0,0,9,2,2,2,1,5
2024-10,75,25,13,2,0,13,11,7,0,8,7,0,2,47,9,84,3,5,2,8,3,3,10,3,0,23,17,13,0,29,8,5,2,11,12,0,0,3,25,3,74,4,24,66,37,7,34,0,4,10,9,3,2,6,12,7
2024-10,76,43,0,3,0,5,7,1,1,8,0,1,0,5,1,3,1,0,0,1,5,0,0,5,0,11,0,1,1,2,6,3,6,2,1,0,0,0,0,2,9,4,4,3,2,0,3,0,0,1,1,0,0,0,0,0
2024-10,77,50,2,8,2,17,26,10,0,6,4,1,5,26,19,13,119,29,3,1,21,0,6,3,0,26,1,14,5,44,18,10,1,18,26,1,0,1,3,3,35,4,39,29,49,17,29,49,0,7,21,2,1,0,3,67
2024-11,0,3415,627,555,49,1299,1282,496,190,555,201,94,218,1023,778,3349,8166,605,115,484,366,218,474,109,305,1940,266,615,153,3044,643,229,496,535,940,50,145,402,988,550,3495,299,2289,1112,883,514,828,4400,307,465,681,504,40,231,0,2182
2024-11,1,44,7,2,0,4,28,28,3,7,2,1,0,16,5,19,123,3,0,2,7,1,6,3,2,32,0,6,0,51,12,4,4,4,26,2,1,2,6,4,38,1,22,27,24,5,14,45,0,4,6,15,0,6,0,47
2024-11,2,81,15,5,1,21,27,9,9,15,2,0,1,28,10,51,67,11,4,9,13,5,2,6,4,12,3,9,3,143,20,5,18,6,31,1,0,3,5,16,61,4,42,51,48,2,17,158,1,4,14,13,1,3,0,46
2024-11,3,46,12,2,0,1,23,11,4,1,2,4,6,8,15,11,107,11,5,4,6,3,4,1,4,26,2,13,4,36,14,0,5,16,18,0,1,4,3,12,50,4,38,2,10,12,8,83,2,4,13,5,0,3,0,85
2024-11,4,47,7,5,0,14,38,3,2,12,1,2,2,17,8,21,64,5,0,6,7,0,8,3,2,26,6,7,0,55,8,7,9,5,8,0,0,0,6,8,35,4,29,16,22,9,13,62,2,3,14,9,0,3,0,120
2024-11,5,31,26,19,0,18,4,2,1,7,0,0,5,19,8,33,145,13,3,5,6,2,2,0,1,21,2,9,2,51,5,5,10,5,11,1,1,9,5,8,34,1,22,14,12,6,7,57,1,2,14,9,0,1,0,122
2024-11,6,38,9,17,0,17,17,10,9,9,2,2,28,31,13,50,164,16,4,16,12,5,10,5,4,41,7,12,2,109,11,8,12,12,20,1,1,4,2,14,50,5,78,17,23,9,18,168,0,9,24,28,0,5,0,187
2024-11,7,31,6,4,1,18,8,5,1,3,2,0,9,21,8,22,212,29,3,10,13,2,17,4,1,49,6,2,3,86,8,1,9,12,37,2,0,4,1,13,80,2,92,10,22,36,15,213,1,4,20,10,0,1,0,121
2024-11,8,15,1,10,0,2,22,3,6,1,4,1,1,10,15,12,245,27,0,4,7,3,6,3,3,56,1,13,10,43,8,6,5,10,49,0,1,9,2,7,79,15,59,3,5,2,2,98,0,3,12,14,0,2,0,8
2024-11,9,8,5,2,0,6,0,0,0,1,0,0,0,4,0,22,6,0,1,1,0,0,0,1,0,18,0,0,1,5,2,3,5,4,1,0,0,0,0,2,20,1,13,10,12,8,16,54,0,1,4,2,0,1,0,10
2024-11,10,53,14,12,0,61,4,0,3,17,0,2,6,25,3,86,10,16,2,10,3,0,2,2,2,65,9,4,0,47,4,12,5,11,9,0,0,9,8,11,49,6,21,24,22,12,26,86,1,3,12,12,1,9,0,24
2024-11,11,52,7,7,1,24,7,0,3,5,0,1,0,9,1,47,33,7,3,4,4,3,6,0,1,31,2,3,0,74,1,6,2,4,7,0,1,3,2,5,10,3,30,14,19,8,9,5,1,1,12,3,0,0,0,48
2024-11,12,18,9,4,0,13,6,0,0,4,0,0,8,14,2,39,20,8,1,6,3,1,1,1,2,38,3,9,0,22,3,4,5,7,7,0,0,1,5,11,46,3,17,23,28,11,18,42,1,3,8,4,1,1,0,66
2024-11,13,22,7,5,1,6,2,4,4,1,0,1,1,10,13,23,15,7,0,5,2,0,1,0,1,31,2,3,1,17,8,4,4,4,4,0,2,7,0,5,19,1,14,13,9,5,3,0,0,3,1,1,0,1,0,34
2024-11,14,50,4,11,4,16,23,7,7,12,0,1,3,7,15,42,108,7,1,5,2,10,3,3,2,44,2,5,2,78,10,3,17,1,30,1,5,9,6,3,21,6,15,15,17,4,13,92,2,1,16,9,0,7,0,148
2024-11,15,105,10,79,1,45,19,5,4,10,0,2,2,10,14,90,132,20,6,6,15,11,9,1,9,84,7,16,1,88,13,9,33,12,32,0,1,13,8,13,50,9,59,29,25,34,49,4,9,2,31,13,3,1,0,98
2024-11,16,56,7,21,0,25,17,5,7,11,4,0,5,20,15,70,247,11,1,8,7,2,13,2,4,55,6,5,2,72,7,5,10,4,17,0,0,4,5,12,44,4,53,17,16,17,11,115,11,4,23,18,0,6,0,178
2024-11,17,66,11,13,0,26,8,0,1,7,1,1,0,18,5,68,19,12,1,10,3,0,16,0,6,41,6,2,0,96,6,5,8,12,8,1,3,3,4,5,105,3,16,12,22,6,30,39,5,3,3,9,0,4,0,19
2024-11,18,37,2,0,0,14,1,2,3,3,0,0,0,4,2,20,5,1,0,4,0,0,0,0,1,15,0,2,0,8,2,0,1,2,3,0,2,4,3,1,15,1,11,5,4,2,8,0,2,0,1,1,0,2,0,4
2024-11,19,157,3,12,1,43,26,6,4,20,3,3,0,18,14,105,75,10,2,16,11,8,15,2,20,51,2,5,1,72,18,6,11,11,27,1,3,1,18,3,110,1,55,12,14,0,32,2,11,4,7,10,0,2,0,15
2024-11,20,19,2,3,0,13,14,0,3,1,0,2,0,6,5,35,44,4,1,1,3,0,3,0,5,14,1,4,0,34,2,0,3,0,17,0,1,1,5,1,24,1,11,5,4,2,4,34,1,0,6,1,0,0,0,16
2024-11,21,72,4,11,2,20,9,1,3,5,3,1,1,13,7,40,309,8,1,2,4,0,9,0,2,60,2,4,2,56,7,2,11,14,29,1,1,4,3,5,55,4,44,15,6,11,5,114,1,1,10,7,0,3,0,48
2024-11,22,57,8,32,1,28,28,8,5,8,4,1,1,16,16,68,372,24,4,11,20,18,19,2,4,57,10,6,2,88,27,9,12,17,44,4,2,4,9,27,75,9,83,22,14,17,27,35,6,0,27,22,1,1,0,171
2024-11,23,86,12,18,2,39,29,9,4,9,13,2,1,22,41,93,143,22,2,20,6,4,10,0,13,15,2,6,5,64,5,5,7,9,15,2,3,11,16,9,53,6,43,28,13,22,13,44,6,4,10,12,2,5,0,22
2024-11,24,70,33,48,2,60,23,3,11,43,5,3,1,27,25,67,607,46,2,7,23,1,15,1,6,57,12,12,9,111,37,9,12,40,63,6,7,12,16,31,97,10,83,23,6,66,12,183,8,4,27,50,1,5,0,176
2024-11,25,142,30,18,3,58,76,38,13,23,7,6,1,33,39,173,122,25,14,55,18,8,13,8,7,39,6,29,3,103,32,6,14,16,22,1,6,11,52,13,141,9,95,54,24,13,27,210,14,37,28,11,4,8,0,23
2024-11,26,27,17,12,0,11,12,6,2,5,2,0,0,4,22,44,29,3,1,13,2,4,8,0,4,12,2,2,0,12,10,0,2,29,9,0,2,1,7,30,23,2,4,7,2,0,8,38,5,10,4,1,0,1,0,1
2024-11,27,38,15,5,0,13,13,6,1,11,7,0,0,14,19,29,51,4,0,2,4,1,6,1,1,1,2,9,1,15,3,0,0,3,4,0,0,4,17,3,29,0,34,4,5,23,1,10,3,8,3,1,0,1,0,4
2024-11,28,25,5,7,0,16,31,11,7,11,1,3,9,22,19,33,415,43,3,11,1,2,7,4,4,125,3,10,10,37,26,9,10,86,79,3,7,24,14,72,65,14,103,15,4,6,3,113,3,8,10,24,0,3,0,10
2024-11,29,71,12,7,1,14,39,18,4,8,20,1,1,10,21,67,70,2,5,7,8,7,7,2,6,16,0,16,4,37,4,3,9,3,4,0,1,3,30,6,58,4,24,22,4,3,7,145,9,11,8,1,3,3,0,5
2024-11,30,109,10,7,1,28,22,6,6,11,4,1,4,21,25,79,243,11,1,2,3,2,12,3,20,28,2,19,1,40,10,6,8,10,22,0,1,5,27,10,83,6,31,10,12,3,10,241,1,6,4,10,0,4,0,5
2024-11,31,46,6,9,0,25,21,5,3,6,1,0,2,3,14,39,256,4,6,2,7,1,8,0,7,40,5,3,4,48,14,1,5,4,16,0,1,9,12,1,67,7,61,3,6,15,1,50,2,7,10,6,0,2,0,7
2024-11,32,17,0,0,0,1,12,4,3,4,0,2,4,7,2,1,542,3,0,0,1,0,2,4,1,29,0,6,7,29,1,4,1,6,11,0,4,2,1,5,113,8,142,0,2,1,1,140,0,3,9,6,0,0,0,2
2024-11,33,9,0,1,0,1,17,5,1,0,4,4,7,5,4,4,35,1,2,0,1,0,2,0,0,22,1,3,1,8,1,1,4,2,3,0,0,4,1,4,37,5,14,1,2,0,0,0,0,0,4,7,0,0,0,0
2024-11,34,10,1,0,0,2,3,1,0,1,2,0,0,2,2,13,72,1,1,1,4,0,6,0,0,6,0,0,4,6,4,1,0,2,1,0,0,9,0,3,15,2,4,0,1,10,1,3,1,0,0,2,0,0,0,0
2024-11,35,15,1,0,0,1,2,2,1,1,0,1,1,6,0,3,4,0,0,1,0,0,0,2,4,12,1,0,2,8,4,0,1,1,4,0,0,4,4,4,47,0,15,0,3,0,2,1,0,3,2,2,0,1,0,2
2024-11,36,3,1,0,0,2,2,0,0,2,1,0,3,2,0,5,0,0,0,0,3,0,0,0,0,2,0,1,0,3,1,0,1,0,1,0,2,3,0,0,26,0,8,1,1,0,2,0,0,0,1,0,0,1,0,2
2024-11,37,4,2,0,0,3,2,1,0,1,0,0,0,2,3,9,20,0,0,1,0,0,0,0,1,2,0,1,0,7,1,0,1,0,3,0,0,0,1,1,5,1,14,2,3,0,1,0,1,0,2,0,0,1,0,1
2024-11,38,45,6,3,1,10,28,23,0,2,7,1,3,5,7,23,21,1,0,10,0,7,10,1,5,8,8,5,2,30,8,3,5,0,2,1,0,4,11,3,63,3,15,7,7,0,4,91,1,6,6,5,0,5,0,5
2024-11,39,17,1,0,0,4,23,4,0,1,0,0,1,3,0,8,7,2,0,3,4,1,1,0,3,9,4,6,2,10,12,0,2,1,1,0,0,2,8,1,24,3,0,5,3,0,5,56,0,2,2,2,0,1,0,11
2024-11,40,4,2,1,1,5,18,13,0,1,2,0,2,6,4,13,32,2,0,0,0,0,3,0,2,7,1,2,1,6,3,0,0,2,0,0,0,1,5,3,33,4,22,11,0,1,3,7,0,4,0,1,1,2,0,0
2024-11,41,23,2,6,0,3,11,11,0,3,0,0,5,5,2,7,4,5,0,0,1,1,4,0,0,9,1,1,2,18,4,2,1,5,1,0,0,3,2,1,36,0,36,5,3,2,3,4,0,0,5,11,0,1,0,11
2024-11,42,33,3,0,0,18,28,19,1,4,8,1,6,2,9,30,0,5,0,1,7,1,7,1,3,5,3,10,0,18,9,0,3,0,1,0,1,6,9,7,78,0,30,10,4,0,3,119,3,9,4,4,1,1,0,4
2024-11,43,62,8,3,0,17,90,64,0,10,3,1,11,28,22,54,4,8,5,14,11,9,5,4,7,30,8,24,2,15,15,3,15,6,5,3,4,9,54,7,38,7,21,27,8,2,15,79,17,17,9,5,3,3,0,8
2024-11,44,32,5,0,1,22,29,22,1,8,1,1,5,11,20,53,11,8,2,9,5,2,16,0,7,17,5,10,5,19,27,2,9,4,5,0,4,7,23,8,19,5,12,23,30,2,24,71,13,7,5,6,2,6,0,4
2024-11,45,16,8,0,0,12,4,1,1,5,0,0,0,2,2,18,2,0,0,2,2,5,0,0,2,2,4,11,0,6,2,1,3,0,5,0,8,3,13,1,18,1,9,5,3,0,8,0,4,4,1,3,1,1,0,4
2024-11,46,45,11,3,1,24,14,9,4,2,1,0,15,25,13,59,23,18,2,2,6,2,5,0,3,11,0,11,1,23,15,4,8,0,6,0,2,1,22,12,86,4,10,23,21,5,14,3,7,12,23,3,0,4,0,3
2024-11,47,2,0,0,0,3,0,1,0,3,0,0,0,7,2,6,0,0,0,0,0,1,1,0,1,5,1,1,0,1,0,0,2,2,1,0,0,2,2,0,0,1,0,6,2,0,1,1,1,2,1,0,0,0,0,0
2024-11,48,12,6,2,0,8,4,1,1,7,1,1,1,5,3,29,2,4,1,6,1,2,3,1,1,3,4,3,0,6,2,0,9,3,3,0,0,2,13,1,20,1,20,22,14,2,13,123,0,12,7,2,1,2,0,8
2024-11,49,50,20,8,1,32,18,5,4,20,7,1,0,22,35,95,9,13,2,14,8,1,9,1,2,25,8,16,3,34,18,2,14,10,7,0,10,15,35,6,84,2,20,33,30,13,33,2,9,28,8,3,2,15,0,2
2024-11,50,11,2,0,0,7,4,1,1,2,0,0,1,5,3,14,0,0,0,2,0,0,1,0,2,15,4,3,0,5,2,1,5,1,3,0,0,2,9,0,8,2,13,9,11,0,6,1,5,6,3,1,0,0,0,2
2024-11,51,23,10,1,0,9,11,4,1,8,0,0,2,14,1,38,24,3,2,6,1,3,6,0,11,12,0,8,1,6,4,1,6,1,2,1,0,2,29,3,47,8,15,15,4,10,10,40,11,11,17,2,0,3,0,2
2024-11,52,56,17,5,0,18,2,0,0,12,0,2,0,13,2,31,7,6,1,3,1,1,5,2,5,2,2,2,1,2,2,1,6,2,1,0,0,1,7,3,64,5,6,0,1,3,5,2,0,7,5,6,0,2,0,1
2024-11,53,82,31,2,1,29,11,10,1,2,9,0,0,23,23,78,2,11,1,5,1,1,7,1,1,8,7,13,0,15,8,5,5,7,7,0,4,5,27,5,67,5,11,40,20,1,24,55,16,24,9,2,1,8,0,12
2024-11,54,5,4,0,0,2,2,0,0,5,0,0,0,2,0,5,0,0,0,1,1,3,0,0,5,2,0,9,0,5,0,0,0,0,0,0,0,0,4,0,10,0,1,4,2,0,2,85,0,2,1,1,0,0,0,0
2024-11,55,14,3,7,0,6,2,2,1,8,1,0,0,13,2,14,11,5,1,3,0,0,0,0,3,10,0,6,0,1,2,0,2,4,1,0,0,1,4,6,21,2,6,4,2,1,5,0,1,2,4,0,0,2,0,1
2024-11,56,81,21,3,0,16,9,1,1,6,0,0,0,10,4,74,127,4,1,6,8,0,6,2,4,14,5,4,6,74,14,2,5,3,9,1,0,3,8,3,41,6,33,9,16,4,20,123,1,1,13,2,0,5,0,3
2024-11,57,48,9,6,0,6,8,1,2,2,3,22,0,9,4,17,250,3,0,1,3,0,3,0,0,8,0,1,1,32,4,4,5,0,9,2,2,3,8,2,24,0,15,1,5,3,4,56,2,0,2,0,0,1,0,0
2024-11,58,78,10,4,3,11,9,3,2,8,1,1,0,11,5,38,502,6,0,1,4,3,5,1,1,18,1,12,0,35,3,0,6,1,8,1,0,13,15,4,43,2,21,7,11,2,3,89,2,3,4,9,0,1,0,3
2024-11,59,27,1,0,0,10,5,0,0,1,4,1,1,3,1,13,255,1,0,0,1,1,2,0,2,8,4,2,1,6,1,0,2,2,10,2,4,5,0,1,19,2,25,1,15,13,9,1,1,0,3,1,0,0,0,4
2024-11,60,55,6,14,1,17,18,3,0,10,2,0,7,12,4,33,204,8,3,4,8,5,2,16,3,33,9,7,2,87,3,3,5,9,14,1,2,4,5,10,39,4,20,6,7,1,7,83,2,2,10,5,0,1,0,11
2024-11,61,81,7,2,0,21,16,1,3,8,7,1,1,11,16,68,276,3,1,6,5,4,3,0,13,34,7,22,3,87,18,1,7,3,18,0,6,14,17,7,94,7,38,19,21,4,6,51,2,6,8,6,0,3,0,5
2024-11,62,37,1,1,0,8,3,0,0,7,0,0,0,7,1,23,107,0,0,0,0,0,2,0,6,31,2,2,0,12,3,2,1,1,5,1,2,3,10,3,18,0,14,5,2,1,6,3,0,3,3,3,0,0,0,1
2024-11,63,73,7,11,0,21,34,4,3,6,0,0,0,12,6,41,326,3,1,3,5,1,4,1,9,16,4,7,0,42,2,0,2,2,12,3,2,4,14,2,38,2,11,10,14,3,10,57,0,0,22,1,1,5,0,0
2024-11,64,38,11,4,0,8,7,1,0,4,0,0,3,7,1,38,32,2,0,3,3,3,6,0,3,35,1,1,0,116,6,0,5,1,7,0,0,1,7,0,23,1,13,1,1,4,0,55,3,1,5,6,1,1,0,3
2024-11,65,67,6,4,2,10,16,1,1,7,1,1,1,13,4,41,144,4,0,5,2,0,4,1,2,51,2,5,1,18,2,4,7,1,4,2,0,5,23,4,23,3,45,8,9,0,4,1,0,5,5,3,0,1,0,3
2024-11,66,95,11,10,2,33,39,7,4,16,1,1,7,26,18,80,273,5,1,16,11,3,11,1,10,39,2,18,1,26,19,1,7,4,20,0,0,4,50,5,61,3,46,9,17,1,8,75,10,16,11,11,0,8,0,5
2024-11,67,61,8,0,2,26,26,7,2,12,10,1,0,32,19,72,24,8,0,6,11,8,9,0,7,10,6,34,3,141,15,0,10,3,5,0,10,9,59,9,29,5,32,20,19,8,21,10,29,27,12,10,0,2,0,3
2024-11,68,29,5,1,3,19,53,11,0,6,7,0,3,20,13,62,31,3,1,6,7,1,9,0,4,6,3,18,3,28,9,6,3,5,1,0,6,16,27,8,32,3,21,21,13,2,9,40,23,17,6,5,0,11,0,5
2024-11,69,63,5,5,0,24,22,13,4,3,8,2,0,20,24,63,9,5,2,16,2,6,5,1,10,10,4,22,7,24,12,6,10,2,10,1,8,12,20,7,66,7,27,15,13,2,14,43,6,4,4,3,0,11,0,3
2024-11,70,48,9,5,0,18,9,1,6,18,2,1,2,13,8,106,134,8,0,13,2,4,7,1,2,50,3,13,2,37,8,5,8,12,16,0,3,16,16,5,45,12,9,11,8,3,18,49,0,4,6,6,2,3,0,8
2024-11,71,51,20,8,0,33,37,14,2,10,7,3,0,70,28,103,37,6,1,17,5,11,42,1,3,16,8,12,1,56,6,4,12,10,6,1,1,8,54,4,59,4,23,32,18,3,14,52,17,26,17,6,1,3,0,8
2024-11,72,10,1,9,0,15,1,1,0,6,1,3,2,15,3,63,8,5,0,5,3,2,2,0,1,25,3,6,5,19,1,6,4,4,8,1,0,1,12,0,44,2,23,36,18,7,9,22,1,3,4,6,3,4,0,37
2024-11,73,58,15,6,4,21,6,1,1,7,3,1,7,15,22,71,6,4,1,8,1,1,11,2,0,10,9,14,3,24,11,2,8,9,3,2,6,9,28,13,73,4,25,49,20,0,24,40,3,11,7,1,0,7,0,6
2024-11,74,14,0,6,1,8,3,3,1,3,1,0,1,0,0,43,4,2,3,2,2,0,2,1,1,15,2,0,2,39,2,5,5,6,2,0,0,0,0,3,12,2,11,14,1,0,7,39,0,1,2,3,0,3,0,7
2024-11,75,17,3,4,2,20,14,7,1,8,3,0,17,10,2,61,1,2,1,12,1,10,6,1,7,22,9,6,1,36,3,0,8,9,10,0,0,0,30,5,46,2,29,40,11,1,7,3,6,19,8,1,0,7,0,16
2024-11,76,33,0,1,0,2,0,0,0,3,1,0,0,4,1,6,0,0,2,0,2,5,1,0,0,7,0,4,1,1,2,0,1,0,4,0,0,0,1,0,8,5,14,5,1,0,4,0,0,0,2,0,0,0,0,0
2024-11,77,42,11,2,1,14,13,2,3,5,2,0,1,8,14,25,126,17,0,6,2,6,1,5,0,29,7,8,3,25,17,4,6,16,16,0,0,6,3,10,13,8,48,18,12,30,12,85,0,1,17,11,3,1,0,98
2024-12,0,3511,360,347,37,1445,1273,717,197,1138,169,92,192,804,800,3205,7468,505,163,722,339,340,364,278,349,1523,408,499,259,2243,799,171,352,313,797,51,157,381,972,378,2565,290,2045,512,601,415,538,4702,334,365,754,456,39,322,0,1284
2024-12,1,46,5,2,0,6,38,12,2,12,0,1,1,9,7,17,175,3,2,6,1,1,9,4,4,32,2,0,4,31,13,2,6,2,7,0,2,7,1,4,18,3,9,6,11,0,3,123,0,1,11,4,0,0,0,30
2024-12,2,84,4,13,3,29,23,13,3,10,2,3,1,22,4,56,59,8,3,11,7,8,6,11,1,16,7,6,7,53,18,2,18,4,13,0,4,6,11,8,39,4,23,23,29,0,21,162,0,1,9,2,1,4,0,32
2024-12,3,23,3,1,1,7,27,15,1,7,2,1,4,8,16,10,99,3,1,9,6,3,3,7,1,24,0,6,5,36,9,4,4,7,11,1,1,6,4,9,21,1,35,2,3,7,1,38,0,3,13,5,0,5,0,55
2024-12,4,37,1,1,0,15,23,6,5,14,0,0,5,9,14,20,113,10,1,7,4,10,6,3,1,15,6,6,10,34,6,1,4,4,11,2,3,2,1,3,40,9,27,12,14,7,6,20,1,4,11,6,0,3,0,58
2024-12,5,29,0,0,2,21,8,1,3,8,1,3,10,8,6,34,148,6,2,5,3,2,5,3,0,12,7,3,3,29,6,1,3,4,15,0,4,4,3,4,24,3,30,7,9,7,1,94,0,0,16,9,0,0,0,77
2024-12,6,35,4,14,1,23,23,5,7,9,2,1,8,31,12,36,182,14,5,7,8,3,9,3,4,34,16,3,17,102,13,1,15,11,22,2,5,5,6,17,47,5,82,12,8,3,9,97,0,5,19,19,0,8,0,145
2024-12,7,29,3,5,0,20,14,4,3,8,1,2,43,15,20,19,134,20,2,10,5,2,11,11,0,47,16,8,8,68,26,8,2,10,29,0,1,3,3,11,56,4,86,7,12,3,9,255,0,1,21,12,3,0,0,65
2024-12,8,10,1,5,1,7,23,15,10,15,2,6,4,3,18,9,203,24,1,2,4,1,2,13,3,34,2,3,16,14,7,3,6,10,30,0,1,9,4,8,57,11,49,2,3,1,3,154,0,3,4,11,0,2,0,3
2024-12,9,13,5,2,0,12,2,1,1,6,1,0,0,4,1,20,3,1,0,2,1,6,0,0,0,13,0,0,1,5,2,3,0,3,3,0,0,3,1,3,4,2,11,4,6,3,5,50,0,1,5,3,0,3,0,4
2024-12,10,62,4,11,1,44,3,0,2,51,1,0,1,15,0,88,9,3,3,12,5,5,5,3,1,64,9,5,2,35,2,6,7,3,10,0,0,1,1,7,31,4,17,9,12,9,17,60,1,1,17,9,1,8,0,13
2024-12,11,52,3,5,0,22,2,1,1,38,0,0,0,6,2,32,24,1,1,6,0,1,1,1,1,35,3,2,0,42,3,4,4,3,4,0,0,3,3,2,36,3,27,7,10,38,7,43,1,0,12,14,0,0,0,29
2024-12,12,11,10,2,0,13,3,1,1,37,0,0,2,5,3,34,19,9,2,14,5,2,2,10,2,67,11,10,0,17,1,3,1,7,8,1,0,9,3,4,14,2,24,4,18,36,7,11,0,2,28,16,2,2,0,28
2024-12,13,29,3,4,1,10,5,5,1,8,1,1,0,4,4,14,29,4,0,5,3,0,1,1,2,17,3,3,2,13,5,1,3,2,4,0,0,2,3,1,5,2,25,3,5,1,3,0,0,0,6,3,0,0,0,16
2024-12,14,55,5,10,1,19,16,3,1,22,0,0,2,20,14,31,105,5,2,8,6,6,2,0,1,62,4,1,3,56,16,1,5,3,18,0,2,1,5,3,11,0,20,3,13,4,10,103,1,1,19,13,0,2,0,65
2024-12,15,112,9,23,2,52,22,13,2,51,3,2,1,14,6,90,89,14,7,25,9,11,3,5,8,43,8,8,2,80,15,12,8,6,35,0,1,2,3,9,51,2,67,13,14,6,18,41,9,0,21,15,1,3,0,57
2024-12,16,70,4,9,0,24,15,9,6,8,1,2,5,9,21,72,185,12,3,8,10,3,2,0,4,46,7,7,9,49,12,7,8,2,12,1,4,8,7,9,46,8,25,15,16,4,7,111,3,5,26,6,1,2,0,72
2024-12,17,77,10,12,0,38,12,2,2,19,0,0,2,13,3,82,41,2,5,18,9,2,5,0,5,24,11,3,1,55,3,3,1,6,5,0,1,0,10,3,63,2,18,4,8,2,10,47,5,6,14,10,1,5,0,11
2024-12,18,16,2,2,0,18,4,2,0,5,0,1,0,0,1,18,9,2,0,5,0,0,0,2,2,12,3,0,0,9,5,0,3,0,4,0,0,0,2,0,13,0,10,4,5,0,0,0,4,1,3,2,0,0,0,4
2024-12,19,149,14,19,0,63,25,12,6,13,1,1,0,14,25,115,148,13,5,31,11,6,8,0,11,53,7,13,5,59,21,1,2,4,38,0,9,6,13,6,64,9,43,10,14,4,12,18,6,1,7,4,0,8,0,10
2024-12,20,26,6,5,0,3,13,1,2,7,2,2,0,1,4,28,78,3,0,3,3,2,2,1,2,3,2,1,1,24,9,1,5,2,8,0,0,2,3,2,21,2,16,2,3,9,4,71,1,1,4,2,0,1,0,9
2024-12,21,74,9,8,0,21,11,3,2,9,0,3,0,2,5,42,161,3,1,9,5,2,12,1,6,32,4,1,5,63,9,0,3,4,24,0,0,14,6,6,15,3,22,3,2,9,7,190,0,0,12,2,0,2,0,30
2024-12,22,88,8,10,1,37,32,7,4,25,8,2,0,11,14,60,427,17,3,8,16,2,10,11,3,27,7,3,7,55,26,3,5,8,26,1,5,10,11,9,22,11,86,10,7,23,8,7,4,3,23,11,1,4,0,117
2024-12,23,70,24,13,2,33,21,10,5,22,7,0,1,11,32,95,137,13,3,36,9,9,8,4,7,7,9,9,3,51,25,3,2,7,21,0,4,7,26,9,14,3,20,4,17,57,10,3,9,4,9,6,1,7,0,11
2024-12,24,70,2,24,2,49,32,12,11,54,1,2,1,23,27,53,488,51,9,20,15,35,14,2,10,44,11,5,12,107,17,2,10,7,48,4,9,12,11,27,47,2,84,12,7,16,14,208,9,4,29,34,2,6,0,106
2024-12,25,207,11,13,5,75,66,54,11,30,10,3,0,26,38,157,104,16,7,59,18,11,10,8,17,33,3,39,8,55,47,6,15,14,15,2,9,21,74,18,93,15,74,18,27,3,28,204,20,37,35,11,1,17,0,8
2024-12,26,55,1,0,0,15,15,9,3,8,6,1,0,3,20,53,35,3,2,12,4,6,1,1,1,2,2,6,0,15,5,2,2,1,5,0,2,0,15,2,20,3,13,1,3,1,2,58,1,1,2,1,0,3,0,1
2024-12,27,43,3,3,0,24,11,10,0,9,7,0,1,7,19,46,41,6,2,9,3,9,6,4,2,5,2,11,2,15,21,1,0,56,17,0,0,11,11,36,30,3,49,7,1,0,5,0,4,5,2,3,0,2,0,2
2024-12,28,32,4,0,0,9,18,9,9,23,8,4,1,17,15,30,325,22,3,7,2,6,8,5,6,33,4,7,17,23,13,8,7,10,31,4,2,18,2,12,67,10,98,10,8,1,2,79,2,9,15,17,0,7,0,5
2024-12,29,41,1,9,0,20,34,19,1,22,13,1,1,27,33,50,64,2,3,18,3,7,4,7,7,9,9,12,1,24,17,3,8,2,12,0,5,5,37,7,45,4,41,13,2,2,7,118,3,4,7,13,0,8,0,1
2024-12,30,100,10,8,0,21,19,3,15,19,3,2,2,13,17,55,288,7,2,5,4,6,9,10,16,44,6,13,2,29,19,3,13,6,24,1,0,3,16,5,64,2,36,2,11,3,6,86,1,8,10,16,1,12,0,4
2024-12,31,35,0,5,0,18,19,3,7,9,4,3,4,4,12,36,325,11,5,9,7,1,3,0,9,15,7,6,3,54,9,3,10,7,8,3,2,12,17,5,49,6,24,0,1,6,3,23,2,5,9,2,0,5,0,2
2024-12,32,18,0,1,0,3,9,6,2,3,1,3,0,1,0,3,386,8,0,0,1,1,5,17,1,59,0,1,18,5,6,1,5,10,12,0,1,0,5,7,51,8,35,2,0,0,2,49,1,2,7,2,0,1,0,2
2024-12,33,13,0,1,0,1,12,13,0,0,1,5,0,3,2,4,26,1,0,3,2,0,1,0,1,5,2,6,1,4,2,0,4,1,10,0,0,3,7,6,17,7,19,1,3,0,0,42,1,0,2,1,0,0,0,1
2024-12,34,10,2,1,0,2,7,1,0,1,1,1,0,2,3,11,57,2,0,5,4,2,0,0,0,8,6,5,7,18,3,0,2,0,2,0,0,1,5,1,18,7,9,0,0,1,1,0,1,1,1,2,0,0,0,0
2024-12,35,5,0,0,0,4,13,11,0,4,0,1,1,3,1,4,8,7,1,1,0,1,1,0,0,4,0,3,2,10,6,1,0,1,2,0,0,0,3,3,16,2,22,0,0,0,2,0,3,1,1,4,0,0,0,2
2024-12,36,3,3,0,0,2,4,6,0,2,1,0,1,1,0,8,4,0,0,3,1,0,2,0,0,0,0,1,0,4,3,3,2,0,0,0,0,0,5,1,11,1,4,3,1,0,1,1,0,0,1,0,0,0,0,3
2024-12,37,12,2,0,0,3,3,1,2,1,1,0,0,1,3,4,6,0,0,0,2,1,0,2,0,3,0,1,1,7,0,0,0,0,1,0,0,0,1,3,2,0,4,5,1,0,1,0,2,3,0,0,1,0,0,0
2024-12,38,35,0,1,0,17,21,25,0,5,2,1,3,10,4,20,9,2,1,10,1,2,6,1,6,0,9,3,1,22,7,1,1,0,1,0,2,7,1,7,38,5,13,7,1,0,3,88,6,5,2,0,3,3,0,3
2024-12,39,10,0,0,0,5,17,29,0,16,0,2,1,6,4,11,19,3,0,1,2,2,0,0,2,14,0,2,2,2,10,0,4,0,6,0,0,4,3,0,10,4,5,2,5,0,0,72,0,2,1,5,0,1,0,4
2024-12,40,4,0,0,0,0,21,17,1,4,1,0,2,5,2,6,22,5,1,0,0,7,3,2,3,6,4,3,0,6,18,1,2,1,0,0,4,3,16,1,20,1,14,2,1,0,0,3,5,2,0,0,1,0,0,0
2024-12,41,7,0,3,0,3,14,9,3,4,0,1,0,9,2,11,9,6,1,4,0,1,3,1,2,10,16,5,8,15,7,2,4,3,7,1,1,3,5,0,25,4,24,2,0,6,2,1,0,4,8,1,0,1,0,8
2024-12,42,27,3,1,0,12,28,22,0,10,2,2,11,6,13,27,20,2,2,10,6,1,3,1,2,6,1,5,1,14,14,0,4,3,5,0,3,3,9,4,30,3,15,8,8,5,4,86,0,7,5,6,1,3,0,2
2024-12,43,89,7,8,2,28,83,93,3,13,5,1,12,28,25,58,11,7,1,7,2,9,5,25,6,39,17,18,4,25,34,4,7,6,22,2,8,9,36,7,42,1,9,15,4,3,7,190,9,15,10,4,0,7,0,5
2024-12,44,28,10,5,0,17,47,23,3,19,2,1,0,17,13,55,4,11,3,14,2,6,9,4,5,12,11,20,4,12,24,1,5,6,6,2,6,9,17,5,43,3,17,14,16,1,14,73,9,4,23,6,1,10,0,5
2024-12,45,9,0,1,0,3,4,2,0,3,1,1,2,15,1,13,8,3,1,3,1,3,2,1,2,6,1,2,1,4,2,2,2,0,1,0,0,0,7,2,1,5,7,3,4,0,2,1,1,1,14,0,0,4,0,3
2024-12,46,59,13,3,0,11,18,18,3,14,4,1,9,9,11,45,30,8,1,3,8,3,4,2,8,25,9,15,0,7,20,1,2,1,9,0,1,2,11,4,47,7,14,25,10,1,5,65,13,4,25,5,2,8,0,0
2024-12,47,0,0,0,0,3,1,1,1,2,0,0,1,1,3,7,0,3,0,4,0,1,0,0,2,0,1,1,0,1,0,0,3,0,0,0,0,0,2,2,1,0,1,0,0,0,0,0,1,0,3,0,0,0,0,0
2024-12,48,19,1,3,0,8,5,3,0,7,0,1,1,6,5,23,21,5,3,4,2,2,1,0,9,14,6,4,1,13,4,1,2,0,5,0,11,8,9,3,42,8,30,9,11,1,8,115,2,2,8,2,0,3,0,0
2024-12,49,63,5,2,0,43,25,18,2,19,7,1,4,29,41,101,10,7,10,20,4,8,15,7,9,37,5,24,1,18,13,4,16,4,2,1,4,10,48,6,99,4,20,22,23,2,17,75,25,16,20,2,4,15,0,8
2024-12,50,14,0,0,1,6,1,0,1,4,4,1,2,2,0,18,0,0,2,6,1,0,1,0,0,6,4,1,0,4,0,0,1,1,2,0,0,0,9,0,7,3,11,4,6,0,6,2,3,0,2,2,0,7,0,3
2024-12,51,22,7,1,0,8,5,1,0,6,2,0,1,16,7,36,22,4,1,8,6,1,1,3,2,10,4,16,5,2,2,1,4,0,5,0,1,5,21,0,21,4,8,5,6,1,1,16,4,14,20,1,2,5,0,1
2024-12,52,48,7,6,0,36,5,2,1,7,0,0,0,10,0,44,43,2,4,2,1,0,3,0,5,15,0,1,0,5,7,0,3,5,4,0,0,4,4,0,44,2,3,4,5,5,1,57,0,2,10,1,1,4,0,1
2024-12,53,42,15,1,1,19,18,11,0,11,7,3,1,22,22,59,5,5,1,11,2,5,12,9,7,16,7,13,1,19,7,3,4,7,3,0,3,11,30,5,58,3,33,15,17,4,12,53,23,11,15,3,0,14,0,6
2024-12,54,6,5,0,0,0,2,3,0,3,0,0,0,2,0,2,0,0,0,2,0,0,0,0,0,12,0,2,0,1,0,0,1,0,0,0,0,0,8,0,18,1,0,1,0,0,1,22,1,3,0,0,0,1,0,0
2024-12,55,20,8,0,0,18,4,1,0,9,0,0,0,0,2,23,8,3,2,1,0,2,4,3,2,17,2,1,0,1,0,2,2,0,4,0,0,1,3,2,51,3,5,2,0,1,1,0,1,4,5,1,0,3,0,4
2024-12,56,52,8,4,0,27,2,1,5,18,0,0,1,12,6,69,159,4,4,10,8,10,22,4,12,11,4,1,6,102,3,0,6,1,5,0,1,2,3,2,32,1,26,2,18,6,17,179,0,1,10,10,0,4,0,5
2024-12,57,49,0,1,0,10,7,1,1,16,3,2,1,6,2,18,135,5,1,3,3,10,1,3,10,7,2,1,1,7,7,0,0,1,2,0,2,5,5,1,15,1,11,0,5,2,13,127,1,3,2,3,0,0,0,0
2024-12,58,89,4,8,1,26,16,1,2,19,2,0,0,12,13,41,318,6,0,6,2,3,4,1,7,8,2,7,1,7,4,1,8,0,7,2,0,4,10,2,21,4,20,3,16,0,11,110,5,4,4,4,0,5,0,2
2024-12,59,26,0,1,0,12,3,1,3,5,0,1,2,12,6,17,190,4,0,1,4,0,4,5,7,6,2,6,2,3,3,1,2,0,10,0,0,3,13,1,7,5,9,2,2,38,3,1,0,2,2,3,0,0,0,1
2024-12,60,33,3,5,0,24,18,2,4,7,0,1,9,4,6,34,194,1,1,5,13,3,3,4,3,21,10,3,3,52,12,2,3,1,8,0,2,1,4,2,37,6,23,0,1,1,13,181,2,2,7,4,2,1,0,8
2024-12,61,98,3,6,0,33,15,2,4,21,6,0,1,14,22,87,191,6,4,14,7,8,7,5,14,14,7,15,1,40,14,1,2,3,10,1,5,12,24,3,60,2,30,3,3,27,7,6,10,8,8,3,0,2,0,2
2024-12,62,60,3,4,0,8,1,1,1,14,0,0,0,5,1,23,149,3,2,5,0,5,2,1,6,8,3,2,0,23,2,1,0,0,6,0,0,3,6,3,33,2,6,3,5,1,3,2,1,4,5,8,0,0,0,0
2024-12,63,57,3,2,1,18,17,3,2,15,2,0,0,9,10,41,427,3,0,7,3,2,0,2,11,8,4,5,0,79,8,0,2,1,18,5,8,8,14,3,52,1,15,2,6,7,11,8,0,2,7,3,0,2,0,1
2024-12,64,54,5,0,1,17,4,4,2,15,0,0,0,3,1,28,18,2,1,5,2,14,5,5,2,9,1,1,1,64,1,1,2,2,14,1,4,7,5,2,20,2,28,1,3,2,2,14,0,2,6,4,1,0,0,1
2024-12,65,90,3,3,0,19,10,5,3,31,0,1,0,7,3,44,123,3,0,6,3,3,2,0,7,11,1,8,2,21,2,0,2,0,5,0,1,7,9,0,49,3,18,5,10,1,5,7,0,1,5,5,0,3,0,0
2024-12,66,102,8,9,1,35,32,13,4,45,2,1,2,11,15,82,208,5,0,20,19,10,10,0,8,30,10,11,7,92,25,2,6,2,11,5,0,4,60,3,45,1,15,7,5,3,10,101,4,21,7,9,0,4,0,2
2024-12,67,43,6,1,1,26,12,14,0,18,8,2,1,16,24,66,54,9,1,18,8,6,2,4,6,7,6,19,1,27,17,5,8,0,6,0,0,3,42,2,25,4,26,18,19,1,5,86,15,17,11,7,0,14,0,2
2024-12,68,50,8,1,0,8,47,16,1,13,8,0,0,9,15,41,12,0,1,10,12,3,5,1,15,3,7,11,0,19,17,2,4,2,3,0,1,4,46,5,49,2,25,14,12,1,7,63,26,8,7,5,0,7,0,1
2024-12,69,69,7,0,1,17,41,27,4,16,4,1,0,16,24,69,21,8,3,12,6,2,4,1,5,13,3,10,6,26,19,2,3,1,6,0,0,0,36,8,67,5,37,10,10,0,9,25,28,9,7,3,1,10,0,3
2024-12,70,45,4,7,0,30,9,2,3,30,0,0,3,17,9,115,118,8,8,21,0,10,8,1,5,42,7,4,1,23,11,6,4,2,15,0,0,10,12,3,31,8,16,7,6,1,14,82,0,2,10,8,1,8,0,1
2024-12,71,71,18,7,1,35,38,20,1,22,0,2,2,31,23,114,25,9,4,31,7,13,15,13,11,7,16,9,3,33,23,3,13,4,3,1,2,9,29,2,48,1,72,21,15,8,15,0,17,27,12,8,1,11,0,7
2024-12,72,12,5,1,0,13,7,3,2,36,1,0,4,14,2,35,3,4,4,8,0,1,4,1,1,20,3,5,1,16,5,2,6,2,10,0,2,6,13,2,32,5,18,13,5,14,7,1,7,4,11,9,1,6,0,16
2024-12,73,49,4,1,2,26,12,6,3,16,0,2,4,25,16,73,9,3,2,6,2,5,1,5,3,13,8,13,1,13,5,5,6,7,3,4,5,10,38,8,30,6,15,6,12,0,17,68,9,13,8,8,0,15,0,4
2024-12,74,22,6,1,0,8,1,0,1,15,0,1,1,5,1,37,1,1,1,9,1,1,1,0,0,17,8,0,1,30,1,3,1,3,2,1,0,1,2,1,16,1,8,2,3,0,8,42,0,2,1,5,0,2,0,3
2024-12,75,15,4,2,0,19,14,3,0,12,3,0,7,13,11,57,3,5,5,10,0,4,12,9,3,17,11,9,1,15,4,5,6,4,9,0,0,2,19,1,36,2,27,12,10,3,18,13,11,11,13,3,0,6,0,7
2024-12,76,30,0,0,0,1,3,0,1,1,0,1,0,4,0,6,6,0,0,2,0,0,0,0,0,2,0,3,3,3,1,0,0,2,2,0,0,0,2,0,7,1,6,0,1,0,1,0,0,0,0,1,0,1,0,0
2024-12,77,52,1,7,1,13,18,16,1,8,1,4,2,1,13,13,129,14,1,5,5,1,4,4,2,21,0,3,3,27,26,3,8,11,15,3,3,5,2,6,14,3,81,1,13,3,6,101,0,2,9,14,0,2,0,87
2025-01,0,4363,517,347,74,1586,1491,1055,214,2113,137,166,217,721,703,3099,7459,440,195,716,242,1460,368,209,468,2907,511,466,220,2123,622,177,354,555,889,72,160,378,888,213,2946,287,2430,343,244,296,395,5062,299,385,1476,1059,64,482,0,179
2025-01,1,66,4,5,4,5,33,18,5,17,1,0,6,4,7,7,179,1,1,8,4,5,6,5,4,101,4,3,0,56,14,1,11,8,14,3,2,5,9,4,52,5,23,6,3,1,3,51,1,2,11,34,0,2,0,6
2025-01,2,113,8,9,3,15,28,13,6,43,0,6,1,13,12,55,84,2,3,4,14,36,4,1,8,102,10,9,3,39,21,0,12,22,22,1,0,7,5,3,38,5,30,8,7,1,10,201,1,4,18,39,0,7,0,3
2025-01,3,48,4,1,1,4,55,34,4,16,6,2,3,7,14,12,73,6,2,8,3,19,7,2,0,50,7,4,3,28,11,1,4,15,21,1,0,3,1,12,42,6,49,1,2,6,4,56,3,3,15,38,0,3,0,6
2025-01,4,48,4,7,1,18,18,6,1,8,0,2,1,8,10,28,72,1,1,7,4,9,2,4,2,52,10,2,0,38,6,0,7,5,12,2,0,3,2,2,45,1,40,6,5,8,2,6,0,1,30,41,1,7,0,3
2025-01,5,43,13,9,4,46,9,5,1,15,1,1,7,6,4,45,125,9,1,7,4,7,3,0,1,56,7,2,5,34,3,5,7,10,15,1,0,5,3,4,26,6,55,3,2,4,5,41,0,1,16,22,0,8,0,14
2025-01,6,53,15,21,3,30,32,16,8,22,1,5,16,35,10,31,246,14,3,23,8,15,4,1,4,100,14,8,15,99,13,3,6,9,26,1,4,21,6,5,56,1,131,18,5,1,4,156,4,7,37,30,1,2,0,17
2025-01,7,29,18,7,3,10,16,7,2,45,1,3,17,11,9,20,141,26,7,16,10,27,8,2,1,87,16,6,7,64,21,5,6,16,45,2,3,6,4,5,52,2,116,3,6,1,8,295,1,3,21,18,0,7,0,8
2025-01,8,22,0,1,1,4,20,10,1,23,1,11,2,6,13,8,237,23,1,9,4,19,3,0,3,76,0,4,19,22,8,3,2,15,24,1,0,13,6,10,52,7,77,0,2,1,0,119,2,2,16,7,5,1,0,3
2025-01,9,10,1,3,1,15,1,1,0,23,0,1,0,3,0,19,0,5,0,1,0,6,0,0,1,31,5,0,0,6,2,2,6,3,3,0,0,0,0,0,14,1,11,3,2,0,8,110,3,0,5,6,0,0,0,0
2025-01,10,57,13,4,1,47,5,2,1,50,0,0,0,5,1,68,9,7,4,7,1,20,8,2,5,79,15,1,0,25,3,6,10,8,11,0,0,16,2,0,77,5,36,3,4,3,12,52,5,0,35,29,2,10,0,1
2025-01,11,64,4,4,3,20,6,1,3,38,0,0,0,7,3,31,41,2,3,7,3,10,1,1,0,28,4,0,2,38,4,6,5,5,11,0,0,1,0,1,14,3,23,3,7,2,11,113,0,0,41,23,0,6,0,2
2025-01,12,23,3,5,0,17,4,2,0,44,1,1,0,23,0,39,9,2,2,7,3,5,1,7,3,84,2,9,0,12,1,4,8,18,3,0,0,1,0,4,33,4,22,2,5,8,11,34,0,0,126,15,4,8,0,0
2025-01,13,28,1,1,0,8,10,1,0,14,0,0,0,5,1,18,11,2,0,1,1,5,1,11,0,52,4,2,1,7,5,1,0,6,6,0,0,0,0,1,16,1,24,2,2,0,0,0,0,2,65,4,0,7,0,1
2025-01,14,68,4,13,2,17,15,8,2,54,1,1,0,9,17,52,58,5,2,11,3,26,9,3,0,57,7,8,2,55,12,7,0,9,21,0,0,5,7,3,35,8,27,3,0,6,3,90,3,0,73,41,0,13,0,10
2025-01,15,128,9,10,1,56,28,13,4,46,0,32,1,11,7,95,83,8,8,16,1,30,8,4,1,54,14,6,2,56,6,1,17,12,32,1,4,7,4,0,39,3,84,4,5,22,15,3,5,1,23,52,1,12,0,9
2025-01,16,106,8,18,0,33,19,10,2,56,1,3,4,15,12,72,166,3,2,9,4,18,10,1,8,114,8,5,2,42,14,1,6,2,24,0,0,5,2,2,47,3,37,8,11,7,11,130,2,1,49,36,1,4,0,9
2025-01,17,143,12,5,3,35,13,4,3,46,0,3,1,10,9,72,8,6,5,19,6,43,7,4,4,46,7,2,2,44,9,5,6,26,11,0,4,10,2,2,65,3,14,8,11,1,5,139,4,2,38,19,2,6,0,1
2025-01,18,39,6,3,2,19,5,2,1,14,0,3,0,4,1,18,13,2,1,5,0,4,1,0,1,11,4,0,0,3,1,3,1,5,5,1,0,3,5,0,19,0,16,0,1,0,3,0,1,1,15,7,0,3,0,1
2025-01,19,252,15,12,2,93,19,6,2,73,1,2,0,8,29,141,105,4,6,24,5,16,10,8,15,76,14,2,5,55,11,4,3,16,46,2,3,5,10,0,47,8,48,11,9,3,24,23,5,1,14,45,1,8,0,0
2025-01,20,44,4,11,0,19,6,5,1,22,0,0,0,1,11,46,68,3,5,6,3,10,3,2,3,20,3,2,1,21,6,3,7,1,12,1,4,4,5,0,10,1,16,1,0,3,2,83,1,3,6,11,0,3,0,4
2025-01,21,95,9,15,1,19,13,3,1,20,1,0,0,0,4,36,248,6,0,9,4,16,16,5,4,97,10,3,5,72,4,5,3,6,28,3,1,3,3,0,29,8,22,4,4,0,4,142,1,5,19,15,1,6,0,4
2025-01,22,98,17,22,4,44,29,13,5,66,2,2,2,25,16,56,298,12,6,9,10,44,9,5,8,48,17,5,7,62,17,4,7,12,27,0,7,15,5,6,47,3,122,9,5,12,8,2,1,6,19,34,3,6,0,12
2025-01,23,129,3,6,0,49,28,15,7,35,7,2,4,15,19,84,141,6,5,24,8,39,10,5,27,28,5,11,5,47,15,2,9,4,5,0,1,5,18,4,51,7,45,8,3,10,5,4,10,5,8,8,0,6,0,5
2025-01,24,80,6,15,4,55,23,15,6,58,5,3,2,27,26,69,652,24,5,31,14,44,22,7,7,77,22,10,10,106,43,3,13,17,53,0,0,3,4,21,84,8,82,12,6,9,6,272,3,3,19,51,4,8,0,12
2025-01,25,221,21,15,4,76,93,53,16,98,9,5,8,26,34,157,115,17,14,37,12,74,9,9,24,49,5,23,3,53,25,6,14,14,20,0,3,10,64,11,134,8,63,10,11,2,13,318,10,28,132,31,5,37,0,2
2025-01,26,36,7,1,0,16,13,19,2,12,7,2,0,4,13,41,28,2,4,6,1,17,0,1,3,14,3,1,1,9,11,0,2,3,5,0,0,0,3,1,14,6,36,6,0,0,1,45,4,1,3,1,0,0,0,1
2025-01,27,38,6,2,0,18,20,24,4,25,3,0,1,3,18,43,34,0,0,14,0,19,4,0,1,18,9,11,2,7,12,0,3,7,14,0,3,2,15,10,13,2,30,5,3,7,2,2,3,3,3,12,0,2,0,0
2025-01,28,54,7,3,1,20,46,28,2,30,1,10,3,15,28,27,445,12,3,12,1,18,8,10,6,90,5,6,16,30,15,4,10,48,110,10,5,25,20,13,71,9,137,0,5,3,4,23,1,2,7,21,1,8,0,1
2025-01,29,69,9,2,0,16,52,36,5,44,12,4,2,9,29,63,50,7,3,19,10,45,8,5,13,12,5,13,4,20,10,2,5,2,7,0,3,5,25,2,58,7,23,10,3,1,5,139,7,14,3,12,2,7,0,0
2025-01,30,109,4,15,1,40,49,11,5,49,4,2,2,11,15,78,459,9,5,10,3,28,7,0,34,63,28,7,2,27,14,2,4,9,20,0,0,5,23,1,51,5,28,3,1,12,3,165,2,7,14,21,1,6,0,1
2025-01,31,41,2,6,0,18,19,10,4,22,1,6,0,17,5,20,280,6,8,4,4,85,2,3,15,31,8,1,9,34,5,3,2,3,9,1,1,2,12,5,22,9,55,0,1,0,0,159,6,2,6,9,2,7,0,3
2025-01,32,14,0,1,0,0,8,3,1,25,1,6,4,1,4,2,306,10,1,0,4,1,5,2,2,56,0,2,8,2,5,5,2,5,7,3,0,4,1,4,27,11,72,0,1,0,0,1,0,2,12,8,0,6,0,1
2025-01,33,9,3,3,0,0,11,10,2,3,0,3,2,5,2,4,35,1,0,4,0,2,0,0,2,18,2,9,5,3,0,3,0,1,4,0,0,0,0,0,14,9,15,1,2,0,0,72,0,1,4,3,0,3,0,0
2025-01,34,15,2,1,0,4,8,0,3,1,0,1,0,2,1,25,129,0,1,5,2,3,0,0,0,10,2,0,11,25,0,0,1,1,2,1,1,3,2,0,36,0,1,0,0,3,0,0,1,0,1,1,0,0,0,0
2025-01,35,4,0,0,0,5,8,7,2,4,0,2,8,3,0,4,10,1,0,3,2,4,0,1,1,6,1,3,0,3,1,0,3,3,3,0,0,1,4,0,24,3,18,1,1,0,0,0,0,3,3,1,0,0,0,0
2025-01,36,5,1,0,0,0,8,25,0,1,0,1,1,2,0,3,3,2,0,0,0,2,1,2,1,4,2,1,0,2,0,0,1,0,0,0,0,1,1,0,3,1,5,1,0,0,0,0,0,0,0,2,0,0,0,0
2025-01,37,8,1,0,0,3,5,1,0,2,1,1,0,1,3,4,10,0,0,1,1,9,0,0,0,3,0,1,0,3,0,1,1,1,1,0,1,2,2,1,12,1,4,1,0,0,1,0,1,2,0,1,0,1,0,0
2025-01,38,37,4,4,1,7,22,31,1,12,3,2,0,6,4,22,17,1,0,4,1,30,2,1,2,3,2,1,0,17,14,2,1,7,4,0,0,8,11,4,42,2,20,5,2,0,1,1,3,6,2,4,1,2,0,0
2025-01,39,23,2,1,0,5,12,17,5,5,0,0,4,2,3,9,9,3,0,2,2,7,0,0,1,16,2,3,3,9,7,1,0,1,1,0,0,1,10,1,7,3,16,2,0,1,0,59,0,1,5,3,0,1,0,0
2025-01,40,24,5,0,0,1,23,19,1,3,3,0,2,8,6,9,20,6,0,1,1,3,2,1,8,4,1,11,0,6,9,3,4,1,1,0,0,1,12,5,14,3,18,1,0,0,0,31,0,4,3,1,0,1,0,0
2025-01,41,8,3,2,0,7,13,10,0,4,2,0,2,11,2,6,2,6,0,0,2,9,3,1,0,14,1,2,7,4,1,0,2,2,2,0,0,6,0,1,4,1,24,3,0,4,1,0,0,1,15,6,0,0,0,0
2025-01,42,43,12,1,1,9,31,33,0,5,6,1,1,9,5,27,1,2,0,1,5,13,1,6,2,21,1,3,3,13,7,0,2,2,0,0,1,3,16,1,20,3,16,4,5,0,7,87,4,5,5,4,0,1,0,0
2025-01,43,70,1,0,0,13,124,139,3,25,0,1,18,26,15,44,1,11,0,21,3,49,6,5,9,18,7,20,1,13,27,2,10,4,4,1,3,5,32,2,32,1,25,8,2,1,5,33,7,15,36,14,2,16,0,3
2025-01,44,49,9,1,1,22,53,39,2,36,1,4,1,14,7,51,4,6,1,14,4,17,5,1,4,30,5,21,3,7,15,3,8,9,1,1,7,3,37,2,61,3,21,9,6,0,7,8,10,11,40,14,3,12,0,1
2025-01,45,17,2,1,2,5,7,8,3,19,0,0,1,4,4,23,5,1,0,7,1,10,8,0,1,4,3,4,0,3,1,1,1,4,1,0,0,0,4,4,12,5,12,1,0,0,5,0,2,2,68,3,1,10,0,1
2025-01,46,39,15,0,2,24,22,28,1,12,1,1,13,6,10,44,16,5,1,7,5,35,3,0,2,27,1,4,0,24,12,0,7,6,12,0,11,7,19,3,88,0,19,18,4,0,4,70,19,11,38,4,1,11,0,0
2025-01,47,5,0,0,0,0,0,0,1,4,0,0,0,0,1,4,4,0,0,3,0,3,0,0,0,10,2,1,0,1,0,0,0,0,0,0,0,0,0,0,4,0,0,0,0,0,4,0,1,0,6,2,0,2,0,0
2025-01,48,18,2,0,0,12,4,2,0,20,2,0,1,9,2,31,1,6,2,3,4,22,4,1,4,17,2,3,1,5,4,0,6,5,2,0,1,2,12,1,22,2,11,6,7,0,1,79,1,2,52,4,1,6,0,0
2025-01,49,49,31,4,0,33,22,39,5,64,5,3,4,10,39,72,10,6,8,18,3,38,6,12,17,35,8,11,3,23,7,3,4,21,2,3,21,11,37,2,105,8,31,7,12,2,15,165,29,18,22,10,1,20,0,2
2025-01,50,18,0,1,1,2,0,2,0,13,1,0,3,3,5,8,2,2,1,2,0,5,0,0,1,3,2,2,2,3,2,1,1,0,2,0,0,0,4,0,21,1,5,2,1,0,1,0,3,3,19,2,0,1,0,0
2025-01,51,50,3,0,0,18,5,5,1,33,1,1,3,18,2,29,16,5,4,7,1,28,4,1,3,34,2,17,0,4,4,1,4,1,3,0,0,4,27,1,40,2,12,10,0,7,3,3,3,7,2,4,0,12,0,0
2025-01,52,45,1,4,2,28,6,3,1,8,1,0,0,10,1,34,15,4,2,7,2,11,8,0,6,6,1,5,0,6,0,0,1,8,4,1,4,1,12,1,74,4,26,3,1,1,7,111,2,3,5,3,0,4,0,0
2025-01,53,39,14,1,2,31,19,13,2,16,1,1,0,19,28,54,4,3,3,10,2,11,9,7,5,16,3,9,0,3,5,0,11,13,3,1,4,6,29,1,74,5,5,12,5,0,9,75,14,14,10,7,1,14,0,1
2025-01,54,5,0,0,0,2,1,2,0,4,0,0,0,4,1,6,2,3,0,0,2,4,1,0,2,5,0,6,1,1,3,0,0,0,0,0,0,1,13,0,12,6,2,2,1,0,1,0,0,3,2,0,0,3,0,0
2025-01,55,20,4,2,0,14,2,1,0,10,1,0,0,4,3,16,20,0,2,1,0,11,2,2,2,23,4,2,3,0,2,0,0,3,4,0,2,3,9,0,58,1,10,0,2,1,5,0,1,3,2,5,0,2,0,1
2025-01,56,77,10,0,0,23,11,1,3,72,1,1,1,6,5,76,98,5,8,6,2,16,20,12,14,30,38,2,1,96,3,5,5,8,13,0,0,4,3,3,82,3,35,2,4,1,9,140,2,2,9,18,2,9,0,0
2025-01,57,45,1,0,2,10,3,1,2,9,0,1,14,5,2,14,157,1,1,4,0,7,0,0,2,22,2,3,0,9,7,0,2,0,3,2,0,1,4,3,12,0,30,2,0,1,3,126,1,2,3,4,0,2,0,0
2025-01,58,99,4,7,0,21,9,3,4,31,0,1,0,9,6,39,346,4,4,4,1,10,4,8,10,15,7,5,3,38,8,1,4,5,10,3,0,12,13,0,30,1,22,3,4,0,6,97,0,4,7,12,0,4,0,0
2025-01,59,38,4,3,0,15,6,0,2,9,1,0,4,2,1,16,143,2,1,3,0,8,4,11,7,29,3,3,0,6,3,1,2,2,6,13,4,8,3,2,34,1,29,0,2,22,2,20,0,1,4,1,0,0,0,1
2025-01,60,56,5,1,0,23,10,4,6,10,0,0,14,6,9,30,263,3,2,3,6,27,3,1,5,20,10,2,4,77,7,2,4,7,10,0,1,7,4,2,25,3,15,1,2,101,2,97,1,2,17,3,1,5,0,2
2025-01,61,134,18,7,0,36,26,20,3,17,5,4,0,13,13,56,254,8,1,12,0,25,2,1,8,28,7,13,1,116,11,3,2,5,5,1,6,6,20,1,67,4,17,5,1,0,7,4,11,9,5,2,2,8,0,2
2025-01,62,69,3,0,0,14,3,2,1,17,0,1,1,4,0,18,108,1,1,4,0,3,1,0,2,25,6,5,0,20,2,0,5,0,6,1,0,2,5,1,11,3,10,0,3,0,6,1,0,2,2,3,0,2,0,0
2025-01,63,103,7,5,1,29,17,7,1,46,0,2,0,9,5,53,289,3,0,10,1,12,2,7,19,27,9,10,0,38,3,2,2,4,10,1,5,6,12,0,25,1,8,4,0,7,2,1,1,3,1,15,0,4,0,1
2025-01,64,46,8,2,0,18,6,4,1,26,0,1,0,1,2,36,25,10,1,8,0,18,9,0,2,49,4,1,2,135,3,3,2,3,4,1,1,3,1,0,30,4,19,2,4,0,2,2,1,1,10,3,2,3,0,0
2025-01,65,84,8,2,0,21,5,2,2,39,0,2,0,4,1,55,128,1,1,1,4,8,6,1,19,82,7,7,0,10,2,0,6,3,11,0,2,2,12,0,25,3,24,2,2,0,3,76,0,4,3,12,0,1,0,0
2025-01,66,135,8,13,2,33,29,23,2,46,4,1,3,14,23,79,166,10,2,24,7,25,8,1,27,40,13,9,4,25,10,1,9,6,16,1,7,6,43,2,48,6,30,3,5,2,8,92,5,18,15,21,0,12,0,1
2025-01,67,54,9,3,0,34,35,25,2,18,2,1,2,21,23,70,78,0,1,14,6,30,4,0,20,10,7,16,0,21,9,0,4,3,8,0,5,6,37,3,30,2,32,14,3,1,6,98,13,17,16,6,0,13,0,2
2025-01,68,28,5,0,2,19,32,22,3,14,7,1,1,13,20,52,92,3,2,11,4,23,7,0,14,11,9,17,2,27,9,3,3,1,1,0,1,11,31,3,29,2,58,10,2,1,5,141,9,13,13,7,1,7,0,4
2025-01,69,71,5,1,1,9,56,52,26,26,7,1,1,24,17,49,16,5,4,23,1,30,3,5,4,17,9,17,4,8,17,3,7,2,3,1,5,9,22,9,81,2,42,4,3,0,5,49,11,10,15,14,1,12,0,1
2025-01,70,59,18,4,0,22,3,1,6,100,1,0,0,7,8,127,81,6,7,30,2,15,12,0,5,89,6,6,4,25,8,3,7,17,31,3,6,8,15,2,43,3,21,8,2,1,13,80,0,12,8,19,1,15,0,1
2025-01,71,75,24,2,1,36,39,36,3,63,7,0,3,27,22,81,20,9,4,27,1,39,6,3,10,32,10,17,3,17,17,6,5,13,2,0,3,4,41,6,63,3,48,7,7,0,9,6,29,32,19,14,3,21,0,0
2025-01,72,17,8,0,0,23,4,4,0,23,0,0,4,9,1,33,0,1,2,7,2,24,0,0,3,12,7,4,0,8,2,1,2,8,3,0,1,0,6,0,46,5,13,6,1,1,9,3,1,1,18,2,0,3,0,1
2025-01,73,36,10,6,1,26,6,2,0,22,3,2,0,9,5,48,5,13,11,13,1,11,8,5,8,30,5,13,2,13,4,5,7,19,4,1,5,4,34,5,26,6,16,5,7,2,14,73,16,12,13,5,1,14,0,2
2025-01,74,5,4,0,0,17,3,4,1,21,0,0,4,2,0,29,2,2,2,5,1,9,0,2,1,18,11,3,0,18,0,6,1,4,2,0,0,0,1,2,21,2,9,0,0,0,5,46,2,3,4,15,0,2,0,0
2025-01,75,23,6,2,0,17,9,3,1,25,2,1,6,7,6,38,1,5,4,7,2,26,5,0,5,16,10,4,3,8,6,2,3,6,1,1,4,8,18,1,28,5,19,2,7,1,8,7,5,9,34,11,2,4,0,1
2025-01,76,93,0,0,0,3,6,0,0,4,0,2,0,3,0,4,0,0,0,0,1,0,0,0,0,21,0,0,0,1,3,2,2,1,0,0,0,0,0,0,5,3,3,0,0,0,0,0,0,0,0,1,0,0,0,0
2025-01,77,48,0,11,2,10,32,11,7,18,0,4,8,6,9,14,67,32,0,9,5,8,3,1,2,98,5,2,3,16,20,10,4,4,15,1,0,3,4,2,26,5,20,6,2,1,2,135,1,1,21,33,0,3,0,11
2025-02,0,4394,437,392,37,1227,1327,630,182,1272,193,120,244,786,743,2795,7461,472,144,506,342,507,445,186,332,4936,318,520,220,2068,730,289,279,400,950,51,199,408,963,289,2451,320,2152,322,364,1077,589,5428,268,400,830,268,62,277,0,115
2025-02,1,63,1,4,3,10,30,13,4,8,0,0,19,3,3,15,167,3,1,2,7,1,12,2,4,79,1,3,1,48,12,0,6,4,15,0,0,4,3,1,39,2,21,3,5,9,4,91,0,4,5,3,0,0,0,3
2025-02,2,127,4,10,1,9,20,16,7,26,0,3,2,18,8,54,55,5,3,10,8,7,8,0,7,122,1,5,3,39,17,7,13,19,17,0,2,1,5,7,23,2,18,9,12,25,16,104,0,2,11,6,4,5,0,3
2025-02,3,53,9,4,0,3,36,10,0,12,5,1,9,12,15,7,117,8,0,3,8,3,9,11,8,39,1,6,6,20,9,2,6,2,12,3,1,3,1,2,42,6,45,1,2,21,3,73,0,7,15,4,0,0,0,1
2025-02,4,46,1,7,0,11,13,4,1,8,0,3,3,8,4,25,85,2,0,3,0,2,5,1,2,60,6,8,2,26,5,2,5,3,11,1,2,2,7,4,40,3,27,5,6,3,12,121,0,2,12,4,0,1,0,2
2025-02,5,36,25,12,1,20,5,6,5,11,0,0,1,8,6,32,103,7,1,2,11,6,4,8,1,84,4,3,1,32,5,10,2,12,13,0,3,2,1,5,22,2,29,2,4,20,6,9,2,1,10,3,4,3,0,6
2025-02,6,47,15,6,0,27,29,9,13,7,2,8,7,20,7,43,218,8,0,8,13,10,7,4,4,83,6,8,6,86,17,5,12,10,22,0,4,5,3,9,59,4,61,4,15,12,8,259,0,3,28,10,3,2,0,13
2025-02,7,38,10,7,0,18,17,5,7,21,3,2,8,12,8,28,164,23,4,11,5,19,11,5,4,166,5,3,7,66,14,7,2,6,27,1,1,13,2,7,30,2,44,2,5,8,6,280,2,0,13,4,1,1,0,9
2025-02,8,17,3,5,3,3,25,7,2,25,4,9,47,7,10,12,194,37,1,1,9,5,4,2,9,134,0,12,15,14,3,10,1,12,52,2,2,11,4,7,38,26,105,1,2,2,1,66,1,1,9,6,1,1,0,3
2025-02,9,17,1,3,0,10,1,1,0,17,0,0,0,2,1,13,1,3,1,0,0,2,1,0,0,33,2,3,1,3,3,3,2,1,0,0,0,7,1,1,3,0,9,0,4,1,6,67,2,0,6,1,0,0,0,0
2025-02,10,46,12,3,0,25,8,1,1,22,0,1,2,12,0,57,15,9,1,10,6,0,6,2,0,122,1,5,1,15,5,8,4,11,6,1,0,3,4,1,29,5,19,4,11,14,25,94,5,1,24,2,1,4,0,0
2025-02,11,62,5,6,1,23,11,2,3,15,0,0,1,5,2,24,15,5,2,2,1,3,3,0,0,81,1,13,1,41,5,5,3,4,4,0,0,0,4,5,16,3,29,6,11,29,8,97,2,1,13,1,0,5,0,1
2025-02,12,24,3,0,0,10,4,0,1,29,2,1,0,7,3,26,15,5,1,4,3,1,1,2,0,96,3,7,0,13,0,2,4,10,5,0,0,5,0,7,27,0,214,2,3,1,15,8,1,0,30,2,1,3,0,2
2025-02,13,32,1,7,0,4,4,1,1,14,1,0,1,8,3,16,32,5,1,1,6,0,3,2,0,95,2,2,1,17,5,4,1,2,4,0,0,1,4,0,18,1,11,2,4,2,4,1,0,0,10,0,2,3,0,0
2025-02,14,74,3,7,0,18,16,6,5,11,0,1,3,7,12,35,95,13,3,6,2,1,6,6,2,90,2,3,2,51,16,7,1,2,18,1,0,4,8,3,24,0,11,4,7,32,11,74,1,5,15,5,0,4,0,6
2025-02,15,111,3,16,2,48,31,13,0,36,1,5,0,21,8,83,108,5,5,11,9,4,10,4,2,138,7,8,2,54,10,5,8,10,32,1,2,3,15,4,53,6,40,5,7,194,16,8,5,4,24,6,7,10,0,5
2025-02,16,135,3,18,0,17,24,4,1,15,2,1,3,13,23,48,188,7,1,16,7,6,12,2,3,185,6,3,4,42,11,4,4,4,22,0,2,3,5,5,62,2,51,4,13,29,10,75,1,2,31,5,2,3,0,7
2025-02,17,130,3,9,0,35,14,3,6,53,1,0,1,6,6,65,29,2,4,17,12,13,8,1,4,127,8,7,3,107,15,4,9,6,16,1,0,0,4,3,92,8,15,3,15,19,17,130,5,1,15,10,1,8,0,0
2025-02,18,37,2,1,0,17,4,0,1,10,0,2,1,2,3,23,5,0,0,7,2,0,0,1,2,18,1,2,1,9,3,1,1,1,2,0,0,2,5,2,20,0,12,2,0,1,5,0,3,0,3,2,0,1,0,0
2025-02,19,233,9,30,1,57,29,5,5,82,1,6,3,18,19,136,142,10,4,19,6,17,13,2,4,101,7,8,1,76,21,11,7,15,42,0,8,11,11,8,44,9,33,2,8,1,16,52,4,3,6,20,1,6,0,1
2025-02,20,43,9,12,0,8,4,2,1,11,0,0,0,3,13,29,119,2,0,5,2,2,6,3,12,27,1,2,2,20,3,1,0,1,24,1,3,3,1,0,23,0,7,2,0,5,0,26,0,0,7,3,0,0,0,0
2025-02,21,59,11,17,0,9,6,2,2,15,3,2,0,6,9,31,240,4,0,4,2,2,12,0,6,128,4,0,1,34,3,5,5,7,31,2,3,6,2,0,24,5,27,6,4,141,14,208,0,2,15,5,0,0,0,5
2025-02,22,73,12,25,0,31,33,6,3,37,4,1,1,13,14,72,430,17,1,16,12,10,18,6,12,180,14,5,8,61,19,12,8,10,43,2,6,12,4,6,32,6,86,17,11,53,14,38,3,2,30,16,2,7,0,8
2025-02,23,105,8,18,0,29,25,15,7,21,2,3,3,24,30,90,120,12,5,13,8,22,9,0,13,38,11,5,4,40,11,3,9,9,20,0,2,4,32,9,21,2,19,4,5,54,4,7,7,6,9,5,1,11,0,1
2025-02,24,105,4,17,0,43,40,4,9,68,7,2,2,27,25,65,509,22,8,21,13,26,13,9,3,152,21,3,9,109,46,14,3,13,41,2,7,22,12,8,58,10,69,13,11,82,9,307,2,6,35,23,3,7,0,7
2025-02,25,233,16,15,4,53,69,58,7,43,12,7,4,14,54,139,50,8,4,18,11,22,11,14,8,141,16,19,3,55,42,3,12,9,29,2,3,15,37,14,99,14,44,14,11,10,30,261,10,24,47,10,0,20,0,2
2025-02,26,40,2,7,0,6,16,10,2,8,13,1,1,3,14,34,25,3,3,7,3,5,1,0,0,18,2,7,1,8,16,1,0,11,31,0,3,6,15,31,9,4,15,3,2,4,1,31,2,3,1,1,0,1,0,0
2025-02,27,20,7,5,0,16,20,15,1,12,26,2,0,9,24,38,34,1,0,4,1,8,4,0,4,35,4,4,1,12,37,2,3,14,29,0,1,10,19,39,24,4,18,3,3,29,3,6,3,6,5,2,0,1,0,1
2025-02,28,40,22,2,0,22,20,16,6,19,3,5,3,7,26,20,275,9,1,14,4,11,12,2,4,123,5,4,13,34,7,5,7,10,38,0,0,13,6,4,82,14,76,2,8,8,1,41,0,5,12,6,0,5,0,1
2025-02,29,45,9,5,0,18,31,9,1,13,17,3,11,14,29,54,76,7,3,9,8,7,4,0,4,27,5,17,1,22,9,1,0,2,5,1,1,4,43,4,64,5,32,3,0,1,14,121,10,13,3,2,0,3,0,0
2025-02,30,98,18,5,0,28,37,9,10,19,2,3,0,14,13,55,314,6,2,2,4,8,10,0,19,50,11,13,2,16,12,4,5,3,16,2,0,6,30,1,18,2,31,0,5,3,5,162,0,12,5,4,0,1,0,0
2025-02,31,42,5,2,0,20,25,4,8,15,2,0,3,11,10,24,195,7,3,4,5,27,2,5,7,63,15,6,7,39,13,3,5,7,15,2,1,7,13,2,24,12,26,2,5,97,0,103,1,2,9,5,1,5,0,0
2025-02,32,9,1,2,0,2,13,1,0,6,0,5,2,2,0,1,269,12,0,3,2,0,2,1,4,69,0,11,17,4,2,1,0,12,10,0,0,6,3,1,73,5,85,3,0,2,2,6,2,3,6,3,0,1,0,0
2025-02,33,10,0,0,0,4,3,0,1,3,1,2,1,2,3,5,50,2,0,5,1,2,5,0,0,26,0,2,2,1,2,3,0,3,3,0,0,0,1,1,12,2,28,0,1,0,0,86,0,4,1,1,0,0,0,1
2025-02,34,11,0,2,0,6,6,1,4,5,1,0,0,4,2,10,49,1,1,2,4,2,0,0,2,25,1,2,10,25,4,0,0,2,7,0,0,5,2,2,12,0,7,0,0,0,1,13,0,0,1,1,0,0,0,0
2025-02,35,15,0,0,1,2,12,2,0,2,0,1,1,10,1,2,16,1,0,1,1,4,0,0,2,20,2,2,3,3,2,2,1,0,1,0,4,3,4,1,28,2,15,0,1,0,1,4,1,3,3,0,1,0,0,0
2025-02,36,6,0,0,0,0,5,5,0,0,0,0,2,0,0,3,1,0,0,2,0,2,0,0,0,11,0,1,0,3,1,0,0,0,0,0,0,4,1,0,3,0,2,0,0,0,0,56,2,0,1,0,0,0,0,0
2025-02,37,9,0,0,0,1,0,0,1,1,0,0,0,1,7,5,21,0,0,2,2,1,0,3,0,9,1,1,1,14,4,0,0,0,3,0,0,7,5,0,2,1,8,1,1,0,0,1,4,0,0,1,0,0,0,0
2025-02,38,34,2,1,2,7,13,9,0,13,3,2,1,4,6,17,35,8,1,11,1,3,6,0,1,14,4,4,4,21,6,6,2,1,1,0,2,5,16,5,32,2,21,4,1,1,2,0,4,4,5,0,2,1,0,1
2025-02,39,13,1,0,0,3,11,13,1,2,0,0,1,3,4,11,15,4,0,1,2,2,0,0,1,16,0,3,1,1,6,0,0,1,1,0,0,4,2,0,22,4,12,1,4,3,1,24,2,1,2,1,0,0,0,0
2025-02,40,9,1,0,1,6,18,19,0,2,3,0,4,6,1,11,36,2,0,2,0,4,3,1,1,27,4,10,0,2,4,0,0,1,2,0,2,1,17,3,24,2,13,3,1,0,1,92,0,3,1,0,0,3,0,0
2025-02,41,11,0,2,0,7,20,8,0,1,0,2,4,5,1,6,40,3,0,7,3,0,1,0,2,28,5,7,6,13,5,1,0,5,5,0,0,0,5,0,17,1,20,1,2,1,12,34,0,0,13,0,0,1,0,2
2025-02,42,30,2,6,0,9,33,19,0,10,6,1,4,16,11,14,22,3,0,9,11,9,3,1,0,19,2,21,2,9,10,1,4,2,2,0,1,2,17,1,24,3,13,8,5,1,1,0,1,6,6,0,1,7,0,0
2025-02,43,57,1,1,1,16,109,76,1,24,5,2,10,26,23,45,21,3,3,13,4,16,15,0,13,82,12,14,2,10,27,2,7,4,3,1,2,5,20,4,18,4,32,7,4,2,14,103,10,18,19,10,3,14,0,4
2025-02,44,30,21,0,1,12,38,20,0,19,1,2,0,23,13,36,5,5,4,14,9,7,5,0,5,40,6,19,6,9,15,6,7,4,9,0,1,3,30,3,20,4,4,13,9,0,14,0,4,14,17,2,0,7,0,1
2025-02,45,17,2,1,0,7,5,4,1,17,0,0,0,9,2,15,4,5,0,7,2,3,10,2,4,21,3,1,1,6,3,1,2,2,5,0,1,4,9,1,10,3,27,3,4,0,2,1,1,2,17,1,1,2,0,0
2025-02,46,95,4,4,2,15,25,24,1,5,5,0,9,6,15,39,13,3,2,9,7,9,5,1,3,62,3,17,0,15,8,1,5,4,8,0,5,4,31,2,31,5,22,14,0,2,12,72,10,17,29,2,2,7,0,0
2025-02,47,6,1,0,0,1,0,1,0,2,0,0,0,2,0,6,1,1,0,1,0,0,2,0,0,11,3,2,0,3,1,1,2,0,0,0,0,0,3,0,4,0,1,1,2,0,1,0,0,0,3,0,0,0,0,0
2025-02,48,20,6,0,0,5,8,5,0,21,0,2,0,16,1,22,4,3,4,1,5,3,4,0,5,16,1,8,1,2,3,2,2,2,2,0,4,1,15,1,14,6,39,4,5,0,15,18,4,4,22,7,2,3,0,0
2025-02,49,72,18,3,3,25,28,18,1,30,5,2,4,28,28,76,19,12,4,11,2,14,13,0,13,110,11,14,3,29,12,4,7,4,3,5,15,14,29,8,67,7,20,11,14,0,9,119,26,27,20,3,1,13,0,0
2025-02,50,20,1,1,0,9,1,4,1,10,1,1,4,6,2,13,4,1,2,1,0,1,0,0,0,18,4,1,1,3,1,3,2,3,3,0,2,3,11,0,12,0,5,1,3,1,24,7,2,2,7,1,0,2,0,2
2025-02,51,31,2,4,0,8,5,2,0,18,1,1,4,11,4,22,40,17,6,8,0,12,5,1,6,53,2,6,4,6,4,3,2,1,4,0,0,5,25,1,26,3,33,6,7,0,10,46,6,6,10,1,0,2,0,3
2025-02,52,68,3,5,0,24,2,2,1,6,1,0,0,1,4,40,48,4,0,1,0,2,6,0,3,30,0,1,3,3,4,1,2,9,2,0,4,3,9,2,46,4,20,1,1,0,5,152,0,5,5,1,0,4,0,0
2025-02,53,61,11,0,0,22,12,9,1,19,6,1,0,17,26,61,5,9,3,13,8,9,16,1,11,30,9,15,0,11,18,2,6,10,11,0,0,4,39,4,53,1,4,20,6,0,12,138,14,20,20,3,2,7,0,0
2025-02,54,4,1,0,0,0,2,3,0,6,0,0,1,4,0,0,0,2,0,0,0,1,0,1,3,5,0,2,0,0,0,0,1,0,0,0,0,1,20,0,13,1,1,0,2,0,1,0,1,8,0,2,0,0,0,0
2025-02,55,27,2,1,0,9,2,1,0,12,1,0,0,5,0,21,3,5,3,2,0,5,0,0,2,27,1,0,2,1,1,1,2,3,3,0,0,4,3,0,28,2,7,2,1,1,3,0,2,2,6,4,0,2,0,0
2025-02,56,52,5,2,0,15,7,3,2,17,0,0,0,3,2,54,109,5,6,11,1,8,15,5,3,94,6,3,1,51,7,6,4,3,12,2,8,10,5,1,42,3,16,3,8,9,15,141,4,6,9,5,3,3,0,0
2025-02,57,63,4,4,1,5,2,0,4,3,3,0,7,2,4,14,178,2,0,0,0,0,2,0,3,31,1,6,1,5,19,3,1,1,3,0,0,8,13,2,9,2,10,0,1,0,0,55,1,1,2,0,0,0,0,0
2025-02,58,94,5,8,0,16,17,1,2,9,2,1,0,13,8,38,381,4,0,5,2,3,1,1,5,44,3,2,4,14,4,6,4,1,26,0,2,5,10,1,49,7,22,3,3,0,1,4,1,9,6,1,1,4,0,0
2025-02,59,42,4,0,0,23,6,1,3,5,0,2,1,10,3,13,232,2,1,2,1,2,2,0,4,41,4,3,3,3,2,3,0,2,3,0,0,7,6,3,14,3,19,0,0,42,3,165,0,1,0,0,0,1,0,0
2025-02,60,58,2,6,1,17,13,0,3,24,1,1,10,7,3,30,154,11,2,7,5,7,1,0,7,54,8,4,1,49,5,10,3,8,7,1,0,4,2,8,33,6,34,2,3,48,6,117,5,0,7,1,0,1,0,0
2025-02,61,111,3,4,0,25,21,15,2,11,6,2,4,18,11,48,297,4,1,9,8,6,7,1,7,81,0,13,2,73,9,3,2,3,18,1,10,9,15,2,67,10,17,3,10,13,7,0,6,8,4,2,1,2,0,0
2025-02,62,60,3,6,0,10,4,0,1,4,0,2,0,5,2,27,110,4,0,3,0,0,4,0,5,54,2,0,0,17,1,2,2,0,27,0,3,1,4,0,25,3,8,1,1,0,1,2,0,0,3,0,0,1,0,0
2025-02,63,158,5,9,2,22,20,4,4,13,0,0,0,13,1,39,383,8,0,4,5,3,1,0,1,45,5,6,0,20,3,2,1,3,27,2,16,7,13,0,29,3,9,8,1,13,4,10,0,6,6,1,0,5,0,0
2025-02,64,66,6,8,0,7,2,0,1,11,1,0,1,3,2,28,26,5,3,4,3,5,3,0,4,74,1,3,3,135,1,2,2,3,9,0,6,6,9,2,16,6,79,1,0,1,1,6,0,1,8,1,0,2,0,0
2025-02,65,121,7,1,1,24,4,4,2,14,1,1,0,8,4,44,218,0,3,3,0,1,7,0,3,53,1,4,0,19,2,7,10,3,5,1,7,6,16,1,12,0,10,2,3,0,5,104,2,2,6,1,0,2,0,0
2025-02,66,148,8,3,0,24,23,13,3,36,0,0,1,13,14,75,214,9,1,9,12,7,7,0,13,74,6,15,1,17,13,5,5,2,11,4,6,7,27,2,17,5,29,6,3,3,8,144,7,17,8,6,0,8,0,1
2025-02,67,62,3,0,0,29,22,17,3,21,4,2,2,20,21,80,69,7,1,5,30,8,7,0,11,25,3,17,0,122,15,1,2,1,12,1,7,11,24,5,54,1,31,16,4,0,19,78,25,12,7,2,1,7,0,0
2025-02,68,61,6,0,0,12,49,15,1,11,8,4,0,19,33,48,41,2,1,7,5,10,7,1,7,31,6,9,2,17,9,3,11,2,5,1,12,14,38,1,39,6,20,3,8,0,3,124,9,6,4,3,0,4,0,0
2025-02,69,106,7,3,0,14,40,25,3,14,3,0,3,18,18,32,13,3,1,9,4,16,3,18,9,36,0,16,5,8,17,1,4,2,7,1,2,6,30,5,36,3,26,5,2,1,12,105,13,12,14,1,0,16,0,1
2025-02,70,65,13,1,3,30,5,3,5,24,0,1,3,18,5,92,70,6,10,2,2,10,7,6,4,75,3,3,1,19,13,5,6,9,20,1,0,11,19,1,51,7,20,5,2,0,15,104,0,4,10,3,1,4,0,2
2025-02,71,81,11,7,0,30,37,12,1,30,6,1,1,36,28,88,22,9,3,8,4,13,12,0,0,115,7,27,3,17,25,3,6,11,8,3,6,4,66,3,53,7,28,6,6,1,12,70,12,25,25,3,2,5,0,1
2025-02,72,18,1,0,0,14,3,3,0,7,0,0,1,2,1,41,1,2,1,5,0,6,1,2,3,85,2,3,0,8,6,4,2,4,2,0,0,3,6,1,18,4,21,3,10,2,9,1,1,3,8,2,0,0,0,1
2025-02,73,26,15,2,1,17,7,4,2,29,0,1,1,24,12,40,5,5,8,7,4,27,8,12,4,67,1,14,2,20,12,4,3,6,4,1,12,3,23,4,37,12,15,3,8,2,17,43,8,12,5,4,0,5,0,1
2025-02,74,15,2,3,0,7,4,0,0,16,0,1,1,3,0,28,0,1,0,6,0,0,3,2,1,50,0,3,1,20,0,6,0,4,1,0,0,0,0,0,23,0,15,2,3,1,5,4,1,0,4,4,0,1,0,1
2025-02,75,23,8,4,0,18,5,0,1,13,3,1,2,5,3,37,4,3,6,14,1,8,10,7,4,43,8,4,1,9,6,2,2,4,1,1,0,9,14,2,60,7,29,9,8,4,8,93,5,8,11,1,0,6,0,0
2025-02,76,35,0,0,0,3,2,2,0,7,0,2,2,1,0,3,1,0,0,5,1,1,1,1,1,31,1,0,0,0,1,5,3,0,3,0,0,0,1,0,5,1,1,0,1,2,0,19,0,0,3,1,0,1,0,0
2025-02,77,33,3,3,1,17,16,6,5,16,2,2,13,4,12,22,77,19,0,5,2,5,10,24,4,129,3,7,10,22,23,14,4,25,9,0,2,1,4,6,12,3,10,7,6,11,11,147,0,0,8,6,3,2,0,6
2025-03,0,4589,677,1334,106,1724,1446,599,239,925,478,110,183,1235,1161,3910,8275,775,155,477,487,265,523,136,203,6312,289,604,215,2731,1021,425,676,715,1512,65,162,410,1043,533,3537,455,2853,1159,1251,675,1399,5771,413,479,923,984,51,518,0,639
2025-03,1,82,5,10,1,10,33,26,2,11,0,1,4,18,15,17,162,4,1,9,11,6,9,3,6,51,4,8,0,46,28,8,5,3,28,1,3,4,5,3,28,4,27,3,15,2,15,63,2,1,10,11,0,1,0,20
2025-03,2,128,5,33,2,30,23,5,6,26,0,0,2,23,30,84,58,17,0,6,11,2,9,0,4,61,6,3,9,75,26,9,9,21,28,1,4,1,3,11,38,3,89,25,39,12,25,102,2,5,18,19,1,8,0,20
2025-03,3,62,11,9,1,5,50,13,2,24,2,3,6,8,20,12,130,11,2,4,3,4,12,1,4,72,6,7,5,39,14,1,5,13,17,3,1,5,2,13,45,11,31,5,5,9,8,128,2,3,19,19,0,2,0,24
2025-03,4,59,7,14,1,23,10,5,3,9,1,2,4,16,7,41,87,13,0,3,9,5,1,0,2,153,3,5,3,39,11,13,2,13,41,3,3,7,5,5,10,4,23,19,18,7,11,182,0,0,11,13,0,1,0,29
2025-03,5,63,11,25,0,20,8,1,0,8,1,0,4,16,4,38,155,11,0,7,20,0,3,0,0,92,5,4,2,32,9,2,7,14,16,0,0,2,1,14,15,3,44,20,9,34,11,66,4,1,6,22,0,1,0,17
2025-03,6,55,5,28,4,31,31,6,13,11,1,3,3,20,16,52,249,28,1,10,20,1,10,0,1,179,10,11,11,118,17,6,14,25,37,2,2,6,4,14,32,11,94,16,27,31,18,173,0,2,25,50,0,3,0,36
2025-03,7,36,6,19,6,22,17,1,4,14,4,3,1,26,18,37,220,38,2,5,9,7,11,16,3,158,8,1,7,77,27,7,18,18,65,2,1,12,5,6,42,12,54,9,35,28,15,149,7,2,14,28,0,3,0,29
2025-03,8,22,2,15,2,3,22,10,6,27,10,2,20,8,13,4,369,41,0,4,2,1,13,4,5,164,2,8,31,57,24,14,9,14,66,0,3,10,9,17,36,25,87,3,1,5,3,43,3,7,7,23,1,2,0,4
2025-03,9,15,1,33,1,17,2,2,0,3,0,0,0,3,0,27,8,2,0,7,3,2,2,2,0,60,1,2,0,9,0,3,1,2,1,0,0,1,0,0,15,0,9,4,9,4,17,25,0,0,7,1,0,1,0,1
2025-03,10,74,26,34,1,77,8,3,1,20,2,0,1,14,1,101,18,7,3,9,3,5,10,3,2,152,5,14,2,32,1,8,5,6,6,0,0,10,5,4,84,6,63,23,29,9,41,36,3,0,23,8,3,7,0,12
2025-03,11,57,7,22,1,30,13,0,3,4,1,2,1,12,5,35,24,8,1,2,3,4,3,1,0,62,3,2,1,65,6,7,0,13,9,3,1,1,3,6,16,5,25,9,21,34,16,227,0,0,9,4,0,6,0,6
2025-03,12,17,10,14,0,20,3,0,3,6,0,1,0,19,5,22,19,8,1,2,6,2,1,2,0,76,0,8,0,17,5,2,2,9,9,0,1,1,2,5,35,1,54,14,19,27,17,1,1,2,16,6,0,5,0,9
2025-03,13,36,1,20,0,10,1,0,2,6,0,1,0,13,3,36,44,9,0,0,3,0,0,0,1,112,0,1,0,23,6,5,8,3,12,0,0,1,2,4,13,1,38,10,18,2,13,2,1,0,10,1,0,4,0,15
2025-03,14,101,3,74,1,21,19,5,3,24,3,0,0,29,19,59,76,2,2,7,7,9,6,0,3,119,3,5,6,48,17,6,9,7,21,1,1,4,6,5,28,2,13,14,25,4,28,73,1,3,11,30,0,10,0,42
2025-03,15,141,5,89,2,61,19,7,3,29,0,4,0,20,13,98,137,21,11,15,8,13,7,2,5,175,6,9,2,94,14,14,17,22,81,5,6,6,5,9,52,10,71,20,53,18,49,76,9,1,30,13,1,8,0,19
2025-03,16,152,4,66,1,26,26,10,2,23,1,4,2,9,22,78,194,9,1,3,17,2,12,9,1,175,6,6,2,56,12,3,6,9,38,1,0,14,3,3,64,3,31,27,27,23,34,35,6,5,11,12,1,4,0,35
2025-03,17,110,21,33,1,63,18,1,2,11,1,2,0,18,7,109,46,11,7,12,9,18,17,1,4,95,3,5,0,64,9,12,5,22,15,2,1,2,6,6,131,10,34,18,18,35,34,124,5,4,12,5,0,7,0,7
2025-03,18,38,2,8,0,16,10,1,1,5,0,2,0,4,2,27,19,6,0,3,6,0,4,1,1,36,1,2,0,12,5,0,5,7,4,0,2,1,2,1,37,0,14,4,4,1,10,3,2,6,4,1,1,3,0,3
2025-03,19,209,11,64,4,104,24,5,8,34,1,4,0,23,47,136,157,18,8,18,5,7,15,3,6,177,5,9,0,79,18,6,15,22,37,2,4,3,10,12,59,2,69,11,19,10,31,136,8,6,8,9,2,12,0,6
2025-03,20,53,6,29,1,14,7,4,4,11,2,1,0,8,11,36,44,3,0,2,11,1,3,1,2,67,1,3,1,38,5,1,4,3,21,0,0,1,3,1,29,2,18,13,7,6,15,7,0,3,5,2,0,3,0,11
2025-03,21,87,1,47,2,23,10,10,1,18,2,1,3,9,13,46,218,2,1,4,1,8,6,0,0,112,4,4,1,50,14,8,6,4,33,0,2,2,11,5,27,3,26,7,11,26,14,146,2,4,5,8,0,5,0,13
2025-03,22,130,20,81,3,45,31,7,7,26,4,2,2,21,27,76,402,26,5,10,10,5,8,5,3,179,7,5,13,92,42,9,14,18,37,0,1,11,7,5,64,11,104,35,19,25,29,90,3,6,18,30,2,2,0,65
2025-03,23,93,15,17,2,39,25,7,9,10,27,1,1,25,45,105,126,12,5,12,13,8,12,2,5,50,9,15,3,63,31,3,18,11,16,1,1,7,21,19,28,3,21,15,31,6,28,5,16,6,24,15,0,3,0,10
2025-03,24,123,5,70,5,62,37,8,10,18,13,8,3,36,43,97,643,48,2,8,37,1,33,2,3,228,13,2,9,194,54,8,21,22,67,2,5,18,12,29,48,12,92,15,31,30,23,157,8,7,25,29,0,3,0,53
2025-03,25,276,54,62,5,58,101,44,15,28,20,4,2,63,92,193,72,35,8,29,41,12,21,1,8,172,12,22,7,86,59,17,26,23,63,2,7,8,51,29,141,15,69,46,30,13,55,259,19,25,54,12,2,28,0,6
2025-03,26,47,5,6,1,18,22,10,1,5,55,4,1,12,28,55,37,6,1,12,1,1,1,0,2,36,2,6,1,16,56,3,3,25,34,1,4,6,11,53,27,3,43,16,3,0,6,49,7,7,5,4,0,1,0,1
2025-03,27,33,6,13,1,21,13,11,0,9,19,0,2,7,26,52,58,6,1,6,5,1,3,1,5,28,5,7,1,17,19,2,5,0,17,0,0,3,21,5,20,12,24,9,9,4,6,12,8,2,2,3,1,4,0,4
2025-03,28,45,7,13,1,29,33,19,10,17,15,8,1,6,35,52,338,32,0,10,10,4,5,2,6,225,4,12,17,22,15,9,14,15,49,1,9,13,15,13,55,23,166,7,11,10,10,216,2,7,16,40,1,4,0,3
2025-03,29,79,11,8,1,22,24,18,2,24,30,1,1,23,38,85,78,3,6,8,2,3,9,3,5,40,3,15,0,50,15,7,12,2,11,1,1,4,39,15,106,5,58,8,5,8,15,92,8,9,4,17,3,7,0,1
2025-03,30,109,18,7,2,36,29,6,12,11,5,1,0,33,26,98,377,13,2,7,7,4,14,0,6,91,0,16,1,56,15,8,17,10,15,0,2,5,35,6,73,7,46,8,18,24,23,216,9,5,9,21,0,6,0,1
2025-03,31,57,7,7,2,15,29,7,4,8,3,0,2,8,21,34,293,21,1,3,6,7,9,4,2,120,6,8,9,50,18,7,2,7,10,0,0,7,11,7,62,6,62,2,3,8,3,125,2,4,11,12,0,0,0,3
2025-03,32,21,0,4,1,2,12,4,0,16,3,2,9,4,6,4,404,18,0,0,3,0,4,3,4,108,0,10,13,12,5,3,3,11,20,0,3,7,6,3,35,21,78,1,0,2,2,20,0,1,5,11,0,4,0,0
2025-03,33,12,1,9,0,1,5,4,5,5,3,3,1,5,5,11,29,3,1,2,3,0,2,1,0,34,0,3,4,4,2,5,3,2,12,0,0,4,0,4,14,4,18,6,1,0,3,40,1,3,0,11,0,1,0,0
2025-03,34,9,10,4,0,6,3,0,1,5,0,1,1,5,2,18,77,3,2,0,0,1,2,0,4,33,1,1,6,12,4,1,1,5,9,0,0,7,3,4,56,1,17,2,2,0,1,1,1,1,0,1,0,1,0,0
2025-03,35,28,1,2,0,0,5,9,1,4,0,1,1,8,3,3,10,3,0,0,0,1,0,1,1,7,1,7,0,5,2,3,4,0,13,1,1,0,7,1,17,2,15,4,1,2,2,148,0,4,2,6,0,3,0,1
2025-03,36,6,0,0,0,1,2,6,0,1,1,0,0,3,1,3,9,2,0,1,1,0,0,0,0,8,0,1,0,3,4,0,0,1,2,0,0,1,1,4,3,1,4,0,2,0,1,37,0,2,1,1,0,0,0,1
2025-03,37,2,0,3,0,2,2,0,0,0,5,0,0,0,1,4,14,3,0,1,0,0,0,0,0,26,0,0,1,11,2,0,0,2,3,0,0,0,2,4,6,3,14,3,4,0,1,2,3,0,1,3,0,1,0,0
2025-03,38,22,2,2,1,11,22,13,1,5,13,2,0,11,10,17,10,6,2,5,3,0,1,0,0,36,6,7,2,19,12,6,9,5,5,0,2,2,9,12,33,1,24,11,10,1,5,2,11,2,6,14,1,4,0,4
2025-03,39,23,1,2,1,5,7,7,0,7,4,1,1,4,4,10,9,3,0,4,1,7,0,0,0,16,2,2,1,4,8,3,0,1,3,0,0,0,4,0,16,1,4,1,7,0,0,2,0,0,4,3,2,0,0,5
2025-03,40,21,6,1,0,2,13,11,0,3,11,2,3,13,8,10,10,1,0,1,1,0,2,0,0,26,1,2,1,5,5,1,2,3,1,0,1,2,10,2,23,1,17,5,4,1,1,106,0,6,2,5,0,3,0,1
2025-03,41,16,10,0,1,7,14,13,0,4,1,0,2,7,3,14,8,4,0,6,7,0,0,0,1,27,7,1,1,15,5,4,2,6,8,2,0,4,14,4,30,5,91,4,16,7,10,0,0,3,14,11,2,0,0,3
2025-03,42,37,2,8,1,10,24,15,3,5,13,1,1,11,15,26,0,4,1,10,10,9,6,1,3,56,3,15,1,8,13,0,7,2,11,0,0,6,18,4,17,1,27,16,9,1,10,0,8,9,10,4,0,6,0,0
2025-03,43,82,2,6,0,18,85,43,7,21,5,0,8,53,22,49,18,10,1,14,3,8,12,3,8,71,16,33,2,22,28,5,12,10,12,0,7,11,38,10,53,3,21,16,9,3,22,115,18,26,19,30,1,18,0,2
2025-03,44,69,13,10,2,22,44,43,2,13,3,2,1,33,21,52,7,9,4,5,6,5,9,0,3,36,2,17,3,29,11,3,13,7,21,2,6,5,29,7,59,11,69,35,26,3,26,13,13,18,33,20,2,13,0,2
2025-03,45,15,2,0,0,10,2,1,1,0,0,0,6,10,5,19,9,1,0,0,1,1,13,0,0,11,2,1,0,4,6,4,3,3,15,0,2,2,9,0,22,6,17,8,19,3,13,1,1,5,7,1,0,5,0,1
2025-03,46,59,15,5,3,33,28,15,2,29,10,1,10,21,20,70,11,7,3,7,9,7,6,2,2,31,5,12,0,9,19,4,17,9,14,0,1,1,40,6,58,1,17,34,12,1,34,57,10,8,24,10,0,4,0,0
2025-03,47,3,1,0,2,0,1,0,0,3,0,1,0,4,2,9,3,2,0,1,0,0,0,0,0,7,3,1,0,3,0,1,0,0,2,0,0,4,4,2,6,0,1,4,6,0,0,1,3,3,3,3,0,1,0,2
2025-03,48,12,14,1,0,20,4,1,0,9,2,1,1,8,6,38,5,8,2,2,1,5,4,1,0,13,1,6,0,8,7,2,9,9,10,0,3,2,6,3,34,6,68,10,24,1,35,3,5,7,23,7,1,9,0,1
2025-03,49,46,39,40,3,44,35,19,1,19,15,0,2,32,39,111,17,23,9,10,11,10,11,4,6,139,4,21,1,25,20,9,22,32,15,0,4,8,40,5,140,10,31,63,33,2,53,107,23,25,27,22,4,23,0,2
2025-03,50,22,1,5,1,3,2,3,1,3,5,0,0,5,4,16,1,0,0,1,0,2,1,0,2,56,2,4,0,7,2,6,5,2,6,0,1,0,5,4,13,0,3,10,8,10,12,3,4,0,8,0,1,2,0,0
2025-03,51,28,7,15,0,16,14,0,2,5,0,0,7,12,6,52,74,8,0,7,5,2,4,1,3,89,2,11,2,9,9,2,9,2,5,0,1,7,35,4,29,8,9,38,14,14,31,58,7,24,20,12,0,8,0,2
2025-03,52,48,10,10,2,36,3,2,1,8,1,1,0,13,4,48,64,9,1,1,2,1,9,0,1,28,0,5,0,1,1,3,9,5,7,0,0,1,16,1,74,10,19,8,20,5,17,130,0,10,8,35,2,6,0,3
2025-03,53,41,22,14,4,34,14,3,2,14,22,1,1,24,28,89,5,10,4,9,4,2,16,6,7,77,8,19,0,21,26,7,14,21,8,1,1,2,38,11,57,2,10,52,47,1,55,173,11,23,17,24,1,23,0,5
2025-03,54,1,1,0,0,0,3,1,0,3,0,0,1,3,4,5,2,2,0,1,0,0,4,0,0,6,0,3,0,0,0,0,0,0,1,0,0,5,7,0,14,2,2,2,5,0,4,1,6,4,2,1,0,5,0,0
2025-03,55,13,4,5,0,15,4,1,0,8,2,0,0,13,6,17,1,4,1,0,1,0,1,1,2,34,2,5,0,1,1,3,5,7,6,0,0,2,10,3,44,0,18,4,5,2,10,7,2,6,2,4,2,1,0,1
2025-03,56,89,15,9,5,27,13,4,1,13,1,2,0,11,4,75,117,7,3,3,7,3,20,3,2,115,3,9,2,84,10,5,15,12,21,2,6,6,10,5,87,6,37,11,21,7,36,128,3,3,9,13,2,9,0,3
2025-03,57,50,6,1,1,5,7,1,3,5,1,0,0,7,1,24,173,0,1,0,1,0,3,0,0,47,0,2,0,4,12,5,4,0,37,4,0,4,5,9,43,1,50,2,5,1,4,2,1,0,7,3,0,3,0,0
2025-03,58,94,8,10,0,24,13,3,7,13,2,2,1,12,9,59,469,3,1,4,9,2,11,0,4,80,1,2,0,23,9,5,10,4,25,3,0,3,12,5,57,3,30,6,10,56,11,1,4,6,7,8,1,3,0,0
2025-03,59,35,3,6,1,19,4,0,1,4,6,0,0,6,4,11,180,5,0,3,0,0,1,0,2,54,4,4,0,5,5,1,4,3,15,0,0,9,7,3,8,7,43,2,6,23,4,178,1,2,5,7,0,1,0,4
2025-03,60,63,20,10,0,18,26,4,1,9,2,2,22,6,16,46,150,1,2,3,12,0,4,0,3,120,2,4,1,92,6,3,7,17,11,0,0,7,3,4,63,2,36,9,6,17,10,130,1,0,8,8,0,2,0,9
2025-03,61,110,24,10,0,24,42,11,7,15,15,0,1,18,33,80,384,5,2,8,4,3,3,1,6,128,3,3,2,33,13,4,7,24,21,1,10,20,28,4,113,9,27,31,31,1,23,15,12,7,9,18,0,7,0,1
2025-03,62,72,4,3,0,11,2,1,3,3,2,0,0,2,3,22,138,2,2,3,2,2,3,0,4,45,1,1,1,14,2,4,2,2,19,3,1,3,3,1,22,0,1,2,6,0,10,4,1,3,3,10,0,6,0,2
2025-03,63,76,12,13,3,26,22,5,5,10,2,0,1,27,13,48,294,8,2,6,3,0,11,1,3,83,2,6,8,67,6,6,2,4,30,2,7,8,25,5,33,6,15,3,9,8,8,6,3,9,13,9,0,8,0,1
2025-03,64,50,12,8,3,6,11,0,1,10,3,1,1,11,2,43,47,13,3,5,7,1,2,0,2,69,1,3,2,52,2,9,13,2,17,1,0,12,1,0,25,3,22,2,4,3,9,18,0,1,7,12,0,3,0,1
2025-03,65,83,6,6,3,28,12,4,2,16,1,0,3,8,4,52,162,2,2,4,2,5,6,0,1,48,2,3,3,27,0,7,9,5,18,0,0,4,7,0,55,2,10,4,8,0,15,134,0,4,3,4,0,10,0,1
2025-03,66,101,8,19,6,39,32,15,5,22,10,3,1,16,34,95,261,11,6,7,8,4,6,28,4,73,5,16,3,102,19,5,24,8,35,0,7,9,25,8,77,4,59,24,27,1,31,240,8,11,16,16,1,24,0,0
2025-03,67,62,10,9,3,22,27,7,7,15,29,0,1,46,36,84,39,8,3,11,21,7,5,1,8,62,5,21,1,42,23,12,12,5,11,0,2,5,43,6,45,1,46,48,26,14,23,53,32,22,14,17,1,18,0,4
2025-03,68,59,11,6,0,21,45,14,3,9,28,1,4,30,21,65,14,4,2,10,5,6,3,0,4,81,4,15,2,21,19,3,7,6,8,0,1,6,29,11,47,3,39,29,19,2,13,55,31,12,16,9,1,9,0,2
2025-03,69,82,10,4,0,29,20,15,6,16,8,3,2,33,36,84,8,14,2,13,9,2,9,0,5,56,1,14,1,28,23,10,10,4,19,0,3,3,26,16,95,4,73,36,25,1,27,119,17,17,32,15,1,23,0,0
2025-03,70,71,22,13,1,43,17,3,5,20,2,0,6,21,8,112,43,13,4,10,1,9,10,0,3,193,7,13,0,43,3,9,25,22,47,0,0,17,20,5,69,31,14,16,16,0,37,105,4,7,15,15,0,16,0,1
2025-03,71,93,12,15,1,34,47,19,4,17,9,0,2,54,20,102,28,13,7,20,16,1,12,0,2,68,9,44,2,26,19,5,22,18,13,0,11,14,60,7,178,7,28,32,44,4,37,127,10,24,19,17,4,24,0,3
2025-03,72,14,5,18,0,15,5,1,0,6,2,0,2,8,3,57,6,10,2,7,3,3,5,1,0,127,6,5,0,8,7,8,11,11,11,0,0,5,17,0,39,10,15,40,43,8,28,40,0,4,7,15,0,8,0,6
2025-03,73,47,20,9,1,21,18,8,0,15,4,1,0,32,10,70,6,6,2,10,2,3,13,0,2,96,8,7,0,29,11,4,21,16,3,9,12,13,27,9,52,14,15,32,31,2,40,9,7,19,21,29,0,27,0,4
2025-03,74,4,2,5,0,4,4,1,0,5,0,2,6,9,0,59,2,2,1,4,3,1,0,1,0,89,0,4,2,27,0,16,5,4,1,0,0,1,1,0,40,5,17,7,17,3,13,1,4,2,10,20,0,2,0,1
2025-03,75,9,5,18,0,19,11,5,1,13,8,5,6,14,7,53,4,6,4,14,0,7,13,6,6,96,11,5,1,21,14,6,23,14,10,0,3,1,25,6,44,15,38,37,31,5,34,152,6,3,13,11,1,16,0,7
2025-03,76,28,0,0,0,3,3,2,1,5,0,0,0,3,1,11,3,0,0,1,0,0,1,0,0,14,1,2,1,2,0,1,3,1,2,0,0,1,0,0,29,3,1,1,1,0,4,49,0,0,0,0,0,0,0,0
2025-03,77,72,0,26,1,17,19,10,7,14,1,3,2,9,19,21,92,28,1,6,1,2,6,1,0,76,2,9,1,28,34,14,7,5,25,0,1,0,3,6,3,4,44,13,12,5,11,160,1,0,22,21,1,4,0,48
2025-04,0,4522,533,1304,183,1763,1633,568,266,810,511,102,150,1245,1250,4076,7469,797,142,443,455,209,504,85,212,6085,289,799,226,3301,1113,563,1062,988,1429,75,211,466,1098,649,2887,369,2327,1484,1049,986,1646,4884,551,521,832,1755,60,644,42,1304
2025-04,1,77,4,26,5,8,39,10,1,5,1,2,1,8,8,12,131,3,0,8,2,0,13,0,2,77,1,5,0,74,8,10,32,8,33,1,0,3,4,2,25,7,31,16,20,6,8,60,0,1,4,19,1,2,0,49
2025-04,2,139,12,44,3,33,25,14,8,9,6,1,3,25,15,94,50,5,1,10,21,4,9,2,5,76,4,8,4,93,31,8,32,10,25,0,2,4,11,6,33,5,21,25,21,38,30,87,2,7,8,35,0,7,1,41
2025-04,3,40,0,21,1,4,48,17,3,0,8,3,3,10,27,10,147,9,0,11,4,1,16,2,3,113,1,12,8,44,15,4,7,14,38,0,0,1,6,16,19,13,103,14,5,13,8,130,1,0,6,45,0,1,0,54
2025-04,4,57,2,18,3,24,12,0,1,11,0,2,2,9,7,49,85,5,1,6,7,6,2,1,4,64,2,7,3,74,7,6,5,7,25,0,1,3,2,4,32,9,45,13,22,6,12,137,0,8,11,19,0,2,0,68
2025-04,5,52,3,28,2,29,14,3,1,6,2,0,2,17,2,50,86,20,1,7,18,0,2,1,0,84,2,11,3,58,19,7,11,18,15,2,7,15,1,10,26,9,41,14,18,91,21,54,2,2,7,50,2,1,0,56
2025-04,6,33,7,45,2,31,44,7,8,8,5,7,10,34,31,45,245,25,1,7,15,3,16,6,3,148,1,13,19,141,30,17,26,27,40,1,4,13,3,25,46,7,71,19,24,49,32,223,1,5,21,59,0,3,1,66
2025-04,7,40,0,33,2,20,22,2,5,14,3,2,4,37,26,33,190,55,2,13,7,5,9,2,1,170,4,16,6,95,21,4,10,33,32,1,3,18,5,32,58,14,75,14,21,21,39,193,2,5,17,41,1,2,0,41
2025-04,8,9,1,8,2,6,36,6,8,8,7,11,18,16,15,14,244,26,0,0,5,0,6,3,5,109,0,20,26,37,11,14,17,20,58,0,7,14,7,12,52,14,63,7,12,6,5,1,0,13,8,39,0,0,1,10
2025-04,9,10,6,19,0,18,2,0,0,8,0,0,0,4,2,23,1,3,0,1,0,0,1,0,0,98,3,6,0,8,0,4,6,6,4,0,0,1,0,0,16,1,10,12,12,15,13,1,0,0,1,3,5,3,0,2
2025-04,10,47,14,23,0,65,13,1,1,16,0,0,1,26,5,82,34,13,5,9,3,3,11,1,1,180,5,5,0,69,5,11,16,25,18,1,4,2,6,4,40,2,22,33,26,19,49,3,1,6,17,12,0,7,0,18
2025-04,11,34,3,21,4,48,15,4,3,10,0,0,0,7,4,58,35,4,0,5,4,0,6,12,1,87,1,8,0,62,8,14,9,14,13,0,1,3,1,8,20,3,22,13,7,48,22,172,2,3,13,12,0,3,0,23
2025-04,12,21,2,8,0,18,5,1,0,9,0,0,0,14,1,46,26,4,1,2,3,0,2,2,2,149,4,4,0,23,5,4,4,8,8,1,0,3,1,4,21,1,26,30,32,40,25,2,2,1,11,6,0,1,0,23
2025-04,13,39,2,23,0,9,7,0,1,6,1,0,0,13,5,28,16,8,0,2,1,0,5,0,0,118,1,6,0,17,11,5,6,4,6,0,0,0,2,1,10,3,9,10,8,0,11,0,1,0,4,2,0,3,0,14
2025-04,14,47,9,40,4,11,18,7,3,15,3,2,0,15,17,39,132,5,1,17,13,5,6,2,2,146,2,9,5,70,14,8,13,11,33,0,0,2,8,1,41,0,12,16,13,14,18,120,2,4,13,20,0,4,0,90
2025-04,15,120,12,37,3,74,23,6,5,16,1,2,2,27,14,137,107,16,4,16,9,1,7,0,3,247,8,9,3,122,14,20,22,24,33,2,7,6,13,7,69,5,94,24,35,30,44,167,11,5,29,25,1,3,0,60
2025-04,16,98,13,30,0,34,27,3,3,9,0,0,5,17,30,55,186,8,0,6,7,2,8,0,6,124,12,12,4,100,18,7,10,9,36,0,5,12,10,7,58,5,37,21,30,26,26,125,4,0,16,21,0,3,0,98
2025-04,17,114,9,26,3,60,15,9,2,58,1,0,1,7,6,100,15,15,8,16,15,7,7,3,1,103,4,9,0,82,9,14,10,30,9,1,7,10,5,2,70,2,43,13,12,26,42,40,18,3,11,18,1,2,0,14
2025-04,18,24,4,7,3,23,10,0,1,5,0,1,0,5,2,29,18,2,1,4,2,0,0,0,0,34,2,2,1,15,5,5,2,6,4,0,0,0,7,7,36,2,6,7,5,5,15,1,1,3,6,8,0,0,0,2
2025-04,19,223,14,42,2,75,30,5,12,8,1,3,2,22,19,140,101,13,2,16,10,0,14,0,2,173,6,15,5,79,15,14,17,12,50,3,4,5,28,8,56,5,62,12,15,10,38,197,8,8,13,24,2,6,1,13
2025-04,20,41,4,17,2,23,9,5,0,2,1,1,0,4,11,43,68,1,1,1,4,1,0,2,3,48,1,5,0,52,6,1,6,6,16,1,0,2,0,2,23,5,7,5,4,8,8,12,0,0,3,19,0,1,0,13
2025-04,21,84,2,48,1,17,18,4,3,4,1,1,2,25,9,49,150,7,0,8,8,0,13,0,1,83,2,7,1,85,16,6,11,5,38,1,5,3,3,4,30,1,33,10,11,59,13,33,1,2,12,13,1,4,0,39
2025-04,22,101,10,80,7,43,29,2,6,25,6,3,1,33,28,84,382,31,8,7,18,1,9,1,5,290,7,21,11,118,36,16,27,16,53,0,6,5,15,19,50,18,60,18,44,66,48,45,4,0,18,67,2,9,0,103
2025-04,23,116,3,30,3,39,36,7,10,14,20,1,2,14,51,94,128,20,6,16,13,4,9,0,4,116,3,16,3,72,25,8,13,17,45,1,0,4,25,20,40,8,38,23,20,14,19,187,9,11,18,38,1,1,0,14
2025-04,24,124,3,82,6,64,32,5,9,47,14,7,4,34,57,88,608,37,5,19,21,13,24,10,8,248,12,12,15,180,71,15,37,41,75,1,3,20,9,27,49,14,93,25,15,35,40,72,6,9,26,102,3,6,0,89
2025-04,25,257,9,74,4,84,99,37,13,30,32,6,3,48,91,191,98,32,7,23,35,10,21,1,11,200,13,26,6,100,51,22,31,24,57,4,13,16,59,13,89,8,110,61,36,16,66,244,30,22,34,24,0,24,1,13
2025-04,26,59,10,34,0,13,14,8,2,2,61,1,0,10,24,52,68,3,5,8,3,2,4,0,1,39,1,9,1,22,82,6,4,62,82,3,11,11,20,125,31,5,25,18,13,2,10,82,5,7,4,10,0,2,1,2
2025-04,27,48,7,5,1,20,11,7,4,2,18,1,1,45,30,50,36,5,1,8,3,2,5,0,1,23,1,4,1,22,12,4,4,5,15,1,0,3,20,6,21,8,52,12,6,15,13,21,9,3,5,10,0,1,0,6
2025-04,28,43,2,20,0,18,60,25,5,14,9,3,5,20,24,25,280,19,2,5,5,5,4,4,2,141,4,9,18,51,14,15,18,25,49,3,3,25,24,24,68,12,139,11,9,10,14,94,2,9,11,54,2,4,4,7
2025-04,29,90,4,22,0,23,39,7,4,16,33,0,0,22,53,98,53,13,3,15,14,9,9,0,7,74,4,19,1,36,20,5,13,6,21,1,4,7,32,14,41,1,35,29,9,4,12,26,19,7,2,15,1,5,3,3
2025-04,30,107,8,25,2,26,18,10,22,23,3,5,0,10,36,62,345,14,3,1,7,2,19,0,8,88,2,11,1,65,19,7,19,16,17,0,3,11,31,4,60,9,23,8,10,9,26,165,5,7,7,15,1,4,0,6
2025-04,31,45,4,5,1,11,17,9,6,14,3,1,1,7,23,29,358,8,1,5,9,7,11,3,3,65,8,8,3,46,13,6,17,10,25,1,0,8,26,5,26,10,40,1,8,9,0,59,2,3,8,23,1,4,0,8
2025-04,32,10,1,5,2,1,17,2,7,5,2,3,3,12,4,1,260,12,0,0,1,0,1,0,2,102,0,10,8,6,7,4,5,9,15,1,2,3,0,5,22,11,53,1,4,0,4,4,0,7,9,13,0,0,0,0
2025-04,33,12,0,3,0,1,9,8,0,2,2,1,4,13,3,9,37,3,1,9,2,1,1,1,0,32,1,13,3,10,1,7,1,7,11,3,2,1,2,3,21,3,27,3,1,2,2,2,0,4,3,10,2,1,0,4
2025-04,34,9,3,1,1,4,7,3,0,2,0,0,0,10,3,20,48,1,0,3,4,0,2,0,1,12,0,4,4,27,3,1,2,9,1,0,0,0,3,1,14,2,5,6,0,21,2,3,0,0,4,3,0,0,0,3
2025-04,35,14,8,0,0,1,7,4,2,3,2,0,1,4,1,3,13,6,0,1,3,2,1,0,3,16,1,9,1,14,4,3,7,0,5,0,1,1,5,4,28,1,14,7,3,12,6,213,1,3,4,11,0,1,0,2
2025-04,36,4,2,2,0,2,4,4,1,0,2,0,1,2,0,5,6,1,0,0,1,0,1,0,1,5,0,1,0,3,0,1,1,1,3,0,0,1,0,1,5,2,0,4,3,0,6,42,1,1,1,6,0,1,0,2
2025-04,37,15,0,1,0,3,6,1,0,0,3,0,0,2,1,10,18,1,0,1,1,0,0,0,1,13,1,1,0,7,0,0,6,0,2,0,0,1,1,0,7,1,3,9,3,0,3,0,0,2,2,3,1,1,1,1
2025-04,38,44,1,4,1,12,35,11,3,9,16,0,0,15,6,31,16,5,0,5,1,0,7,0,1,17,3,7,3,37,16,10,12,4,7,2,6,6,18,16,59,4,24,16,10,2,7,4,2,8,4,18,0,6,8,8
2025-04,39,33,1,0,0,5,17,5,0,2,4,0,0,6,1,9,16,4,0,3,1,0,1,1,1,9,7,8,0,4,16,0,1,4,4,0,0,1,6,0,45,0,1,4,5,6,2,1,0,3,2,4,3,0,1,3
2025-04,40,38,0,1,0,3,23,12,0,6,6,1,4,5,4,8,13,4,0,0,2,0,1,0,2,32,0,6,4,6,4,4,17,2,5,0,1,0,16,0,14,1,19,8,1,0,2,111,0,4,1,9,0,3,1,2
2025-04,41,13,0,2,1,4,27,12,0,7,1,1,1,11,1,8,21,8,0,1,4,0,1,2,1,28,0,8,2,17,22,0,6,10,5,3,0,7,3,1,51,4,28,4,8,5,4,0,0,1,8,11,0,1,0,8
2025-04,42,48,0,8,2,12,28,20,0,5,12,0,2,17,24,23,6,5,1,2,10,12,1,1,2,46,6,15,1,20,6,1,5,3,13,0,5,2,10,9,37,0,25,20,12,3,9,5,9,8,6,12,1,5,0,0
2025-04,43,129,5,9,1,19,78,51,3,5,8,0,2,22,21,57,16,14,2,10,8,5,11,1,2,88,12,34,2,24,34,6,27,11,13,1,6,13,28,5,49,3,6,45,29,4,33,51,8,12,13,35,3,19,1,8
2025-04,44,85,19,6,3,22,50,18,4,14,5,2,1,20,21,67,6,16,3,6,5,5,7,0,3,69,5,15,2,21,29,14,21,13,16,1,4,7,29,10,40,10,43,25,20,8,34,8,12,14,27,40,3,20,1,3
2025-04,45,22,2,2,1,12,4,3,0,5,0,1,0,7,11,33,6,2,4,3,1,1,4,0,1,17,0,10,1,7,3,3,3,2,7,2,8,3,11,2,17,3,15,16,4,2,16,2,6,6,9,2,0,12,0,4
2025-04,46,54,19,1,1,22,43,16,3,11,14,0,11,29,17,66,16,11,2,2,4,1,1,1,3,37,2,13,0,17,12,7,26,5,9,0,1,2,31,2,85,6,15,54,22,5,48,87,15,14,18,37,1,11,0,6
2025-04,47,11,2,0,0,2,0,0,0,2,2,0,0,3,5,10,0,2,0,1,0,0,0,0,0,8,1,1,0,5,1,0,2,1,0,0,0,0,3,1,13,0,2,11,4,1,13,0,3,2,5,4,0,5,1,1
2025-04,48,19,13,3,1,18,3,1,0,4,1,3,1,23,4,29,12,4,2,1,1,1,8,0,1,36,2,15,0,8,4,0,10,15,12,0,0,1,21,7,30,1,26,30,5,6,26,7,3,11,8,20,0,20,0,8
2025-04,49,67,27,16,2,30,25,12,3,23,20,0,0,41,59,105,17,18,4,8,5,13,11,0,6,62,10,20,2,24,33,12,32,27,2,0,4,5,42,10,80,2,47,71,32,2,37,141,33,31,25,52,1,55,2,7
2025-04,50,23,2,2,2,5,4,2,0,6,1,0,0,3,3,17,3,4,0,1,2,2,5,0,1,26,8,4,0,7,4,2,7,4,3,0,2,1,5,2,17,2,3,10,4,2,16,2,1,0,3,15,0,10,0,0
2025-04,51,28,3,5,3,16,7,5,3,9,4,0,2,10,22,44,31,12,1,4,2,2,9,1,3,57,5,11,0,2,8,6,18,3,13,0,0,0,42,3,52,2,14,52,6,2,27,15,3,13,13,42,2,22,0,5
2025-04,52,64,9,12,2,33,7,5,11,4,2,0,0,5,7,67,29,12,0,1,0,1,7,0,3,31,5,7,0,9,3,5,11,11,8,1,0,6,5,3,18,1,10,13,9,3,25,77,0,16,13,29,0,12,0,1
2025-04,53,59,23,4,8,28,13,7,2,25,11,1,0,35,36,95,9,15,0,5,4,3,17,1,5,74,6,17,0,27,35,13,18,21,3,0,4,5,25,10,64,1,7,75,37,1,37,39,26,19,13,48,1,62,2,9
2025-04,54,5,1,0,0,0,1,0,0,3,0,1,0,1,5,4,0,4,0,0,0,0,0,0,0,41,0,3,1,0,1,0,3,0,0,0,0,1,3,1,16,1,1,11,4,1,3,5,0,1,1,0,0,2,0,0
2025-04,55,15,0,0,2,13,5,0,0,5,0,1,0,3,3,19,2,2,0,1,0,0,1,1,2,55,0,2,0,2,1,3,9,3,9,0,0,3,2,1,19,1,9,6,5,10,16,4,2,4,21,4,0,3,0,0
2025-04,56,98,13,9,5,19,11,3,1,10,1,2,1,32,4,87,91,8,2,3,6,1,6,0,3,100,5,12,3,80,4,17,21,13,8,4,11,17,10,4,55,7,50,12,9,7,48,219,0,5,12,19,0,9,0,7
2025-04,57,26,10,4,1,8,13,0,4,6,3,0,6,5,2,18,143,2,0,0,3,0,2,1,1,24,0,2,1,17,20,1,1,5,15,0,2,7,3,3,15,0,9,2,0,1,2,1,0,0,3,8,0,2,1,1
2025-04,58,88,11,9,7,33,25,4,3,11,2,2,0,8,14,44,407,8,0,3,11,1,10,1,0,45,3,7,1,59,7,13,16,3,27,5,3,16,15,3,39,5,27,3,12,6,15,3,2,2,5,17,1,5,0,1
2025-04,59,26,4,8,0,16,2,1,2,4,2,3,1,4,5,16,212,3,0,2,1,5,4,0,2,21,1,6,0,11,4,8,6,1,11,8,0,7,11,1,21,2,21,3,4,25,6,141,0,0,8,6,0,0,0,6
2025-04,60,84,11,16,2,31,17,4,8,10,1,0,4,12,9,62,216,3,5,1,5,1,5,0,1,37,4,4,4,100,10,7,21,14,15,1,5,8,5,0,42,1,36,7,9,15,21,99,3,4,16,22,0,0,0,18
2025-04,61,109,9,21,4,31,24,6,6,10,19,3,1,12,25,80,253,6,2,8,5,2,9,0,8,127,5,14,1,100,14,8,15,9,17,1,3,9,23,4,57,6,28,54,19,11,27,14,34,6,8,29,1,7,0,4
2025-04,62,59,4,1,1,13,7,0,1,5,2,0,1,4,5,31,83,6,2,2,2,0,4,0,4,43,1,3,0,25,2,1,8,4,13,2,2,5,9,3,18,4,10,2,1,3,9,6,0,2,4,13,0,2,0,0
2025-04,63,80,12,32,10,45,43,8,3,11,3,2,0,25,11,58,280,2,0,3,2,4,5,0,2,137,2,19,2,43,14,4,28,41,14,4,0,11,23,15,70,6,10,5,8,12,18,6,3,9,11,24,1,8,0,2
2025-04,64,60,5,5,6,9,1,1,4,6,0,0,1,5,5,51,31,18,3,1,2,5,4,3,5,32,1,4,2,51,9,5,20,4,6,0,5,5,10,1,22,5,17,6,1,9,35,4,0,0,7,15,1,5,0,1
2025-04,65,89,3,5,2,20,8,4,3,2,0,0,8,1,3,56,171,8,1,1,2,2,8,0,3,52,4,4,1,34,1,10,24,13,16,1,5,16,15,2,27,2,17,13,5,7,19,7,1,4,5,15,1,10,0,2
2025-04,66,135,17,16,3,43,41,20,5,19,2,1,2,31,19,130,214,12,1,9,10,8,11,0,8,62,4,20,1,44,33,7,10,26,12,3,3,12,33,13,48,3,23,19,18,4,28,284,14,17,17,48,3,29,0,2
2025-04,67,72,13,22,11,37,17,4,4,26,28,1,1,15,33,91,48,8,1,10,21,3,7,0,5,63,6,27,4,43,13,4,17,3,5,1,0,6,34,12,24,3,27,41,30,5,23,49,99,26,17,32,1,31,1,3
2025-04,68,66,9,6,3,15,57,12,4,12,45,1,2,26,48,72,57,9,0,7,4,2,3,2,8,36,12,33,0,36,22,5,16,6,12,0,6,3,41,11,22,6,23,43,17,1,18,23,65,15,11,20,0,13,5,1
2025-04,69,78,3,12,4,33,38,21,6,14,8,2,4,26,31,80,64,20,5,13,7,5,8,2,5,52,10,11,4,25,16,12,19,20,26,0,2,5,30,13,79,4,46,32,25,2,28,52,21,19,25,36,1,16,1,4
2025-04,70,50,11,11,11,36,10,4,10,12,4,0,3,34,13,138,41,13,10,6,2,1,21,3,2,150,6,7,1,42,12,13,27,44,31,0,2,9,23,8,47,10,26,15,24,10,21,43,3,14,17,19,0,15,0,6
2025-04,71,57,33,12,4,38,52,24,2,27,11,1,0,48,26,122,28,23,1,4,9,7,17,0,7,84,9,31,3,42,28,10,14,16,10,1,6,8,46,11,60,11,34,36,24,7,38,88,13,29,18,32,2,25,1,8
2025-04,72,31,16,16,2,15,6,3,1,7,3,0,0,13,2,63,4,9,6,1,2,2,1,1,2,53,4,8,0,10,5,13,15,16,14,0,0,2,8,2,43,3,5,44,20,15,36,29,1,6,14,16,1,17,0,13
2025-04,73,36,12,6,3,33,19,7,1,15,4,0,1,27,17,89,8,16,2,8,4,10,8,0,4,46,6,10,2,27,9,7,33,15,7,0,6,8,37,9,46,4,6,40,26,3,54,33,14,16,18,30,1,33,0,12
2025-04,74,8,5,9,0,8,2,0,1,10,0,0,1,4,1,44,3,6,1,2,3,1,2,0,0,70,7,4,0,33,1,10,17,18,7,0,1,1,3,2,22,1,2,23,7,5,32,8,0,1,6,24,0,4,0,3
2025-04,75,14,6,15,1,24,9,2,0,13,14,0,0,16,13,68,4,8,10,10,3,6,2,1,2,103,1,4,1,24,11,9,14,13,2,0,3,8,20,9,52,9,21,44,17,4,39,30,3,6,11,31,2,22,2,9
2025-04,76,40,1,4,0,5,2,2,0,1,0,1,1,2,0,7,5,3,0,1,0,1,1,0,0,22,0,2,5,2,0,2,2,3,1,0,0,0,1,0,1,0,9,0,0,1,5,40,0,0,2,2,0,0,0,0
2025-04,77,56,1,37,4,12,22,15,5,8,1,2,6,11,29,20,82,11,0,8,3,0,0,3,0,98,2,9,8,37,20,8,13,17,21,0,0,3,3,7,18,9,35,5,19,25,19,129,0,2,20,21,1,1,0,71
2025-05,0,4476,622,1105,76,1782,1712,550,296,558,529,88,213,1553,1313,4355,8398,739,130,583,484,175,593,197,254,5434,355,992,214,3986,1249,476,587,851,1274,63,188,391,1129,488,3674,492,2479,5739,7148,1363,2702,1454,485,511,661,610,43,214,1011,2075
2025-05,1,62,2,10,5,6,44,17,4,10,2,1,0,13,19,17,154,6,1,8,16,0,9,0,2,45,1,9,2,61,18,11,4,21,30,0,2,7,8,1,19,7,37,47,48,21,31,20,0,3,10,23,0,4,1,52
2025-05,2,111,8,47,1,24,32,15,6,5,4,4,1,34,21,94,73,8,1,4,13,1,8,0,6,127,2,20,6,103,33,10,18,15,25,1,1,4,12,6,33,16,36,156,176,10,53,16,2,7,9,14,1,5,4,55
2025-05,3,59,13,17,0,7,37,9,2,3,7,1,5,10,41,10,205,7,0,14,8,0,5,1,5,61,2,19,5,42,11,7,6,10,27,0,2,7,9,3,42,11,54,28,18,27,35,23,4,8,15,17,2,2,1,64
2025-05,4,55,1,25,0,21,21,1,7,4,0,1,2,23,4,48,109,15,1,6,8,1,8,2,2,51,4,8,4,69,17,2,12,12,14,3,2,12,8,7,15,8,39,89,116,28,41,21,1,4,8,20,0,1,4,100
2025-05,5,74,1,39,0,29,15,1,2,5,1,1,5,7,9,35,94,6,0,3,6,3,1,0,2,164,4,4,1,78,10,5,23,17,20,0,0,9,4,15,18,2,48,47,61,36,44,16,0,1,12,12,0,3,8,58
2025-05,6,60,11,43,3,30,39,6,14,8,5,5,7,35,53,49,336,15,1,12,9,3,14,2,5,96,8,28,10,149,34,8,21,20,46,3,0,8,3,17,37,5,90,46,53,38,70,33,0,9,16,34,0,1,5,93
2025-05,7,56,9,27,0,20,24,3,4,7,4,3,25,26,27,43,352,53,2,12,10,2,15,4,0,173,6,12,12,111,29,11,12,33,54,1,1,7,8,11,50,4,66,25,76,53,63,55,1,6,14,13,1,0,5,75
2025-05,8,12,0,6,0,5,24,5,8,4,4,6,42,12,18,8,312,45,2,2,4,4,9,2,3,129,2,21,29,23,15,14,1,26,52,0,0,14,5,7,89,9,42,6,14,14,10,5,0,13,6,8,4,0,1,1
2025-05,9,12,3,23,0,26,6,0,0,3,0,0,0,3,0,19,12,3,9,2,3,4,1,0,0,41,1,3,0,4,0,4,2,5,5,0,0,3,0,1,25,4,14,29,38,9,41,1,0,1,3,2,1,0,0,11
2025-05,10,49,10,20,2,61,9,3,2,4,0,0,1,30,4,104,11,9,2,12,4,1,6,1,1,184,9,12,0,77,9,13,9,20,13,0,0,3,4,3,45,13,29,282,237,40,66,4,1,3,7,8,1,1,5,44
2025-05,11,35,7,24,2,34,21,0,3,5,1,0,1,15,4,47,43,10,1,4,10,1,6,1,1,104,2,5,1,92,5,7,11,8,11,1,1,4,6,4,27,4,30,170,152,87,50,49,1,1,6,5,0,3,3,50
2025-05,12,19,8,2,1,13,12,0,2,7,1,0,0,14,2,38,5,5,3,10,2,2,1,1,1,53,3,8,0,39,2,1,6,3,9,0,0,2,3,2,17,6,42,117,128,64,37,3,2,0,12,1,0,0,3,52
2025-05,13,33,1,19,1,9,4,2,0,8,2,1,2,21,2,32,61,7,0,2,1,0,3,0,1,37,3,7,1,41,9,4,4,10,13,1,0,1,0,3,25,4,28,59,92,26,22,0,0,3,4,7,0,2,1,40
2025-05,14,36,6,40,0,18,15,6,6,3,5,0,1,17,16,70,102,14,2,8,4,2,3,0,5,144,2,22,5,66,22,8,11,9,28,2,6,11,12,2,38,5,19,144,211,19,58,23,2,3,3,3,0,2,4,133
2025-05,15,139,8,35,5,62,25,5,6,11,0,2,1,26,18,127,119,12,1,20,21,4,11,0,5,197,6,9,4,181,37,11,13,30,46,1,5,3,12,8,121,18,179,401,479,67,111,38,14,1,19,19,0,3,12,116
2025-05,16,105,5,22,1,30,23,3,3,14,1,0,4,21,22,86,191,15,2,8,9,1,12,2,7,213,13,12,1,114,17,12,7,21,40,1,2,3,13,10,79,9,58,157,221,42,65,32,3,2,10,9,1,2,6,148
2025-05,17,112,24,34,0,61,19,0,3,20,3,0,1,17,8,124,28,9,3,16,12,5,14,1,4,66,4,7,3,99,12,7,5,27,11,0,5,7,4,3,70,8,10,136,148,63,85,5,5,2,13,9,0,4,5,46
2025-05,18,43,0,6,1,21,12,1,5,0,2,0,0,7,1,21,19,1,0,10,0,0,3,0,4,31,2,4,0,17,19,3,2,7,6,1,6,2,4,1,14,0,8,23,13,2,8,49,1,1,6,2,0,1,0,9
2025-05,19,209,21,51,1,100,30,3,7,13,2,1,0,39,25,124,112,14,2,35,10,3,7,0,8,95,5,28,6,106,21,6,5,20,43,0,3,5,27,6,92,5,29,77,44,62,53,28,5,11,7,12,0,4,1,27
2025-05,20,32,3,27,0,17,7,2,1,8,0,0,0,2,18,29,38,3,0,4,2,0,8,0,2,34,2,0,0,47,7,6,7,4,17,1,0,2,9,1,47,2,18,34,20,17,16,1,3,4,3,1,0,2,0,28
2025-05,21,52,1,22,0,29,21,5,6,3,1,2,0,10,31,73,223,4,0,14,18,1,20,1,5,140,8,12,5,73,10,3,9,8,20,0,4,1,1,5,17,4,32,46,43,44,29,2,1,5,5,9,0,0,8,61
2025-05,22,102,7,66,1,44,58,8,8,23,2,1,3,31,26,98,355,36,4,8,28,4,21,1,10,162,8,23,10,161,34,10,10,17,53,0,0,6,9,9,72,5,74,66,52,54,61,65,8,11,37,18,1,6,13,154
2025-05,23,133,14,38,1,55,46,8,9,8,31,4,0,17,52,120,124,14,5,22,18,3,18,2,9,77,8,8,1,113,31,3,9,4,22,1,0,4,22,6,55,3,38,41,44,37,46,58,14,12,14,17,0,4,37,22
2025-05,24,124,5,71,6,62,57,8,12,13,8,3,6,40,58,86,541,38,2,25,23,5,27,9,5,245,19,28,13,220,65,9,25,34,51,1,6,12,10,32,78,13,87,51,88,82,63,40,4,7,26,64,3,2,4,140
2025-05,25,276,40,53,3,84,87,38,19,18,48,1,2,61,108,216,149,32,8,26,33,6,16,2,20,149,11,35,5,139,84,6,17,39,45,0,5,14,51,45,96,12,51,87,90,10,80,36,29,26,17,12,3,15,68,19
2025-05,26,47,1,15,0,17,23,10,1,9,23,3,0,12,30,40,104,1,1,1,0,2,3,0,1,19,0,9,0,19,46,2,2,39,16,0,4,4,27,45,11,3,28,18,11,2,5,67,5,3,2,4,0,3,33,2
2025-05,27,64,4,12,0,16,14,6,1,5,12,1,1,15,18,46,77,5,0,7,4,2,4,0,3,32,2,9,0,17,16,4,1,3,10,0,4,6,18,6,56,3,46,27,8,5,10,66,6,3,2,6,2,4,17,8
2025-05,28,40,2,9,2,17,28,6,8,6,20,3,3,15,27,30,453,17,1,9,6,2,7,4,4,141,4,26,9,58,19,8,6,20,34,1,1,6,14,14,56,9,150,15,30,11,24,25,5,12,6,28,1,3,13,13
2025-05,29,105,13,16,2,18,45,10,0,12,28,2,2,46,37,74,118,9,1,5,11,8,8,0,5,35,5,16,1,47,13,13,5,4,9,1,6,9,37,8,77,7,22,13,11,18,14,1,11,8,13,11,0,2,40,7
2025-05,30,83,23,19,0,25,17,5,13,26,3,1,1,18,27,84,369,17,5,8,6,1,12,28,6,53,2,22,1,73,21,8,13,8,25,3,4,7,12,5,78,5,19,18,40,15,18,93,9,6,26,15,1,2,0,6
2025-05,31,45,18,10,2,30,25,10,8,24,0,2,1,12,22,36,448,12,0,5,12,3,24,6,5,61,6,19,1,58,20,9,9,8,15,1,0,16,13,4,97,7,29,11,14,25,5,6,4,4,7,18,0,2,4,6
2025-05,32,21,1,3,0,0,11,2,6,5,0,6,6,5,6,5,361,19,0,1,6,0,5,0,1,52,0,8,11,17,2,3,5,14,18,1,14,0,4,8,123,8,71,7,3,4,6,1,0,6,6,6,0,1,3,2
2025-05,33,12,1,4,1,2,13,7,1,1,3,0,2,1,6,7,33,2,0,5,1,1,7,3,0,20,1,7,3,8,3,4,3,4,14,0,0,1,3,5,32,8,23,13,17,4,6,0,1,7,2,5,0,0,0,2
2025-05,34,18,4,4,0,1,6,3,4,0,0,0,0,4,7,13,79,1,0,2,4,0,1,0,1,10,1,5,5,18,6,3,2,5,4,0,0,2,2,2,32,2,20,7,9,4,8,3,2,0,3,1,0,0,0,3
2025-05,35,30,5,0,0,4,9,4,0,7,0,2,2,4,1,8,3,6,0,1,3,1,1,1,0,9,0,9,2,6,4,0,2,2,6,0,0,0,13,4,21,4,24,4,6,9,9,26,0,2,0,6,0,0,3,2
2025-05,36,19,4,1,0,2,9,8,0,1,2,0,5,3,0,4,4,0,0,2,0,1,2,0,1,9,1,2,0,1,1,0,0,0,1,0,0,3,4,0,1,3,1,1,1,0,2,6,0,2,1,0,0,0,0,4
2025-05,37,4,4,0,0,3,2,1,1,1,2,0,0,4,2,6,25,0,0,1,1,0,0,0,1,5,0,1,0,16,2,2,0,0,5,0,0,0,2,2,11,2,5,15,6,2,1,0,3,1,1,0,0,0,7,0
2025-05,38,54,12,6,0,20,21,9,0,3,20,0,1,8,11,26,14,8,0,8,0,2,6,0,11,16,1,8,1,26,16,2,5,5,5,0,2,2,17,2,20,4,29,23,7,4,8,18,3,2,2,3,0,2,8,8
2025-05,39,23,4,0,0,5,11,12,0,0,0,0,0,6,2,9,5,4,0,0,0,2,0,0,0,22,6,7,4,8,13,1,1,1,2,0,0,4,3,0,6,2,11,16,33,3,8,1,3,1,3,2,0,0,5,6
2025-05,40,14,1,1,0,5,16,5,0,5,5,0,0,8,4,17,6,3,0,0,1,1,2,1,1,10,3,15,1,9,3,7,1,0,8,0,0,1,9,1,25,7,19,6,16,0,1,36,3,6,3,0,0,0,1,0
2025-05,41,20,1,2,0,10,19,6,2,4,0,0,1,7,1,14,9,2,0,2,1,0,1,0,3,72,7,5,2,8,3,13,2,7,15,0,2,3,10,3,16,7,11,31,51,12,20,0,1,6,6,4,0,1,2,7
2025-05,42,50,3,4,1,10,28,12,4,2,6,0,2,25,15,30,11,5,0,8,7,2,5,1,0,55,3,19,1,13,7,6,9,3,10,0,0,1,14,7,12,12,10,25,28,3,13,0,9,8,5,3,0,7,5,7
2025-05,43,71,5,17,1,18,83,66,2,8,11,2,7,50,20,62,5,10,3,14,8,8,8,3,4,106,17,37,1,22,35,28,10,17,23,2,7,6,52,6,45,9,27,153,202,6,40,16,10,22,9,6,0,3,17,12
2025-05,44,87,8,6,0,19,37,16,3,12,5,1,1,34,18,70,9,7,1,10,1,13,10,4,3,85,4,16,1,37,34,5,10,10,15,0,10,3,37,8,72,5,43,172,332,2,62,25,18,15,11,3,2,2,13,8
2025-05,45,15,24,0,1,12,6,1,0,5,2,0,0,14,10,28,2,4,2,3,1,1,12,0,3,14,2,4,0,6,3,1,2,3,1,2,0,3,5,2,25,3,65,42,110,5,26,0,7,4,12,7,0,2,6,5
2025-05,46,44,12,6,1,27,24,12,4,10,16,1,2,42,16,71,22,8,4,6,4,8,7,2,7,50,4,15,2,19,16,3,30,9,2,0,2,4,32,1,107,10,11,143,243,9,53,0,20,15,8,11,1,7,24,17
2025-05,47,3,0,0,0,3,4,0,0,1,2,0,0,0,8,10,0,0,0,3,2,0,3,0,0,17,1,0,0,3,1,1,0,1,0,0,0,0,4,3,2,0,1,21,37,0,14,0,5,2,0,0,0,1,4,4
2025-05,48,15,13,4,1,20,2,1,0,5,1,0,1,25,8,56,7,6,2,15,5,0,10,0,2,45,2,10,0,9,14,5,12,11,6,0,0,0,8,6,68,9,9,131,224,4,67,13,4,7,5,3,0,3,8,7
2025-05,49,93,26,6,2,52,36,6,2,18,30,2,3,60,55,155,7,13,3,10,6,5,13,2,2,42,15,29,2,47,32,11,15,17,5,0,3,3,44,8,116,10,38,178,292,4,85,10,31,13,15,10,2,16,123,16
2025-05,50,14,0,0,0,7,1,2,2,2,0,0,1,5,9,18,0,3,1,1,4,1,3,0,0,8,3,3,0,7,7,3,1,0,4,0,4,4,8,1,20,0,8,68,93,6,23,0,6,5,5,2,0,3,3,1
2025-05,51,38,9,4,1,22,12,5,1,3,2,0,2,20,10,60,41,6,1,13,0,1,4,0,1,39,3,13,0,6,13,2,8,7,2,1,4,6,30,6,47,3,10,130,138,10,19,0,5,15,1,1,0,5,6,7
2025-05,52,60,5,10,1,23,19,1,3,2,0,0,0,17,3,61,40,7,1,6,0,3,7,0,4,28,6,5,0,19,8,3,7,10,2,0,0,1,11,0,43,4,20,21,47,2,22,17,1,1,6,1,1,0,11,3
2025-05,53,44,19,7,2,18,20,8,3,9,19,0,3,40,31,86,13,8,4,10,5,4,14,0,8,50,6,24,0,22,35,6,19,13,7,0,2,5,61,4,89,15,16,175,248,5,78,17,37,24,16,3,0,11,88,12
2025-05,54,6,0,0,0,1,2,2,0,1,1,0,0,5,1,2,3,1,0,1,0,0,0,0,0,8,0,1,0,0,0,0,2,0,2,0,0,1,6,2,7,3,0,4,3,0,1,0,3,3,2,1,0,0,2,3
2025-05,55,10,2,2,0,17,8,2,0,4,1,0,0,4,3,23,3,5,2,3,2,0,3,1,4,39,2,6,0,1,9,2,14,8,2,0,4,2,1,3,11,1,14,15,17,3,12,0,2,0,6,1,0,2,2,3
2025-05,56,49,19,6,3,27,18,3,3,12,2,0,2,20,12,87,127,8,3,7,2,0,16,2,1,77,2,8,0,96,19,5,16,15,29,0,2,10,6,3,87,9,27,120,100,18,63,125,0,3,5,7,2,3,3,13
2025-05,57,29,2,1,0,9,26,1,4,2,0,0,0,7,1,17,144,1,1,1,3,0,2,0,1,42,0,2,2,24,13,3,0,7,18,4,2,10,2,5,13,1,5,5,9,1,7,1,0,1,3,3,0,1,6,3
2025-05,58,88,8,7,1,27,28,2,9,8,1,0,0,18,11,54,348,6,0,6,9,6,11,0,5,63,0,20,1,26,8,11,4,7,7,4,4,8,7,5,39,3,32,18,46,15,35,0,2,2,6,6,0,2,1,3
2025-05,59,28,5,4,0,13,6,4,2,4,1,0,2,9,3,20,186,5,0,1,4,0,0,3,0,39,1,4,0,12,0,2,2,1,9,5,1,8,7,2,36,0,11,12,20,19,18,23,3,1,3,4,0,0,1,4
2025-05,60,63,15,14,2,16,31,6,3,5,0,2,11,11,20,51,200,7,0,4,12,3,3,3,3,22,10,3,1,110,9,9,4,10,15,0,0,6,4,1,60,17,55,58,71,9,39,10,1,5,6,2,0,3,13,12
2025-05,61,94,19,8,1,34,28,1,13,15,21,3,0,24,21,100,310,16,3,7,10,2,10,58,5,57,15,19,1,94,24,9,13,11,13,1,6,4,22,3,92,7,46,72,62,8,32,3,26,10,3,7,0,4,22,8
2025-05,62,49,4,1,1,16,6,1,1,3,2,0,0,8,1,44,168,1,0,1,1,0,2,0,2,66,1,4,1,40,7,4,3,4,20,4,8,8,3,3,28,1,10,17,16,2,16,0,0,5,2,3,0,0,2,4
2025-05,63,109,12,20,2,37,36,5,9,6,7,0,1,26,13,59,259,8,2,9,3,5,11,3,3,84,3,9,5,36,18,7,4,6,19,2,6,8,17,6,52,6,4,27,27,11,27,0,1,4,0,6,3,1,2,3
2025-05,64,43,14,4,0,15,6,4,0,0,0,0,1,7,2,45,20,12,1,5,1,3,9,0,2,67,1,6,1,125,6,5,7,2,23,0,2,4,6,2,23,2,32,39,19,14,12,1,2,0,6,6,0,0,9,6
2025-05,65,79,9,7,0,25,9,1,2,8,0,1,6,28,6,62,117,3,3,4,5,1,9,2,4,85,2,10,3,40,2,8,4,6,24,2,4,6,13,3,13,2,16,23,23,1,19,2,1,5,1,2,1,6,2,7
2025-05,66,149,6,29,2,28,38,20,14,14,10,2,2,23,30,110,154,15,3,9,10,3,11,21,4,136,3,19,5,65,27,7,8,6,10,2,4,7,47,10,63,5,22,68,79,7,39,47,12,20,8,6,0,10,9,4
2025-05,67,90,4,9,3,23,22,8,3,14,34,1,0,26,51,82,59,12,2,3,7,4,7,0,3,57,3,29,4,137,18,2,6,4,8,2,4,6,37,6,25,11,15,81,62,2,26,55,28,19,13,4,0,8,66,6
2025-05,68,50,12,5,0,18,36,13,6,7,33,1,0,33,29,86,34,11,2,5,2,2,14,6,1,15,9,20,2,43,17,4,6,4,6,0,2,7,22,8,61,3,26,71,53,20,25,0,18,16,9,5,1,6,64,3
2025-05,69,81,5,2,0,20,49,45,1,6,19,2,3,43,34,83,26,8,4,9,5,2,6,0,3,58,9,34,4,39,19,2,6,15,4,0,5,6,40,10,84,5,44,96,216,3,28,9,28,15,10,6,0,5,17,10
2025-05,70,49,6,10,2,41,12,1,5,8,0,2,4,38,8,139,87,8,2,5,4,0,14,0,8,234,3,11,2,40,12,9,8,33,15,0,0,7,21,7,86,11,21,70,107,12,44,32,3,7,7,1,2,3,7,13
2025-05,71,74,16,2,1,41,57,19,3,11,15,4,1,71,25,116,16,16,5,7,8,6,17,5,6,86,7,35,1,71,36,11,13,12,17,2,3,6,55,8,100,9,38,160,281,18,64,22,17,24,27,8,3,5,33,7
2025-05,72,21,8,8,2,24,6,6,0,8,2,0,3,25,2,73,4,3,3,9,3,4,4,0,0,58,3,10,0,14,7,10,9,10,12,0,0,5,11,2,56,14,28,292,256,22,82,5,1,3,10,3,1,1,13,33
2025-05,73,43,11,4,0,30,15,9,4,7,7,2,3,52,20,90,3,13,2,13,10,0,7,2,4,21,19,17,4,27,22,5,7,19,5,2,4,9,34,12,81,19,18,167,297,8,53,2,19,12,38,3,0,3,48,14
2025-05,74,6,2,2,3,10,6,0,3,8,0,0,4,9,0,67,0,3,4,6,1,0,5,4,0,46,8,5,0,44,2,10,0,11,6,0,2,6,4,3,23,4,3,140,149,6,52,4,2,2,8,3,1,0,2,16
2025-05,75,27,4,8,0,22,14,4,0,4,17,1,2,18,10,76,7,4,4,17,1,2,3,0,1,36,12,17,0,30,14,10,8,5,7,3,2,3,19,8,60,12,35,260,224,13,72,5,4,8,17,3,0,2,42,23
2025-05,76,26,0,7,1,4,2,1,0,1,0,0,1,14,0,9,3,0,1,0,0,1,1,0,1,29,0,3,0,2,3,1,3,2,6,0,0,0,2,1,15,1,17,4,3,1,3,4,1,0,1,0,0,0,2,2
2025-05,77,80,9,12,0,10,22,9,3,9,10,4,11,3,19,16,87,9,1,8,10,3,3,0,3,86,2,13,5,46,13,6,11,12,32,0,3,3,5,6,30,8,36,72,89,24,48,34,1,2,12,22,1,2,0,102
2025-06,0,4226,454,1002,127,2009,1800,650,305,674,632,72,75,1843,1462,4913,8146,815,177,1281,469,224,585,2328,360,4398,475,1001,240,4762,1664,432,875,765,1102,52,203,324,1131,538,3292,369,2489,3878,3575,1267,2517,2585,603,547,1192,1206,44,396,1810,2023
2025-06,1,102,1,6,2,14,39,12,5,7,0,0,0,29,18,23,77,5,1,15,13,3,9,0,2,42,6,11,2,103,28,1,7,4,23,0,1,9,4,6,19,2,37,63,48,10,29,24,2,8,22,15,1,2,7,51
2025-06,2,117,2,28,1,25,27,9,6,6,17,0,0,27,28,92,34,13,1,15,6,1,15,29,5,126,8,17,6,120,44,9,10,13,17,5,2,6,10,3,37,7,59,119,93,16,59,20,1,3,18,16,1,1,14,58
2025-06,3,40,12,8,3,12,34,15,1,1,2,0,0,12,42,17,185,4,0,14,17,1,7,30,3,64,7,16,3,59,13,0,6,9,18,1,4,2,6,11,38,8,56,30,34,29,31,79,0,10,18,24,1,3,14,76
2025-06,4,38,6,16,2,22,27,4,5,17,1,1,0,25,14,44,111,8,4,19,8,1,4,4,3,40,8,10,2,90,16,4,9,12,11,1,1,1,2,15,11,5,44,47,74,18,40,61,1,4,13,12,0,0,9,87
2025-06,5,59,1,30,2,29,13,1,2,2,4,1,4,21,8,37,117,14,2,16,4,0,1,1,4,109,5,9,6,117,13,10,34,14,14,0,6,5,0,4,23,0,38,47,74,22,41,21,9,3,15,23,1,0,8,69
2025-06,6,55,6,29,3,30,38,4,9,14,5,3,7,60,56,53,291,31,1,20,23,2,22,1,6,130,14,15,18,217,44,6,29,22,45,4,9,8,8,17,61,1,113,53,80,62,88,128,7,9,33,59,1,3,21,118
2025-06,7,60,4,29,6,27,23,9,12,10,8,0,2,25,37,65,431,36,0,23,12,2,5,0,6,158,6,9,10,145,40,7,26,22,46,1,2,17,4,15,77,21,111,44,59,58,65,96,6,1,35,55,0,5,14,57
2025-06,8,23,2,6,2,6,28,13,13,9,5,7,5,14,27,11,275,29,5,4,4,12,6,17,3,126,4,17,13,44,19,10,15,14,54,1,0,4,7,13,61,13,86,9,27,6,28,3,2,4,13,26,1,2,20,6
2025-06,9,10,6,19,0,28,4,4,0,13,0,0,0,5,1,25,2,2,1,1,2,3,1,0,1,34,1,2,0,16,2,8,0,7,3,0,0,1,1,1,23,1,6,21,30,11,27,0,13,0,4,3,0,1,3,5
2025-06,10,42,11,19,2,107,13,4,1,13,2,0,3,27,4,99,19,6,6,15,6,2,15,0,1,162,5,8,0,118,8,9,9,15,13,0,2,1,6,7,44,4,54,98,76,70,54,14,4,2,23,4,1,3,2,35
2025-06,11,53,3,13,4,39,11,1,1,5,0,0,0,19,5,71,29,9,1,21,7,0,4,0,1,79,1,2,3,127,21,8,15,10,10,1,0,1,2,2,16,2,17,92,39,63,39,67,3,3,8,5,0,1,19,42
2025-06,12,19,5,6,1,30,7,1,0,5,0,0,0,16,1,60,8,14,0,12,9,1,3,0,0,110,3,11,0,49,10,10,5,12,7,0,0,1,1,6,12,7,41,79,76,31,50,0,2,3,41,10,0,3,5,45
2025-06,13,31,2,30,0,14,6,1,0,9,1,0,0,22,8,28,29,10,0,1,1,0,1,0,0,42,6,6,1,49,10,4,3,4,1,0,0,2,1,2,14,6,46,21,21,2,18,0,5,2,2,5,0,1,2,25
2025-06,14,49,14,37,1,24,21,7,5,7,0,0,0,27,14,57,152,9,4,21,6,2,5,0,2,138,4,11,2,102,14,10,4,4,26,0,2,5,2,5,32,4,5,77,96,19,41,18,3,4,17,12,0,4,3,132
2025-06,15,158,12,39,2,82,22,7,7,18,1,5,0,29,15,129,135,25,1,39,18,5,6,9,4,145,17,11,0,194,35,10,7,14,53,1,1,2,14,6,56,12,31,185,122,50,100,45,3,4,46,27,0,1,13,107
2025-06,16,84,4,38,5,24,26,7,2,3,5,0,4,32,25,82,139,8,2,12,10,1,9,3,7,133,8,13,3,148,31,10,11,11,24,0,3,3,6,5,24,3,115,94,109,69,47,13,6,2,22,15,2,0,15,137
2025-06,17,98,12,31,2,86,23,5,2,21,6,1,0,39,9,132,37,16,3,27,7,1,10,1,1,87,8,10,1,114,31,9,7,21,5,0,2,4,14,5,68,6,16,72,60,28,67,13,7,5,5,8,1,1,4,34
2025-06,18,21,3,3,0,24,8,0,2,4,0,1,2,13,2,38,24,5,1,22,8,1,9,0,3,38,0,4,0,14,8,2,1,4,2,0,1,1,3,1,46,1,6,24,13,6,21,5,1,4,4,3,0,0,0,7
2025-06,19,177,14,35,1,96,35,12,5,10,2,2,0,20,36,200,100,18,2,69,4,2,9,36,17,111,9,10,7,104,25,11,6,18,22,2,1,9,14,5,69,4,29,58,47,12,31,47,6,4,32,11,1,10,8,28
2025-06,20,31,7,15,0,16,16,2,2,8,0,0,0,10,13,58,28,2,1,3,1,0,1,5,3,24,0,3,0,77,8,1,7,3,11,0,1,0,5,7,31,1,11,18,14,5,18,1,2,2,8,3,0,0,5,16
2025-06,21,77,8,32,2,20,17,3,2,2,6,3,0,25,29,56,213,8,0,11,9,2,21,11,1,72,7,2,5,114,21,3,12,10,16,0,2,4,5,9,52,4,38,34,26,18,26,12,3,3,14,12,0,2,11,66
2025-06,22,111,3,59,2,57,34,7,13,15,11,3,2,58,39,118,402,21,4,11,26,5,9,8,4,125,6,17,7,189,52,5,16,28,58,1,9,12,13,14,71,14,62,68,83,93,90,106,11,7,42,37,0,3,33,164
2025-06,23,132,16,24,3,59,45,12,5,14,41,0,1,22,60,153,119,11,2,74,11,3,14,126,11,51,7,15,4,117,36,7,11,10,17,0,0,4,32,16,55,4,29,53,70,27,37,82,21,11,41,21,1,3,53,32
2025-06,24,116,6,63,8,67,45,12,10,27,11,2,0,63,75,111,688,52,6,35,29,5,40,76,10,246,15,15,13,279,66,10,35,40,48,2,3,6,17,34,62,21,94,75,87,90,53,119,17,14,35,83,1,7,31,131
2025-06,25,230,26,44,3,86,84,39,10,25,60,3,1,77,83,247,93,31,11,91,25,7,39,62,14,109,14,57,19,138,75,9,27,33,27,0,6,2,63,10,70,11,38,128,121,20,75,93,24,39,32,17,5,16,83,43
2025-06,26,38,6,4,0,9,16,9,3,7,28,2,0,22,18,53,29,5,3,14,4,6,4,36,3,31,0,17,0,17,9,0,3,0,2,1,3,3,10,3,21,0,10,17,14,3,14,63,11,9,2,9,0,3,44,2
2025-06,27,64,3,17,0,22,25,15,4,5,25,0,1,28,30,60,54,10,1,14,2,1,3,41,12,39,3,22,1,41,62,1,6,6,29,0,0,0,14,29,51,4,39,28,19,2,12,20,8,2,8,11,1,2,55,10
2025-06,28,39,3,20,2,21,37,22,17,8,12,2,1,24,37,30,282,22,3,20,9,5,5,39,0,140,3,20,12,94,52,6,20,13,34,0,0,8,12,28,93,5,186,28,29,19,28,96,11,8,20,35,0,1,37,11
2025-06,29,81,5,11,0,28,59,20,1,9,74,1,0,22,32,100,77,5,1,25,10,3,6,77,14,40,7,17,1,59,32,4,14,14,18,0,2,6,24,24,45,7,37,31,39,4,24,21,12,7,5,22,0,8,86,7
2025-06,30,96,13,13,1,35,32,12,15,19,7,2,0,17,35,93,389,12,7,12,8,10,14,453,14,45,21,20,5,87,27,9,19,10,21,1,4,3,42,6,114,10,39,42,53,25,36,75,5,10,9,29,1,11,11,7
2025-06,31,30,2,15,1,29,24,3,8,16,2,1,0,12,18,53,370,18,4,4,9,3,21,163,10,50,4,15,3,66,15,5,23,11,32,1,0,7,18,11,86,3,45,13,18,25,4,34,3,3,15,23,0,4,19,7
2025-06,32,22,0,3,1,5,19,2,6,2,0,3,1,6,8,6,437,16,3,2,5,4,3,6,2,67,0,18,11,12,11,4,0,13,15,2,1,2,6,5,107,12,68,5,4,0,1,0,3,13,9,7,0,0,4,3
2025-06,33,16,0,6,0,1,7,4,2,0,1,0,0,2,5,11,27,3,1,5,2,2,3,1,0,24,0,5,1,10,3,7,3,6,12,0,0,0,0,7,26,2,43,7,5,3,6,65,2,6,4,12,2,0,6,4
2025-06,34,8,1,4,1,6,4,1,5,4,1,0,1,3,4,22,189,2,0,2,2,1,3,10,2,6,0,3,9,19,7,2,0,6,5,0,0,2,2,3,16,4,11,3,7,33,4,5,1,1,5,6,0,0,1,0
2025-06,35,9,3,1,0,4,6,1,4,3,1,0,0,9,1,6,19,9,3,1,1,0,3,6,1,18,0,5,1,6,6,5,4,3,4,1,0,2,6,7,37,2,22,5,6,1,5,15,0,1,2,3,0,0,4,1
2025-06,36,12,1,0,0,1,4,5,1,0,0,0,0,3,3,3,13,3,0,2,0,0,1,0,1,7,1,0,0,2,2,0,1,1,1,0,0,0,6,0,10,4,0,2,6,1,1,40,1,0,0,3,1,0,4,1
2025-06,37,23,0,1,0,6,1,1,1,0,3,0,0,5,4,10,36,4,0,5,0,1,1,1,2,2,2,3,1,15,1,0,5,1,4,0,0,1,4,4,4,3,5,7,3,0,6,15,0,1,1,2,0,2,11,0
2025-06,38,50,1,2,0,10,20,16,2,2,27,0,1,22,18,24,12,6,1,13,1,0,9,1,8,28,0,20,0,38,21,3,6,4,5,0,2,7,19,5,33,2,20,16,14,2,10,32,2,2,4,8,0,1,22,3
2025-06,39,24,3,0,1,8,22,14,0,2,2,0,1,4,1,13,2,1,1,3,3,2,2,2,1,12,3,4,0,11,5,1,3,2,7,0,4,4,9,2,10,8,18,14,23,3,6,0,2,1,6,4,1,1,3,6
2025-06,40,24,2,5,1,4,20,7,2,1,6,0,1,13,5,14,3,0,1,4,0,3,4,1,3,9,2,24,0,5,5,2,3,1,3,0,0,0,9,4,34,8,11,6,27,3,7,65,0,4,0,10,0,10,22,0
2025-06,41,15,0,0,0,6,20,13,4,5,1,1,2,7,4,10,55,7,1,1,1,1,3,2,1,60,1,9,4,14,7,3,3,13,5,1,1,4,2,4,47,4,34,15,27,2,7,1,0,0,20,9,2,1,1,10
2025-06,42,36,1,2,2,15,24,18,2,8,13,1,0,36,10,39,16,9,0,5,6,0,3,3,7,67,7,12,2,15,20,4,7,3,6,2,4,4,20,6,21,5,14,32,47,15,17,3,1,4,7,16,0,12,37,9
2025-06,43,64,4,7,2,18,100,57,1,19,6,5,2,55,34,68,7,16,2,8,8,11,17,42,12,45,21,62,3,27,34,11,18,9,8,3,7,3,34,6,48,0,11,77,59,14,33,11,11,15,13,26,1,17,25,13
2025-06,44,71,7,7,4,21,43,21,2,19,5,1,0,46,28,70,8,18,7,28,3,8,8,9,3,35,14,23,0,32,26,3,21,12,12,0,9,3,32,16,38,6,11,81,79,4,53,16,12,8,11,32,2,10,38,10
2025-06,45,18,9,1,1,16,9,2,0,7,4,2,0,13,11,36,5,2,2,5,0,1,5,0,2,24,4,6,1,9,6,1,6,5,3,0,0,2,9,1,7,2,11,42,27,0,23,2,7,8,24,14,0,7,11,14
2025-06,46,66,14,2,3,32,31,15,4,15,14,1,3,27,32,63,22,9,5,7,6,4,7,17,4,48,9,21,3,34,54,6,43,8,4,0,2,0,26,11,133,3,9,109,68,15,34,52,15,17,10,26,1,9,51,9
2025-06,47,15,0,0,0,5,3,1,0,3,1,0,0,0,2,9,1,0,0,3,0,0,1,5,0,5,2,6,0,7,3,1,5,2,0,0,0,1,4,0,11,2,0,17,15,0,5,0,2,0,1,1,0,0,14,0
2025-06,48,19,5,6,1,15,18,2,0,7,0,0,0,21,6,50,10,6,1,13,0,2,3,1,3,61,4,13,0,12,21,3,12,6,10,0,4,7,21,5,18,6,8,59,72,5,54,5,4,10,5,11,0,8,20,9
2025-06,49,63,16,6,3,38,47,9,2,17,34,1,0,64,53,138,23,12,3,37,6,5,5,7,8,37,18,23,0,52,54,5,13,11,6,0,12,5,39,3,80,4,41,122,110,9,65,29,40,16,63,11,2,14,146,27
2025-06,50,20,0,1,1,2,4,2,1,2,3,0,1,6,16,25,0,0,0,0,2,2,1,0,2,7,0,6,0,6,3,3,4,3,3,0,0,0,18,0,8,3,12,34,30,26,13,3,9,6,3,1,1,7,15,1
2025-06,51,39,8,5,0,15,16,4,3,3,3,0,0,21,5,60,23,8,2,13,0,1,11,12,2,41,6,8,4,12,15,2,15,6,4,0,2,3,13,3,118,8,24,132,54,7,25,1,5,12,6,12,0,11,8,13
2025-06,52,43,12,5,2,25,12,2,2,0,2,0,0,21,5,53,45,10,1,7,0,2,6,0,4,24,5,6,0,19,13,1,14,21,4,1,3,5,9,0,25,5,13,21,12,4,17,6,2,6,8,3,0,2,15,9
2025-06,53,30,23,4,2,32,26,8,2,14,16,1,0,34,34,110,7,8,8,25,6,7,14,11,7,37,11,19,0,15,44,8,13,13,2,0,4,11,39,5,53,2,6,105,69,8,39,2,36,21,36,9,0,4,158,12
2025-06,54,2,0,0,0,1,5,3,0,1,2,0,0,2,1,5,0,2,1,0,0,2,3,4,0,4,0,8,0,1,1,0,2,1,0,0,0,2,9,0,20,1,6,13,7,5,1,0,5,5,2,1,0,0,1,2
2025-06,55,28,0,5,0,11,1,3,0,1,1,0,0,14,3,32,8,4,1,9,0,0,10,0,3,11,4,4,0,1,2,2,3,9,6,1,3,4,4,0,21,0,7,11,9,5,12,10,1,1,7,7,0,0,8,2
2025-06,56,58,8,4,4,27,15,6,5,10,2,1,1,6,8,97,78,14,5,30,7,0,10,1,4,67,6,5,5,144,21,9,18,12,20,2,0,8,8,8,50,5,30,40,41,10,53,212,3,5,21,24,0,6,5,11
2025-06,57,34,2,3,1,4,7,0,3,20,1,2,1,9,5,25,141,1,0,7,6,1,0,4,2,13,3,4,2,15,10,2,2,2,10,0,0,4,2,4,8,0,21,8,14,7,3,0,1,0,4,4,0,5,2,1
2025-06,58,70,15,14,2,28,17,5,8,6,1,1,0,27,14,61,377,9,3,44,3,3,6,115,1,39,7,16,1,53,19,4,18,5,8,1,6,6,12,1,43,8,38,11,35,4,22,7,11,2,10,12,0,6,5,6
2025-06,59,32,1,4,0,20,14,7,1,7,2,1,0,6,5,23,201,4,0,8,3,2,4,82,2,21,0,9,2,27,5,4,6,5,5,1,3,5,9,2,15,2,14,14,37,9,9,92,3,2,3,6,0,2,5,11
2025-06,60,50,7,11,2,29,43,10,10,9,2,0,2,27,15,51,232,2,0,11,15,0,6,17,7,17,17,11,6,110,18,4,13,13,12,2,4,6,7,8,53,5,42,30,38,5,26,28,7,4,10,5,0,0,12,19
2025-06,61,123,3,8,4,35,26,6,7,6,18,0,0,27,30,79,137,15,4,35,9,1,7,377,8,40,2,16,3,84,34,4,9,7,18,0,4,7,20,9,100,3,57,33,27,8,37,24,20,6,2,19,1,8,50,6
2025-06,62,34,5,2,0,6,4,3,2,4,1,0,0,17,6,37,125,2,1,11,4,1,3,3,0,39,4,1,0,47,2,6,3,4,13,2,2,4,4,1,12,0,1,7,6,2,13,0,0,0,5,10,0,2,5,2
2025-06,63,78,9,16,1,31,33,1,7,7,1,0,1,12,9,72,194,12,3,15,1,1,5,81,5,32,6,10,1,26,21,7,17,4,7,1,5,7,24,5,56,4,8,21,27,16,19,9,13,5,7,16,0,6,3,2
2025-06,64,46,2,5,1,14,10,3,1,3,1,0,1,7,5,52,15,8,2,6,2,0,5,3,12,50,3,2,1,128,17,1,8,3,33,0,0,3,8,1,14,2,7,21,18,17,13,0,2,1,10,5,0,1,10,4
2025-06,65,58,9,10,4,21,19,0,2,4,0,0,0,22,3,76,106,5,7,7,4,2,4,5,5,49,3,2,5,49,7,8,8,12,17,2,8,6,16,1,11,2,16,19,17,9,23,3,0,4,11,6,0,7,4,5
2025-06,66,104,8,20,7,52,44,18,13,9,7,3,1,38,34,139,267,15,1,48,15,2,11,131,12,58,3,25,3,57,36,3,21,14,6,2,9,12,40,12,51,8,28,53,47,10,37,128,32,15,29,18,2,23,19,6
2025-06,67,65,8,4,3,46,22,9,5,35,29,0,4,63,42,125,85,12,4,28,8,8,9,71,10,31,15,23,2,50,38,6,15,4,8,0,0,5,28,4,44,7,23,71,82,1,29,116,42,15,15,20,1,17,88,3
2025-06,68,49,4,5,1,20,46,14,0,5,35,2,2,28,40,72,42,15,2,8,6,10,4,25,8,24,8,19,2,42,26,4,10,1,3,1,8,5,42,3,45,6,37,59,51,11,25,5,25,29,7,24,0,8,78,3
2025-06,69,69,2,2,4,32,41,19,4,11,11,1,0,51,24,85,17,15,3,31,2,0,11,13,8,32,17,18,5,23,36,25,20,9,14,0,2,3,47,15,72,2,28,70,78,0,51,24,25,22,13,44,0,10,49,12
2025-06,70,62,1,22,2,50,15,4,3,5,3,1,4,47,13,185,47,16,2,25,4,2,17,2,10,81,4,20,3,66,17,6,17,37,20,0,2,9,21,9,36,6,27,64,100,5,54,2,1,6,83,21,1,10,21,12
2025-06,71,88,10,14,1,28,58,29,3,23,13,0,2,53,32,104,32,17,5,35,9,11,13,6,8,62,8,37,0,57,47,7,29,14,19,1,10,10,60,12,88,6,24,123,96,27,79,95,17,23,34,34,1,39,56,8
2025-06,72,30,6,12,2,13,6,1,1,4,2,1,1,22,2,77,10,8,7,6,2,8,1,1,2,47,8,11,0,35,9,17,17,9,6,0,1,0,6,5,53,3,11,131,81,13,70,33,2,10,11,10,2,8,12,16
2025-06,73,70,12,3,1,35,23,9,7,11,5,0,2,42,22,92,3,12,1,16,3,14,14,8,5,23,24,16,2,25,22,5,18,12,6,3,10,4,52,7,48,2,36,118,90,4,66,2,15,21,27,12,0,10,55,29
2025-06,74,11,6,4,0,12,3,1,3,6,1,0,4,11,4,58,3,0,0,7,1,1,1,0,2,19,8,1,1,53,3,12,6,10,3,0,0,1,2,4,15,2,12,56,37,6,38,0,1,1,9,8,0,2,3,11
2025-06,75,24,6,7,1,25,10,3,1,15,11,0,0,25,13,92,5,4,4,16,2,5,7,5,4,40,5,19,2,23,12,11,10,13,13,0,3,4,21,5,42,2,13,154,65,2,59,3,12,23,17,11,1,8,47,19
2025-06,76,27,0,4,0,4,7,0,2,1,1,2,0,8,0,6,6,1,0,1,0,0,1,0,1,23,1,8,0,5,0,1,3,1,2,0,0,1,0,1,10,2,6,7,4,0,3,12,0,1,0,3,0,0,1,1
2025-06,77,46,2,16,0,12,36,19,3,9,3,1,3,19,24,33,116,14,1,8,3,3,2,9,1,66,2,8,7,61,33,11,6,7,23,0,1,5,2,4,19,5,67,65,53,23,51,36,1,4,15,25,2,1,6,63
2025-07,0,4863,447,1040,184,2389,2170,706,326,834,571,102,86,1801,1741,6173,7518,868,316,1596,503,345,525,1683,329,3834,572,1026,326,5973,2017,477,1265,823,1245,40,193,347,1228,605,3390,403,2481,4792,4994,1511,2819,2313,666,531,2085,1573,58,3774,2100,1950
2025-07,1,75,3,6,12,12,52,19,1,4,1,1,0,20,21,25,116,9,1,11,3,4,6,1,1,67,13,11,5,117,33,3,7,4,35,0,2,4,7,3,29,3,23,66,23,8,27,55,4,3,49,21,1,4,7,60
2025-07,2,146,10,23,4,36,42,20,5,11,11,1,1,56,20,123,74,17,1,11,12,1,16,1,4,85,10,12,11,150,47,11,32,16,17,0,0,6,10,4,45,7,51,76,86,32,49,30,3,3,105,22,1,13,16,60
2025-07,3,55,3,11,0,12,51,6,5,9,5,2,0,19,58,22,119,13,0,16,9,2,11,0,6,53,4,10,4,68,36,2,11,23,23,0,0,4,3,7,46,10,46,26,35,29,41,79,1,2,50,36,2,3,18,60
2025-07,4,59,2,11,0,24,25,7,4,16,3,2,0,38,12,54,106,12,2,9,1,3,1,0,2,30,6,13,4,103,29,12,10,12,8,1,3,2,3,2,36,5,26,61,68,48,48,70,2,5,35,24,1,5,18,64
2025-07,5,47,4,14,3,34,10,1,3,7,1,2,2,23,13,67,97,26,2,14,11,2,3,4,0,115,5,12,4,171,14,5,17,21,16,3,3,3,2,3,19,2,25,43,55,132,42,53,3,1,30,30,1,2,16,55
2025-07,6,58,8,21,3,45,50,12,5,7,14,4,0,61,64,69,234,26,2,33,26,6,11,7,6,89,9,23,10,272,58,20,17,18,32,3,1,10,2,18,57,1,77,69,151,54,78,96,5,3,72,50,0,9,56,101
2025-07,7,63,2,18,2,40,17,8,3,13,6,3,1,25,32,69,277,19,2,15,10,3,2,6,4,67,11,25,14,176,28,9,27,19,37,1,1,15,3,12,58,5,76,58,101,69,43,116,35,1,65,52,2,5,52,36
2025-07,8,17,5,8,1,9,34,12,12,14,4,9,1,6,34,18,262,42,2,17,15,11,4,2,6,79,7,17,31,68,12,11,20,22,66,1,1,8,5,11,59,9,95,13,10,5,24,3,1,7,42,21,2,4,16,2
2025-07,9,10,0,11,0,16,6,2,0,7,0,0,0,4,2,29,7,2,0,1,5,0,2,1,1,26,4,1,2,20,3,7,4,6,3,0,0,0,1,1,4,3,10,14,15,8,26,0,1,0,13,2,0,1,1,7
2025-07,10,60,2,20,1,123,15,5,2,24,2,1,2,20,4,150,41,13,5,19,10,5,14,3,1,147,6,7,1,141,26,21,10,20,10,0,2,10,6,10,45,10,18,71,66,20,71,7,2,6,44,7,0,6,8,34
2025-07,11,59,0,9,1,39,12,0,1,11,1,0,0,24,9,73,46,5,3,10,1,1,5,2,2,89,2,16,2,129,36,6,18,9,18,0,1,7,1,3,16,1,38,123,48,9,37,26,4,1,19,8,1,1,14,41
2025-07,12,30,2,10,1,24,7,0,1,12,0,0,0,27,3,91,8,19,2,16,3,6,0,1,0,127,6,3,1,57,5,9,16,21,20,0,0,1,1,5,49,4,30,129,74,22,52,9,1,1,16,8,1,3,4,60
2025-07,13,29,3,7,1,9,7,2,1,4,1,0,1,22,4,43,24,5,0,8,7,0,3,1,0,26,1,8,3,50,12,0,6,9,7,0,1,2,4,3,14,3,31,14,22,6,26,0,0,0,26,3,0,2,0,19
2025-07,14,68,4,47,2,19,23,7,5,13,2,0,0,23,15,84,95,12,2,21,10,1,3,1,5,101,6,6,3,111,25,10,11,12,28,0,3,1,5,10,28,3,15,34,60,11,32,28,1,2,38,11,0,4,2,127
2025-07,15,171,11,59,1,89,29,11,7,33,6,3,1,22,20,159,182,23,7,32,15,17,7,4,4,159,14,24,7,298,48,22,18,33,61,3,2,2,7,10,88,13,50,166,115,25,97,61,5,0,80,27,3,13,13,104
2025-07,16,134,7,46,4,39,29,6,3,32,3,0,2,24,22,80,138,17,5,24,15,8,9,2,7,144,7,13,4,156,23,10,25,8,54,0,1,4,8,10,62,5,40,109,115,29,57,24,6,3,68,30,1,6,15,135
2025-07,17,147,4,14,0,74,23,6,2,19,1,1,0,17,15,123,22,14,7,23,7,7,7,2,0,50,5,11,2,162,25,9,11,18,18,0,0,4,5,3,31,4,12,75,63,31,76,20,1,4,73,7,2,15,21,33
2025-07,18,32,5,7,2,32,5,2,1,3,0,0,0,9,8,38,24,1,4,10,2,0,3,1,2,43,1,2,0,20,10,2,3,7,5,0,0,1,4,1,18,0,9,23,15,4,25,25,4,1,6,6,2,4,1,10
2025-07,19,193,24,68,5,130,33,5,11,21,2,3,0,18,59,203,96,9,4,40,9,2,21,1,4,121,10,15,8,165,37,10,45,20,62,2,5,5,13,3,70,2,47,47,69,150,41,41,6,6,35,40,1,12,3,51
2025-07,20,38,7,22,2,23,18,5,0,2,3,2,0,6,15,52,51,6,0,8,5,0,6,3,1,24,2,3,3,88,16,3,5,8,27,0,0,1,3,3,28,3,6,18,15,4,10,0,3,7,9,12,0,1,2,22
2025-07,21,70,5,21,3,18,13,3,4,8,2,1,1,12,19,70,211,9,3,19,8,3,15,0,4,34,9,6,4,120,19,2,13,9,29,0,2,0,6,2,22,0,34,36,22,27,28,2,4,0,34,15,0,6,15,51
2025-07,22,100,9,51,1,54,44,11,8,25,4,2,12,34,53,113,517,29,5,21,35,15,9,7,5,98,11,11,10,220,61,12,24,29,37,1,2,9,13,16,31,6,90,72,86,153,60,58,7,3,108,45,0,10,53,137
2025-07,23,130,6,24,9,52,46,14,9,6,34,2,0,38,77,167,133,16,4,69,12,7,4,68,9,48,4,10,7,137,52,6,21,13,33,0,1,5,30,15,22,2,36,49,58,17,44,80,21,9,38,30,2,11,57,23
2025-07,24,122,18,79,8,95,67,12,3,25,15,2,4,68,72,129,667,36,5,51,35,9,18,10,7,150,24,23,16,338,85,18,53,40,61,0,1,24,10,37,84,20,86,63,85,83,49,60,10,7,94,122,2,23,73,112
2025-07,25,284,26,54,9,93,94,36,14,32,42,3,3,60,95,311,151,33,11,105,23,13,19,77,10,120,9,53,14,167,99,8,35,26,36,0,4,6,64,11,93,15,82,152,130,25,93,81,71,38,43,25,1,34,92,29
2025-07,26,72,16,7,3,14,29,9,2,1,18,0,1,25,24,51,42,2,0,11,5,1,3,50,4,34,1,10,4,34,27,2,6,8,3,1,1,1,16,11,38,2,27,20,17,2,17,22,6,6,2,9,0,9,47,5
2025-07,27,46,4,8,2,25,36,9,5,3,41,0,0,19,36,69,49,5,2,23,0,4,5,55,4,49,1,14,0,36,27,3,7,3,11,0,0,2,21,18,31,2,41,27,30,21,23,66,11,6,7,21,0,7,67,7
2025-07,28,36,0,12,2,16,62,32,16,12,8,3,1,18,68,39,332,25,4,16,6,5,12,29,8,110,5,22,19,83,57,14,42,20,59,1,2,14,11,120,46,20,131,25,53,15,41,57,11,6,35,57,0,33,71,10
2025-07,29,114,20,11,3,37,53,20,3,19,50,3,0,45,41,123,75,4,2,56,6,8,7,68,4,57,7,29,4,75,53,10,11,6,8,0,3,5,29,27,73,5,29,46,71,11,25,37,19,8,14,21,0,11,95,6
2025-07,30,67,7,38,2,55,42,8,19,16,5,2,0,23,36,134,272,12,6,36,8,2,10,341,15,38,20,22,3,87,31,13,29,11,36,1,1,6,18,7,119,16,35,54,128,12,41,125,8,9,25,43,3,12,9,8
2025-07,31,40,6,3,1,22,37,9,6,9,2,2,1,6,27,46,317,15,3,10,9,2,11,195,7,27,10,10,4,69,32,4,15,10,10,0,0,3,9,5,87,3,43,23,29,6,13,32,3,3,25,32,0,10,26,6
2025-07,32,11,2,5,3,3,21,8,6,3,4,7,4,9,13,7,217,17,1,3,6,0,5,1,2,67,1,14,16,11,15,7,1,19,16,1,2,2,6,11,31,12,77,11,9,1,3,1,1,2,21,10,0,11,3,2
2025-07,33,14,1,2,0,3,11,3,3,2,4,3,0,6,8,13,48,3,0,2,1,0,2,0,1,27,0,5,7,15,6,3,4,8,17,1,0,2,3,2,13,1,27,6,12,1,7,11,0,2,14,10,1,3,12,5
2025-07,34,28,2,3,1,4,6,0,4,3,1,0,0,4,6,27,126,0,0,5,5,1,2,2,0,13,1,3,4,31,8,2,2,7,2,0,0,0,2,0,27,1,24,3,21,39,3,18,0,1,5,5,0,2,1,0
2025-07,35,21,2,1,1,1,14,6,3,4,4,0,1,6,5,10,16,4,0,0,1,2,2,8,0,9,2,4,1,20,6,1,4,0,3,0,0,2,11,1,49,0,11,18,28,29,8,18,5,0,3,12,1,3,7,2
2025-07,36,9,1,0,0,6,8,5,0,0,0,0,0,0,1,7,2,3,0,1,2,0,0,0,1,8,0,2,0,4,3,0,0,4,0,0,0,0,1,2,5,1,3,7,8,6,3,40,1,0,1,1,0,0,2,6
2025-07,37,14,0,2,1,3,1,0,0,1,2,0,0,3,5,5,8,1,0,2,0,3,0,0,0,5,5,3,0,11,0,0,2,0,2,0,0,0,6,4,8,0,7,11,5,0,8,41,4,0,1,1,0,3,10,3
2025-07,38,39,2,6,1,10,33,23,0,4,20,1,2,22,12,33,19,7,4,12,1,1,6,0,2,15,3,11,0,30,20,5,10,4,4,0,8,11,17,10,37,4,22,28,38,13,14,92,6,4,6,21,1,3,25,3
2025-07,39,14,0,6,1,6,16,16,0,3,3,0,3,10,3,16,10,5,1,6,2,13,2,0,4,7,9,5,0,8,6,1,2,1,3,0,0,2,8,0,11,7,3,21,15,3,5,0,0,6,10,7,0,0,5,9
2025-07,40,9,4,0,0,1,24,14,1,2,7,0,1,34,11,9,5,5,0,5,0,0,2,3,1,20,3,15,3,7,6,2,3,0,3,0,2,4,15,3,43,2,23,30,39,1,3,4,6,1,1,8,1,1,18,2
2025-07,41,25,1,5,0,12,37,13,2,2,0,4,4,5,7,11,21,4,0,3,1,2,1,2,3,31,11,9,4,22,18,3,3,4,7,0,0,1,3,5,28,4,15,38,44,6,23,6,0,0,40,19,0,0,2,12
2025-07,42,44,4,6,1,14,43,16,3,6,12,1,1,17,11,39,18,6,3,6,3,5,3,1,1,50,15,13,3,28,17,1,3,7,8,0,0,0,11,5,42,1,22,32,37,1,19,14,11,4,16,9,0,5,32,9
2025-07,43,153,4,14,2,23,130,63,1,9,8,1,0,47,38,96,13,14,6,34,13,6,8,2,7,58,16,42,3,33,49,5,35,12,9,0,9,10,50,5,86,14,15,116,96,21,44,36,20,23,21,15,1,21,36,17
2025-07,44,96,9,6,2,27,52,14,4,17,7,1,0,39,32,91,6,24,1,37,4,8,8,8,6,30,8,28,5,39,41,5,12,10,16,1,5,3,39,10,67,4,48,103,80,2,57,105,16,13,15,25,1,7,26,7
2025-07,45,29,4,1,1,14,7,3,0,9,1,0,0,20,6,49,1,5,0,21,5,1,7,1,3,10,1,10,2,9,8,1,7,3,5,0,4,4,22,4,30,4,55,43,53,3,33,1,6,8,16,5,1,6,12,3
2025-07,46,110,13,3,0,41,54,23,3,14,5,0,2,32,29,124,15,11,6,13,12,13,7,12,3,38,10,16,2,34,53,7,21,4,6,0,2,2,57,5,91,7,28,125,114,17,33,11,19,23,12,17,1,16,42,13
2025-07,47,4,0,0,0,3,0,1,1,1,0,0,0,5,6,16,3,3,0,7,0,0,0,0,0,6,4,2,0,4,2,2,3,0,0,0,0,0,4,2,5,0,0,8,6,0,5,1,1,1,0,0,0,1,6,2
2025-07,48,22,4,4,0,19,12,1,4,3,1,1,0,11,10,72,9,8,2,14,4,1,7,0,10,18,2,8,1,14,14,0,5,4,6,0,2,7,11,6,20,3,9,86,54,3,29,31,7,4,7,0,1,7,17,10
2025-07,49,70,20,9,3,55,35,10,5,11,15,0,1,62,71,185,14,12,8,60,3,7,14,1,14,30,13,34,2,41,72,8,25,22,5,1,5,6,46,7,68,9,33,165,102,23,81,5,42,38,36,21,3,8,136,19
2025-07,50,20,2,1,0,9,5,3,2,2,3,1,3,7,9,18,0,3,1,4,1,0,2,1,0,9,2,6,0,7,7,1,3,1,1,0,0,2,7,2,36,3,5,31,39,2,33,1,4,0,6,5,0,2,9,4
2025-07,51,45,11,6,0,11,12,1,2,5,2,1,0,21,8,72,30,19,2,18,1,4,11,4,6,20,11,3,1,11,16,4,7,2,6,0,0,4,16,2,46,2,17,176,40,1,29,0,7,13,11,2,1,4,11,11
2025-07,52,83,7,7,1,55,12,0,7,6,2,2,0,38,9,98,55,13,0,4,4,0,7,1,5,21,2,7,1,29,15,1,6,12,6,0,0,1,16,3,32,6,12,32,21,13,23,9,1,4,5,5,1,4,8,8
2025-07,53,48,8,9,0,27,34,11,5,11,12,1,0,36,42,128,7,12,3,33,4,4,19,6,8,35,15,25,0,22,59,7,8,12,3,0,0,1,49,7,56,5,23,129,145,3,69,6,19,26,14,13,0,7,81,20
2025-07,54,2,0,1,0,1,1,2,1,0,0,1,0,2,1,5,4,0,0,0,0,1,0,1,2,14,0,5,0,2,0,0,1,0,0,0,0,1,9,0,7,1,6,8,2,0,2,1,2,3,0,0,0,0,1,2
2025-07,55,13,10,2,4,23,8,1,0,2,0,0,0,7,3,40,10,6,0,7,2,0,5,0,3,23,1,5,0,5,7,4,2,7,6,0,2,6,4,0,65,1,12,20,10,0,15,6,2,2,5,5,0,3,3,3
2025-07,56,56,8,7,5,31,21,3,3,19,0,1,0,19,8,121,81,7,11,12,4,6,16,4,6,30,7,10,2,143,13,11,64,17,12,2,2,3,9,7,79,9,32,90,104,12,74,87,4,14,78,32,3,652,5,9
2025-07,57,23,2,2,3,7,8,0,3,3,0,0,0,4,2,31,208,1,0,3,1,1,0,8,5,13,5,1,1,11,10,4,6,4,8,1,4,5,3,0,23,1,11,14,29,4,17,1,1,2,7,6,0,10,3,4
2025-07,58,73,6,9,2,44,19,3,7,4,6,2,1,14,12,86,378,5,1,22,6,0,13,70,3,29,2,21,7,71,31,4,18,3,28,2,1,5,29,2,75,6,16,50,112,46,38,8,1,4,24,14,0,11,4,16
2025-07,59,32,1,5,2,19,10,0,2,4,1,0,6,10,4,38,167,2,3,8,4,1,0,80,0,15,3,7,0,11,4,1,6,5,5,0,2,5,4,2,18,2,11,28,40,41,15,33,3,1,17,14,0,0,4,3
2025-07,60,64,3,25,3,34,30,8,5,5,2,0,0,13,17,90,175,6,0,13,10,0,7,9,5,28,8,3,4,125,15,5,14,16,25,0,1,11,13,4,45,9,34,45,126,10,46,72,6,5,25,14,0,7,19,19
2025-07,61,114,4,19,2,46,23,7,24,11,14,4,3,24,27,127,148,10,4,52,6,6,5,213,9,30,7,23,4,172,42,8,22,3,13,0,0,7,29,5,100,10,74,64,98,12,49,18,9,17,8,24,0,53,56,7
2025-07,62,41,2,1,0,19,7,0,2,5,3,0,0,14,0,60,132,8,0,4,5,0,3,0,2,19,2,6,0,58,2,2,31,3,9,0,2,0,14,4,25,2,18,43,44,2,20,1,0,3,13,23,0,51,3,7
2025-07,63,83,6,15,9,39,33,8,8,6,5,2,0,23,30,114,177,22,2,17,7,1,9,65,4,50,19,15,1,127,24,5,52,2,5,1,6,7,21,13,44,4,24,64,57,9,31,3,0,9,16,63,0,474,15,7
2025-07,64,55,4,4,3,22,13,4,0,8,3,0,1,6,1,71,13,14,14,15,1,3,1,4,7,19,6,6,1,131,8,8,14,11,11,0,0,2,8,1,20,5,6,74,54,8,16,1,3,0,7,21,1,651,11,1
2025-07,65,94,5,5,7,31,32,5,2,8,3,1,3,16,6,105,105,7,4,18,5,4,9,2,2,38,3,10,5,68,11,4,76,6,5,1,6,10,18,1,36,1,14,72,111,8,31,2,2,4,27,30,0,645,8,6
2025-07,66,121,11,23,9,67,60,32,16,26,16,3,1,41,62,176,169,18,7,105,11,10,20,111,16,56,14,26,5,135,49,8,51,11,12,0,2,1,54,11,53,11,24,111,207,7,65,53,17,28,20,73,2,637,33,10
2025-07,67,97,8,6,7,49,40,7,6,83,37,0,0,46,52,165,69,10,3,44,8,10,7,35,7,70,15,31,1,67,41,10,34,6,7,1,34,17,48,15,50,7,69,123,199,2,49,76,55,17,29,58,0,74,127,8
2025-07,68,81,5,5,4,23,53,19,4,7,30,0,0,39,34,96,25,7,1,22,2,8,6,37,9,37,9,30,1,50,38,3,18,7,8,0,10,5,29,6,41,4,61,66,113,4,29,24,17,13,9,14,0,15,110,7
2025-07,69,67,5,8,1,23,57,19,2,10,10,1,1,46,33,91,9,18,4,36,2,6,8,11,8,33,15,17,12,69,47,4,10,7,17,2,2,3,54,14,72,7,33,100,148,7,48,6,24,15,5,15,0,24,71,7
2025-07,70,78,5,14,3,60,19,3,5,10,2,1,3,44,10,208,54,19,47,43,3,33,23,3,4,124,19,10,0,71,23,16,11,21,16,0,3,3,25,6,68,9,22,148,183,5,61,12,1,6,43,20,3,26,36,10
2025-07,71,95,14,7,3,60,72,29,5,19,10,1,0,84,51,185,11,13,11,59,4,6,11,17,13,36,26,35,1,71,55,4,16,14,10,0,1,7,61,5,91,11,60,145,83,9,60,25,46,20,32,16,0,17,54,11
2025-07,72,12,5,11,2,28,4,3,5,13,2,1,2,21,5,76,4,2,3,13,5,0,2,0,2,46,5,10,2,35,2,10,16,7,3,1,6,1,9,1,72,9,20,155,102,34,82,1,0,10,21,10,2,2,12,33
2025-07,73,47,10,7,1,49,24,5,2,18,9,4,0,46,20,119,5,10,8,13,6,8,11,14,5,14,17,19,4,38,36,2,18,19,11,4,10,3,39,6,52,6,34,150,98,4,72,3,22,21,24,16,0,17,63,27
2025-07,74,15,3,3,3,16,7,3,1,6,1,0,1,6,2,76,0,5,50,16,1,16,2,0,2,44,12,4,1,85,4,6,14,6,4,0,2,2,1,4,11,1,16,43,36,6,35,2,1,2,17,14,0,0,8,9
2025-07,75,30,6,7,3,25,15,8,3,6,13,1,0,16,10,106,19,6,7,14,3,0,3,0,4,62,5,13,3,31,15,12,13,16,2,1,12,5,23,5,26,6,21,122,73,13,51,5,11,10,36,10,0,6,51,24
2025-07,76,36,0,2,0,3,13,0,0,1,0,0,0,2,1,9,5,4,1,2,4,0,0,2,0,18,2,3,6,7,2,2,4,1,1,0,0,1,1,1,14,0,1,1,3,0,2,5,0,1,6,1,1,1,0,0
2025-07,77,54,0,16,2,13,23,4,3,24,4,1,8,12,30,28,122,13,1,13,7,6,2,1,1,52,6,9,6,72,31,4,19,14,29,2,3,8,3,5,24,7,24,35,41,12,43,54,4,0,55,32,3,5,14,78
2025-08,0,4783,558,770,275,2265,2000,839,267,781,497,116,84,1947,1756,5667,8041,860,198,778,524,297,582,768,286,3010,523,1102,339,5360,1897,504,1451,817,1198,64,170,358,1288,651,3090,370,2447,3823,3219,1880,2492,2771,541,573,2741,1729,53,11297,1925,1929
2025-08,1,79,4,4,9,9,42,13,1,4,2,3,0,19,27,16,89,1,0,5,3,2,6,3,4,25,5,7,5,116,23,4,12,7,16,0,2,4,5,2,25,2,30,48,70,7,30,54,5,10,67,29,0,16,9,48
2025-08,2,120,13,26,5,30,51,18,11,8,10,2,0,65,22,112,54,15,2,13,17,3,16,4,4,58,4,13,9,112,45,8,35,16,12,1,3,7,4,6,35,4,32,89,85,9,63,66,5,3,71,45,0,28,13,54
2025-08,3,42,0,8,6,11,53,21,5,5,7,5,1,25,47,23,163,10,1,13,10,1,9,2,4,22,3,15,8,58,32,4,19,12,24,1,5,13,8,5,36,6,69,19,22,25,21,54,0,5,87,32,1,7,13,55
2025-08,4,44,5,8,4,24,24,14,4,12,1,1,4,36,10,45,91,9,1,4,4,4,4,3,0,37,7,11,3,129,21,13,18,5,19,0,1,8,3,6,17,6,40,42,39,41,54,67,2,3,98,44,0,15,20,80
2025-08,5,54,1,14,9,47,13,1,1,5,3,2,6,37,6,59,108,10,0,13,8,0,1,10,2,40,4,14,0,114,9,17,12,14,14,1,0,8,1,3,26,5,51,27,50,25,38,55,4,2,57,24,0,8,12,46
2025-08,6,49,2,30,0,41,49,12,5,5,2,5,1,72,60,76,352,28,0,14,19,2,6,0,5,48,7,29,22,251,58,9,17,19,48,3,4,8,5,14,19,8,66,42,71,43,51,128,0,11,123,42,2,9,45,97
2025-08,7,39,17,9,6,24,28,4,4,13,10,4,1,40,31,57,449,39,3,12,14,1,6,3,5,76,14,15,9,188,40,6,20,27,33,3,3,3,3,6,55,8,61,35,61,30,68,122,4,0,80,48,0,1,54,41
2025-08,8,14,2,6,0,5,42,9,14,7,8,9,0,13,18,13,254,41,0,14,8,1,2,0,2,70,0,23,31,50,27,14,7,18,54,1,1,2,9,15,89,13,65,5,21,9,53,3,6,11,38,21,1,2,15,4
2025-08,9,9,0,9,0,15,4,11,0,5,0,0,0,7,1,34,3,1,1,3,4,2,0,0,0,30,3,5,0,15,6,4,4,5,3,0,0,2,2,0,25,2,19,27,31,15,26,7,1,3,21,4,0,3,6,3
2025-08,10,94,16,23,3,91,5,2,2,18,3,0,0,41,5,138,28,11,6,18,9,0,6,4,2,82,14,18,3,123,17,24,8,13,17,2,2,2,6,4,54,2,26,80,68,24,57,27,1,0,67,13,2,7,4,38
2025-08,11,50,2,4,4,30,12,1,1,10,1,0,0,20,6,64,38,7,1,4,6,2,4,3,0,47,7,8,3,153,27,7,10,18,18,0,1,3,2,0,19,2,41,69,33,13,31,75,2,2,33,10,0,3,9,38
2025-08,12,26,7,12,0,20,7,0,0,16,0,0,0,14,7,57,10,7,4,6,8,3,2,1,1,50,5,12,2,58,11,8,3,6,12,0,0,2,0,6,31,2,18,78,59,10,38,0,0,0,37,8,0,4,14,46
2025-08,13,51,7,14,3,14,8,2,0,4,1,0,0,12,7,31,30,7,2,7,8,4,1,0,1,40,1,7,1,37,8,1,5,5,11,0,1,2,2,5,22,3,19,16,16,1,18,0,1,0,14,9,0,6,2,18
2025-08,14,56,7,35,0,23,15,7,6,11,2,2,0,37,30,58,117,9,4,9,7,7,6,0,5,83,4,21,3,118,26,8,13,5,55,1,0,5,5,11,41,0,16,35,49,20,29,22,14,2,55,29,1,19,11,120
2025-08,15,184,9,28,5,100,36,15,7,18,0,3,0,34,33,143,168,10,8,14,26,0,4,2,3,94,13,25,2,216,50,13,36,23,63,1,2,7,19,8,52,11,50,134,97,46,63,86,3,4,75,33,0,21,15,148
2025-08,16,105,7,24,5,38,28,7,7,15,2,1,1,37,22,96,205,9,0,11,6,0,7,2,8,93,13,10,5,144,30,8,27,20,43,0,1,3,3,3,89,7,45,58,91,25,58,41,7,6,87,31,0,9,25,134
2025-08,17,113,8,24,4,63,19,6,4,12,2,0,0,27,14,97,59,13,3,18,4,3,14,5,0,58,7,8,3,176,18,10,29,20,11,0,3,0,4,6,49,6,16,59,60,18,75,14,1,2,69,40,1,66,9,34
2025-08,18,38,4,3,4,42,13,3,2,15,1,0,0,1,7,53,11,5,2,10,0,5,2,0,1,39,1,1,0,38,11,5,9,5,4,0,0,1,2,0,32,0,8,16,22,0,20,11,1,0,12,11,0,11,1,8
2025-08,19,177,12,24,9,129,44,11,4,18,1,3,0,22,58,206,130,13,5,27,11,11,8,4,7,101,7,7,2,179,40,11,33,44,46,3,0,0,14,8,45,2,40,50,35,766,66,68,2,8,43,39,0,21,11,32
2025-08,20,27,0,5,1,21,9,3,0,3,1,0,0,8,15,53,84,2,1,8,3,1,3,6,2,7,1,3,0,103,12,0,9,2,19,1,0,1,5,2,39,2,18,18,10,4,12,4,0,8,16,8,0,2,6,24
2025-08,21,71,5,16,0,27,19,3,7,2,2,1,1,27,23,58,131,13,1,12,5,4,9,2,4,68,5,6,7,105,21,7,16,15,36,0,1,5,8,4,20,1,43,18,25,153,21,12,4,1,58,17,0,5,10,61
2025-08,22,112,22,35,2,38,35,4,4,15,4,2,6,56,55,123,546,24,3,24,23,0,6,2,9,74,9,13,8,191,47,8,32,24,53,2,2,6,6,11,47,3,63,61,81,51,56,126,9,3,154,39,1,13,49,112
2025-08,23,131,11,13,12,65,35,20,8,11,17,1,0,25,63,158,170,15,6,20,11,5,4,29,7,38,4,20,2,115,54,4,14,8,16,0,2,6,37,13,32,3,27,59,53,38,35,105,19,11,58,22,0,15,22,37
2025-08,24,102,14,54,10,89,59,12,7,55,14,7,0,66,66,118,670,41,10,17,32,5,30,0,3,90,17,34,24,274,103,15,44,60,42,2,9,16,15,27,61,8,75,60,64,88,47,52,4,8,150,103,3,12,64,128
2025-08,25,302,24,43,1,100,73,50,8,36,19,1,2,70,98,272,129,36,18,36,26,16,9,48,4,78,10,43,6,140,115,11,32,14,29,1,6,7,64,71,90,8,61,154,72,7,60,86,38,26,60,26,1,71,102,35
2025-08,26,72,4,7,1,10,29,12,2,4,15,0,0,13,25,47,15,3,1,8,7,0,4,21,3,12,1,16,0,34,24,3,2,0,3,0,2,0,20,3,32,1,22,15,11,0,10,14,8,8,6,7,0,7,39,6
2025-08,27,59,5,9,2,17,21,5,2,14,11,1,0,16,24,55,36,4,2,12,2,0,2,8,3,14,3,14,4,22,38,3,2,7,20,1,0,1,18,71,22,2,66,26,15,36,11,86,5,3,12,15,0,13,40,11
2025-08,28,59,8,11,4,29,43,20,12,17,23,2,2,25,49,41,302,26,5,14,5,8,18,20,4,115,7,18,28,83,69,11,28,21,67,1,5,21,17,71,77,10,118,27,21,14,61,79,7,10,52,40,2,16,72,8
2025-08,29,124,17,12,2,24,42,17,0,10,62,5,1,16,44,95,31,12,3,12,9,1,6,22,7,27,4,24,2,56,21,11,15,7,17,3,3,10,27,3,38,1,23,23,12,12,16,41,11,15,5,18,0,14,79,8
2025-08,30,136,7,17,1,46,27,12,11,12,8,0,2,27,37,142,302,15,3,11,13,4,7,85,8,76,9,24,2,77,19,7,28,16,30,0,2,10,30,7,93,8,50,36,40,28,38,120,7,8,12,24,0,78,10,9
2025-08,31,63,8,4,1,27,33,9,7,13,9,0,2,18,34,57,345,15,1,7,9,7,17,67,6,34,7,16,10,57,27,11,14,8,14,2,2,6,18,4,45,4,41,3,9,30,15,24,3,0,39,21,0,3,15,8
2025-08,32,20,3,3,2,2,15,7,2,8,4,5,2,10,10,7,197,14,0,3,1,0,5,1,1,42,1,12,19,9,7,4,4,15,19,2,0,2,3,8,58,8,100,8,1,1,18,1,0,6,8,7,0,26,5,0
2025-08,33,16,3,8,0,5,11,9,0,4,3,1,0,5,5,13,41,2,2,1,2,2,3,1,0,22,2,5,5,14,2,5,5,6,16,0,0,1,2,11,26,1,44,7,11,1,24,0,1,2,9,21,0,14,6,3
2025-08,34,23,1,5,0,5,5,0,4,1,0,0,0,5,9,25,62,5,1,0,0,0,2,3,1,10,0,7,13,34,7,1,1,5,4,0,0,0,8,3,49,1,12,3,6,16,10,59,0,1,11,5,0,5,0,3
2025-08,35,8,5,1,0,2,21,4,2,2,2,1,0,22,3,8,12,6,0,2,1,1,1,0,1,11,3,10,2,11,11,0,4,5,2,0,0,1,5,4,75,4,22,6,9,0,4,39,1,1,11,7,0,6,7,2
2025-08,36,2,4,0,1,3,2,2,0,0,0,0,0,2,2,6,12,0,0,1,0,0,0,0,0,10,4,2,0,3,1,1,1,1,4,0,0,1,4,2,4,1,1,9,0,3,3,5,0,0,2,1,0,0,4,3
2025-08,37,12,0,1,0,0,4,0,0,0,6,1,0,3,7,9,19,1,0,2,3,0,0,0,1,5,3,1,0,9,5,1,7,0,0,0,0,0,2,0,6,1,20,8,2,6,2,5,3,0,4,7,0,1,16,3
2025-08,38,38,10,3,0,8,26,18,2,1,17,3,1,9,14,27,46,3,3,3,0,2,10,3,10,23,1,8,2,33,19,2,9,5,8,0,0,5,24,5,58,5,24,30,18,1,14,155,3,12,13,13,1,3,43,7
2025-08,39,24,0,4,0,2,17,11,2,1,1,0,4,9,3,11,14,3,1,4,2,9,2,0,2,16,3,6,1,17,10,0,3,3,2,1,4,5,7,1,22,7,7,7,4,1,9,0,3,6,13,11,0,1,5,3
2025-08,40,31,7,1,3,7,26,17,0,1,7,0,0,12,16,10,9,7,1,1,0,0,9,7,2,29,1,1,0,12,10,1,7,2,2,0,2,4,11,5,17,1,20,9,8,7,3,3,3,10,1,6,0,8,20,2
2025-08,41,12,0,2,0,15,41,24,0,4,0,1,1,12,4,11,16,3,0,3,1,1,4,0,0,22,1,5,7,26,8,3,0,3,11,0,0,3,5,0,14,1,20,19,13,3,10,1,0,3,41,11,0,4,2,6
2025-08,42,34,3,3,3,16,38,16,2,5,17,1,0,23,16,33,6,13,1,5,5,9,11,0,6,52,12,11,2,25,20,8,8,4,4,1,1,1,28,8,19,2,22,34,18,2,18,47,8,10,16,19,1,21,34,8
2025-08,43,101,1,7,6,24,86,52,2,7,6,3,1,83,56,65,10,18,3,13,9,11,10,0,7,42,27,46,3,26,39,8,25,13,10,0,7,12,40,10,40,10,50,98,68,3,29,16,17,19,21,24,4,34,30,15
2025-08,44,92,11,5,6,26,44,31,5,14,5,1,1,75,26,87,21,14,0,17,7,8,9,6,4,22,9,35,6,35,42,13,27,11,21,1,0,2,31,8,62,3,131,116,62,2,40,36,22,9,12,45,3,513,35,20
2025-08,45,30,2,1,1,12,7,8,1,6,0,3,0,7,15,57,5,2,0,2,1,1,9,2,0,7,3,16,2,10,16,0,16,2,3,0,0,0,8,3,21,5,8,63,28,0,29,26,7,7,13,14,0,59,9,4
2025-08,46,104,18,5,5,35,39,24,4,19,10,4,0,49,39,90,8,14,5,4,8,6,5,18,5,15,0,19,0,34,32,5,29,6,8,0,5,5,36,7,40,12,6,109,51,3,27,17,17,13,12,32,0,23,46,11
2025-08,47,3,0,0,1,4,1,1,0,0,1,0,0,10,4,15,0,0,0,2,0,0,0,0,0,0,2,3,0,5,2,1,3,0,0,0,0,2,7,1,2,1,0,7,11,0,7,3,2,6,3,2,1,4,2,1
2025-08,48,31,3,4,3,20,10,5,0,10,1,2,0,24,13,59,5,8,3,4,3,7,14,1,3,9,2,6,1,18,11,3,14,11,8,0,4,6,14,5,51,2,15,76,23,1,21,10,3,6,10,16,1,88,17,13
2025-08,49,58,18,6,9,40,49,20,3,23,20,2,4,62,61,156,15,12,2,21,6,3,19,1,7,31,24,40,5,82,60,5,39,27,7,0,3,2,61,9,67,13,32,172,80,6,65,19,36,25,44,14,4,181,91,26
2025-08,50,11,5,0,0,9,2,1,0,3,2,0,0,3,4,21,2,0,0,3,0,1,1,0,2,9,4,5,0,7,3,1,4,5,7,0,2,0,9,1,10,4,4,30,14,0,9,2,1,0,9,0,0,27,14,4
2025-08,51,44,6,7,1,12,5,3,0,4,1,0,1,8,8,70,22,10,2,7,0,9,7,1,2,18,7,8,0,14,16,1,14,0,0,0,4,6,19,5,36,5,11,89,35,9,13,4,5,13,6,13,0,40,13,6
2025-08,52,70,5,7,0,28,9,1,2,7,3,0,0,10,4,58,52,16,0,5,2,0,15,0,5,9,6,6,2,19,14,4,19,15,7,0,2,1,26,1,58,10,9,19,28,5,23,5,0,8,11,12,3,23,13,4
2025-08,53,53,10,8,2,42,40,6,1,9,9,0,1,32,36,123,11,15,4,16,12,4,18,2,12,25,21,17,4,29,42,4,18,13,3,0,2,6,42,4,83,2,29,167,123,4,88,28,34,21,20,7,3,90,93,21
2025-08,54,1,0,0,0,2,3,4,0,3,0,2,1,2,6,5,0,2,0,1,0,0,2,0,0,3,0,2,0,0,1,0,1,0,0,0,0,0,6,0,15,2,10,18,8,0,3,0,1,4,0,4,0,4,10,2
2025-08,55,14,4,3,1,8,6,0,1,5,1,0,0,14,2,36,12,5,0,4,2,1,7,0,2,18,1,5,0,11,9,2,9,6,1,0,0,1,5,2,45,2,21,49,53,0,19,8,1,6,7,7,0,12,4,3
2025-08,56,70,16,7,8,34,17,9,3,22,2,2,5,11,13,133,76,15,7,9,5,17,6,28,2,54,7,7,3,127,11,13,58,15,11,1,2,2,7,4,45,10,26,33,49,5,59,88,4,4,54,33,0,883,13,11
2025-08,57,41,6,1,6,9,9,5,11,2,4,0,0,9,4,41,282,3,0,0,0,0,5,1,2,21,4,7,1,27,12,6,12,3,11,1,0,1,2,3,21,3,26,15,8,3,8,3,2,2,10,20,0,460,9,2
2025-08,58,85,6,12,3,50,25,8,10,10,0,1,1,11,15,85,377,7,0,10,14,1,20,56,6,51,7,18,3,36,21,8,18,5,20,3,3,19,22,4,65,8,20,31,49,14,33,14,7,4,20,16,0,133,7,10
2025-08,59,37,2,4,0,24,0,3,4,2,2,0,2,10,5,30,229,1,0,4,3,0,1,5,0,18,5,15,0,12,5,3,6,0,5,4,2,3,25,2,18,3,43,6,16,12,5,38,3,4,18,3,0,7,10,9
2025-08,60,65,16,11,2,29,30,4,4,5,4,1,2,19,17,66,168,6,0,8,17,1,4,1,2,40,11,7,3,129,17,4,15,18,13,0,0,5,2,6,26,8,22,8,38,7,31,43,4,3,50,21,3,25,29,19
2025-08,61,98,8,7,9,45,34,9,11,11,14,3,0,25,27,136,180,17,10,8,17,7,8,153,12,41,14,15,4,89,36,6,28,6,15,0,8,12,35,13,69,9,38,45,66,31,41,28,10,10,9,22,1,107,56,4
2025-08,62,28,7,3,5,19,6,3,0,9,2,0,0,9,4,58,151,9,1,1,2,0,3,0,2,20,1,3,0,59,3,2,39,4,4,0,0,0,6,3,39,5,17,15,13,3,11,3,1,1,18,17,0,529,7,4
2025-08,63,106,8,15,4,42,36,13,9,21,2,1,0,17,18,105,189,21,1,15,3,6,12,35,13,31,19,10,6,39,12,0,51,6,11,0,5,3,10,8,26,2,7,36,72,9,43,6,3,10,20,48,0,1753,5,8
2025-08,64,53,4,2,6,23,7,3,2,21,1,0,5,9,2,80,17,14,4,8,4,33,3,11,1,37,3,7,0,111,18,8,29,9,3,0,0,3,6,2,3,4,10,23,33,3,23,16,0,3,39,20,2,300,16,4
2025-08,65,90,11,11,11,52,44,3,1,9,0,0,2,15,8,86,95,11,1,8,6,2,13,8,1,65,5,14,0,74,3,11,48,15,9,1,3,4,9,3,27,2,18,36,32,13,26,11,0,2,33,30,0,1220,4,4
2025-08,66,103,14,24,11,77,71,44,8,25,10,3,5,40,61,179,159,25,10,36,10,5,25,30,9,59,14,27,3,77,46,14,99,11,14,2,1,4,37,14,41,8,29,82,78,6,47,80,19,14,29,88,2,2780,22,11
2025-08,67,90,11,10,10,37,33,17,1,13,37,0,1,40,53,145,46,9,0,17,10,1,10,8,12,40,13,23,4,59,37,9,34,6,4,2,12,5,53,10,25,5,23,112,85,9,37,63,37,21,22,32,0,402,83,11
2025-08,68,57,8,2,3,18,41,18,2,9,19,0,2,30,49,84,43,13,0,12,5,5,8,2,6,25,11,27,1,45,18,9,19,3,8,2,5,10,56,11,53,10,50,71,72,44,35,17,35,22,4,27,0,111,76,1
2025-08,69,84,15,6,10,22,63,34,9,11,11,5,0,50,56,91,24,18,7,31,10,8,10,5,5,31,14,21,14,40,65,9,23,4,6,2,4,10,56,18,59,7,42,89,60,3,33,42,12,21,11,37,2,272,49,11
2025-08,70,70,16,10,6,53,16,3,5,17,0,0,4,37,14,184,86,8,4,26,5,11,16,3,10,100,5,19,2,62,22,7,22,19,13,2,2,9,32,1,38,5,21,70,67,11,57,21,5,26,33,17,1,133,36,9
2025-08,71,71,19,6,9,40,60,37,1,15,10,4,1,72,52,150,32,21,8,19,11,8,27,3,5,46,16,49,1,66,48,7,43,14,13,1,8,4,74,22,87,8,11,100,75,6,57,25,21,27,45,25,0,246,53,8
2025-08,72,14,6,5,1,29,15,3,4,11,0,2,1,22,1,88,10,5,5,13,4,2,6,2,2,21,4,13,3,37,10,15,16,8,3,1,4,6,17,0,57,9,15,127,70,11,42,11,4,4,78,13,1,24,18,21
2025-08,73,71,8,2,8,31,14,6,0,10,4,0,2,48,23,131,5,12,4,14,4,5,11,2,5,17,5,20,1,39,37,9,29,15,3,0,5,7,45,16,57,4,9,96,76,0,45,0,12,19,19,26,1,159,44,24
2025-08,74,13,0,2,2,13,8,1,0,4,2,0,2,6,2,71,3,3,2,2,0,1,5,0,1,32,15,3,1,107,3,9,17,13,2,3,0,6,1,2,19,2,23,51,39,1,33,9,4,2,53,28,0,11,7,15
2025-08,75,21,4,7,0,25,5,4,1,12,8,2,0,14,3,89,10,6,5,7,3,2,4,0,2,48,15,12,1,43,12,8,7,11,15,1,7,6,24,3,45,5,25,151,96,6,52,11,9,8,42,15,1,28,54,21
2025-08,76,21,0,1,1,4,4,1,0,1,0,0,1,13,1,7,2,0,2,2,0,0,1,0,0,8,0,6,0,1,2,1,0,0,1,0,0,0,4,1,6,5,1,5,4,10,2,16,0,1,6,2,1,0,0,1
2025-08,77,61,6,7,3,13,37,23,2,11,8,2,1,23,21,29,140,12,2,8,9,5,2,13,1,29,2,23,10,66,23,8,18,10,18,3,0,4,0,7,29,5,34,39,54,11,43,88,7,4,75,39,2,22,12,60
2025-09,0,4643,507,654,72,2043,1851,701,280,828,430,88,171,2063,1690,4759,7911,792,193,684,521,224,633,473,270,2073,397,972,343,5124,1626,402,585,763,1010,40,148,320,1226,548,2579,315,2075,2963,1741,889,1826,1368,499,583,2279,374,95,845,1129,1371
2025-09,1,65,6,5,1,13,41,9,3,3,5,0,1,24,27,26,77,3,0,9,6,1,8,18,3,19,3,6,3,117,16,1,4,6,17,0,2,1,9,2,18,4,26,19,26,3,20,19,2,5,47,1,3,4,10,42
2025-09,2,106,15,12,5,31,47,11,4,29,9,3,8,52,21,91,39,14,0,15,13,1,13,31,7,14,0,14,7,123,52,4,8,19,25,0,0,2,14,5,52,2,55,50,38,11,45,15,6,6,49,11,3,5,8,23
2025-09,3,71,2,3,0,2,35,16,2,5,3,1,4,27,38,13,237,7,2,10,8,4,7,25,3,25,0,10,10,76,27,3,5,15,16,2,2,8,3,7,16,2,33,11,15,20,34,25,1,5,49,7,2,0,3,38
2025-09,4,80,2,13,0,14,21,5,1,10,4,0,4,42,23,47,109,4,2,6,9,6,2,7,1,26,5,13,6,115,26,5,6,15,14,2,2,4,1,8,37,8,22,39,43,7,35,42,1,5,63,16,4,2,8,59
2025-09,5,52,4,10,1,26,5,0,0,15,0,1,0,25,9,57,119,12,9,10,12,5,3,1,3,18,4,20,3,111,17,3,12,8,21,0,1,1,4,7,21,2,14,32,50,27,33,29,3,2,44,16,0,1,7,35
2025-09,6,43,1,23,1,30,39,11,4,11,6,2,11,70,43,47,363,28,0,8,16,1,10,9,1,33,7,12,15,232,54,12,7,22,34,2,5,3,4,15,20,2,76,43,38,41,60,57,0,6,107,16,0,7,22,63
2025-09,7,37,4,4,0,27,23,5,2,11,4,5,6,41,17,49,416,21,3,17,14,4,10,11,1,35,6,11,11,175,41,6,13,27,21,0,0,6,5,5,42,4,30,45,59,65,62,41,6,8,61,9,2,3,30,30
2025-09,8,18,0,6,1,1,47,16,7,5,7,4,3,13,24,11,295,34,1,16,12,2,4,5,4,54,3,21,23,56,15,6,3,24,50,1,0,17,3,16,57,8,69,10,17,14,30,1,2,7,26,5,1,2,8,7
2025-09,9,13,7,8,0,34,1,0,1,4,1,0,0,14,2,29,3,2,0,0,0,0,5,0,0,15,1,1,0,16,6,4,0,4,3,0,0,0,0,1,26,5,8,9,10,16,26,8,0,1,51,0,1,4,1,2
2025-09,10,73,4,13,0,112,18,1,1,17,1,0,1,43,4,119,22,8,1,9,7,1,7,7,2,61,8,15,1,113,12,11,8,11,7,0,0,7,7,2,71,5,50,64,30,54,38,10,2,6,101,8,3,1,4,22
2025-09,11,64,5,3,0,18,9,2,4,14,0,0,0,18,1,52,29,1,19,5,1,3,5,1,1,36,5,8,3,108,8,11,6,8,20,0,0,2,3,0,18,7,42,28,14,7,23,17,0,2,60,9,1,0,6,27
2025-09,12,29,1,2,1,25,10,1,0,13,1,0,2,17,1,40,20,6,1,6,8,2,5,1,0,26,5,17,1,58,4,6,6,8,9,0,0,2,2,5,11,3,20,30,34,25,26,13,1,3,56,11,5,0,12,27
2025-09,13,30,5,6,1,6,9,3,1,8,1,0,1,16,6,25,13,2,0,3,10,0,1,0,1,40,0,5,1,64,20,4,3,10,6,0,0,0,0,1,11,1,31,20,9,4,12,4,1,0,14,4,0,1,1,20
2025-09,14,64,5,32,2,18,17,7,3,11,1,1,0,26,18,67,119,6,3,10,2,3,7,1,4,61,1,13,2,112,18,4,5,5,61,0,2,1,6,29,5,1,9,26,37,32,30,18,1,4,60,6,1,1,7,78
2025-09,15,151,18,26,1,93,32,3,2,14,2,2,0,28,16,103,133,23,4,12,22,1,5,11,3,67,9,15,4,202,34,11,17,16,31,0,0,3,13,2,37,9,67,65,22,28,60,28,7,12,93,7,4,2,8,84
2025-09,16,114,6,18,1,44,23,10,6,21,4,0,3,35,30,86,171,12,3,13,14,1,8,3,4,54,6,7,0,146,32,5,18,20,38,1,3,7,3,9,61,9,43,42,35,29,38,17,5,4,88,9,0,4,10,94
2025-09,17,154,33,28,2,159,9,2,4,17,0,0,0,27,10,105,35,14,3,20,9,6,15,4,3,57,6,5,2,151,22,7,7,21,7,1,2,7,8,2,76,4,23,50,45,15,48,5,9,3,30,7,2,8,6,22
2025-09,18,12,10,3,1,38,17,1,4,4,1,0,0,4,8,35,9,4,2,8,1,5,3,2,1,22,3,0,0,28,6,0,3,9,2,0,0,0,4,0,14,0,10,14,13,1,19,5,5,0,10,2,0,0,4,4
2025-09,19,227,13,39,0,100,35,4,11,12,2,3,0,43,52,167,107,10,3,11,16,2,12,2,6,70,6,11,3,146,24,5,9,14,29,0,1,3,20,10,30,7,45,23,34,149,50,46,2,12,32,2,4,4,3,26
2025-09,20,23,4,9,0,23,14,6,3,4,1,1,0,10,10,45,62,1,0,5,2,0,2,13,1,4,3,10,1,75,11,2,6,11,14,0,0,0,3,1,5,0,12,18,14,5,26,10,0,1,11,2,1,1,9,22
2025-09,21,43,3,14,0,27,12,5,10,19,3,7,0,29,21,60,162,9,4,10,6,2,9,11,2,18,6,6,5,133,22,9,11,7,28,2,3,5,5,4,29,2,22,33,26,6,19,4,0,3,46,5,3,0,7,44
2025-09,22,101,5,27,0,42,33,7,2,32,9,0,13,55,56,112,629,33,4,8,27,4,20,22,8,59,12,14,10,198,54,10,14,19,41,1,2,9,14,20,46,5,48,63,83,18,61,66,7,3,102,19,1,2,51,93
2025-09,23,155,16,21,4,36,41,19,14,11,8,3,1,25,89,157,182,14,2,26,8,6,18,15,12,39,6,17,5,103,42,4,8,11,30,1,0,5,22,7,47,13,34,58,26,3,31,33,21,10,27,4,0,5,15,19
2025-09,24,93,8,48,4,57,43,13,10,28,8,4,2,78,55,101,682,41,1,21,26,10,17,11,7,84,21,17,19,247,63,8,12,35,26,0,2,19,16,14,55,11,70,57,69,24,47,12,6,8,103,16,2,5,51,87
2025-09,25,326,19,35,5,108,73,53,8,22,21,2,0,79,109,228,176,28,12,45,19,7,15,9,10,46,18,35,9,144,71,4,18,16,22,0,2,11,54,19,72,9,36,115,42,13,56,36,25,25,24,3,6,15,31,27
2025-09,26,72,7,8,1,22,25,14,5,8,16,1,0,16,30,44,21,4,1,13,3,1,8,1,1,8,0,11,7,24,15,0,4,2,7,1,0,1,17,5,22,1,9,13,7,3,7,10,11,5,1,1,0,5,36,2
2025-09,27,55,1,4,0,28,24,11,5,10,13,0,1,21,23,71,30,7,2,8,6,1,12,6,3,12,1,10,2,25,52,1,3,5,20,0,0,4,17,51,17,6,39,27,12,9,10,3,13,5,5,2,2,3,36,8
2025-09,28,60,4,9,2,18,45,18,14,17,22,5,3,27,47,37,341,18,1,11,10,5,15,14,7,61,9,19,24,55,33,9,16,16,39,3,2,23,25,35,32,7,116,12,5,8,15,21,4,10,22,15,1,5,19,7
2025-09,29,77,9,11,0,17,25,11,3,17,39,1,1,31,67,77,53,19,1,6,1,1,6,16,7,13,4,12,2,61,58,5,7,5,9,0,3,2,45,37,47,2,38,37,8,45,12,10,11,8,6,8,0,4,55,11
2025-09,30,84,5,24,2,33,35,5,10,20,6,1,1,28,36,108,309,17,3,9,13,1,18,1,5,38,6,20,3,92,20,11,16,8,36,1,3,11,37,6,110,4,11,37,23,17,22,66,7,12,19,5,0,8,3,10
2025-09,31,44,1,8,1,22,23,11,5,15,8,1,1,14,17,56,299,11,2,5,9,5,9,12,1,31,3,13,6,61,11,6,14,7,20,0,0,7,15,5,28,3,34,9,1,10,4,31,4,9,22,6,0,2,9,3
2025-09,32,18,1,4,2,1,12,9,5,1,2,5,1,18,13,9,262,14,1,3,2,0,3,9,6,38,0,21,31,24,9,6,3,20,13,0,0,5,3,10,77,10,99,3,5,0,11,0,2,16,23,3,0,2,2,0
2025-09,33,18,0,4,0,6,8,4,5,0,2,3,0,12,6,5,59,2,1,6,0,1,2,0,1,15,1,8,3,18,1,2,2,4,13,2,2,2,10,7,23,3,26,2,2,1,5,0,0,4,9,3,0,2,1,1
2025-09,34,13,0,6,0,12,8,1,0,0,1,0,1,1,3,30,100,1,0,1,1,0,2,0,0,9,0,4,8,27,4,0,2,3,9,0,1,4,7,1,20,2,7,3,2,7,9,8,2,0,3,1,0,0,0,0
2025-09,35,28,1,1,0,2,7,2,0,9,0,0,1,8,0,8,11,4,1,3,1,1,0,8,0,5,1,4,3,31,4,4,1,1,4,1,0,1,1,2,34,3,5,11,3,0,2,18,2,4,2,3,0,0,2,2
2025-09,36,17,3,0,1,1,6,3,0,1,2,0,0,2,0,7,4,1,0,2,1,0,1,0,1,2,0,2,0,9,8,0,0,5,2,0,1,1,3,1,7,0,1,3,0,1,0,4,0,1,0,0,0,0,2,2
2025-09,37,3,1,2,0,5,4,0,0,0,1,0,0,3,3,8,6,3,0,2,1,0,0,0,0,8,2,2,1,11,3,2,0,0,0,0,2,1,5,5,20,2,6,7,2,1,3,0,8,1,0,0,0,0,14,0
2025-09,38,58,5,7,0,17,40,21,1,1,12,2,1,32,9,30,14,16,0,7,9,2,15,1,4,12,3,7,3,40,19,8,2,3,5,0,0,0,14,4,31,2,22,22,11,3,7,30,5,10,14,1,1,1,28,2
2025-09,39,23,2,1,0,7,24,9,3,0,1,1,0,14,5,11,0,3,0,5,1,0,2,5,1,9,4,4,1,14,5,0,2,2,1,0,0,2,1,0,21,0,9,5,5,2,7,5,0,5,12,1,1,0,1,5
2025-09,40,4,1,0,1,8,23,15,0,2,4,1,0,12,9,11,14,5,1,6,1,2,0,1,1,35,2,11,3,12,3,2,0,1,1,0,0,2,16,6,7,1,30,6,5,1,3,2,2,5,1,1,1,1,18,3
2025-09,41,19,2,1,0,10,28,20,1,7,0,1,1,17,3,15,9,5,1,0,0,10,4,3,0,18,3,7,2,33,8,3,2,9,8,0,0,0,11,2,36,8,58,18,29,7,11,1,1,7,47,9,1,0,1,8
2025-09,42,59,5,4,2,7,26,11,1,6,8,0,1,48,7,32,5,7,0,3,2,1,5,1,3,26,0,12,5,20,10,6,4,3,4,1,1,1,14,6,24,10,13,27,9,4,9,14,7,12,23,1,0,4,15,6
2025-09,43,72,6,1,1,11,88,47,1,7,5,0,2,53,39,55,15,10,5,18,5,14,18,0,8,18,10,36,2,23,32,17,12,5,6,1,2,2,49,12,76,6,20,90,81,9,23,26,20,10,17,2,1,5,31,13
2025-09,44,47,7,0,0,21,38,30,5,22,5,0,1,50,46,83,17,13,3,11,9,6,7,1,3,26,8,19,7,33,38,8,11,16,4,1,0,5,42,14,41,0,16,76,22,1,21,22,17,15,12,2,3,45,15,17
2025-09,45,33,4,1,0,11,5,5,1,1,2,0,0,8,12,42,2,3,2,4,6,4,11,1,0,5,4,10,1,9,12,2,2,4,0,0,7,2,6,1,16,3,4,29,26,0,13,1,5,2,7,0,0,2,7,4
2025-09,46,57,8,0,0,23,39,14,5,6,10,1,3,22,35,75,44,15,4,9,5,2,9,5,6,11,4,10,4,35,31,1,5,3,6,0,0,1,41,3,46,3,12,83,36,2,43,50,12,16,16,0,0,8,33,6
2025-09,47,1,0,0,0,0,1,0,0,0,1,0,0,2,9,6,0,0,0,5,0,0,0,0,0,0,2,1,0,7,4,0,1,1,1,0,0,0,2,1,5,0,0,5,1,0,1,1,0,0,2,1,0,1,3,1
2025-09,48,54,2,0,1,16,9,1,1,8,1,1,0,24,16,48,13,7,3,6,4,20,16,14,3,1,4,12,1,13,14,2,8,38,4,0,2,2,20,10,34,3,21,82,14,6,24,4,14,9,9,6,0,5,10,6
2025-09,49,63,14,9,4,41,36,11,5,21,13,2,1,64,52,131,23,14,6,19,12,9,16,2,13,64,15,33,3,58,38,9,15,16,9,1,15,10,59,10,83,13,27,144,34,5,35,17,27,35,45,3,2,21,57,21
2025-09,50,13,2,1,0,10,3,3,0,3,1,0,0,3,12,24,0,0,0,5,0,1,2,0,5,18,0,7,0,8,4,1,2,4,1,0,0,2,20,2,9,1,4,16,5,1,16,1,2,5,7,1,0,5,5,5
2025-09,51,46,7,7,0,14,6,1,3,10,1,1,2,32,14,63,50,5,4,8,1,2,4,5,2,11,4,6,2,14,9,2,4,0,5,1,2,3,15,3,55,2,6,133,9,3,11,3,5,5,6,6,1,3,9,5
2025-09,52,49,12,9,0,26,13,2,0,2,3,1,0,10,4,54,66,12,1,8,1,2,32,0,4,6,7,12,1,13,11,1,11,4,15,0,2,10,13,3,39,10,10,18,11,5,18,8,3,13,19,1,1,1,5,0
2025-09,53,57,18,3,1,29,26,9,6,6,15,0,0,34,36,122,8,11,2,13,4,6,18,3,8,34,21,19,2,38,28,7,9,11,11,0,4,2,39,4,57,6,16,109,30,2,39,17,22,19,26,3,2,8,51,15
2025-09,54,3,0,0,0,2,1,3,0,2,0,0,1,2,1,8,2,0,0,0,2,3,1,2,0,1,1,5,1,1,0,0,1,0,1,0,0,0,11,0,5,1,4,38,5,0,1,0,2,6,0,0,0,1,2,1
2025-09,55,15,9,1,0,10,18,0,4,4,1,0,0,9,1,29,3,5,1,3,2,0,2,0,1,5,1,1,1,6,7,3,4,3,3,0,2,3,10,1,24,4,2,25,26,0,14,8,2,0,3,1,1,1,5,4
2025-09,56,47,12,7,2,22,6,1,4,13,0,1,10,28,6,106,101,11,5,2,6,0,15,3,5,32,2,10,2,148,9,11,11,14,3,0,4,3,9,6,40,3,43,28,18,21,41,5,1,3,37,3,2,33,1,9
2025-09,57,27,0,0,2,5,8,1,5,1,1,2,1,4,7,25,132,2,1,6,4,0,2,4,0,25,2,2,0,19,14,0,7,2,7,0,0,1,2,3,10,2,25,9,10,2,4,3,0,1,5,0,2,35,3,0
2025-09,58,76,5,11,0,23,18,7,6,28,0,3,3,18,10,71,248,10,0,15,7,6,21,45,7,19,2,8,3,33,9,9,8,4,10,3,2,9,29,1,31,3,22,12,17,4,11,43,3,7,17,13,2,10,1,7
2025-09,59,29,0,1,0,27,6,0,1,2,2,1,9,6,7,20,188,3,0,2,5,2,0,21,1,21,4,6,2,19,4,0,3,2,1,2,2,9,4,1,12,0,21,5,4,2,8,9,0,3,12,2,0,0,7,7
2025-09,60,59,7,6,0,42,36,7,2,7,2,2,7,10,10,59,243,6,3,4,17,1,8,1,2,16,2,11,1,124,28,3,10,15,15,0,4,6,5,2,17,0,26,10,17,12,18,40,4,4,32,4,3,2,17,11
2025-09,61,120,5,17,0,40,35,8,12,15,15,1,0,24,43,103,177,8,3,10,21,2,5,15,16,14,4,21,2,70,28,6,12,8,16,0,8,7,16,7,67,2,57,47,36,2,19,17,13,4,17,4,4,15,39,6
2025-09,62,46,2,0,0,7,3,4,1,4,0,0,1,15,6,38,69,4,1,5,2,1,6,1,2,27,1,2,2,45,3,5,12,3,6,1,4,5,6,2,5,0,6,8,6,5,7,2,3,7,10,3,0,30,2,7
2025-09,63,106,7,12,1,28,43,6,4,15,4,0,0,18,9,66,153,15,2,8,2,1,8,9,7,14,2,14,4,26,24,10,16,5,17,0,4,5,36,2,24,3,21,9,14,4,16,10,4,14,13,4,1,82,7,2
2025-09,64,62,13,5,1,15,13,2,5,13,3,0,22,7,10,65,12,13,3,5,2,4,3,0,4,17,2,2,5,121,14,7,7,3,8,2,3,2,7,0,21,5,18,11,9,4,13,3,1,1,16,2,1,16,2,4
2025-09,65,69,3,3,4,24,37,3,5,12,0,1,8,21,4,70,107,7,2,5,8,0,10,10,3,29,2,11,0,68,5,4,13,11,9,2,0,2,16,4,45,4,17,26,16,3,28,12,1,6,31,2,1,75,1,4
2025-09,66,106,12,11,2,53,42,24,5,21,12,4,17,43,63,132,170,26,4,18,6,1,6,5,5,36,3,31,1,57,50,10,25,4,13,1,3,5,31,8,32,0,21,26,32,5,36,15,18,21,30,8,0,177,11,7
2025-09,67,77,28,6,4,42,17,17,2,10,20,0,0,43,63,116,53,8,5,11,6,6,6,0,5,39,11,28,3,78,52,5,6,4,15,1,3,5,42,18,22,8,20,78,44,0,25,8,29,21,19,5,0,23,56,14
2025-09,68,32,8,1,0,19,52,21,4,15,25,0,1,31,44,61,41,14,1,1,9,0,5,0,4,13,12,29,3,61,20,5,12,8,1,0,0,2,38,8,20,8,33,69,34,2,21,19,28,9,4,1,1,19,42,1
2025-09,69,110,11,4,0,23,73,38,3,13,16,2,3,50,29,77,24,22,5,18,13,6,7,0,5,17,10,29,22,42,45,12,9,6,6,0,7,9,37,12,32,9,17,65,55,1,22,20,20,18,13,5,0,39,23,8
2025-09,70,78,3,6,2,40,16,2,10,33,1,1,3,55,16,118,83,18,7,10,7,0,27,3,3,54,7,18,0,38,18,11,14,20,10,1,4,2,18,4,59,4,30,56,24,7,29,63,4,11,37,10,1,14,9,7
2025-09,71,124,9,4,1,29,56,28,3,24,4,0,0,68,42,111,23,15,7,16,5,7,26,3,6,45,14,44,1,76,40,14,18,21,7,0,15,5,47,15,39,4,18,88,47,1,40,110,21,25,57,1,0,34,38,11
2025-09,72,11,10,4,0,17,10,6,2,13,1,0,2,32,7,64,9,3,4,9,6,5,0,8,1,29,9,13,5,14,5,8,9,6,1,0,0,2,11,2,37,1,9,85,14,3,40,15,3,4,42,5,2,1,3,16
2025-09,73,43,12,2,1,26,21,3,3,21,4,0,0,51,24,112,4,15,5,21,3,3,11,3,5,22,11,16,4,48,29,5,10,26,4,0,0,6,46,8,41,8,18,104,19,0,25,1,18,18,11,3,0,12,30,15
2025-09,74,9,5,1,0,7,4,0,3,5,1,0,0,6,2,63,1,3,1,3,0,1,1,1,1,15,16,4,1,77,1,2,0,9,3,0,0,1,5,0,9,2,11,41,19,4,30,1,0,2,52,5,5,1,7,5
2025-09,75,18,15,1,0,25,11,3,1,7,18,1,0,49,16,75,2,7,5,12,1,1,2,6,4,18,13,12,0,37,12,4,4,16,8,0,0,0,26,4,39,2,32,108,26,1,22,7,2,7,35,4,0,4,23,15
2025-09,76,29,0,2,0,0,3,2,0,5,0,0,0,4,2,8,0,1,1,0,1,0,1,0,0,15,0,5,3,6,1,1,2,0,6,0,0,0,0,0,15,3,2,6,1,0,2,1,0,1,3,2,2,0,1,1
2025-09,77,59,7,16,2,15,41,17,3,5,4,2,1,22,25,28,82,12,3,1,10,0,14,4,2,33,4,15,6,53,27,7,5,16,15,1,5,2,4,3,39,5,48,18,21,36,44,22,3,6,54,7,1,3,9,51
2025-10,0,4631,534,531,75,1791,1682,648,227,836,348,91,257,1800,1379,4218,9569,731,120,516,445,227,637,206,281,1750,341,860,293,4336,1004,310,582,602,1177,49,129,376,1218,375,3106,350,2408,1947,1410,788,1533,1908,382,640,1336,564,57,271,359,1231
2025-10,1,50,4,2,2,4,48,18,1,35,0,2,0,15,23,19,87,6,2,5,9,6,13,0,13,16,1,12,2,69,16,5,8,5,12,2,0,0,7,1,16,3,25,12,15,0,17,20,0,8,22,10,0,5,3,21
2025-10,2,109,13,6,3,28,40,14,3,21,23,0,0,62,27,88,40,16,2,19,12,5,17,6,4,19,9,15,10,100,34,4,20,12,25,1,0,6,12,5,32,1,42,54,44,5,39,37,3,7,39,19,2,7,4,39
2025-10,3,47,4,4,4,8,31,8,0,6,4,0,0,16,24,10,144,4,0,9,2,0,7,0,6,9,1,8,7,73,21,3,4,10,16,0,0,4,4,4,47,4,52,11,10,9,14,50,0,5,25,11,0,2,1,45
2025-10,4,45,5,11,0,15,10,3,0,9,1,3,9,28,10,57,133,5,0,8,5,4,10,3,2,19,5,7,3,76,14,4,4,7,22,2,2,7,4,7,13,2,36,23,29,5,16,43,1,7,44,19,1,2,0,47
2025-10,5,63,5,15,1,27,12,4,1,13,0,1,5,15,1,57,108,9,2,2,6,3,5,2,4,15,2,7,4,83,3,7,5,13,27,1,3,5,3,2,15,3,25,17,26,7,45,96,5,4,44,23,2,3,3,44
2025-10,6,39,13,26,0,27,50,11,3,13,3,3,14,58,27,43,737,21,0,6,13,3,18,5,2,53,11,13,11,158,27,4,11,14,93,6,0,11,5,4,72,6,70,18,22,92,47,104,2,9,60,27,1,3,8,72
2025-10,7,40,11,17,1,22,15,3,2,17,1,3,25,35,14,51,766,46,1,9,13,3,9,14,1,81,2,19,7,135,31,9,14,40,64,3,2,11,2,10,76,3,62,18,43,111,51,59,7,20,26,21,1,2,30,37
2025-10,8,11,2,2,1,8,39,21,12,19,4,3,42,21,16,9,261,46,0,3,12,1,3,5,1,45,1,23,19,55,12,7,10,20,45,0,5,5,4,12,65,23,95,3,12,5,11,27,1,23,13,12,0,0,2,4
2025-10,9,13,7,7,0,18,2,0,1,4,0,0,0,5,0,22,5,2,0,3,1,8,2,5,0,5,2,7,0,13,0,3,3,7,0,0,0,1,0,0,13,2,14,7,5,11,16,2,0,0,33,0,0,2,0,8
2025-10,10,56,5,23,0,108,10,1,1,40,0,1,4,19,5,84,22,11,16,7,9,15,8,13,0,64,6,9,4,100,5,11,8,13,9,0,0,6,4,4,66,6,24,40,22,13,31,17,3,4,92,11,6,5,1,15
2025-10,11,47,3,11,4,21,6,5,3,4,0,3,0,22,1,69,47,2,1,2,3,0,6,2,1,24,3,16,1,151,5,7,7,2,9,0,1,1,2,4,33,5,29,24,21,5,25,42,1,5,37,4,0,0,3,30
2025-10,12,22,4,5,2,30,2,0,3,12,0,0,0,36,4,45,19,7,0,3,4,4,4,3,1,28,4,13,0,27,2,5,6,9,6,1,0,2,0,5,33,5,29,38,46,12,37,13,1,3,31,22,1,0,0,36
2025-10,13,39,5,7,0,10,6,0,4,7,0,1,1,28,7,27,37,4,1,1,0,2,5,1,0,37,1,7,1,43,6,2,3,8,4,0,0,1,8,1,13,0,16,14,18,4,16,10,0,3,8,4,0,0,1,13
2025-10,14,59,6,24,3,20,17,4,4,8,2,0,1,22,20,65,125,7,1,8,3,9,9,0,3,46,4,15,2,96,15,7,8,7,31,2,1,10,5,10,12,2,14,28,27,14,27,14,0,2,26,11,0,2,5,87
2025-10,15,158,9,13,0,69,22,7,5,20,3,1,3,24,15,127,147,23,0,7,12,1,6,1,0,47,5,6,1,200,24,3,6,14,24,0,1,2,8,9,53,7,60,33,40,35,60,37,4,4,40,11,2,2,3,67
2025-10,16,85,3,9,0,30,19,11,6,14,2,1,2,31,13,72,152,7,2,7,13,5,8,0,3,50,5,7,3,93,15,11,7,9,53,2,2,8,6,4,59,10,29,28,43,26,43,30,1,3,33,9,0,3,2,95
2025-10,17,119,10,11,0,86,10,2,7,23,1,0,0,12,11,97,47,13,2,22,9,3,9,10,1,34,6,5,2,119,12,7,9,11,5,1,2,2,8,4,55,3,30,25,27,16,48,10,6,1,16,4,0,6,1,21
2025-10,18,35,2,1,1,21,6,1,0,2,1,0,0,5,4,27,8,1,0,4,2,1,2,1,2,7,4,7,1,22,3,2,1,5,2,0,0,1,1,2,20,0,11,10,11,1,8,19,5,6,5,1,0,0,0,5
2025-10,19,217,15,14,0,78,31,3,9,23,1,4,0,34,42,164,122,8,6,23,14,9,22,6,8,69,1,17,5,152,19,5,12,11,28,0,1,7,15,9,77,2,36,33,17,16,48,17,6,5,23,12,1,4,2,29
2025-10,20,34,8,12,0,18,18,4,2,4,0,0,0,5,19,40,77,4,1,6,7,0,1,0,0,7,7,4,1,63,10,2,1,5,33,1,2,3,3,3,36,2,12,17,11,4,8,2,0,1,2,3,1,0,0,16
2025-10,21,45,2,12,0,29,12,6,0,27,1,2,0,10,13,70,203,3,2,12,9,10,7,2,7,29,8,6,2,98,7,6,10,6,32,0,4,3,10,7,19,0,32,17,19,13,18,6,2,2,19,15,0,4,0,36
2025-10,22,109,8,32,2,44,35,9,9,25,7,1,17,61,32,86,778,39,0,14,13,1,10,3,16,42,15,9,6,164,36,11,11,15,60,2,5,11,8,10,58,9,59,44,41,44,42,37,5,3,50,16,1,2,9,70
2025-10,23,126,25,17,0,34,27,8,1,34,19,2,0,26,50,96,149,19,3,19,8,1,17,27,15,23,1,17,5,98,21,6,8,11,14,0,0,1,24,5,38,5,28,33,26,2,38,48,15,10,24,7,0,5,6,18
2025-10,24,123,13,30,5,59,47,10,7,31,16,4,8,54,44,87,810,41,8,18,16,8,36,17,1,50,20,16,11,208,60,11,16,35,40,0,11,20,10,29,91,7,100,28,43,30,27,50,7,10,34,30,4,9,20,89
2025-10,25,290,24,24,0,88,95,43,13,39,23,2,1,62,105,230,128,25,9,18,23,10,18,7,11,32,10,41,6,126,50,4,18,9,26,2,3,10,67,10,79,14,52,99,61,8,48,112,19,25,31,15,1,8,7,18
2025-10,26,80,15,3,1,16,18,11,5,0,22,2,0,22,43,52,53,6,0,10,7,2,15,0,5,11,4,8,1,21,11,2,4,4,3,2,0,3,23,2,29,11,32,42,8,2,5,60,11,7,9,0,0,2,5,2
2025-10,27,69,6,4,1,18,29,19,1,7,24,1,0,27,66,58,70,8,2,10,3,2,8,1,3,8,2,5,3,27,15,4,8,4,15,0,0,4,13,10,25,3,86,64,6,8,18,22,9,4,6,3,0,3,6,5
2025-10,28,45,6,3,1,24,34,13,9,6,13,1,8,16,49,26,502,11,2,10,9,3,18,5,6,59,4,17,21,64,25,7,15,15,36,1,1,9,17,17,62,5,134,15,9,5,7,46,4,24,21,12,1,2,8,6
2025-10,29,114,11,5,3,18,50,19,6,15,24,1,0,25,54,55,68,14,2,12,16,11,3,6,1,8,8,19,1,66,17,4,8,5,14,0,0,6,28,3,26,6,46,28,6,16,8,17,8,7,8,4,0,4,17,9
2025-10,30,136,10,21,3,26,16,5,10,29,6,1,0,16,16,81,367,11,0,4,11,3,5,7,4,39,0,10,3,80,25,8,10,5,36,0,5,22,23,4,87,4,31,19,16,6,18,28,5,13,6,8,1,0,5,7
2025-10,31,46,3,10,1,20,23,3,5,10,1,0,1,11,9,44,375,7,1,6,10,5,14,4,10,15,0,3,5,63,7,11,12,12,18,0,0,5,9,6,57,7,41,2,7,5,3,39,1,5,14,7,4,1,6,6
2025-10,32,21,1,1,0,5,37,7,5,6,3,4,0,10,11,14,295,11,1,2,3,0,7,2,2,31,1,18,28,32,14,2,3,18,16,1,2,5,4,8,80,15,87,5,4,1,4,2,0,23,12,3,0,1,1,5
2025-10,33,15,1,2,0,1,3,3,1,2,2,1,3,13,11,11,59,2,1,5,0,0,0,0,0,11,1,7,5,18,4,2,1,2,7,0,1,4,1,4,28,1,15,3,2,0,8,3,1,4,8,1,0,0,0,1
2025-10,34,15,4,2,0,6,7,2,3,1,0,1,0,6,3,13,188,3,1,1,1,0,0,0,0,13,1,4,4,29,3,1,0,3,4,0,0,5,1,3,23,2,5,0,3,2,2,6,0,2,3,0,0,0,0,3
2025-10,35,14,0,1,0,6,12,1,0,5,0,1,1,26,3,3,43,5,0,0,0,0,0,0,1,13,3,10,2,7,2,2,0,1,1,2,2,4,6,3,33,2,14,4,5,0,1,3,0,5,3,2,0,0,1,0
2025-10,36,6,3,0,0,2,5,2,0,0,4,1,0,11,4,2,3,0,0,0,1,0,0,0,0,0,1,1,0,9,2,1,1,1,1,0,0,3,0,1,9,1,1,3,1,0,1,14,0,0,0,0,0,0,0,1
2025-10,37,2,0,0,1,2,7,1,0,0,2,2,0,3,2,7,18,2,0,0,0,0,0,0,1,9,2,2,1,10,0,0,0,0,2,0,0,0,1,0,14,1,28,9,5,1,1,1,2,0,0,1,1,0,1,1
2025-10,38,47,4,4,1,9,30,13,0,5,4,0,1,17,19,22,19,8,1,8,11,1,7,0,5,17,2,8,1,36,15,1,5,3,4,0,0,9,17,2,27,1,31,11,14,1,9,65,3,3,4,7,0,0,5,1
2025-10,39,19,0,3,1,10,18,17,0,4,1,1,2,14,2,9,3,2,0,3,3,1,2,2,1,9,5,4,0,4,2,3,4,2,3,1,1,1,4,0,19,4,9,5,7,1,5,6,0,2,5,2,0,3,0,3
2025-10,40,6,0,1,0,2,30,15,1,1,8,3,1,5,8,10,14,6,0,0,1,0,0,0,2,19,1,9,2,6,6,1,3,2,2,0,0,0,10,3,13,0,17,5,5,27,9,15,1,6,0,1,2,1,3,0
2025-10,41,19,2,3,0,1,38,19,1,4,0,1,5,8,1,9,10,4,0,0,0,2,5,0,4,10,2,1,5,30,7,2,2,10,4,1,0,1,2,6,34,4,19,14,13,2,13,17,1,7,19,3,0,2,1,9
2025-10,42,36,3,1,1,12,32,23,1,5,6,1,4,13,23,36,3,1,2,5,4,2,4,0,0,24,3,15,0,23,11,1,4,1,3,0,0,3,13,6,27,2,15,16,12,3,5,2,9,3,7,7,2,4,4,1
2025-10,43,100,5,4,1,19,102,56,3,9,6,2,1,54,31,67,14,9,6,12,9,1,20,1,7,13,6,37,7,26,23,9,5,3,4,0,0,1,54,10,24,3,37,40,27,36,24,57,15,20,8,9,1,5,10,10
2025-10,44,61,7,2,1,17,29,30,5,10,4,2,3,24,35,71,7,9,0,7,6,4,7,0,2,7,4,24,7,21,14,3,13,11,7,1,6,8,41,6,29,6,34,62,34,3,30,21,16,14,13,5,1,12,8,7
2025-10,45,24,1,0,0,4,6,1,2,0,0,0,0,18,7,22,4,1,1,1,4,2,4,1,2,3,4,10,3,14,4,0,4,2,3,0,2,3,6,1,35,7,6,10,13,0,7,0,4,3,3,4,1,2,3,7
2025-10,46,72,4,2,0,24,30,15,1,13,4,1,2,34,13,64,23,11,3,9,6,4,12,1,2,5,6,13,1,15,8,3,12,5,11,0,0,2,39,2,33,6,7,50,21,38,14,5,14,17,9,11,1,4,6,4
2025-10,47,10,0,0,0,3,3,2,0,1,1,0,0,2,3,10,1,3,0,2,0,0,0,0,0,1,0,1,0,4,2,0,2,0,0,0,0,1,2,1,3,1,1,5,3,0,3,0,2,1,1,1,0,0,2,1
2025-10,48,25,5,0,1,9,6,1,0,4,0,0,3,25,13,44,6,4,3,2,3,4,6,2,2,4,5,6,0,22,9,0,5,4,7,0,0,1,15,2,47,10,9,41,15,3,16,16,5,7,8,4,3,4,5,7
2025-10,49,73,18,3,2,38,38,15,2,12,14,2,6,55,46,136,14,8,5,11,13,6,13,0,10,33,19,24,4,48,29,5,20,24,9,3,18,11,56,11,149,9,24,90,49,2,49,63,14,47,23,10,0,10,23,6
2025-10,50,14,0,0,0,6,9,5,0,3,0,0,0,4,7,20,1,1,0,1,1,0,7,1,4,3,3,6,0,10,2,1,5,4,0,0,0,0,21,3,10,1,8,24,15,7,8,0,0,9,1,6,0,6,2,2
2025-10,51,41,8,0,0,11,9,2,0,4,1,0,0,24,7,47,60,6,1,5,6,2,10,1,3,12,1,9,0,9,6,0,7,2,13,1,1,2,42,2,36,3,7,51,12,11,11,19,6,14,6,3,0,6,2,6
2025-10,52,35,10,4,1,24,1,0,0,7,0,0,3,20,1,62,26,6,2,2,0,2,39,0,4,2,1,16,0,11,6,2,8,4,51,0,6,12,10,2,68,11,13,11,3,11,7,13,1,5,4,5,0,4,3,4
2025-10,53,57,7,5,1,29,30,6,0,10,5,1,2,34,28,97,5,7,2,7,2,4,12,4,9,11,10,19,2,27,19,4,16,2,11,0,0,4,60,4,41,0,5,61,32,3,29,23,23,10,11,8,1,9,23,7
2025-10,54,1,0,0,0,6,0,1,0,0,0,0,0,4,2,13,2,0,0,0,0,0,0,1,2,0,1,0,0,3,0,0,0,1,4,0,0,2,8,0,4,1,3,20,5,0,4,0,1,1,0,1,0,0,1,0
2025-10,55,12,1,1,0,6,0,1,2,3,0,0,0,4,2,17,11,11,0,0,4,1,6,1,2,2,3,7,1,3,2,1,3,2,7,0,0,1,14,0,23,1,4,13,7,0,4,18,1,6,2,4,0,0,0,1
2025-10,56,54,9,2,2,25,15,1,2,16,2,1,6,21,3,90,103,7,2,8,10,4,3,0,3,50,3,9,5,122,3,8,13,11,14,0,3,6,8,5,50,8,29,18,17,4,26,70,2,1,21,11,1,10,0,1
2025-10,57,38,3,0,1,6,6,0,3,13,1,1,1,8,5,31,132,4,0,1,1,0,4,0,0,13,1,2,1,18,12,1,4,1,5,0,0,6,11,2,11,3,20,0,0,5,4,3,0,3,7,1,0,6,0,2
2025-10,58,68,8,6,1,22,18,2,4,5,2,2,1,10,14,45,397,7,2,8,3,4,26,2,6,14,2,16,2,26,10,2,9,3,17,1,5,7,34,1,56,3,44,9,15,2,7,6,3,6,8,3,1,5,2,3
2025-10,59,24,7,3,0,26,6,1,2,2,0,2,4,23,4,30,155,2,2,2,2,0,3,0,0,13,3,2,3,9,1,1,1,3,8,2,2,6,3,0,23,3,27,2,2,3,3,14,0,2,5,3,0,0,1,4
2025-10,60,69,9,9,0,32,19,7,4,4,5,0,20,26,9,39,188,5,1,7,11,2,3,1,2,36,9,7,6,82,11,5,1,9,20,0,0,2,8,1,47,3,40,6,8,35,19,24,2,4,16,2,3,2,1,7
2025-10,61,154,14,9,1,35,24,2,4,12,13,0,5,38,19,81,171,12,0,7,16,1,4,16,13,18,2,7,3,55,13,4,9,5,14,0,3,10,17,5,62,4,23,26,24,6,16,16,18,12,3,12,0,2,5,2
2025-10,62,49,3,1,1,14,5,3,0,4,0,0,0,20,2,38,103,1,0,6,1,0,4,0,2,16,0,4,3,19,2,3,8,1,5,0,2,5,5,0,31,1,14,4,11,1,4,4,2,3,4,1,0,1,0,1
2025-10,63,101,3,9,3,44,34,1,7,4,0,1,6,8,8,60,268,11,3,5,4,3,6,0,3,18,1,7,5,29,11,3,10,4,13,1,2,2,17,3,63,6,72,10,11,0,6,4,2,8,2,5,0,5,1,2
2025-10,64,54,9,1,1,8,9,1,0,6,0,0,2,8,6,34,26,8,1,5,0,1,7,3,5,18,1,9,0,75,3,1,8,1,4,0,0,6,3,1,13,2,17,7,19,2,18,12,2,3,7,4,0,11,0,4
2025-10,65,65,6,3,2,24,22,2,3,6,0,0,0,21,3,61,63,8,1,2,4,3,6,3,5,30,1,11,2,46,5,6,18,9,4,0,0,2,16,2,33,1,16,13,7,1,15,15,2,6,11,3,0,3,1,5
2025-10,66,123,7,14,1,38,40,12,7,17,4,2,7,42,28,112,232,14,3,12,8,3,9,2,5,36,3,25,3,62,23,9,16,10,8,1,0,5,40,6,56,5,87,32,36,4,20,31,13,15,18,10,0,11,1,5
2025-10,67,160,15,8,3,40,18,11,5,16,13,0,4,40,56,100,56,13,2,8,9,3,8,0,7,18,7,20,2,117,31,1,19,7,4,0,7,6,39,10,42,8,19,45,38,1,22,49,19,18,17,5,0,6,19,5
2025-10,68,72,20,2,2,21,58,27,5,13,14,0,3,32,40,68,29,9,1,5,4,2,8,0,6,17,5,19,4,44,13,1,9,6,9,0,5,6,45,2,25,5,33,32,17,3,19,19,18,18,16,2,0,3,18,2
2025-10,69,106,8,4,3,25,41,22,6,18,12,1,3,20,28,69,15,16,2,10,5,6,7,1,3,19,5,30,19,30,37,5,17,8,5,1,1,4,59,14,32,6,28,46,24,0,27,12,15,19,11,9,1,14,10,7
2025-10,70,54,11,11,1,33,7,2,2,11,0,5,4,54,4,110,74,11,1,8,3,1,26,0,0,58,1,8,2,62,6,4,3,17,16,1,0,5,22,5,53,5,23,41,12,4,36,20,2,4,15,3,0,7,2,6
2025-10,71,86,37,5,1,32,34,19,4,11,6,2,1,51,30,102,7,19,0,9,5,4,12,0,10,26,7,30,3,76,21,7,12,9,6,1,0,1,58,8,61,12,39,58,24,1,43,40,17,35,33,3,1,10,14,4
2025-10,72,16,1,3,0,20,11,5,1,6,2,3,3,26,3,51,12,8,1,12,1,5,5,2,0,16,14,9,1,25,8,2,9,9,2,0,1,10,1,3,42,4,21,45,31,9,41,10,0,6,22,8,1,2,3,14
2025-10,73,42,8,6,0,25,11,11,2,16,1,1,6,43,28,89,9,8,1,10,3,5,9,0,3,30,10,7,1,40,28,3,10,13,10,0,6,9,35,12,91,9,27,61,29,2,36,2,9,12,7,4,2,5,10,14
2025-10,74,12,3,1,0,13,4,0,2,12,0,0,0,11,1,56,3,2,0,4,1,0,0,0,2,10,5,2,1,56,0,5,2,8,3,2,0,3,1,4,22,4,11,15,10,5,21,2,1,2,29,12,0,1,2,4
2025-10,75,21,3,2,1,25,6,0,1,12,1,0,1,27,18,64,1,7,1,11,0,1,4,1,6,13,17,6,1,31,5,7,9,9,3,0,1,1,28,4,32,2,24,55,21,10,22,17,3,14,26,5,1,4,6,6
2025-10,76,23,0,4,0,4,5,4,1,0,0,0,1,5,1,5,7,2,0,0,0,0,1,1,1,11,3,0,2,3,3,0,4,2,0,0,0,1,1,0,26,1,4,10,2,0,1,9,0,0,4,0,0,1,0,0
2025-10,77,44,9,8,1,3,27,11,2,6,5,3,1,15,23,19,102,11,1,6,2,5,6,1,3,27,4,11,3,49,20,6,1,7,31,0,1,3,7,4,49,3,39,15,14,8,24,46,1,10,63,9,3,1,1,49
2025-11,0,3468,501,353,53,1636,1292,593,173,676,215,84,265,1047,1239,3258,7546,562,124,624,320,214,426,101,318,1354,331,598,230,2799,773,190,367,397,787,52,126,336,1079,599,2451,332,2022,1219,1003,502,836,4339,273,466,1049,245,44,174,0,3114
2025-11,1,72,5,1,3,7,33,19,0,2,1,1,2,11,14,14,72,6,1,3,3,0,5,1,10,12,2,3,2,73,17,2,4,1,12,1,3,5,1,3,19,1,27,16,15,2,12,62,0,5,35,3,0,4,0,70
2025-11,2,119,7,5,0,23,36,8,5,8,11,1,2,39,16,55,43,9,0,9,4,0,5,5,1,15,5,2,5,52,21,4,23,5,27,1,0,23,3,8,35,9,26,37,43,6,16,56,0,4,24,5,1,2,0,89
2025-11,3,32,3,3,0,7,35,13,0,6,0,1,5,6,39,8,112,6,0,19,2,3,6,4,2,15,5,5,4,44,14,2,4,13,36,1,3,14,3,29,40,3,22,9,4,2,13,63,0,3,23,6,0,1,0,120
2025-11,4,61,1,12,0,18,9,6,2,7,1,0,4,11,7,16,161,6,0,5,12,0,4,1,2,18,2,3,2,62,2,1,0,10,6,1,0,3,2,17,20,10,17,23,18,8,14,57,2,2,22,1,0,1,0,162
2025-11,5,49,3,6,1,27,4,1,4,20,1,0,6,16,8,42,102,14,0,3,1,2,3,1,2,17,5,4,4,56,5,4,4,7,8,1,1,6,2,4,22,3,32,14,18,6,12,167,0,6,22,2,0,2,0,143
2025-11,6,43,7,12,1,34,29,9,7,12,3,2,13,25,15,44,687,18,2,16,6,2,8,1,8,27,18,1,11,118,24,5,6,22,33,2,0,8,6,16,74,6,69,21,25,14,25,126,3,3,35,3,3,5,0,250
2025-11,7,22,4,14,1,16,19,3,2,31,1,6,1,16,13,39,550,34,0,22,18,9,5,3,2,42,11,10,12,85,20,3,6,14,32,1,0,3,3,54,52,6,43,11,17,18,22,85,0,2,15,13,0,1,0,181
2025-11,8,10,23,9,1,3,23,7,11,5,4,5,4,1,9,8,193,46,0,11,8,1,15,0,2,35,1,11,22,41,15,9,11,15,35,2,8,3,5,16,49,12,93,2,4,3,5,62,2,4,10,11,1,1,0,8
2025-11,9,10,11,6,0,16,2,0,1,2,0,0,0,3,0,22,10,1,1,0,1,1,3,0,0,23,0,0,0,9,3,0,0,1,2,0,0,0,1,0,18,2,7,5,12,5,6,0,0,0,6,1,0,0,0,6
2025-11,10,50,13,9,0,81,6,2,0,21,0,0,2,25,3,73,15,5,1,10,4,6,2,1,0,33,8,4,2,61,3,4,7,6,8,0,0,9,6,13,58,13,34,15,17,14,17,20,5,1,36,4,3,3,0,50
2025-11,11,49,5,4,0,56,7,2,5,4,0,0,0,10,7,43,48,3,1,9,8,0,2,0,3,12,2,2,1,69,6,3,2,11,9,0,0,3,2,8,17,1,19,16,16,12,14,91,0,1,28,2,0,0,0,63
2025-11,12,13,0,3,0,40,1,0,0,8,1,1,0,11,0,44,5,4,5,5,2,5,4,0,1,34,5,18,0,18,2,2,2,3,6,0,0,0,1,13,16,4,19,14,19,6,20,22,0,6,24,5,0,0,0,94
2025-11,13,21,3,2,0,10,3,2,2,3,1,0,3,11,4,25,41,4,1,1,3,0,0,0,0,12,2,3,1,18,7,3,1,2,4,0,0,0,2,7,29,2,15,10,1,3,8,13,1,1,9,0,0,1,0,40
2025-11,14,46,3,20,0,16,10,1,2,7,0,1,2,3,17,37,103,12,1,6,6,1,4,0,2,34,4,1,5,63,18,0,1,4,14,0,0,0,4,9,16,5,9,12,17,8,9,61,1,0,13,2,0,0,0,170
2025-11,15,102,4,13,1,61,13,4,2,14,0,3,3,17,16,92,161,15,4,17,8,4,10,0,4,69,7,2,1,141,17,7,8,18,25,0,1,2,12,20,51,11,37,23,16,39,21,115,1,4,37,5,3,0,0,136
2025-11,16,68,2,13,0,29,19,7,2,9,0,0,6,20,12,58,133,7,3,8,8,2,8,3,0,58,9,2,1,100,9,5,7,19,31,0,2,3,5,6,21,8,33,11,39,21,18,63,0,1,23,3,0,1,0,214
2025-11,17,100,3,12,1,106,13,6,3,8,1,0,5,7,7,78,26,12,2,20,9,0,6,2,3,20,5,4,3,99,9,3,5,11,13,1,0,5,7,10,41,6,17,14,20,9,10,16,2,5,23,1,0,0,0,37
2025-11,18,20,2,3,1,35,6,0,3,1,0,0,0,2,7,17,8,7,0,10,1,0,2,2,1,9,2,0,0,17,2,0,2,2,0,0,2,0,5,0,7,3,4,5,6,0,8,92,2,2,13,0,0,0,0,13
2025-11,19,185,16,8,1,74,22,7,7,18,2,1,0,19,21,110,181,8,7,15,5,8,13,0,9,24,1,6,4,75,11,4,8,5,15,1,1,11,19,6,70,5,38,12,22,43,27,90,2,4,29,4,0,5,0,21
2025-11,20,23,1,7,0,19,14,5,1,3,2,0,0,8,11,38,25,0,2,2,3,0,0,0,2,5,3,1,0,41,10,2,6,0,9,1,2,5,0,5,15,4,13,6,4,2,10,27,0,1,7,2,0,3,0,39
2025-11,21,46,8,3,1,15,14,3,3,11,1,1,2,11,7,41,138,9,0,3,6,1,5,5,1,26,8,3,2,55,5,1,1,5,21,1,0,6,8,7,26,2,39,11,21,12,9,3,0,6,22,4,1,0,0,73
2025-11,22,78,8,20,2,46,25,14,3,10,5,1,13,22,35,60,675,21,2,16,7,6,7,4,3,40,12,9,7,89,33,3,5,14,41,5,0,6,6,18,60,13,94,41,38,11,24,167,3,5,42,6,2,1,0,243
2025-11,23,83,11,8,0,37,20,15,5,30,4,1,6,23,42,97,135,14,4,21,5,2,9,2,17,11,0,12,6,48,22,7,6,6,20,0,1,2,23,11,23,9,19,13,20,13,25,76,9,3,13,6,0,6,0,41
2025-11,24,74,15,33,2,43,30,9,8,15,8,2,21,40,20,79,542,30,5,16,18,4,24,2,11,35,10,5,10,140,40,2,10,11,39,0,1,5,9,40,60,11,76,14,31,46,21,175,1,1,40,8,2,2,0,217
2025-11,25,195,14,9,3,87,61,47,8,42,9,3,4,43,157,177,56,7,7,31,17,12,15,6,33,24,3,27,6,83,34,3,8,10,12,0,2,15,55,19,95,11,64,61,67,3,34,152,20,25,23,15,1,9,0,30
2025-11,26,68,3,0,1,9,23,7,0,2,13,0,2,1,102,30,7,3,1,8,3,2,9,2,2,4,0,10,0,19,6,0,4,0,3,0,2,1,13,1,11,3,23,33,9,3,7,55,7,4,6,0,0,1,0,2
2025-11,27,25,0,5,1,21,10,14,1,5,15,0,1,9,91,46,36,2,4,6,6,2,3,2,4,6,2,8,1,16,7,0,3,2,2,1,2,3,4,2,20,1,32,37,5,25,2,68,3,2,8,0,2,5,0,5
2025-11,28,39,7,2,0,15,31,17,6,41,3,5,2,13,42,30,233,19,5,10,6,4,20,5,5,68,7,11,10,35,17,6,5,17,24,2,2,14,9,16,63,18,105,10,11,11,7,161,1,14,11,20,0,7,0,25
2025-11,29,70,9,4,5,15,31,24,3,8,16,1,0,22,37,53,65,4,1,7,7,3,2,1,7,15,2,7,4,36,19,3,4,3,9,1,5,5,24,6,18,5,31,14,9,33,4,73,6,7,18,4,0,2,0,3
2025-11,30,75,1,12,0,21,20,1,9,12,2,1,4,17,27,61,309,8,14,4,2,8,4,0,3,12,4,5,0,34,11,5,9,6,20,1,1,7,13,6,39,3,24,14,10,2,12,100,3,8,10,8,0,3,0,6
2025-11,31,41,2,1,1,26,23,3,3,10,3,0,3,18,11,34,283,10,3,4,11,13,27,7,4,20,4,3,3,42,13,1,1,7,12,3,2,5,12,7,37,2,25,3,0,4,3,158,4,7,10,2,0,4,0,11
2025-11,32,11,0,3,1,1,8,6,7,1,0,5,7,9,3,4,250,16,0,2,1,0,8,0,2,37,0,12,19,12,5,2,1,12,11,0,1,2,4,2,36,9,76,2,2,2,1,1,2,20,7,3,0,0,0,6
2025-11,33,6,0,0,0,0,11,2,1,1,2,0,4,4,2,6,30,5,2,4,1,0,0,0,1,14,0,4,2,14,1,1,0,5,2,0,0,4,0,3,11,2,17,2,6,0,2,0,0,3,5,0,0,0,0,2
2025-11,34,18,0,0,0,5,3,0,0,0,0,0,1,7,4,17,56,1,0,1,1,0,1,0,0,7,4,5,5,14,4,0,3,2,4,0,0,4,2,2,56,2,3,2,0,4,2,44,0,0,4,1,0,0,0,0
2025-11,35,12,2,0,0,4,12,15,0,9,2,1,4,1,1,7,5,2,2,0,0,0,1,0,1,13,4,3,3,1,0,1,2,0,2,0,0,3,6,3,35,10,6,1,3,0,0,35,1,3,4,6,1,0,0,3
2025-11,36,2,0,0,0,3,5,7,0,0,0,0,0,2,1,6,1,1,0,0,0,0,0,0,0,3,4,2,0,2,0,0,0,0,1,0,0,0,3,0,2,1,2,3,3,1,4,6,0,0,1,1,0,0,0,5
2025-11,37,2,0,0,0,1,4,4,0,4,1,0,0,4,3,6,3,0,0,1,2,2,1,0,1,6,1,2,0,2,1,0,2,0,0,0,0,0,7,3,6,2,8,4,0,0,1,3,4,0,0,0,0,0,0,0
2025-11,38,33,10,3,0,8,21,4,1,4,3,1,7,9,16,14,17,7,0,2,4,3,1,3,2,2,5,9,2,26,6,4,7,0,6,0,0,1,4,6,29,1,13,7,4,1,4,236,2,5,5,0,0,3,0,5
2025-11,39,25,4,0,0,4,19,20,0,2,4,1,1,5,0,1,4,3,0,3,2,1,2,1,1,4,3,5,1,3,6,1,2,0,6,0,0,3,4,2,8,0,8,3,5,2,2,2,1,0,4,0,2,2,0,6
2025-11,40,9,2,0,1,1,15,12,0,3,1,0,3,4,1,5,6,1,0,0,1,2,1,0,0,3,0,6,0,5,8,0,1,1,0,0,0,2,12,4,8,0,24,1,2,0,3,57,3,5,0,0,0,0,0,1
2025-11,41,5,0,2,1,1,19,8,0,4,0,2,1,5,0,3,4,0,1,6,0,0,3,2,2,5,6,3,5,21,2,1,3,5,3,0,2,1,7,6,19,0,17,9,3,9,3,3,0,1,8,4,0,0,0,12
2025-11,42,31,4,1,1,11,20,11,1,4,2,2,3,13,9,26,9,3,0,5,1,5,3,0,3,9,3,9,2,12,7,7,4,4,2,0,0,0,14,11,10,3,19,10,4,1,3,0,8,3,4,2,0,4,0,2
2025-11,43,70,1,1,0,12,78,47,3,7,11,3,5,27,11,53,8,14,0,12,5,2,7,0,14,16,10,24,2,25,20,7,8,2,7,2,2,2,37,7,17,7,66,30,11,28,11,94,5,14,9,1,2,4,0,13
2025-11,44,44,4,2,1,11,36,27,3,13,4,0,0,17,27,34,2,10,1,16,4,7,6,1,4,7,7,23,4,23,21,2,4,2,4,0,6,3,33,7,43,0,23,33,17,7,11,95,18,15,14,0,2,8,0,5
2025-11,45,10,0,0,0,5,4,5,0,4,0,1,0,4,8,23,0,2,0,2,4,5,2,0,0,0,7,5,4,4,1,0,8,2,0,0,0,2,2,2,19,11,34,10,5,0,2,3,4,2,4,1,0,2,0,8
2025-11,46,52,10,2,1,21,27,11,0,13,3,4,3,24,13,47,23,4,2,7,1,0,6,0,1,6,15,17,0,16,8,2,4,2,2,1,8,8,48,5,43,2,6,46,18,4,13,34,13,18,12,3,0,1,0,14
2025-11,47,1,1,0,0,3,5,1,1,0,0,0,0,2,2,11,1,0,1,4,0,0,0,0,1,0,1,3,0,3,0,0,1,2,0,0,0,0,3,0,1,1,1,3,7,0,1,0,2,1,0,0,0,0,0,0
2025-11,48,20,5,1,0,7,9,0,0,8,0,0,2,11,4,40,4,4,3,4,1,6,2,0,3,6,1,6,3,8,4,2,10,3,1,0,0,0,25,4,25,1,14,23,19,1,11,15,2,8,11,2,3,2,0,13
2025-11,49,57,40,2,0,30,19,7,1,10,13,2,2,44,38,95,13,10,2,21,8,4,6,0,7,23,8,26,5,54,8,4,8,6,15,0,14,11,54,4,76,5,12,47,26,1,23,12,14,23,20,2,0,2,0,8
2025-11,50,17,1,0,0,2,3,1,0,5,1,0,15,3,10,14,0,2,0,2,0,2,0,0,3,2,0,2,0,6,4,1,5,5,1,0,0,1,25,3,8,0,3,9,12,1,13,41,1,13,3,2,0,0,0,1
2025-11,51,22,8,0,0,4,6,1,1,4,1,2,1,8,4,32,22,7,0,5,2,0,4,1,8,5,5,11,0,9,4,0,2,0,8,0,0,3,28,2,39,4,8,28,6,0,4,30,3,8,3,1,1,1,0,7
2025-11,52,34,12,1,0,24,11,4,4,5,2,0,0,11,3,35,24,3,0,2,0,0,12,1,4,1,4,12,0,12,5,1,4,3,0,0,0,1,12,3,34,3,4,9,4,4,7,15,1,4,4,2,0,2,0,3
2025-11,53,33,7,0,2,32,20,7,0,12,7,1,0,20,15,76,11,5,4,21,4,5,12,0,10,9,10,16,1,13,19,3,8,6,5,0,1,3,48,7,35,5,10,37,21,3,19,70,20,21,8,1,0,6,0,11
2025-11,54,6,0,0,0,1,1,2,0,1,1,1,1,1,3,4,0,1,0,0,0,0,0,2,2,1,0,3,0,2,1,0,0,0,0,0,0,0,8,0,13,0,0,8,0,0,0,0,1,9,1,0,0,0,0,0
2025-11,55,3,0,3,0,5,5,0,0,0,1,0,0,6,2,13,8,2,0,2,0,1,1,0,2,6,0,9,0,2,2,1,2,3,1,2,1,0,2,0,25,3,18,2,2,1,5,14,0,2,3,0,0,2,0,2
2025-11,56,80,19,3,0,19,4,3,2,18,0,0,1,18,4,49,79,12,2,8,2,6,6,4,1,26,3,2,2,63,4,1,5,5,5,1,6,8,9,13,45,3,12,13,14,3,20,213,2,3,9,4,0,2,0,9
2025-11,57,42,2,1,0,5,3,0,2,4,2,0,5,4,1,22,126,0,0,0,0,1,0,0,1,4,0,3,1,14,5,2,4,0,0,0,6,4,5,2,30,1,4,0,6,0,4,0,0,3,1,0,0,0,0,1
2025-11,58,39,16,3,1,19,11,6,5,7,0,4,1,7,9,44,317,7,1,5,6,11,8,0,9,16,6,5,2,21,7,3,9,1,10,3,4,13,21,7,44,3,28,10,13,2,9,5,1,5,11,3,0,1,0,11
2025-11,59,11,2,0,2,18,7,0,4,1,1,0,7,9,4,21,153,3,0,4,0,1,0,1,2,11,2,4,1,11,0,1,2,0,3,4,0,6,6,1,20,3,30,4,7,0,3,123,0,0,3,0,0,0,0,4
2025-11,60,55,7,6,0,32,19,2,1,7,0,0,8,9,5,33,163,3,1,4,7,7,3,8,1,32,8,6,2,60,13,2,2,10,15,0,0,2,5,7,37,0,32,3,5,1,9,91,1,2,18,2,1,1,0,21
2025-11,61,88,9,3,1,36,29,6,3,10,4,0,1,17,22,88,159,8,0,6,9,3,5,3,8,25,0,8,1,50,20,5,7,2,12,1,2,6,31,1,58,4,31,27,17,3,16,38,5,9,6,7,0,4,0,9
2025-11,62,44,4,2,0,10,6,2,0,5,0,0,14,1,4,27,80,1,0,5,1,0,1,0,7,11,1,4,2,23,1,2,3,0,1,0,0,3,5,3,12,1,3,2,6,2,5,7,1,2,1,3,0,1,0,0
2025-11,63,60,16,7,1,19,20,2,5,12,1,2,6,17,6,45,200,4,0,9,0,0,1,1,4,12,3,6,2,14,4,0,5,0,13,0,2,4,11,7,31,2,18,7,12,2,11,3,1,4,4,4,3,3,0,4
2025-11,64,29,8,4,0,7,8,5,0,4,1,0,1,3,2,44,21,6,0,2,2,0,1,1,1,21,0,4,0,76,7,0,3,0,6,1,2,3,7,5,18,0,17,2,1,1,6,2,0,2,11,2,0,1,0,10
2025-11,65,43,9,4,2,20,16,2,1,5,0,0,2,13,0,52,59,5,0,4,2,0,4,1,13,16,5,8,5,31,4,5,5,16,3,0,0,2,10,2,39,3,25,4,6,3,7,11,2,4,8,7,0,0,0,5
2025-11,66,145,38,6,4,38,27,7,2,8,3,3,23,19,29,63,199,2,2,9,2,0,7,0,10,25,5,21,2,41,20,7,11,5,10,3,4,10,47,5,43,3,31,23,10,0,17,94,14,11,15,2,0,10,0,12
2025-11,67,86,4,1,0,29,26,12,1,9,7,1,2,27,42,84,38,5,2,8,16,1,11,0,10,3,3,23,1,44,12,1,9,3,1,0,10,4,48,3,18,5,20,40,14,1,10,97,16,12,6,3,1,5,0,7
2025-11,68,48,2,2,0,26,44,11,1,6,10,0,1,27,29,65,20,6,3,7,8,5,2,0,7,9,5,18,2,30,7,3,5,2,3,1,0,5,37,9,11,3,29,19,17,2,10,37,15,23,19,1,0,3,0,1
2025-11,69,36,8,3,0,19,37,25,2,16,5,3,1,32,31,73,9,11,3,27,9,8,10,0,10,14,3,18,7,25,29,5,14,0,3,1,0,1,30,4,27,6,39,42,24,2,14,2,6,10,10,0,2,9,0,9
2025-11,70,37,5,2,2,32,8,1,0,11,1,1,5,16,4,85,144,7,4,13,2,0,21,0,1,21,3,9,1,33,8,6,4,10,40,1,0,16,16,16,34,7,27,18,21,3,19,57,2,2,9,8,1,5,0,6
2025-11,71,77,9,2,2,35,27,17,4,10,5,1,0,32,27,87,19,8,2,6,2,1,12,0,7,6,5,28,0,41,13,2,6,8,3,0,4,2,60,17,55,4,28,27,21,4,22,78,9,24,42,2,1,5,0,4
2025-11,72,11,5,3,0,12,3,5,2,11,1,2,0,18,2,44,6,3,2,9,1,6,2,4,4,26,10,4,3,6,10,3,4,2,7,0,0,2,10,3,44,0,31,33,31,7,19,5,1,7,23,4,4,0,0,80
2025-11,73,46,12,4,0,17,10,12,3,25,3,2,8,34,18,61,3,3,3,13,1,11,9,2,2,24,9,12,1,21,18,4,7,6,12,0,4,6,44,8,56,6,64,29,9,1,18,27,6,15,11,1,0,6,0,9
2025-11,74,9,6,2,0,8,2,0,1,3,0,0,1,7,1,53,1,1,0,25,1,2,3,1,0,46,6,1,0,26,0,0,2,4,3,0,0,1,1,1,18,0,3,7,3,3,7,14,1,0,8,1,0,0,0,24
2025-11,75,21,13,1,1,13,5,0,1,9,4,0,0,8,7,56,2,2,3,13,1,3,6,0,2,17,5,6,2,15,12,2,4,2,6,0,0,1,21,7,48,6,19,46,19,1,19,44,6,8,11,1,1,8,0,34
2025-11,76,25,0,3,0,0,4,1,2,1,0,2,0,4,4,4,4,4,1,2,0,1,0,0,0,6,1,7,1,1,1,0,2,1,1,0,0,2,0,1,6,5,6,1,1,0,0,36,0,0,1,1,0,0,0,0
2025-11,77,24,2,11,2,13,23,16,0,5,0,0,2,4,11,15,88,14,0,6,6,1,5,4,2,23,1,2,5,25,19,2,2,5,21,4,6,9,2,14,37,3,27,6,12,7,11,69,1,5,51,11,0,1,0,165
2025-12,0,3928,389,167,56,1559,1554,945,155,1155,126,108,271,752,946,2917,6742,499,143,1087,271,369,339,252,396,2352,794,486,245,1593,767,170,289,216,702,54,147,315,1040,227,2455,278,2163,414,488,116,433,4960,226,411,900,597,37,375,0,528
2025-12,1,81,4,1,2,10,53,32,0,6,2,2,0,2,13,15,44,3,5,28,12,2,2,0,3,26,9,4,1,33,24,0,5,3,7,0,2,1,3,1,28,4,37,3,4,1,2,118,0,1,13,19,0,0,0,20
2025-12,2,100,9,3,1,20,24,8,2,12,10,2,0,17,15,47,32,5,4,18,4,4,1,3,3,46,6,8,6,34,22,5,9,3,27,0,2,5,7,5,23,2,38,12,8,1,7,54,0,5,23,14,0,3,0,12
2025-12,3,33,3,2,0,2,42,14,1,10,2,1,0,12,22,11,114,8,0,24,5,0,8,4,3,57,7,4,6,35,19,2,5,16,18,0,0,1,6,5,26,4,10,4,1,5,0,99,1,2,24,13,0,2,0,21
2025-12,4,50,3,2,0,17,14,3,1,16,1,3,2,12,7,21,105,8,0,17,6,2,5,0,0,26,11,2,4,40,9,2,1,5,8,0,0,12,5,3,39,5,23,11,11,0,3,77,1,2,27,16,2,0,0,22
2025-12,5,67,11,5,3,19,17,1,1,8,0,2,5,19,4,40,202,9,1,12,5,5,3,6,2,40,12,2,2,46,10,4,3,3,4,0,0,2,2,1,12,1,21,9,12,5,5,152,5,0,19,9,0,1,0,35
2025-12,6,54,2,8,1,26,34,20,6,13,1,4,17,33,26,33,347,14,1,27,7,6,10,5,5,49,24,14,10,64,33,3,4,7,45,2,6,4,4,10,69,1,64,12,13,3,14,157,1,4,31,13,3,3,0,43
2025-12,7,26,2,3,0,20,28,9,3,16,2,2,20,17,15,53,247,28,4,14,9,2,0,6,8,80,13,8,7,53,29,6,5,7,22,6,3,3,1,13,38,6,55,12,5,3,2,103,0,3,20,20,0,1,0,32
2025-12,8,22,1,2,1,9,40,31,7,12,3,1,5,10,14,9,226,30,2,18,3,2,10,0,8,52,0,6,18,15,18,5,9,7,55,2,1,6,6,5,56,10,80,2,6,0,2,149,0,3,9,12,0,2,0,3
2025-12,9,6,1,0,0,13,0,1,1,6,0,0,0,4,2,15,5,1,0,2,0,0,0,0,0,6,2,0,0,4,0,1,1,1,4,0,0,2,0,0,5,3,5,1,12,1,5,0,0,1,13,1,0,4,0,1
2025-12,10,77,10,0,0,60,12,3,0,40,1,1,0,13,0,66,15,4,7,15,5,18,2,2,0,18,11,2,0,29,1,5,4,1,16,0,1,9,3,5,38,7,20,8,11,2,6,3,3,1,27,16,1,2,0,10
2025-12,11,41,6,3,0,27,5,2,2,46,1,0,0,6,6,32,32,3,5,3,7,3,2,1,3,9,7,3,2,24,2,2,2,1,2,0,2,0,5,1,24,2,23,5,6,0,8,71,2,4,11,10,0,0,0,9
2025-12,12,22,2,1,0,16,3,1,0,15,1,1,0,14,1,24,8,4,0,3,4,10,3,1,0,24,4,18,1,7,4,1,3,2,4,0,0,1,2,11,22,2,16,8,11,0,5,22,0,1,15,2,0,0,0,14
2025-12,13,17,1,3,1,5,3,1,1,15,0,0,2,9,2,13,14,3,0,5,0,1,0,0,4,29,4,2,0,11,5,1,2,2,4,0,0,1,5,3,24,2,23,1,15,0,4,0,0,0,7,6,0,2,0,5
2025-12,14,52,4,7,0,13,20,6,1,25,0,3,5,18,11,39,109,3,3,11,2,3,3,1,1,23,7,1,2,25,13,2,3,3,20,0,1,5,9,1,32,4,12,2,8,6,9,99,2,2,18,11,1,6,0,24
2025-12,15,132,4,4,0,68,19,3,2,28,1,3,0,13,12,58,102,4,0,15,4,5,7,2,4,54,13,5,3,60,25,3,3,5,4,1,6,7,9,1,50,1,42,10,22,7,7,163,3,4,33,11,1,3,0,13
2025-12,16,90,5,3,0,36,15,10,2,14,2,0,24,9,14,52,153,10,6,23,6,4,29,4,1,48,37,10,2,44,9,1,6,1,14,2,1,7,3,1,32,3,30,5,13,3,11,121,0,3,27,12,0,6,0,31
2025-12,17,113,8,1,0,95,18,7,4,10,1,0,1,7,9,82,20,8,5,29,11,11,10,4,1,20,15,0,0,45,17,0,4,2,3,0,0,1,5,2,46,1,11,6,12,3,7,9,1,0,18,3,1,4,0,4
2025-12,18,24,9,0,0,38,7,0,2,4,0,0,0,0,3,20,10,0,1,12,1,10,0,7,3,8,1,2,0,4,1,1,0,4,1,1,4,1,5,0,31,0,4,7,5,0,3,93,6,2,6,3,0,3,0,1
2025-12,19,195,15,13,2,80,15,20,5,35,0,2,1,16,32,115,95,4,1,34,4,19,8,3,10,31,13,11,3,40,12,5,3,1,18,2,5,5,24,4,47,1,38,6,4,11,12,89,0,6,8,10,1,14,0,2
2025-12,20,34,2,3,0,21,6,2,4,6,1,2,0,7,11,32,37,4,2,3,2,0,2,1,1,18,4,1,0,26,8,1,1,0,13,0,0,3,4,0,11,1,16,1,1,0,2,11,0,1,7,1,1,1,0,4
2025-12,21,67,0,4,0,22,17,10,1,12,0,2,2,10,10,38,161,11,0,9,3,1,4,0,2,46,12,0,4,61,7,0,2,5,27,2,2,5,0,2,32,4,31,4,1,1,8,6,0,1,16,7,0,3,0,14
2025-12,22,91,5,6,6,28,31,17,4,22,6,3,10,11,23,50,590,27,2,39,7,2,8,0,9,32,17,12,11,49,24,3,7,11,32,1,1,5,5,13,50,16,71,8,13,8,6,220,8,4,38,17,1,0,0,47
2025-12,23,93,3,5,2,39,19,6,6,16,6,0,1,19,30,72,119,12,3,29,2,10,5,3,11,24,5,3,1,46,11,6,2,2,14,2,1,5,17,6,40,5,42,5,7,3,10,55,3,6,24,4,1,6,0,3
2025-12,24,65,8,13,2,58,47,8,4,44,4,7,13,21,31,61,594,28,9,25,13,1,10,44,9,62,14,7,10,78,48,3,6,10,38,2,5,10,8,19,92,7,51,12,15,3,7,114,2,12,32,29,2,4,0,34
2025-12,25,198,6,4,3,96,63,59,6,54,8,6,2,26,83,160,76,18,16,74,25,16,8,9,20,28,6,21,4,57,27,7,16,3,23,3,4,9,58,9,53,5,92,11,12,0,23,197,8,13,26,17,1,22,0,2
2025-12,26,49,1,0,1,9,25,6,1,4,1,2,0,3,37,32,15,0,0,9,2,1,6,0,5,5,3,8,2,8,14,1,0,1,4,0,1,2,21,1,46,3,19,2,3,0,4,15,8,9,8,2,0,2,0,1
2025-12,27,45,0,0,0,20,29,19,0,8,7,2,0,15,44,45,33,2,0,14,4,4,7,3,5,4,4,8,2,10,11,2,1,1,3,0,0,8,14,1,30,5,48,2,2,7,1,111,3,4,1,4,0,3,0,2
2025-12,28,43,7,3,0,19,43,20,0,24,3,10,13,9,37,15,219,16,0,10,5,6,8,18,3,72,7,7,18,21,17,6,1,6,25,1,0,8,10,6,76,14,99,3,4,2,3,102,0,13,10,20,0,4,0,5
2025-12,29,65,2,1,2,6,43,31,3,13,5,1,3,15,42,60,96,1,0,20,5,4,2,1,20,5,2,14,5,20,12,5,2,1,3,0,1,3,31,2,24,6,30,5,0,0,4,56,3,12,8,6,0,6,0,2
2025-12,30,88,3,4,0,22,17,8,4,22,3,1,3,7,21,55,369,6,1,18,7,14,3,3,12,62,7,6,1,17,11,3,7,2,15,1,1,3,19,3,47,12,35,0,4,1,6,72,4,18,11,7,2,5,0,0
2025-12,31,60,4,1,1,19,12,5,3,4,0,1,1,4,10,42,253,10,1,14,4,9,1,2,4,58,30,5,3,41,14,7,1,5,11,0,1,1,4,4,53,8,39,1,2,0,2,200,5,3,9,4,1,3,0,1
2025-12,32,13,0,1,0,1,13,4,8,4,0,5,2,4,5,2,345,27,0,1,0,0,3,6,4,37,1,4,20,5,4,4,3,7,17,3,6,2,4,6,50,8,66,0,2,0,0,0,1,13,3,6,1,1,0,0
2025-12,33,9,0,1,0,0,17,5,3,2,2,1,2,2,6,1,21,4,0,5,1,0,4,3,1,18,2,8,3,9,2,1,1,2,3,0,0,9,3,2,14,2,33,0,0,0,0,2,1,0,7,4,1,0,0,0
2025-12,34,18,2,2,0,2,2,1,0,3,0,1,4,5,4,10,85,2,0,4,2,1,0,2,0,22,1,6,6,9,3,1,0,0,6,0,0,2,1,0,8,4,37,1,1,0,0,36,0,1,1,0,0,0,0,0
2025-12,35,15,0,2,0,3,15,5,0,3,0,0,22,4,1,5,5,0,0,5,2,1,0,0,0,2,11,8,1,0,1,0,0,0,0,0,1,1,4,1,9,2,27,1,1,0,0,44,0,2,6,0,1,0,0,1
2025-12,36,0,1,0,0,1,10,9,2,0,1,0,2,3,0,3,0,0,0,1,0,1,0,0,0,1,1,0,0,5,7,0,2,0,0,0,0,1,1,0,11,0,1,0,0,0,0,0,0,1,0,0,0,0,0,0
2025-12,37,5,0,0,0,6,2,5,1,0,0,0,0,1,0,8,13,0,0,2,0,1,0,0,0,2,2,0,2,4,0,0,0,0,2,0,0,2,2,0,5,0,2,0,0,0,0,46,0,0,0,0,0,0,0,0
2025-12,38,31,3,1,0,6,32,20,2,10,1,2,11,3,11,14,9,10,0,9,0,5,2,2,0,12,10,5,2,15,15,1,4,2,2,0,0,5,13,0,31,1,11,2,2,2,1,311,2,2,2,5,0,4,0,2
2025-12,39,8,1,2,0,5,12,11,1,2,0,1,2,1,2,8,4,2,0,6,1,3,2,3,6,9,7,1,1,2,6,2,0,1,0,0,0,1,4,1,13,1,12,2,5,2,0,0,0,0,9,2,0,2,0,1
2025-12,40,11,0,0,0,9,27,38,1,0,0,2,2,3,3,7,19,2,0,6,2,4,0,1,2,13,8,3,1,3,2,0,2,0,0,0,2,1,12,1,18,0,9,1,0,0,1,22,0,4,0,3,0,1,0,1
2025-12,41,24,0,2,0,4,22,16,0,14,1,1,1,6,1,8,5,3,1,3,0,2,3,0,6,18,18,4,3,17,2,0,1,5,3,1,0,11,1,2,5,3,19,0,5,6,10,3,0,2,11,8,0,1,0,2
2025-12,42,30,4,0,3,13,31,14,2,13,1,2,2,3,10,22,2,7,1,11,2,6,2,4,3,23,10,1,0,3,9,3,3,3,4,0,2,1,24,3,10,3,29,1,5,1,5,1,4,9,4,10,0,5,0,0
2025-12,43,65,9,3,2,16,92,99,5,33,3,2,2,16,15,44,11,11,5,31,2,17,9,2,12,34,22,17,4,13,27,1,5,3,10,1,3,4,46,3,46,5,23,12,3,4,7,114,6,15,8,10,1,9,0,2
2025-12,44,39,3,1,1,10,40,41,1,45,2,2,2,23,12,43,9,4,2,15,3,7,5,13,8,11,21,11,3,8,18,0,3,3,6,0,6,4,31,6,44,4,11,15,12,1,11,90,4,12,11,13,3,12,0,4
2025-12,45,11,0,1,0,11,6,6,0,8,0,0,3,8,4,26,11,5,2,5,0,5,4,0,0,10,13,2,3,6,4,0,1,1,7,0,0,3,11,0,6,0,30,5,2,0,5,12,2,4,6,1,1,3,0,1
2025-12,46,60,10,1,1,18,30,16,0,21,5,2,1,7,11,51,34,6,1,6,4,10,11,3,4,34,2,9,2,6,13,3,6,1,4,0,1,0,35,4,48,1,11,15,11,0,9,60,17,14,13,5,0,11,0,4
2025-12,47,3,1,0,0,6,0,1,0,1,0,0,0,1,4,8,1,1,0,6,0,0,0,0,0,0,1,0,0,0,0,0,1,0,2,0,0,1,0,0,11,0,0,0,2,0,0,8,0,1,1,0,0,1,0,0
2025-12,48,13,3,2,1,11,2,1,0,4,0,0,0,4,6,26,3,3,5,5,4,3,3,2,1,19,9,2,1,6,6,2,5,1,5,0,0,0,11,1,49,4,12,7,5,0,5,23,0,6,5,4,1,3,0,3
2025-12,49,80,27,0,0,32,31,23,0,32,0,1,4,20,28,88,24,6,7,25,2,11,3,2,13,65,45,25,1,19,7,7,14,2,11,2,17,13,50,6,93,3,43,17,19,0,7,10,14,10,28,5,0,23,0,4
2025-12,50,11,1,0,0,4,1,13,0,5,0,0,2,9,5,12,0,0,0,10,0,4,2,0,2,27,1,4,0,3,1,1,3,1,1,0,0,5,15,0,18,0,20,2,6,0,3,2,1,4,4,3,0,3,0,0
2025-12,51,26,13,0,0,13,7,7,0,12,5,0,3,14,3,30,55,3,0,6,1,11,3,2,4,43,15,4,1,1,4,0,1,1,5,1,5,9,26,1,45,4,15,8,6,0,2,24,3,13,3,3,0,8,0,0
2025-12,52,37,9,0,0,16,3,3,3,20,0,0,2,11,1,43,18,4,2,5,0,4,8,1,3,19,6,3,1,4,1,1,3,0,1,0,0,4,14,0,38,5,5,2,4,2,7,25,1,3,7,7,0,1,0,0
2025-12,53,46,17,0,0,26,12,6,0,14,3,1,3,12,33,61,8,5,2,27,2,5,22,4,21,56,43,13,1,10,9,0,5,5,3,0,6,4,49,2,33,3,17,19,9,0,16,75,19,25,4,3,0,23,0,5
2025-12,54,3,2,0,0,0,2,4,0,3,0,0,0,2,3,3,1,2,0,1,0,1,0,0,3,0,0,8,0,0,0,0,0,0,2,0,0,6,10,3,13,2,1,0,1,0,1,0,1,6,2,0,0,1,0,0
2025-12,55,16,2,0,0,11,1,0,1,2,1,0,0,3,3,13,2,3,0,3,1,4,0,0,2,8,6,3,0,0,2,0,0,0,3,0,0,0,2,0,18,0,14,3,4,0,6,1,0,2,4,4,0,0,0,0
2025-12,56,58,3,0,1,24,4,3,5,34,1,1,2,13,1,65,161,5,2,22,0,3,3,5,10,30,13,2,2,49,6,3,10,3,12,3,9,4,10,4,20,15,25,5,10,1,16,270,0,2,10,16,1,9,0,0
2025-12,57,38,4,0,0,5,6,2,4,6,2,0,4,3,2,13,94,2,0,2,1,1,0,0,1,16,4,0,1,9,12,2,2,4,4,0,0,1,3,5,2,1,29,0,1,0,0,6,1,0,7,3,0,1,0,0
2025-12,58,81,4,6,0,15,13,4,3,6,1,2,0,9,5,50,230,5,0,11,4,6,7,0,10,42,10,4,4,13,8,2,3,2,4,1,0,8,16,3,35,2,23,3,6,0,6,74,2,1,10,3,1,3,0,1
2025-12,59,29,0,1,0,16,5,0,3,5,0,0,3,8,4,12,135,2,1,4,4,0,1,18,1,29,2,6,2,1,0,2,3,1,4,0,0,8,1,1,8,4,23,1,1,2,3,35,1,1,4,2,0,0,0,1
2025-12,60,77,7,1,0,28,17,8,1,12,0,0,20,8,5,34,182,4,1,12,2,1,1,2,5,50,22,3,2,32,10,4,3,2,9,0,2,8,4,0,45,3,33,3,5,6,10,165,4,2,9,5,1,0,0,3
2025-12,61,96,13,2,0,29,24,11,2,15,2,2,0,4,14,66,103,9,2,13,3,7,3,4,12,32,11,13,4,26,5,0,1,1,5,0,2,5,29,2,54,6,33,2,5,1,9,3,4,5,10,9,0,5,0,1
2025-12,62,48,7,1,0,6,3,2,0,6,0,0,3,2,0,10,63,2,2,2,1,3,0,2,4,24,0,2,3,6,1,1,1,0,3,2,1,6,7,0,6,5,14,1,0,0,1,0,0,2,4,1,0,3,0,0
2025-12,63,95,7,6,1,24,21,2,3,19,2,1,1,15,6,37,130,2,3,5,4,4,5,8,9,70,6,6,2,16,5,1,6,2,9,0,1,1,22,4,23,4,7,6,4,0,3,2,0,6,6,4,0,8,0,1
2025-12,64,40,4,0,7,10,8,1,2,11,0,0,2,13,1,32,15,2,1,9,1,4,2,0,1,14,1,0,0,39,1,1,7,2,4,1,5,7,4,2,4,1,8,2,5,4,1,23,1,1,4,10,0,2,0,0
2025-12,65,110,7,4,0,14,32,12,4,9,1,0,1,4,6,30,55,4,0,4,0,5,3,1,11,34,4,3,0,18,6,1,4,7,2,0,3,6,6,2,27,1,20,2,1,0,7,1,0,5,5,7,0,1,0,0
2025-12,66,163,14,4,0,34,37,22,5,23,0,4,6,14,18,72,118,7,3,18,9,4,8,0,19,70,9,17,6,28,14,3,13,6,13,0,4,5,37,4,33,2,28,5,4,0,10,188,6,9,12,14,1,18,0,1
2025-12,67,75,12,1,2,30,22,9,2,11,6,0,6,15,18,67,64,3,0,19,16,1,5,0,8,37,15,13,5,23,12,0,5,3,6,1,2,3,23,2,12,6,17,5,13,0,7,174,19,9,8,2,1,9,0,1
2025-12,68,38,5,1,2,12,51,27,1,9,3,0,8,9,12,51,34,1,1,7,5,8,4,4,3,34,12,8,1,11,4,2,3,3,3,0,3,2,26,1,16,2,26,9,6,0,4,2,15,11,17,1,0,6,0,0
2025-12,69,42,7,0,3,21,50,40,2,26,2,2,2,19,23,62,19,14,1,31,4,2,11,7,12,26,11,10,11,13,28,2,7,3,1,1,0,3,29,1,26,4,18,10,8,0,4,52,8,9,10,14,1,16,0,3
2025-12,70,59,7,2,0,28,8,5,2,36,0,1,4,19,6,85,77,6,3,19,2,7,3,1,10,69,12,6,2,29,5,3,7,6,14,2,0,2,22,3,64,3,111,6,10,2,10,78,2,5,12,19,1,11,0,2
2025-12,71,56,18,6,3,41,41,34,2,26,0,3,2,15,25,98,24,12,8,42,2,11,6,3,11,41,10,30,1,20,12,2,5,5,5,2,10,9,68,4,51,6,30,2,5,3,14,79,7,30,21,6,0,11,0,1
2025-12,72,23,3,0,0,9,8,3,1,18,2,0,0,4,0,23,4,3,3,16,1,2,0,0,3,31,16,5,3,6,0,2,5,1,3,1,0,0,10,0,47,3,26,11,22,0,11,24,0,1,14,16,0,7,0,18
2025-12,73,42,7,2,0,22,15,14,1,15,2,0,1,22,17,56,12,8,1,29,4,4,4,3,6,33,21,7,1,8,16,3,9,2,1,2,3,5,43,2,58,1,22,25,14,0,9,14,9,8,8,11,1,19,0,4
2025-12,74,11,2,2,0,17,1,0,0,24,2,0,1,3,0,39,1,5,0,10,0,8,8,4,0,28,24,1,1,13,0,3,4,1,3,0,0,0,0,1,16,1,7,1,5,3,9,2,0,0,5,14,0,5,0,10
2025-12,75,18,7,3,0,9,8,8,1,26,1,3,3,2,3,50,2,1,3,23,0,5,9,3,2,39,13,5,2,16,0,7,8,1,3,0,0,5,15,4,24,3,29,17,8,0,7,16,2,8,5,15,1,13,0,9
2025-12,76,8,0,0,0,0,3,3,2,2,0,1,0,0,0,7,10,0,0,0,0,1,0,0,1,13,3,1,4,0,1,1,0,0,0,0,0,0,0,0,10,0,0,0,0,0,0,33,0,1,2,3,0,0,0,0
2025-12,77,47,2,1,1,8,46,24,2,5,2,1,0,8,22,15,82,8,1,17,5,1,3,4,2,45,13,9,4,22,21,5,2,2,13,2,2,3,1,2,42,5,61,7,7,0,8,72,0,6,39,7,0,1,0,25
