YEAR_MONTH,COMMUNITY_AREA,Abandoned Vehicle Complaint,Alley Light Out Complaint,Alley Pothole Complaint,Alley Sewer Inspection Request,Blue Recycling Cart,Building Violation,Buildings - Plumbing Violation,Business Complaints,Check for Leak,Clean Vacant Lot Request,Consumer Fraud Complaint,Coyote Interaction Complaint,Dead Animal Pick-Up Request,Fly Dumping Complaint,Garbage Cart Maintenance,Graffiti Removal Request,Inspect Public Way Request,Low Water Pressure Complaint,Missed Garbage Pick-Up Complaint,No Building Permit and Construction Violation,No Water Complaint,Nuisance Animal Complaint,Open Fire Hydrant Complaint,Pet Wellness Check Request,Pothole in Street Complaint,Recycling Pick Up,Report an Injured Animal,Restaurant Complaint,Rodent Baiting/Rat Complaint,Sanitation Code Violation,Sewer Cave-In Inspection Request,Sewer Cleaning Inspection Request,Sidewalk Inspection Request,Sign Repair Request - All Other Signs,Sign Repair Request - Do Not Enter Sign,Sign Repair Request - One Way Sign,Sign Repair Request - Stop Sign,Stray Animal Complaint,Street Cleaning Request,Street Light Out Complaint,Street Light Pole Damage Complaint,Traffic Signal Out Complaint,Tree Debris Clean-Up Request,Tree Emergency,Tree Planting Request,Tree Removal Inspection,Tree Trim Request (NO LONGER BEING ACCEPTED),Vacant/Abandoned Building Complaint,Vicious Animal Complaint,Water Lead Test Kit Request,Water On Street Complaint,Water Quality Concern,Water in Basement Complaint,Weed Removal Request,Yard Waste Pick-Up Request
2019-01,34,3,9,1,0,4,1,1,0,0,0,2,0,0,0,0,0,1,0,0,0,0,0,0,0,4,2,0,5,0,0,0,0,6,2,0,0,0,0,0,5,0,3,0,0,0,0,3,0,0,2,0,0,0,0,0
2019-02,34,3,4,1,0,4,2,2,0,0,1,0,0,0,0,11,1,0,0,0,0,0,0,0,1,32,2,0,2,2,4,1,2,0,5,0,0,0,1,0,19,1,4,1,0,0,1,2,0,0,4,1,0,0,0,0
2019-03,34,9,9,4,0,0,2,0,0,4,1,2,0,1,3,12,14,1,0,1,0,2,0,2,0,51,5,2,5,10,2,2,1,1,5,0,0,0,2,2,65,0,16,0,1,0,0,3,0,2,5,0,0,0,0,0
2019-04,34,3,9,1,2,2,20,1,2,4,1,1,0,2,1,11,24,1,0,1,2,1,2,0,0,28,1,3,9,11,3,8,6,1,26,0,0,5,2,0,39,2,8,2,4,2,2,4,1,1,6,2,0,2,0,0
2019-05,34,3,8,3,0,2,2,0,0,2,1,1,0,3,3,8,22,4,0,2,2,0,0,0,1,37,4,0,2,14,3,0,2,5,6,0,0,3,0,1,25,1,9,2,0,0,0,8,3,0,2,0,0,0,6,1
2019-06,34,5,7,4,0,3,6,1,0,0,1,1,0,3,2,16,28,2,0,6,0,0,2,1,0,48,4,1,3,21,5,4,3,1,5,0,0,2,2,0,37,0,9,1,0,0,8,23,0,0,4,8,0,0,5,1
2019-07,34,7,8,1,1,1,4,0,1,2,2,1,0,3,3,25,54,5,1,3,5,0,3,9,0,46,3,1,8,22,6,3,4,1,10,0,0,0,0,1,76,7,15,2,2,2,7,15,0,1,33,2,0,1,3,1
2019-08,34,9,7,1,1,4,6,1,2,2,5,2,0,5,6,23,44,4,0,3,2,0,0,2,1,36,2,5,7,30,5,3,5,2,3,0,1,1,2,0,57,1,14,2,5,0,5,10,0,1,51,1,0,2,3,0
2019-09,34,11,5,3,0,3,6,0,0,2,0,0,0,2,2,9,25,6,0,1,4,1,0,0,1,13,0,1,9,35,4,3,2,1,7,0,0,3,0,0,11,4,15,0,6,0,3,17,1,0,10,1,0,0,4,0
2019-10,34,9,5,1,0,0,9,1,0,2,2,0,0,3,1,12,94,4,0,0,0,0,2,0,1,21,4,3,10,31,5,3,2,7,11,0,0,2,0,3,21,2,19,0,1,2,3,9,1,0,19,1,0,4,0,0
2019-11,34,4,5,2,0,2,3,0,1,1,1,0,0,1,2,11,37,0,0,2,1,0,0,0,0,12,4,1,5,11,5,1,0,1,22,1,0,6,0,5,8,0,14,0,1,1,2,6,0,1,14,1,0,1,0,2
2019-12,34,3,4,1,0,1,3,0,0,2,0,1,0,4,1,5,32,2,0,0,3,0,1,0,0,9,3,1,9,19,0,2,2,5,13,0,0,0,2,1,23,1,12,0,2,0,0,4,1,0,2,0,0,3,0,0
2020-01,34,7,19,0,0,2,7,0,0,0,1,0,0,3,1,9,58,2,0,2,2,0,0,0,0,27,3,1,5,16,1,0,1,1,9,0,0,2,7,1,59,1,8,0,0,0,2,2,0,0,5,3,0,3,0,0
2020-02,34,4,4,2,0,0,4,0,0,2,0,0,0,3,4,8,73,2,0,0,2,0,0,0,1,23,1,2,3,22,8,1,2,1,7,0,0,3,6,0,34,1,17,0,2,0,1,3,0,0,1,1,0,0,0,0
2020-03,34,3,9,1,0,1,2,0,0,1,0,1,0,0,2,6,65,0,0,1,5,2,0,0,0,20,1,0,4,13,6,2,1,0,5,0,0,2,2,0,45,4,14,0,2,0,2,0,1,0,0,1,0,0,0,0
2020-04,34,5,4,1,1,5,1,1,13,0,0,1,0,4,4,10,46,0,1,0,1,0,2,0,0,23,3,1,0,23,3,0,1,1,12,0,2,5,0,3,25,1,6,0,2,1,2,8,0,0,1,0,0,1,0,1
2020-05,34,2,2,0,1,2,4,0,3,0,2,1,0,5,0,11,48,2,0,3,3,0,0,0,0,16,3,1,5,49,7,7,7,2,79,0,0,6,3,2,14,0,4,4,6,2,8,4,0,3,2,8,0,1,3,0
2020-06,34,1,7,1,0,5,5,1,5,2,4,0,0,0,2,13,45,1,0,2,3,1,0,0,0,7,2,2,0,44,4,2,6,1,14,0,0,0,2,1,47,0,16,3,5,0,10,24,0,1,1,2,0,0,2,2
2020-07,34,10,4,2,0,4,8,1,4,1,2,0,0,3,5,19,79,1,0,2,6,0,0,14,0,4,8,2,7,80,6,2,1,2,14,0,0,4,0,2,23,2,4,2,7,4,3,22,2,0,3,0,0,1,3,4
2020-08,34,7,0,2,1,3,8,2,11,4,2,1,0,1,4,13,71,1,0,1,1,0,0,7,0,2,5,3,2,44,9,3,1,5,6,0,0,2,1,0,65,3,3,8,10,6,9,14,0,0,4,0,0,1,17,4
2020-09,34,9,2,0,0,6,2,1,8,1,1,1,0,1,5,13,138,5,0,1,2,0,13,0,1,6,3,0,3,33,4,2,1,2,15,0,0,4,0,1,33,0,8,0,5,1,3,14,0,2,8,0,0,0,2,0
2020-10,34,16,0,3,0,3,4,3,7,0,1,0,0,2,2,6,65,3,0,3,4,0,0,0,0,2,1,3,4,37,0,4,0,3,13,0,0,1,1,2,25,1,9,1,0,0,5,9,0,1,5,0,0,0,0,2
2020-11,34,6,1,1,1,3,2,3,8,2,3,0,0,3,10,12,107,7,0,4,1,7,0,0,0,6,3,0,2,23,2,0,1,1,10,0,0,1,1,5,76,0,10,0,2,5,2,5,0,0,1,0,0,0,0,3
2020-12,34,6,1,1,0,1,1,1,3,3,0,0,0,0,6,12,160,1,0,2,0,0,0,0,1,4,0,0,3,16,3,1,0,1,8,0,0,1,0,2,27,3,9,0,1,0,0,9,0,0,0,0,0,0,0,0
2021-01,34,10,2,7,0,6,2,2,6,3,1,0,0,2,0,5,50,1,0,1,1,0,0,0,0,39,0,0,0,21,7,0,2,1,5,0,0,0,0,1,42,2,6,0,1,0,2,2,0,0,1,1,0,2,0,0
2021-02,34,11,0,0,0,1,5,0,3,2,0,0,4,0,0,8,50,3,0,9,0,2,0,0,0,11,5,0,2,10,3,0,1,0,13,0,0,1,1,0,34,1,7,0,0,0,0,4,1,0,1,0,0,0,0,0
2021-03,34,9,4,3,0,5,3,0,5,0,2,0,1,0,4,17,39,4,1,6,1,0,0,0,0,25,2,1,4,29,7,3,0,2,11,1,0,4,4,3,56,4,18,2,3,2,1,4,0,0,0,0,0,0,0,1
2021-04,34,5,2,2,0,4,4,0,5,0,1,0,0,4,1,6,131,0,0,2,2,0,2,0,0,19,0,0,4,20,9,0,0,7,17,0,0,1,0,3,9,1,12,0,1,1,1,9,0,0,1,0,0,1,0,0
2021-05,34,9,1,0,0,2,3,1,3,3,0,0,2,3,6,17,94,4,0,3,1,0,0,0,0,4,1,1,1,44,9,1,0,5,12,0,0,1,1,0,29,1,10,1,1,1,6,11,1,0,1,0,0,0,4,1
2021-06,34,13,4,2,0,2,4,4,2,1,2,0,0,2,2,22,64,6,1,2,6,1,0,11,0,6,3,3,9,37,5,3,2,2,9,0,0,3,3,1,49,1,8,1,3,4,5,19,0,0,0,3,2,0,0,2
2021-07,34,11,4,1,0,4,10,2,7,1,0,0,0,4,6,18,125,2,0,6,2,0,1,0,2,3,1,0,7,51,14,2,1,1,21,0,0,4,3,5,41,1,1,1,1,0,1,9,0,1,15,1,0,1,2,0
2021-08,34,10,2,2,1,4,5,1,4,1,2,0,0,3,3,21,70,0,0,4,0,0,1,4,0,3,0,3,2,19,17,4,0,2,14,0,0,9,2,4,13,10,23,7,1,0,8,19,1,1,3,0,1,2,14,0
2021-09,34,10,3,1,0,6,5,1,3,0,0,0,0,11,5,15,55,1,1,1,2,0,0,0,0,10,1,1,7,30,4,1,0,4,11,2,1,3,3,2,18,4,14,3,2,2,3,19,0,1,1,0,0,0,1,0
2021-10,34,15,3,1,0,5,3,3,2,1,0,0,0,3,10,16,86,1,1,2,0,0,1,0,0,8,0,0,5,30,5,2,1,2,6,0,1,5,0,3,39,1,6,0,10,0,3,21,1,0,2,2,0,0,0,1
2021-11,34,13,6,4,0,0,1,5,1,1,2,0,0,2,2,10,89,2,0,0,1,0,0,0,0,5,0,2,2,19,4,2,1,1,8,0,0,4,0,3,14,1,2,2,1,0,2,5,0,0,0,0,1,1,0,1
2021-12,34,4,0,1,0,2,4,1,1,0,0,1,0,0,4,7,50,3,0,3,0,0,0,0,0,5,2,0,2,13,4,1,0,0,13,0,0,1,2,2,13,6,16,3,2,0,2,2,0,1,0,0,0,1,0,0
2022-01,34,10,1,0,0,3,4,0,4,7,1,0,0,2,0,6,27,0,0,1,0,1,0,0,1,23,5,3,2,10,2,0,0,1,14,0,0,0,1,1,22,1,7,0,1,0,4,0,0,1,0,0,0,0,0,0
2022-02,34,16,2,0,1,2,0,0,2,2,1,0,0,2,0,8,45,4,0,2,0,0,0,0,0,6,2,0,4,17,4,0,2,0,7,0,0,2,0,1,29,1,12,0,1,0,0,0,0,0,1,1,0,1,0,0
2022-03,34,10,0,0,0,3,6,2,0,0,0,0,0,0,9,16,85,2,0,0,2,0,0,0,0,47,0,1,8,12,1,2,2,16,14,0,0,16,2,5,16,3,14,2,2,1,3,1,0,0,1,1,0,0,0,0
2022-04,34,14,1,4,0,5,0,2,0,1,2,0,0,3,5,14,65,2,0,0,0,0,0,0,0,37,0,5,2,25,3,1,2,1,9,0,2,2,0,0,8,9,18,0,1,1,1,7,0,2,2,1,0,1,0,0
2022-05,34,10,3,6,0,1,1,2,0,19,1,0,0,3,5,18,66,0,1,2,1,2,1,1,0,27,0,5,5,35,3,6,4,6,4,0,0,2,3,0,11,0,32,1,1,2,5,19,0,0,0,5,0,0,1,1
2022-06,34,9,4,6,1,2,1,0,1,3,2,1,0,1,3,10,63,1,0,0,0,0,2,6,0,12,2,4,1,34,1,2,4,2,7,0,0,4,0,1,29,0,15,4,5,1,2,22,1,0,0,3,0,2,4,0
2022-07,34,7,1,8,0,3,5,4,2,1,2,0,0,3,5,14,82,2,0,0,6,0,1,3,1,18,3,6,8,32,6,0,0,1,6,0,0,3,2,2,15,2,12,1,3,23,5,21,0,1,3,0,0,1,1,0
2022-08,34,8,0,2,0,3,6,1,0,3,2,1,0,2,4,17,113,2,0,8,4,0,0,2,0,16,0,2,6,42,10,1,2,1,7,0,0,6,1,2,14,2,9,1,5,45,2,35,1,1,3,2,0,0,2,0
2022-09,34,12,4,2,0,3,6,1,2,2,3,0,1,4,3,12,68,3,0,3,4,0,0,2,0,11,7,4,4,29,2,1,0,10,4,0,0,6,4,3,36,2,6,1,4,3,10,17,0,2,5,1,0,1,6,1
2022-10,34,6,0,4,2,3,4,5,0,6,1,1,0,3,4,16,123,3,1,1,4,0,0,7,0,10,13,1,3,20,10,3,0,6,7,0,0,0,2,2,30,3,15,3,1,1,3,10,1,0,1,1,0,0,0,0
2022-11,34,7,0,1,0,5,6,3,3,0,0,0,0,4,6,11,99,0,1,0,2,0,1,0,0,11,1,1,2,15,2,1,3,1,5,0,0,1,0,1,49,6,2,2,1,1,1,3,1,1,0,0,0,0,0,1
2022-12,34,11,0,2,1,2,6,2,0,0,1,1,0,4,4,4,61,3,1,2,3,1,1,0,0,5,1,1,5,14,2,1,4,3,2,0,0,3,0,2,11,3,10,1,0,1,2,3,1,0,1,1,1,0,0,0
2023-01,34,13,5,0,4,5,11,0,0,2,0,1,0,0,1,7,95,2,0,7,7,0,1,0,1,18,0,2,7,14,6,0,0,2,4,0,0,3,4,2,18,0,18,2,0,0,2,1,0,2,3,0,0,0,0,1
2023-02,34,17,1,0,0,2,4,0,0,1,1,3,0,2,4,5,54,0,0,0,1,1,1,0,0,17,0,2,4,10,0,1,3,3,2,1,0,4,5,2,8,3,12,2,1,0,3,0,0,1,2,4,0,0,0,0
2023-03,34,24,4,4,0,1,5,1,0,1,0,0,0,1,3,6,104,2,1,2,0,3,1,0,0,18,0,1,4,18,0,1,9,6,5,0,0,7,8,4,30,15,34,0,1,4,6,0,0,2,2,2,0,1,0,0
2023-04,34,21,1,2,1,4,5,3,1,0,1,1,0,4,6,11,50,4,0,2,2,0,0,2,0,29,0,2,4,20,3,0,6,6,3,0,0,1,1,3,26,2,11,4,2,4,5,43,0,3,0,3,0,0,0,0
2023-05,34,15,1,4,1,3,6,0,1,2,3,1,0,3,4,11,64,3,0,3,5,1,1,0,0,14,1,1,5,9,6,2,3,8,10,0,0,1,0,1,20,4,15,3,2,2,4,155,0,2,1,1,0,2,2,2
2023-06,34,10,3,7,1,2,5,2,1,3,1,0,1,5,5,22,78,0,0,2,1,1,1,0,2,6,2,0,7,24,2,0,1,4,12,0,0,0,3,1,7,1,13,3,2,55,6,7,1,1,0,2,0,1,5,2
2023-07,34,13,0,1,2,6,6,0,1,1,2,0,0,0,5,18,50,2,0,2,1,0,2,4,1,15,4,2,6,18,4,0,3,5,13,0,0,0,0,3,7,1,10,6,6,85,10,3,0,1,1,13,0,16,0,3
2023-08,34,10,2,0,0,6,3,3,8,3,1,0,0,1,4,14,92,1,3,4,3,4,1,2,2,27,2,2,12,34,2,1,2,5,6,0,0,6,1,3,19,0,20,8,4,2,7,4,1,1,3,5,0,1,2,0
2023-09,34,8,4,2,0,7,2,0,2,1,1,1,0,1,3,22,54,0,2,0,1,2,2,3,1,25,1,1,17,14,0,0,3,4,8,1,1,6,1,1,7,3,15,5,1,2,3,6,1,1,1,2,0,0,1,1
2023-10,34,6,0,0,0,4,3,2,1,3,1,0,0,3,6,11,62,2,0,0,1,1,1,0,5,10,2,3,6,20,0,0,5,3,3,0,2,4,4,5,22,1,5,1,4,19,3,15,0,0,3,1,0,1,0,4
2023-11,34,7,8,1,0,6,5,3,3,3,0,0,0,1,1,4,122,1,0,6,3,0,2,0,0,9,0,1,2,14,3,0,1,3,2,0,1,2,0,1,11,1,3,0,0,0,3,3,0,0,3,1,0,1,0,2
2023-12,34,16,0,0,0,0,0,1,0,0,0,0,0,1,2,6,61,0,1,0,2,0,2,0,0,10,2,3,2,9,2,5,1,1,2,0,0,0,6,2,9,2,1,0,2,6,1,0,0,0,1,2,1,0,0,0
2024-01,34,11,0,2,0,6,7,4,2,3,0,1,0,0,1,9,37,0,1,2,0,3,1,1,1,20,1,1,4,8,5,1,1,2,5,2,2,4,4,2,13,0,6,1,0,0,2,4,1,2,1,2,0,1,0,0
2024-02,34,17,0,4,1,5,3,2,2,4,2,1,0,2,0,14,131,0,0,2,1,1,0,0,0,36,1,2,4,12,2,0,0,0,4,0,0,1,5,3,8,1,7,1,0,1,0,0,2,0,2,1,0,1,0,0
2024-03,34,11,5,2,0,8,16,3,3,1,2,1,0,6,6,12,71,2,2,7,5,1,2,0,2,31,2,3,3,21,7,0,1,3,5,0,0,1,0,3,2,3,8,0,2,6,2,0,7,2,4,6,1,1,0,0
2024-04,34,26,3,5,0,3,4,1,1,0,0,0,0,1,16,10,97,4,0,1,6,1,0,0,0,21,0,4,4,24,3,0,3,1,7,1,0,2,6,1,7,4,15,1,0,6,3,2,2,4,4,7,0,1,0,4
2024-05,34,13,1,5,2,5,3,1,3,0,0,1,0,6,3,12,96,0,0,1,8,0,0,0,0,5,1,3,4,20,7,3,9,7,4,0,0,2,5,0,38,3,10,7,1,5,5,7,0,0,1,6,0,1,2,3
2024-06,34,10,3,7,0,8,2,0,0,0,1,1,1,7,2,20,128,2,2,3,3,0,0,7,0,21,0,3,2,20,11,1,7,2,12,0,0,0,2,2,34,3,7,2,6,3,5,11,1,0,2,2,0,0,5,0
2024-07,34,24,5,2,0,18,11,0,1,0,0,0,0,1,4,27,107,2,0,4,3,0,1,4,0,19,0,3,8,33,14,1,5,2,7,0,0,1,0,3,27,1,12,11,11,12,7,9,2,0,0,1,0,0,4,0
2024-08,34,17,1,8,0,3,6,2,4,4,1,0,0,3,2,24,109,1,2,20,7,0,1,2,2,24,1,3,4,22,3,0,4,1,2,1,2,1,4,1,21,2,15,1,3,2,5,97,1,1,1,1,0,1,2,1
2024-09,34,8,1,4,0,4,5,1,6,2,0,0,2,0,3,14,68,0,2,2,1,0,1,0,1,12,1,0,5,14,4,0,0,6,1,0,0,6,3,1,10,1,9,6,6,0,2,9,0,0,0,0,0,0,2,1
2024-10,34,18,1,4,0,4,3,1,1,0,2,1,2,0,4,13,150,4,2,2,12,2,0,0,0,7,3,5,9,29,6,3,0,13,2,0,0,2,1,10,7,7,13,2,2,27,2,1,2,0,0,0,1,0,1,1
2024-11,34,10,1,0,0,2,3,1,0,1,2,0,0,2,2,13,72,1,1,1,4,0,6,0,0,6,0,0,4,6,4,1,0,2,1,0,0,9,0,3,15,2,4,0,1,10,1,3,1,0,0,2,0,0,0,0
2024-12,34,10,2,1,0,2,7,1,0,1,1,1,0,2,3,11,57,2,0,5,4,2,0,0,0,8,6,5,7,18,3,0,2,0,2,0,0,1,5,1,18,7,9,0,0,1,1,0,1,1,1,2,0,0,0,0
2025-01,34,15,2,1,0,4,8,0,3,1,0,1,0,2,1,25,129,0,1,5,2,3,0,0,0,10,2,0,11,25,0,0,1,1,2,1,1,3,2,0,36,0,1,0,0,3,0,0,1,0,1,1,0,0,0,0
2025-02,34,11,0,2,0,6,6,1,4,5,1,0,0,4,2,10,49,1,1,2,4,2,0,0,2,25,1,2,10,25,4,0,0,2,7,0,0,5,2,2,12,0,7,0,0,0,1,13,0,0,1,1,0,0,0,0
2025-03,34,9,10,4,0,6,3,0,1,5,0,1,1,5,2,18,77,3,2,0,0,1,2,0,4,33,1,1,6,12,4,1,1,5,9,0,0,7,3,4,56,1,17,2,2,0,1,1,1,1,0,1,0,1,0,0
2025-04,34,9,3,1,1,4,7,3,0,2,0,0,0,10,3,20,48,1,0,3,4,0,2,0,1,12,0,4,4,27,3,1,2,9,1,0,0,0,3,1,14,2,5,6,0,21,2,3,0,0,4,3,0,0,0,3
2025-05,34,18,4,4,0,1,6,3,4,0,0,0,0,4,7,13,79,1,0,2,4,0,1,0,1,10,1,5,5,18,6,3,2,5,4,0,0,2,2,2,32,2,20,7,9,4,8,3,2,0,3,1,0,0,0,3
2025-06,34,8,1,4,1,6,4,1,5,4,1,0,1,3,4,22,189,2,0,2,2,1,3,10,2,6,0,3,9,19,7,2,0,6,5,0,0,2,2,3,16,4,11,3,7,33,4,5,1,1,5,6,0,0,1,0
2025-07,34,28,2,3,1,4,6,0,4,3,1,0,0,4,6,27,126,0,0,5,5,1,2,2,0,13,1,3,4,31,8,2,2,7,2,0,0,0,2,0,27,1,24,3,21,39,3,18,0,1,5,5,0,2,1,0
2025-08,34,23,1,5,0,5,5,0,4,1,0,0,0,5,9,25,62,5,1,0,0,0,2,3,1,10,0,7,13,34,7,1,1,5,4,0,0,0,8,3,49,1,12,3,6,16,10,59,0,1,11,5,0,5,0,3
2025-09,34,13,0,6,0,12,8,1,0,0,1,0,1,1,3,30,100,1,0,1,1,0,2,0,0,9,0,4,8,27,4,0,2,3,9,0,1,4,7,1,20,2,7,3,2,7,9,8,2,0,3,1,0,0,0,0
2025-10,34,15,4,2,0,6,7,2,3,1,0,1,0,6,3,13,188,3,1,1,1,0,0,0,0,13,1,4,4,29,3,1,0,3,4,0,0,5,1,3,23,2,5,0,3,2,2,6,0,2,3,0,0,0,0,3
2025-11,34,18,0,0,0,5,3,0,0,0,0,0,1,7,4,17,56,1,0,1,1,0,1,0,0,7,4,5,5,14,4,0,3,2,4,0,0,4,2,2,56,2,3,2,0,4,2,44,0,0,4,1,0,0,0,0
2025-12,34,18,2,2,0,2,2,1,0,3,0,1,4,5,4,10,85,2,0,4,2,1,0,2,0,22,1,6,6,9,3,1,0,0,6,0,0,2,1,0,8,4,37,1,1,0,0,36,0,1,1,0,0,0,0,0
2019-01,35,5,3,2,1,2,1,3,0,0,0,1,0,0,0,0,0,0,0,0,0,0,1,1,0,1,0,0,2,0,0,0,3,9,1,0,0,0,1,0,3,0,5,0,0,1,2,1,0,0,2,1,2,0,0,0
2019-02,35,5,5,1,0,4,6,6,0,0,0,1,0,0,0,4,1,2,1,1,0,0,1,0,1,15,2,0,0,0,3,2,0,0,3,0,0,0,1,0,47,0,2,0,0,2,0,1,0,0,6,0,0,0,0,0
2019-03,35,7,2,3,0,6,5,2,0,0,5,0,1,3,2,4,8,9,0,2,2,2,0,0,0,29,0,1,4,4,4,8,7,1,21,0,0,4,7,0,48,2,10,3,1,0,1,3,2,0,5,4,1,0,0,0
2019-04,35,8,4,2,1,4,12,2,0,8,1,0,8,3,0,4,3,7,1,1,0,2,0,0,1,16,0,1,2,8,1,14,8,18,36,0,6,4,0,4,36,0,13,2,5,2,2,14,1,1,3,6,0,2,0,0
2019-05,35,3,3,1,1,2,6,5,0,6,4,0,1,4,3,7,4,0,0,1,5,0,2,0,0,23,2,6,1,4,2,8,11,2,15,0,0,4,2,1,38,6,7,2,1,4,0,5,8,1,2,8,1,0,21,0
2019-06,35,10,8,1,0,3,16,4,0,4,2,1,2,2,0,7,8,4,0,0,8,0,2,0,0,15,2,1,3,9,3,4,4,0,31,1,4,6,4,1,29,6,17,5,4,0,4,8,3,2,1,8,0,0,67,1
2019-07,35,9,9,2,0,2,5,3,0,1,1,1,2,12,2,10,14,7,2,2,7,0,3,8,0,38,1,11,1,5,10,2,7,7,50,0,0,11,0,1,49,0,14,4,3,2,4,33,2,1,34,10,1,0,58,0
2019-08,35,8,2,0,0,0,13,2,1,1,1,0,1,6,3,10,12,1,0,1,2,1,1,1,0,14,3,5,4,3,6,4,3,3,34,0,4,2,6,0,80,3,17,8,3,3,9,27,3,3,25,3,0,0,57,2
2019-09,35,8,3,4,0,3,15,9,0,2,1,2,4,4,2,9,3,0,0,2,1,1,0,6,0,8,3,2,2,4,1,7,3,5,5,0,2,3,5,3,73,2,24,9,3,2,3,15,1,1,6,2,1,0,37,1
2019-10,35,17,4,3,0,4,13,4,0,2,0,0,7,4,3,7,8,4,2,1,3,0,1,1,0,12,1,4,2,8,6,1,2,2,42,0,1,0,9,7,83,1,8,0,0,0,1,52,2,1,22,0,1,5,5,1
2019-11,35,4,4,0,0,2,13,11,0,1,4,0,6,3,5,7,2,2,2,2,1,1,1,0,0,14,0,3,2,4,6,1,1,1,24,0,0,3,4,2,78,1,32,0,3,0,0,0,0,6,10,3,1,1,0,4
2019-12,35,3,9,0,1,8,9,4,0,0,0,1,4,2,1,12,3,3,3,2,1,3,0,0,1,1,3,2,0,2,1,2,3,0,12,0,0,1,3,1,52,0,18,1,0,0,0,6,2,1,3,2,0,0,0,0
2020-01,35,4,5,0,0,4,18,6,1,1,6,0,25,1,3,3,2,2,0,2,3,0,0,2,1,9,3,2,1,8,5,6,4,5,29,0,0,3,2,0,49,3,17,1,1,2,0,11,0,0,2,4,1,0,0,0
2020-02,35,6,1,0,0,4,10,4,0,3,0,4,5,3,3,3,13,0,1,0,1,0,0,1,0,15,4,1,0,3,5,3,2,0,20,0,0,0,1,1,43,2,22,0,0,1,3,1,0,2,5,1,3,0,0,0
2020-03,35,5,5,0,0,5,10,6,7,2,0,4,4,6,0,6,2,1,1,0,0,2,1,0,0,13,4,0,3,4,7,2,1,0,6,0,0,2,3,0,50,2,13,1,0,0,1,0,1,3,10,1,2,0,0,0
2020-04,35,2,7,1,0,9,11,1,30,2,1,2,0,7,1,7,7,2,0,1,5,0,2,0,0,16,2,2,3,6,4,0,3,1,16,1,3,5,3,4,54,2,7,4,0,0,2,17,3,5,3,2,1,1,0,0
2020-05,35,8,7,0,0,3,8,6,10,4,1,0,2,7,2,7,10,2,0,0,4,0,3,0,0,15,2,3,2,3,7,2,13,4,32,2,0,4,1,0,34,2,11,2,0,1,1,11,3,2,4,10,0,4,2,2
2020-06,35,11,2,0,0,3,12,3,5,1,0,2,3,3,0,11,11,5,0,2,4,0,3,1,0,6,1,4,1,11,2,1,1,2,17,0,0,5,3,5,59,2,13,9,8,1,5,39,2,1,0,2,1,0,35,1
2020-07,35,18,5,1,1,10,23,3,8,0,4,0,6,19,0,20,11,3,1,0,1,0,1,13,0,11,4,3,3,15,12,3,2,4,4,0,0,1,3,8,54,2,11,15,9,0,3,30,3,3,1,2,1,0,39,0
2020-08,35,22,4,1,0,9,18,8,5,3,2,0,5,3,0,13,13,4,2,1,2,0,1,6,1,6,2,7,3,6,7,2,3,2,11,1,2,1,3,7,82,1,15,18,9,0,5,33,8,2,1,0,0,0,65,0
2020-09,35,14,8,0,0,4,13,1,9,8,0,1,0,2,2,12,12,3,0,1,1,0,0,1,0,2,4,11,0,8,4,6,2,5,26,0,2,2,4,0,44,1,9,6,4,3,4,20,1,2,3,2,0,1,48,3
2020-10,35,13,2,1,1,5,13,7,6,8,4,0,3,2,3,9,11,3,1,5,2,0,0,6,0,3,5,2,0,7,4,1,6,2,14,0,0,4,1,5,42,3,13,2,1,0,3,10,2,2,3,1,2,0,8,0
2020-11,35,9,3,0,0,3,10,6,13,4,0,2,7,2,0,4,13,1,0,1,2,1,0,0,1,4,3,2,1,7,3,1,1,1,13,0,0,1,4,0,20,6,14,0,3,0,1,4,0,1,0,1,0,3,0,3
2020-12,35,9,1,5,0,8,13,5,8,10,1,0,4,2,1,14,7,1,1,5,3,1,0,5,1,19,5,0,1,6,3,3,1,1,8,0,0,2,1,2,21,6,12,2,3,0,1,0,1,0,0,2,1,0,0,0
2021-01,35,13,2,4,0,3,3,9,7,0,0,0,10,3,1,8,4,1,0,1,0,0,0,1,0,8,2,2,2,5,1,3,3,4,8,0,0,0,4,0,9,5,7,1,0,0,1,8,0,0,1,1,1,0,0,0
2021-02,35,11,0,0,0,2,18,8,5,6,0,2,1,0,0,6,4,2,0,6,0,3,4,1,0,7,5,4,0,0,2,0,1,0,4,0,0,3,0,0,27,1,6,0,0,0,4,0,0,0,1,0,0,0,0,0
2021-03,35,24,2,1,1,7,9,7,2,1,2,0,1,4,2,12,10,4,1,4,0,4,0,1,0,12,2,3,4,0,0,2,1,1,12,2,2,3,2,6,41,5,15,3,7,2,5,11,2,0,3,0,1,0,0,2
2021-04,35,33,0,0,0,5,8,3,0,1,1,3,1,8,4,8,9,6,0,3,2,0,4,0,1,18,0,4,2,2,3,1,4,0,7,0,0,3,4,1,10,7,18,4,0,7,0,7,0,2,0,2,0,1,0,1
2021-05,35,21,0,0,0,5,5,2,2,0,0,0,1,11,4,8,24,4,0,1,2,0,1,0,0,3,0,4,1,3,5,3,5,6,20,1,3,2,4,3,28,3,11,3,5,0,5,23,0,1,1,1,2,0,2,0
2021-06,35,28,0,0,0,4,25,3,1,6,2,0,1,4,4,12,3,8,0,2,4,0,6,0,0,17,1,5,0,4,9,2,5,2,11,0,0,1,0,1,24,7,12,5,11,0,4,24,1,3,2,8,1,1,13,0
2021-07,35,17,2,1,0,1,14,8,1,3,3,0,0,7,3,9,11,5,1,6,3,0,7,3,0,12,1,4,2,4,14,2,4,2,17,0,0,2,1,3,46,3,18,3,2,2,2,28,2,0,5,1,0,3,10,1
2021-08,35,13,2,1,0,1,18,7,4,4,5,3,2,1,4,9,13,3,0,0,0,1,7,2,1,15,1,10,2,3,10,2,2,4,53,0,0,2,5,5,27,3,12,6,7,1,3,13,1,1,4,3,2,3,20,2
2021-09,35,17,3,2,0,7,11,2,4,4,1,1,7,3,1,17,25,3,1,2,0,1,5,1,0,3,2,2,3,5,8,4,6,2,24,0,0,0,4,1,16,4,12,5,1,3,1,9,5,0,3,0,0,3,29,1
2021-10,35,15,2,0,0,4,14,6,6,1,1,0,6,2,2,7,19,6,3,1,3,0,5,1,3,10,0,3,9,5,3,2,6,3,19,0,0,1,10,4,57,9,10,11,15,0,3,2,0,2,1,5,0,0,0,0
2021-11,35,12,2,3,0,5,7,2,1,4,0,0,0,2,0,8,24,1,0,1,3,0,0,1,0,2,1,2,0,2,3,0,2,5,18,0,0,2,5,3,31,6,13,3,3,0,4,2,1,0,2,1,0,2,0,4
2021-12,35,10,3,1,0,6,10,6,2,0,1,0,2,1,5,7,7,2,0,7,0,0,1,0,0,4,1,1,3,7,5,0,2,0,9,0,0,1,4,0,17,2,19,4,4,0,2,2,0,0,4,1,2,2,0,0
2022-01,35,35,2,0,0,3,16,8,5,1,0,0,2,0,1,5,0,1,0,2,0,7,0,1,0,8,1,1,0,2,0,0,1,0,7,1,1,2,3,0,10,4,10,0,0,20,2,0,0,2,1,0,0,1,0,0
2022-02,35,12,0,2,1,1,5,11,0,1,0,1,0,3,2,2,6,1,0,3,1,2,7,0,1,10,1,1,4,1,2,1,2,0,10,0,1,2,5,3,33,3,7,0,0,1,1,0,0,3,3,4,3,0,0,0
2022-03,35,20,0,2,0,4,17,7,1,1,4,1,1,2,4,5,6,1,0,4,1,0,4,2,0,35,1,0,2,4,6,1,2,1,17,0,0,2,5,2,8,1,4,3,1,1,1,0,2,0,3,4,0,1,0,0
2022-04,35,26,1,2,1,4,8,4,0,24,1,1,3,3,5,9,8,4,0,1,0,1,0,1,0,25,0,2,3,1,1,4,4,0,6,0,0,2,5,1,29,6,4,1,2,2,0,5,2,3,1,6,1,0,0,0
2022-05,35,21,0,3,1,7,4,1,0,2,1,0,9,8,4,16,4,6,1,0,0,1,0,1,3,34,0,5,1,2,1,1,2,5,1,0,0,1,3,2,16,3,13,4,4,3,4,18,2,2,0,8,0,3,6,0
2022-06,35,17,0,2,1,2,10,8,1,3,4,0,5,2,6,5,9,3,0,3,3,0,1,10,2,19,0,3,5,6,2,1,1,6,2,0,0,4,4,1,15,1,14,22,35,11,9,15,1,1,1,2,0,1,13,1
2022-07,35,22,1,0,1,5,13,7,3,4,1,2,2,2,0,8,4,1,0,1,1,1,2,1,1,14,1,3,1,5,11,2,4,6,2,0,0,9,3,1,29,5,24,4,3,3,3,18,2,0,1,4,0,3,4,2
2022-08,35,24,0,1,2,4,17,6,1,3,0,0,0,5,3,9,14,0,1,2,6,11,0,1,0,12,0,1,3,15,5,1,1,2,3,0,0,5,4,1,32,4,24,9,5,6,1,9,1,2,1,1,1,0,6,0
2022-09,35,19,0,0,0,7,12,5,0,4,0,0,1,2,2,11,6,5,1,0,4,2,1,0,1,20,4,3,1,9,10,1,2,5,1,0,5,6,6,1,23,4,13,6,1,14,2,41,1,3,5,8,0,1,0,1
2022-10,35,15,2,0,1,0,15,0,0,2,0,0,5,3,9,7,15,2,1,2,4,2,0,0,0,12,0,8,5,2,7,1,0,0,4,0,0,1,3,0,50,6,10,6,1,10,1,20,2,2,5,0,0,0,1,1
2022-11,35,9,4,0,0,2,12,5,0,1,0,0,0,3,1,5,5,0,0,4,1,0,1,0,0,9,1,3,2,1,1,1,1,1,5,0,0,3,0,4,22,9,23,3,4,5,1,7,0,1,2,0,0,3,0,5
2022-12,35,13,0,2,1,3,14,9,0,1,0,2,3,4,0,4,10,0,0,3,3,7,2,2,4,8,2,3,2,2,1,0,2,0,5,0,2,6,4,1,12,4,23,1,0,2,0,1,1,5,1,1,0,0,0,0
2023-01,35,18,0,0,0,3,13,3,2,1,2,0,2,4,1,4,7,2,0,3,2,3,0,0,0,29,2,3,2,2,3,1,4,1,1,0,2,5,22,4,26,3,7,2,0,2,0,0,0,1,1,0,0,5,0,1
2023-02,35,4,0,0,0,4,12,10,1,1,1,0,1,4,0,3,3,2,0,1,1,1,0,0,1,19,1,6,1,1,6,0,3,5,3,0,0,5,15,1,28,5,17,0,0,1,3,1,0,4,3,3,0,2,0,0
2023-03,35,10,2,0,0,4,6,3,1,0,0,0,0,1,2,9,6,1,0,1,0,0,2,0,0,29,2,0,2,9,1,3,2,1,3,0,0,2,5,4,15,4,4,5,1,0,33,0,0,2,2,3,1,0,0,0
2023-04,35,15,3,0,0,4,10,5,1,0,1,0,1,7,3,5,7,1,0,1,0,0,1,3,0,3,1,9,1,3,2,1,1,6,3,0,0,6,12,3,29,1,23,6,1,5,5,5,0,1,2,2,2,0,0,2
2023-05,35,18,2,1,0,4,14,17,0,9,3,2,4,7,4,7,7,5,1,0,2,2,1,2,0,17,0,5,0,6,1,1,0,2,7,0,0,6,4,1,41,6,31,1,3,0,10,1,2,2,5,2,1,0,5,1
2023-06,35,17,2,1,0,4,11,7,1,7,1,0,4,7,4,6,14,0,0,1,4,0,0,0,0,17,2,3,5,6,3,3,2,3,3,0,3,5,4,2,33,10,7,3,8,3,6,32,0,2,3,2,1,0,0,3
2023-07,35,17,1,0,0,3,16,3,0,4,2,2,1,8,2,9,7,3,0,1,1,2,1,1,1,10,4,3,0,8,5,3,2,2,3,0,2,2,3,3,7,10,9,16,8,20,7,31,2,3,4,13,0,8,3,0
2023-08,35,12,13,1,0,3,19,6,0,2,0,2,1,5,2,12,23,3,0,1,4,1,0,2,0,16,6,5,1,5,1,1,1,2,6,0,0,3,4,4,37,3,19,6,12,6,8,67,2,1,5,4,2,1,4,4
2023-09,35,7,4,0,0,3,20,13,1,0,0,1,2,4,2,4,9,11,0,2,6,0,0,0,1,21,1,7,2,2,1,3,2,4,5,0,0,1,4,2,11,3,18,11,7,0,8,104,1,1,2,8,0,0,1,0
2023-10,35,5,0,1,0,6,13,6,0,1,0,2,0,4,1,8,7,2,1,5,2,1,0,3,1,6,2,4,2,10,2,4,1,0,1,0,0,2,8,2,43,0,19,3,3,0,6,141,2,8,1,2,0,0,0,5
2023-11,35,11,5,0,0,2,8,6,0,0,0,0,0,5,1,4,4,6,0,2,1,0,0,2,2,9,3,3,1,4,5,0,0,0,0,0,0,3,5,2,28,4,27,1,2,1,0,133,0,1,4,0,1,0,0,2
2023-12,35,8,2,0,0,2,11,5,0,1,1,1,0,2,1,3,5,2,0,5,0,0,2,0,0,9,1,6,1,3,4,1,1,1,1,0,0,1,1,1,24,1,6,5,0,0,3,5,0,0,4,0,1,0,0,0
2024-01,35,10,4,2,1,3,15,8,1,0,1,2,0,3,1,7,12,0,0,6,1,2,1,0,0,35,1,4,1,7,6,1,1,2,4,0,0,1,13,1,8,2,16,2,0,1,1,6,1,0,1,6,1,0,0,0
2024-02,35,21,1,3,0,2,17,10,0,1,1,2,0,3,0,8,4,1,0,0,1,1,0,0,1,31,1,1,3,2,1,1,1,0,2,0,0,2,0,0,24,0,6,5,0,18,2,0,0,2,0,0,0,3,0,0
2024-03,35,15,2,1,0,3,22,7,0,3,0,1,1,5,5,9,14,3,1,1,5,0,1,0,0,29,0,6,1,5,3,0,0,3,3,0,0,6,3,5,50,3,12,4,5,6,2,0,3,2,6,3,0,0,0,1
2024-04,35,16,0,0,0,4,20,6,1,0,1,0,1,5,4,6,10,4,0,2,4,0,0,0,1,26,5,6,3,12,1,0,3,0,5,0,0,1,9,1,24,4,11,4,4,1,5,2,1,5,4,5,0,0,1,1
2024-05,35,20,5,1,0,3,16,8,0,6,0,2,2,10,2,3,10,10,0,0,1,0,3,1,0,32,3,5,2,6,1,1,5,3,4,0,0,2,3,1,17,2,11,9,6,2,4,0,2,1,3,8,0,1,6,4
2024-06,35,9,3,0,0,1,13,4,1,3,0,3,1,3,0,3,13,1,0,8,3,0,3,2,2,30,0,9,0,7,5,0,1,1,5,0,0,5,6,1,19,3,19,11,13,14,3,1,2,2,1,0,0,1,4,2
2024-07,35,19,8,0,0,3,13,5,1,3,0,0,2,4,3,5,23,1,0,2,3,1,1,0,0,30,3,6,0,16,3,0,1,4,5,0,2,6,17,1,36,0,21,10,41,1,3,1,0,2,0,3,1,0,6,2
2024-08,35,20,1,1,0,3,12,7,1,0,0,2,7,5,3,11,17,4,0,3,3,1,3,3,0,9,1,9,7,3,6,1,2,1,3,0,2,0,2,2,15,2,17,4,6,0,3,10,1,1,1,0,1,3,0,4
2024-09,35,10,1,0,0,2,11,3,0,1,0,0,2,2,2,4,38,4,0,0,3,0,6,2,1,28,0,6,2,7,4,1,0,0,2,0,0,1,3,0,35,1,9,0,5,1,8,0,2,0,2,1,0,0,3,2
2024-10,35,13,0,0,1,27,11,9,0,0,1,1,2,3,2,13,40,3,0,4,0,1,3,1,1,30,2,4,0,13,2,1,4,1,3,0,0,2,5,3,40,5,19,1,4,1,2,4,1,4,1,0,0,1,3,3
2024-11,35,15,1,0,0,1,2,2,1,1,0,1,1,6,0,3,4,0,0,1,0,0,0,2,4,12,1,0,2,8,4,0,1,1,4,0,0,4,4,4,47,0,15,0,3,0,2,1,0,3,2,2,0,1,0,2
2024-12,35,5,0,0,0,4,13,11,0,4,0,1,1,3,1,4,8,7,1,1,0,1,1,0,0,4,0,3,2,10,6,1,0,1,2,0,0,0,3,3,16,2,22,0,0,0,2,0,3,1,1,4,0,0,0,2
2025-01,35,4,0,0,0,5,8,7,2,4,0,2,8,3,0,4,10,1,0,3,2,4,0,1,1,6,1,3,0,3,1,0,3,3,3,0,0,1,4,0,24,3,18,1,1,0,0,0,0,3,3,1,0,0,0,0
2025-02,35,15,0,0,1,2,12,2,0,2,0,1,1,10,1,2,16,1,0,1,1,4,0,0,2,20,2,2,3,3,2,2,1,0,1,0,4,3,4,1,28,2,15,0,1,0,1,4,1,3,3,0,1,0,0,0
2025-03,35,28,1,2,0,0,5,9,1,4,0,1,1,8,3,3,10,3,0,0,0,1,0,1,1,7,1,7,0,5,2,3,4,0,13,1,1,0,7,1,17,2,15,4,1,2,2,148,0,4,2,6,0,3,0,1
2025-04,35,14,8,0,0,1,7,4,2,3,2,0,1,4,1,3,13,6,0,1,3,2,1,0,3,16,1,9,1,14,4,3,7,0,5,0,1,1,5,4,28,1,14,7,3,12,6,213,1,3,4,11,0,1,0,2
2025-05,35,30,5,0,0,4,9,4,0,7,0,2,2,4,1,8,3,6,0,1,3,1,1,1,0,9,0,9,2,6,4,0,2,2,6,0,0,0,13,4,21,4,24,4,6,9,9,26,0,2,0,6,0,0,3,2
2025-06,35,9,3,1,0,4,6,1,4,3,1,0,0,9,1,6,19,9,3,1,1,0,3,6,1,18,0,5,1,6,6,5,4,3,4,1,0,2,6,7,37,2,22,5,6,1,5,15,0,1,2,3,0,0,4,1
2025-07,35,21,2,1,1,1,14,6,3,4,4,0,1,6,5,10,16,4,0,0,1,2,2,8,0,9,2,4,1,20,6,1,4,0,3,0,0,2,11,1,49,0,11,18,28,29,8,18,5,0,3,12,1,3,7,2
2025-08,35,8,5,1,0,2,21,4,2,2,2,1,0,22,3,8,12,6,0,2,1,1,1,0,1,11,3,10,2,11,11,0,4,5,2,0,0,1,5,4,75,4,22,6,9,0,4,39,1,1,11,7,0,6,7,2
2025-09,35,28,1,1,0,2,7,2,0,9,0,0,1,8,0,8,11,4,1,3,1,1,0,8,0,5,1,4,3,31,4,4,1,1,4,1,0,1,1,2,34,3,5,11,3,0,2,18,2,4,2,3,0,0,2,2
2025-10,35,14,0,1,0,6,12,1,0,5,0,1,1,26,3,3,43,5,0,0,0,0,0,0,1,13,3,10,2,7,2,2,0,1,1,2,2,4,6,3,33,2,14,4,5,0,1,3,0,5,3,2,0,0,1,0
2025-11,35,12,2,0,0,4,12,15,0,9,2,1,4,1,1,7,5,2,2,0,0,0,1,0,1,13,4,3,3,1,0,1,2,0,2,0,0,3,6,3,35,10,6,1,3,0,0,35,1,3,4,6,1,0,0,3
2025-12,35,15,0,2,0,3,15,5,0,3,0,0,22,4,1,5,5,0,0,5,2,1,0,0,0,2,11,8,1,0,1,0,0,0,0,0,1,1,4,1,9,2,27,1,1,0,0,44,0,2,6,0,1,0,0,1
2019-01,36,0,2,0,0,1,0,4,0,0,0,0,0,0,0,0,0,0,0,0,0,0,0,0,0,7,0,0,0,0,0,1,0,3,0,0,0,0,0,0,2,1,0,0,0,0,1,4,0,0,1,0,0,0,0,0
2019-02,36,2,3,0,0,3,5,4,0,0,0,0,0,0,0,2,0,2,0,0,0,0,0,0,0,11,0,0,0,0,0,0,0,1,3,1,0,0,2,0,29,1,0,0,0,0,1,0,0,0,1,1,0,0,0,0
2019-03,36,0,8,0,1,1,1,1,0,0,0,0,0,1,0,2,0,1,0,0,0,0,0,0,0,16,0,0,0,2,1,3,3,1,1,1,2,0,2,0,7,3,1,0,0,0,0,4,1,0,0,2,0,0,0,0
2019-04,36,2,2,1,0,0,3,3,0,1,3,0,5,3,0,3,1,1,0,0,0,2,0,0,0,8,0,1,0,0,3,8,5,4,1,0,0,2,3,0,13,1,1,0,0,1,2,3,0,1,2,0,0,3,0,0
2019-05,36,3,1,0,0,0,0,1,1,1,1,0,1,8,0,2,2,1,0,1,0,0,0,0,1,10,1,3,0,1,1,3,1,0,4,0,0,0,0,2,3,0,0,1,0,0,0,3,0,3,1,0,1,0,39,1
2019-06,36,6,0,1,0,3,9,0,0,1,2,0,0,1,1,1,0,0,0,4,0,0,1,0,0,8,2,2,0,2,3,1,0,2,0,0,0,0,1,0,0,3,2,7,2,0,1,8,0,1,0,0,0,0,108,2
2019-07,36,6,0,0,0,1,6,1,0,1,1,0,2,3,2,4,6,3,0,0,0,0,0,0,0,15,0,3,0,0,1,3,1,2,6,1,4,0,1,1,10,0,1,4,4,0,1,25,1,0,8,0,0,0,128,0
2019-08,36,4,2,1,0,1,2,0,0,2,0,0,1,2,1,3,1,2,1,0,0,0,0,2,1,8,0,2,0,2,1,2,0,3,4,0,0,0,4,0,5,1,3,2,1,1,2,6,0,1,8,2,0,0,140,1
2019-09,36,3,3,2,0,1,2,1,0,0,0,0,0,4,0,4,0,6,0,0,0,0,0,0,0,15,1,2,0,2,2,1,2,2,0,0,1,0,1,0,11,1,4,0,0,0,0,5,2,2,5,0,0,0,91,0
2019-10,36,11,6,0,0,1,4,4,0,2,0,0,3,0,0,2,5,2,0,1,1,1,0,0,0,9,0,2,0,1,1,0,1,1,4,1,2,2,1,0,15,2,3,0,2,0,1,12,1,3,18,0,0,0,38,0
2019-11,36,3,1,1,0,1,8,3,0,0,0,0,1,0,0,2,1,0,0,1,0,0,0,0,2,2,0,0,0,3,1,0,0,0,0,0,0,0,0,1,18,1,3,0,1,0,2,4,0,0,8,1,0,0,0,0
2019-12,36,2,2,0,0,3,1,0,0,5,0,0,0,6,0,3,0,0,0,0,0,1,0,0,1,1,4,0,0,0,0,1,0,0,1,0,0,3,0,0,5,6,1,0,0,0,0,1,0,0,5,0,0,0,0,1
2020-01,36,4,4,0,0,1,5,1,0,0,0,0,5,0,0,3,0,1,0,0,0,0,1,0,0,6,2,0,0,2,0,0,1,0,41,0,0,0,2,1,23,0,2,0,0,0,3,0,0,0,3,1,0,0,0,0
2020-02,36,2,0,0,0,2,2,0,0,1,0,0,5,0,1,1,1,0,1,2,1,0,0,1,0,5,3,1,0,0,1,1,1,0,14,0,0,0,2,2,28,1,0,0,0,0,1,0,0,0,1,0,0,3,0,0
2020-03,36,1,0,2,0,3,4,4,0,0,0,1,0,3,0,1,2,3,1,1,0,1,0,0,0,5,0,2,0,1,0,0,0,0,17,0,1,0,4,0,1,4,7,0,1,0,1,0,0,1,1,0,0,0,0,3
2020-04,36,0,0,0,0,0,3,1,1,0,0,0,0,0,0,4,0,0,0,0,0,0,0,0,0,5,0,0,0,3,4,0,0,0,32,1,0,5,0,0,2,1,3,0,0,0,2,2,1,0,1,0,0,2,0,2
2020-05,36,3,0,3,1,2,2,2,0,0,1,2,2,4,0,7,1,4,1,0,0,1,0,0,0,10,0,1,0,1,2,3,11,0,16,0,2,2,3,1,11,4,3,2,0,1,0,1,1,1,0,4,0,3,5,2
2020-06,36,5,2,2,0,1,10,0,0,3,4,0,0,2,0,6,0,4,4,3,0,0,2,2,0,2,1,2,0,1,0,2,2,2,9,0,2,4,0,1,1,3,1,7,3,0,0,5,0,1,2,1,0,1,100,2
2020-07,36,3,4,0,0,1,8,3,0,9,2,0,0,1,0,7,6,1,0,2,1,0,1,0,0,2,1,1,0,3,3,1,0,0,11,2,0,2,1,3,14,1,1,6,2,0,2,7,2,0,0,1,0,0,152,1
2020-08,36,35,1,0,3,2,7,2,0,5,3,1,1,4,1,4,4,3,0,1,3,12,0,0,0,1,0,2,0,1,5,1,3,0,1,0,0,0,1,1,21,0,1,9,13,3,5,3,1,0,0,7,1,1,181,3
2020-09,36,10,2,0,0,4,6,2,1,5,0,0,2,15,0,9,5,5,0,0,0,2,1,1,0,3,1,2,0,7,0,0,0,0,16,0,0,1,1,5,7,0,0,4,1,0,2,4,0,2,0,0,0,0,64,0
2020-10,36,5,2,1,0,3,9,2,2,0,0,0,2,1,0,3,5,3,0,0,0,1,0,2,0,2,1,0,0,1,1,1,0,0,3,0,0,0,0,0,6,7,1,1,0,1,0,9,1,1,0,1,0,0,2,2
2020-11,36,7,1,0,0,1,5,2,0,0,0,0,1,1,1,2,0,0,0,1,0,0,0,0,0,1,0,0,0,2,1,0,0,0,7,0,2,2,5,2,4,1,2,2,0,0,0,1,0,4,0,0,0,0,0,3
2020-12,36,6,1,0,0,0,3,5,0,0,0,0,4,1,0,2,1,1,0,2,0,0,0,0,0,18,0,0,0,2,4,1,1,0,1,0,0,0,0,0,19,2,3,0,0,0,0,1,0,0,1,0,0,3,0,0
2021-01,36,1,0,0,1,1,5,5,0,1,1,0,2,0,0,2,1,1,0,1,0,0,0,0,0,3,0,1,0,2,1,1,0,2,3,0,2,2,0,0,1,2,5,0,0,0,0,0,0,0,0,1,0,1,0,0
2021-02,36,2,0,0,0,1,11,7,0,0,0,0,1,0,0,0,1,0,0,13,0,8,0,1,0,0,3,1,0,0,1,0,0,0,1,0,0,0,1,0,7,4,2,0,0,0,0,1,0,0,0,0,0,0,0,0
2021-03,36,4,2,0,0,2,3,3,0,0,2,1,0,1,3,2,7,3,0,0,0,0,1,0,1,5,0,2,0,1,4,0,0,0,30,4,10,8,1,0,1,8,5,2,0,3,0,1,0,0,1,0,0,0,0,0
2021-04,36,6,3,1,1,1,7,5,0,0,0,0,0,3,1,4,1,0,0,2,0,0,0,0,0,1,1,3,0,2,0,1,2,0,6,0,0,2,2,1,1,1,1,1,0,1,2,4,0,0,1,0,0,0,0,0
2021-05,36,6,1,0,0,1,6,4,0,0,1,0,3,0,1,8,8,2,0,1,0,0,1,0,0,3,0,1,0,0,0,1,0,1,11,0,0,4,2,0,3,3,1,0,2,1,11,2,0,0,0,0,0,0,4,0
2021-06,36,12,1,0,0,3,17,7,0,1,0,0,0,0,0,4,1,1,1,0,0,0,0,0,0,2,0,0,0,4,5,0,1,1,3,0,0,0,3,1,5,0,1,3,2,2,1,47,0,1,1,0,0,2,7,1
2021-07,36,6,0,1,0,3,4,2,0,0,2,0,0,1,1,6,1,2,0,6,0,0,1,0,0,4,0,1,0,9,0,0,0,0,9,1,0,4,0,0,3,0,2,1,1,0,4,14,0,0,1,0,0,0,7,1
2021-08,36,6,1,0,0,4,1,2,0,3,0,1,0,0,1,10,5,2,1,0,1,1,2,0,0,3,0,1,0,8,1,0,0,0,6,0,0,1,0,1,6,1,0,4,4,0,0,10,0,0,2,0,0,0,0,2
2021-09,36,11,2,0,0,2,2,1,0,1,0,0,1,2,1,6,4,1,0,0,0,0,1,0,0,2,0,2,0,7,2,0,1,1,1,0,0,0,5,0,9,3,0,3,3,0,1,19,0,1,1,0,0,0,77,1
2021-10,36,4,1,0,1,1,9,18,0,1,1,1,0,3,1,4,8,0,0,1,1,1,4,0,0,9,0,0,0,9,0,1,2,3,9,0,0,1,2,0,9,1,6,5,4,0,0,4,0,0,0,0,0,1,0,1
2021-11,36,6,0,0,2,0,9,2,0,1,0,0,0,0,2,3,1,3,1,1,0,0,0,0,0,7,0,3,0,6,0,0,2,0,6,0,0,0,6,0,16,7,0,0,0,0,1,2,0,2,1,0,0,0,0,2
2021-12,36,7,0,0,0,3,5,1,1,2,0,0,2,3,2,4,0,1,0,2,0,0,0,1,0,1,0,0,0,2,0,0,0,0,3,0,0,0,0,0,8,3,2,0,2,1,0,2,0,0,0,0,0,0,0,0
2022-01,36,4,0,1,0,4,7,10,0,3,0,0,0,0,0,3,2,1,0,4,0,0,0,2,0,0,0,0,0,2,0,0,0,1,5,0,0,1,0,0,1,1,1,0,0,0,0,0,1,0,0,0,0,1,0,0
2022-02,36,4,0,1,0,2,8,9,0,1,0,0,0,4,0,3,0,0,0,0,1,0,1,3,0,5,0,0,0,1,1,0,0,0,13,0,4,2,3,0,0,4,2,0,0,0,1,0,1,0,0,3,1,0,0,0
2022-03,36,3,1,1,0,2,4,0,0,0,1,0,0,5,1,2,0,0,1,0,0,0,0,0,0,9,1,2,0,2,0,1,0,1,7,0,2,3,0,0,0,0,1,0,0,0,0,0,0,0,0,0,0,1,0,1
2022-04,36,4,2,0,1,1,2,6,0,2,0,1,1,1,0,3,1,1,0,0,0,1,1,2,0,6,0,2,0,1,1,1,1,4,2,1,1,2,2,0,1,4,3,0,0,0,0,2,1,0,0,0,0,0,0,0
2022-05,36,12,1,4,0,1,13,3,0,1,1,2,6,2,1,3,0,0,0,1,0,0,3,0,0,3,0,0,0,7,1,1,1,0,4,0,2,3,3,0,2,0,2,3,2,2,3,5,1,1,0,2,0,0,1,1
2022-06,36,4,1,1,0,0,14,5,0,0,0,0,1,0,2,2,0,1,0,4,0,0,2,0,1,10,2,0,0,3,2,1,3,0,1,0,1,1,2,0,10,0,4,29,41,2,4,9,0,1,0,2,0,0,2,1
2022-07,36,6,0,0,0,5,9,7,0,0,0,0,0,2,4,3,7,1,0,0,0,0,0,1,0,7,0,1,0,5,3,0,1,0,2,1,0,4,4,1,11,6,1,2,1,2,5,4,1,1,2,1,1,1,3,1
2022-08,36,4,0,0,0,4,7,3,0,0,0,0,1,0,2,10,3,4,0,0,0,0,0,0,0,4,0,2,0,2,0,0,1,0,0,0,2,1,1,0,0,0,1,4,0,0,2,12,0,1,0,0,0,1,2,1
2022-09,36,3,0,0,0,0,18,2,0,0,5,0,0,5,0,8,4,2,0,0,2,0,0,0,0,7,1,1,0,3,0,0,1,1,1,1,0,2,3,0,7,2,0,4,5,26,2,6,0,3,0,0,0,0,1,0
2022-10,36,9,1,1,0,2,7,5,0,1,0,0,0,0,3,2,3,0,1,0,2,2,0,0,0,4,1,0,0,4,0,1,1,2,1,0,4,4,4,1,4,4,1,1,0,11,1,1,1,2,2,0,0,1,0,2
2022-11,36,7,0,0,0,0,7,5,0,1,0,0,0,5,3,1,1,1,1,1,1,0,0,0,0,3,1,0,0,4,1,0,2,0,1,0,1,1,1,1,2,0,4,0,0,0,0,1,1,1,0,0,0,0,0,2
2022-12,36,8,0,0,0,1,7,10,0,0,1,0,0,0,2,2,2,1,0,0,0,2,0,0,0,5,0,0,0,3,1,0,0,0,0,1,1,4,3,0,2,3,1,3,1,0,0,0,1,0,0,0,0,1,0,1
2023-01,36,11,0,2,0,4,10,9,0,0,2,0,1,5,1,3,0,2,0,6,0,0,1,2,0,10,0,1,0,5,4,0,0,0,1,0,2,4,5,3,6,1,3,1,2,1,2,0,1,0,0,0,0,0,0,0
2023-02,36,22,0,3,0,0,9,5,0,0,0,0,0,2,1,2,0,0,0,1,2,0,0,0,0,2,0,0,0,2,1,1,1,0,0,0,0,1,1,2,10,2,4,0,2,0,0,7,0,0,2,4,1,0,0,0
2023-03,36,3,2,6,0,1,5,10,0,0,3,0,0,1,0,1,0,0,0,1,0,0,5,0,0,16,1,0,1,1,1,0,0,1,1,0,0,1,0,1,14,1,3,2,3,0,1,1,2,1,0,0,2,0,0,0
2023-04,36,5,4,2,0,0,7,3,0,0,1,0,0,2,2,1,1,0,0,0,0,0,0,0,0,3,0,1,0,6,0,0,2,1,1,0,4,3,3,2,14,4,0,1,0,1,1,0,0,1,0,0,0,0,0,1
2023-05,36,4,4,1,0,1,7,8,0,1,2,0,0,1,1,3,3,0,1,0,0,0,1,1,0,3,0,0,0,6,5,0,0,3,1,0,0,2,6,0,7,2,2,3,2,0,2,1,1,1,1,1,0,1,2,1
2023-06,36,4,3,1,0,0,8,3,0,3,1,0,1,9,0,4,5,2,1,1,0,1,2,0,0,8,0,2,0,2,5,0,3,0,0,0,0,0,4,1,23,1,3,4,4,1,5,0,0,2,0,0,0,1,2,0
2023-07,36,7,0,1,0,2,11,12,0,2,1,0,0,1,0,5,3,2,0,0,0,1,0,0,0,2,1,1,0,6,4,0,4,0,3,0,0,0,4,2,1,1,4,7,6,1,2,1,0,2,3,2,0,1,5,0
2023-08,36,14,1,1,0,1,6,1,2,0,3,0,0,5,3,4,0,3,0,2,1,0,2,0,0,4,3,1,0,6,8,0,5,1,0,0,2,3,1,1,10,2,1,2,4,0,3,14,0,1,3,3,0,0,6,0
2023-09,36,15,11,1,1,3,9,5,0,0,2,0,1,5,2,5,4,2,0,1,3,0,0,1,0,8,1,2,0,6,2,0,3,0,1,0,2,3,3,0,11,1,2,1,3,1,1,0,1,0,1,2,0,1,3,0
2023-10,36,6,0,0,0,1,8,8,0,1,0,0,0,1,2,2,1,1,0,3,0,0,1,0,1,2,0,3,0,4,2,0,7,0,0,1,0,0,1,0,5,2,4,3,4,0,0,1,0,0,1,0,1,0,0,1
2023-11,36,8,7,1,0,1,3,7,0,1,0,0,1,3,0,3,4,1,0,4,0,0,4,1,0,4,1,0,0,6,2,0,3,2,3,0,0,2,2,2,8,0,2,1,0,0,0,28,0,3,1,0,0,0,0,2
2023-12,36,5,0,0,0,2,7,3,0,1,0,1,0,3,0,8,1,2,0,2,0,0,1,0,0,4,0,3,0,9,1,1,2,0,0,1,2,0,7,0,11,0,5,2,2,0,1,2,0,2,0,0,0,0,0,1
2024-01,36,11,9,0,0,1,8,2,0,1,0,0,0,1,5,2,2,1,0,4,0,0,0,0,1,10,5,1,0,12,2,0,2,0,3,0,0,0,2,5,11,0,4,1,0,0,1,2,0,0,1,0,0,0,0,0
2024-02,36,6,2,0,0,2,12,1,0,0,1,0,0,1,0,2,6,2,0,0,2,0,3,0,1,7,0,2,0,11,1,0,0,1,0,0,0,0,3,2,14,1,2,2,1,0,1,0,0,0,0,0,1,0,0,0
2024-03,36,6,2,0,0,1,9,5,0,1,1,1,6,14,2,5,1,0,0,1,0,0,1,0,0,8,0,1,0,9,2,0,3,0,0,0,0,0,0,0,7,0,1,4,0,0,3,28,0,0,3,2,0,1,0,0
2024-04,36,7,8,0,0,0,7,4,0,0,1,0,1,8,1,1,4,1,0,0,1,0,2,0,2,8,0,2,0,5,4,0,1,3,2,0,0,0,3,2,8,1,0,1,1,0,5,200,0,1,4,2,1,2,1,0
2024-05,36,6,2,0,0,5,9,12,0,0,2,1,0,6,1,6,7,0,0,3,5,0,1,0,1,5,0,5,0,4,4,2,0,0,0,0,0,0,3,1,14,1,3,4,0,0,0,50,1,1,1,2,0,1,9,0
2024-06,36,8,0,1,0,0,7,7,0,1,4,0,2,2,0,3,6,0,0,4,0,2,1,0,2,9,0,5,0,5,3,1,1,0,2,0,2,3,7,1,2,0,4,2,5,0,5,6,0,1,0,1,0,1,4,0
2024-07,36,7,1,0,0,2,12,5,0,0,6,0,0,5,1,5,7,1,1,6,0,0,2,0,0,9,0,3,0,4,2,0,1,0,1,1,0,2,3,0,2,1,4,3,7,0,3,0,1,0,0,1,0,0,2,1
2024-08,36,32,1,0,1,0,7,8,0,0,0,0,1,5,1,2,10,0,0,1,0,0,4,0,3,3,1,0,0,12,6,2,2,2,1,0,0,3,1,2,1,0,3,12,5,1,0,0,0,0,1,1,0,2,5,1
2024-09,36,5,2,0,0,1,8,3,0,0,3,0,1,4,0,1,3,3,0,6,0,0,0,0,0,4,0,0,0,4,1,0,0,0,0,0,0,1,2,0,0,1,2,6,2,0,0,0,0,2,1,0,1,0,1,0
2024-10,36,4,0,0,0,1,4,8,0,0,1,0,3,13,0,3,1,1,0,6,0,2,0,0,0,7,0,1,0,1,4,0,0,0,2,0,0,1,2,0,3,0,1,0,1,0,0,0,0,1,1,0,1,0,1,1
2024-11,36,3,1,0,0,2,2,0,0,2,1,0,3,2,0,5,0,0,0,0,3,0,0,0,0,2,0,1,0,3,1,0,1,0,1,0,2,3,0,0,26,0,8,1,1,0,2,0,0,0,1,0,0,1,0,2
2024-12,36,3,3,0,0,2,4,6,0,2,1,0,1,1,0,8,4,0,0,3,1,0,2,0,0,0,0,1,0,4,3,3,2,0,0,0,0,0,5,1,11,1,4,3,1,0,1,1,0,0,1,0,0,0,0,3
2025-01,36,5,1,0,0,0,8,25,0,1,0,1,1,2,0,3,3,2,0,0,0,2,1,2,1,4,2,1,0,2,0,0,1,0,0,0,0,1,1,0,3,1,5,1,0,0,0,0,0,0,0,2,0,0,0,0
2025-02,36,6,0,0,0,0,5,5,0,0,0,0,2,0,0,3,1,0,0,2,0,2,0,0,0,11,0,1,0,3,1,0,0,0,0,0,0,4,1,0,3,0,2,0,0,0,0,56,2,0,1,0,0,0,0,0
2025-03,36,6,0,0,0,1,2,6,0,1,1,0,0,3,1,3,9,2,0,1,1,0,0,0,0,8,0,1,0,3,4,0,0,1,2,0,0,1,1,4,3,1,4,0,2,0,1,37,0,2,1,1,0,0,0,1
2025-04,36,4,2,2,0,2,4,4,1,0,2,0,1,2,0,5,6,1,0,0,1,0,1,0,1,5,0,1,0,3,0,1,1,1,3,0,0,1,0,1,5,2,0,4,3,0,6,42,1,1,1,6,0,1,0,2
2025-05,36,19,4,1,0,2,9,8,0,1,2,0,5,3,0,4,4,0,0,2,0,1,2,0,1,9,1,2,0,1,1,0,0,0,1,0,0,3,4,0,1,3,1,1,1,0,2,6,0,2,1,0,0,0,0,4
2025-06,36,12,1,0,0,1,4,5,1,0,0,0,0,3,3,3,13,3,0,2,0,0,1,0,1,7,1,0,0,2,2,0,1,1,1,0,0,0,6,0,10,4,0,2,6,1,1,40,1,0,0,3,1,0,4,1
2025-07,36,9,1,0,0,6,8,5,0,0,0,0,0,0,1,7,2,3,0,1,2,0,0,0,1,8,0,2,0,4,3,0,0,4,0,0,0,0,1,2,5,1,3,7,8,6,3,40,1,0,1,1,0,0,2,6
2025-08,36,2,4,0,1,3,2,2,0,0,0,0,0,2,2,6,12,0,0,1,0,0,0,0,0,10,4,2,0,3,1,1,1,1,4,0,0,1,4,2,4,1,1,9,0,3,3,5,0,0,2,1,0,0,4,3
2025-09,36,17,3,0,1,1,6,3,0,1,2,0,0,2,0,7,4,1,0,2,1,0,1,0,1,2,0,2,0,9,8,0,0,5,2,0,1,1,3,1,7,0,1,3,0,1,0,4,0,1,0,0,0,0,2,2
2025-10,36,6,3,0,0,2,5,2,0,0,4,1,0,11,4,2,3,0,0,0,1,0,0,0,0,0,1,1,0,9,2,1,1,1,1,0,0,3,0,1,9,1,1,3,1,0,1,14,0,0,0,0,0,0,0,1
2025-11,36,2,0,0,0,3,5,7,0,0,0,0,0,2,1,6,1,1,0,0,0,0,0,0,0,3,4,2,0,2,0,0,0,0,1,0,0,0,3,0,2,1,2,3,3,1,4,6,0,0,1,1,0,0,0,5
2025-12,36,0,1,0,0,1,10,9,2,0,1,0,2,3,0,3,0,0,0,1,0,1,0,0,0,1,1,0,0,5,7,0,2,0,0,0,0,1,1,0,11,0,1,0,0,0,0,0,0,1,0,0,0,0,0,0
2019-01,37,0,0,0,0,1,0,1,0,1,0,1,0,0,0,0,0,0,0,0,0,0,0,0,1,2,0,0,0,0,0,0,0,2,0,0,0,0,1,0,2,0,3,0,0,0,1,1,2,0,0,0,0,0,0,0
2019-02,37,0,0,0,0,1,3,1,0,0,2,0,0,0,1,5,0,0,0,1,0,0,0,0,0,6,0,0,1,1,0,2,3,1,0,0,0,0,0,0,14,0,0,0,0,0,0,1,3,0,3,0,0,0,0,0
2019-03,37,1,13,0,0,2,6,0,0,3,3,0,0,0,4,9,2,0,0,2,0,0,1,0,1,17,0,1,0,14,4,0,3,0,1,3,2,2,2,1,26,2,7,1,0,0,1,1,3,1,2,0,0,1,0,1
2019-04,37,1,2,0,0,1,0,0,2,0,0,0,0,2,2,10,2,0,0,3,1,0,1,0,1,13,0,1,0,11,3,1,7,0,18,1,2,7,1,0,11,0,3,3,0,0,2,1,3,0,2,2,0,1,0,0
2019-05,37,1,6,1,0,1,3,2,0,2,4,0,0,3,4,6,3,0,0,0,1,0,0,0,1,17,1,2,0,26,2,0,9,0,9,0,1,2,2,0,7,1,4,6,0,0,2,2,1,1,0,0,0,5,128,4
2019-06,37,2,0,0,0,2,2,0,1,0,21,0,0,0,5,11,3,1,0,0,1,0,0,0,0,12,4,0,1,23,4,3,3,2,11,0,2,1,2,1,6,0,1,3,1,0,1,3,3,0,0,0,0,1,109,3
2019-07,37,4,2,0,0,4,4,0,0,4,1,1,0,0,2,10,7,4,0,0,0,0,0,2,0,16,0,4,1,14,1,6,3,0,1,0,0,0,0,1,5,1,0,12,2,0,2,6,5,0,7,1,0,1,194,0
2019-08,37,3,1,1,0,1,0,0,0,2,5,0,0,3,1,10,5,0,0,0,1,0,0,0,0,13,1,0,0,17,2,1,5,0,3,0,0,3,0,2,3,0,17,15,1,0,4,7,4,0,9,0,0,1,183,0
2019-09,37,2,2,0,0,2,1,0,0,1,3,0,0,3,1,9,12,2,0,0,0,0,0,1,2,7,3,3,0,9,4,1,4,0,28,0,0,0,2,1,4,3,11,9,4,0,4,8,4,1,2,0,1,0,134,0
2019-10,37,1,2,1,0,4,0,0,0,0,1,0,0,2,4,7,12,3,0,0,0,0,3,0,0,2,1,1,1,15,2,1,1,1,8,0,0,0,1,2,8,0,13,4,1,0,4,7,5,1,4,0,0,1,17,0
2019-11,37,2,0,0,0,2,2,1,0,1,0,3,2,0,0,3,1,2,1,1,1,0,0,0,1,11,0,2,1,12,2,1,2,0,32,0,0,0,2,0,6,0,2,5,0,0,2,1,1,3,2,2,0,0,0,0
2019-12,37,2,0,0,0,6,3,2,0,1,2,0,0,2,4,15,18,0,0,1,1,0,1,1,0,7,1,0,0,12,2,0,1,0,6,1,3,2,1,1,9,2,4,1,0,0,0,3,0,3,1,1,0,1,0,0
2020-01,37,1,1,0,0,0,6,1,0,1,1,0,1,2,3,4,4,2,0,1,1,0,1,0,1,15,1,2,0,10,4,0,1,0,1,0,0,0,0,2,3,2,5,4,0,0,0,3,4,1,1,2,0,1,0,0
2020-02,37,3,1,0,0,2,1,0,0,2,0,2,1,0,1,6,6,0,0,0,0,0,0,0,0,8,0,0,1,9,2,0,0,0,3,0,0,2,2,1,3,0,8,0,0,0,0,4,5,4,0,0,0,0,0,0
2020-03,37,5,0,1,0,2,1,0,2,1,2,1,0,0,4,13,5,0,0,1,3,0,2,0,0,10,2,0,0,2,2,0,1,0,0,0,0,1,1,1,3,1,6,2,0,0,0,1,2,2,0,1,0,0,0,0
2020-04,37,2,0,1,0,4,1,0,3,0,3,2,0,1,0,6,2,0,0,0,2,0,2,0,1,13,1,0,0,3,2,0,3,0,4,0,2,2,0,1,3,0,0,1,0,0,1,7,2,0,0,2,0,0,0,0
2020-05,37,4,0,0,0,2,2,0,2,1,5,0,0,1,5,16,14,2,0,0,0,0,0,0,0,7,1,0,1,5,2,2,1,0,2,0,0,1,0,0,5,2,10,4,1,1,1,0,2,1,0,1,0,4,22,0
2020-06,37,4,0,0,0,2,2,2,0,0,3,0,1,2,2,9,5,0,0,4,1,0,0,1,0,1,2,1,0,8,2,0,1,0,11,0,0,0,3,0,3,0,8,3,1,0,6,5,7,1,0,0,0,0,93,0
2020-07,37,14,2,0,0,7,3,0,1,2,3,0,0,1,0,14,3,3,1,3,2,1,0,28,0,12,5,1,0,11,8,2,1,0,0,0,0,1,0,2,13,1,2,11,2,0,2,10,7,2,0,1,0,0,306,1
2020-08,37,16,0,0,0,4,2,1,2,3,1,0,0,3,3,11,1,0,0,0,1,0,1,4,1,5,5,1,0,14,2,0,1,0,0,0,0,0,1,2,14,1,7,27,6,0,3,5,1,3,0,2,1,0,87,2
2020-09,37,18,0,0,0,4,5,5,2,1,8,0,0,1,1,9,2,0,0,1,0,0,0,3,0,4,0,2,3,19,2,0,3,0,8,0,0,0,5,2,6,2,2,19,2,0,2,4,5,2,0,1,0,0,157,1
2020-10,37,13,4,2,0,2,3,4,4,2,6,0,1,3,4,4,8,1,0,0,0,0,0,5,0,5,0,2,0,24,2,0,2,0,4,0,1,0,1,1,8,0,7,6,1,0,3,10,1,0,0,2,2,1,98,0
2020-11,37,6,1,2,0,2,3,4,2,1,0,0,1,0,3,7,10,0,0,2,1,0,1,0,0,9,3,2,1,11,0,0,0,0,12,0,0,2,2,2,6,1,4,7,3,0,1,0,1,1,0,0,0,2,0,0
2020-12,37,2,0,1,0,3,5,0,0,3,0,1,0,4,0,14,16,0,0,1,0,1,1,0,2,19,0,0,1,8,1,0,0,1,7,0,0,0,1,1,4,3,12,1,7,0,0,2,3,2,0,0,0,0,0,0
2021-01,37,1,5,2,0,2,1,4,0,0,2,0,0,4,2,5,5,0,0,1,0,1,0,0,4,19,0,1,0,5,2,0,1,0,7,1,1,4,0,1,9,3,11,7,2,0,0,1,0,0,0,0,0,0,0,0
2021-02,37,6,0,0,0,3,0,3,0,3,0,1,0,0,1,5,5,1,1,10,0,2,1,0,0,20,1,0,1,2,0,0,0,0,2,0,1,0,0,0,12,1,4,0,0,0,3,1,0,3,0,0,0,0,0,0
2021-03,37,9,0,0,0,3,4,1,0,1,1,0,0,2,2,9,5,1,0,2,0,0,3,0,0,6,1,0,0,5,2,1,0,0,11,0,0,2,2,2,6,2,4,3,1,0,3,0,4,1,0,0,0,2,0,0
2021-04,37,3,4,1,0,2,1,1,0,2,5,0,0,2,3,12,13,2,0,0,0,0,0,0,1,7,1,3,1,19,4,0,2,2,2,0,0,0,2,0,3,1,0,5,1,1,1,2,6,4,0,0,0,3,0,0
2021-05,37,4,2,1,0,2,6,2,0,0,6,0,0,7,2,10,5,0,0,2,0,0,0,0,1,12,0,1,1,10,2,0,2,0,8,0,0,0,3,1,11,0,3,5,4,0,10,6,7,0,0,0,0,0,36,0
2021-06,37,9,0,0,0,4,5,1,0,0,4,1,0,0,2,17,12,4,0,2,1,0,1,0,0,15,5,0,0,28,2,0,0,0,11,0,0,0,1,3,13,1,4,7,3,0,1,11,3,2,0,0,0,0,51,0
2021-07,37,8,0,0,0,2,3,1,0,0,8,0,0,0,5,10,13,3,0,2,0,1,0,0,0,10,16,1,1,22,3,1,1,0,5,0,0,0,4,1,9,0,10,9,2,0,2,4,5,0,5,0,0,0,39,0
2021-08,37,7,0,0,0,3,4,2,0,0,4,1,0,0,3,11,5,3,0,0,2,0,1,0,3,12,5,2,1,26,1,2,2,0,27,0,1,0,0,2,3,2,9,13,13,0,3,2,5,4,6,1,0,1,12,0
2021-09,37,14,1,0,0,0,2,0,0,0,2,0,0,1,4,10,5,0,0,0,1,0,1,0,0,7,4,1,1,28,0,1,0,0,16,0,0,1,0,0,4,0,8,7,7,0,3,4,7,1,0,0,0,1,289,1
2021-10,37,3,2,0,0,2,2,3,0,0,2,0,0,1,1,11,0,1,0,1,1,0,0,0,1,3,1,2,0,21,0,1,2,0,10,0,0,3,4,3,7,1,7,8,6,0,0,5,3,1,0,2,0,1,0,0
2021-11,37,9,1,0,0,2,5,3,3,3,0,0,0,0,1,10,6,1,0,1,1,0,0,0,0,4,3,1,0,13,2,1,0,0,4,0,0,0,3,0,13,0,2,4,1,2,0,3,1,0,0,1,0,0,0,0
2021-12,37,9,1,0,0,1,1,2,0,1,0,0,0,3,5,4,2,1,0,2,2,0,0,0,0,16,3,0,0,18,2,1,3,0,5,0,0,1,5,1,12,2,6,2,5,2,4,1,2,2,0,0,0,0,0,0
2022-01,37,5,0,0,0,2,3,0,0,2,1,0,0,2,0,8,11,0,0,0,0,3,0,0,1,7,0,1,0,11,0,1,0,0,3,0,2,3,2,1,5,0,4,8,0,0,0,0,1,0,0,0,0,0,0,0
2022-02,37,5,0,0,0,3,1,1,0,0,0,0,0,0,2,9,0,2,0,1,0,1,0,0,0,25,1,1,2,15,2,1,1,0,0,0,0,1,1,0,3,0,7,0,0,0,1,0,0,0,0,1,0,1,0,0
2022-03,37,2,1,0,0,0,0,1,0,2,1,1,0,4,3,11,20,1,0,0,0,0,1,0,1,27,2,1,1,14,1,0,0,0,7,0,0,4,0,2,3,5,5,11,0,0,0,0,1,3,0,1,0,1,0,0
2022-04,37,7,1,2,0,3,4,1,0,0,1,1,0,2,3,16,24,1,0,0,0,2,2,0,0,14,1,1,0,17,1,0,2,0,0,0,0,0,2,3,3,3,3,4,3,0,3,4,0,1,0,3,0,0,0,0
2022-05,37,5,0,3,0,0,3,0,0,3,4,1,0,1,0,6,7,0,0,1,0,0,1,0,1,4,1,1,1,17,1,0,5,0,0,0,0,0,1,2,0,2,6,8,0,1,1,3,2,1,1,0,0,0,32,1
2022-06,37,3,2,0,0,2,1,0,0,0,4,0,0,1,0,8,9,0,0,0,2,0,0,0,0,6,2,0,0,16,2,0,1,0,1,0,1,0,2,2,8,1,4,6,1,11,3,16,0,0,2,0,0,0,9,0
2022-07,37,7,2,0,0,4,0,0,0,3,1,0,0,0,2,14,0,0,0,0,2,0,0,0,0,8,1,1,3,15,2,1,5,0,3,0,2,0,2,3,2,0,7,9,0,0,5,10,4,0,0,1,0,0,10,0
2022-08,37,1,0,0,0,1,6,2,0,1,10,0,0,2,2,3,5,2,0,1,0,0,0,0,0,7,1,1,0,18,2,1,1,0,4,0,0,0,1,1,2,0,7,19,1,0,0,7,3,0,1,0,0,1,3,1
2022-09,37,4,0,0,0,2,0,0,0,0,1,0,0,0,0,8,4,0,0,1,0,2,0,0,0,4,5,2,1,29,2,1,4,0,1,0,0,2,2,0,7,1,12,4,0,0,2,3,3,1,0,0,1,0,3,0
2022-10,37,2,0,0,0,0,3,0,0,1,0,0,1,0,3,4,2,1,1,0,0,0,0,2,0,1,1,1,2,26,0,0,0,0,2,0,0,0,0,1,4,1,4,1,0,0,0,3,0,0,1,1,0,1,2,0
2022-11,37,1,0,0,0,0,6,2,0,2,3,0,1,2,0,3,17,0,0,0,4,0,0,1,1,5,1,2,0,10,1,0,0,0,2,0,1,4,1,0,3,0,3,1,1,1,2,0,1,0,0,0,0,1,0,1
2022-12,37,4,1,0,0,2,1,2,0,2,1,0,0,0,0,5,5,0,0,0,0,2,0,0,0,10,1,0,2,16,0,0,2,1,2,0,0,0,1,0,2,1,7,2,0,0,0,0,2,0,0,0,0,0,0,0
2023-01,37,6,0,1,0,3,3,3,0,8,3,0,0,0,1,8,6,2,1,0,3,1,0,0,0,8,0,0,1,20,2,1,0,0,3,0,0,1,2,6,3,1,10,1,0,0,1,0,1,2,0,0,0,2,0,0
2023-02,37,4,0,0,0,1,7,1,0,0,3,0,0,1,1,4,3,0,0,0,2,0,0,0,0,15,0,1,1,13,0,0,3,2,2,0,0,1,3,1,1,1,14,1,0,0,1,0,1,2,0,2,0,2,0,0
2023-03,37,5,1,0,0,1,3,2,0,5,5,0,0,1,0,7,9,1,0,2,0,1,0,0,2,17,3,5,1,13,3,0,1,0,1,0,1,2,4,4,3,1,19,2,0,0,1,0,6,1,1,0,0,1,0,1
2023-04,37,7,1,3,0,2,2,0,0,0,4,1,0,3,7,8,44,0,0,1,0,0,1,0,0,24,0,3,0,29,2,0,2,0,2,0,4,8,5,0,7,2,8,4,1,0,3,1,2,3,0,2,0,0,0,0
2023-05,37,6,0,0,0,3,1,0,0,0,3,0,0,3,5,6,5,2,0,1,0,1,0,0,0,6,0,0,1,14,3,1,1,0,2,0,1,1,2,1,5,1,16,3,0,1,0,0,1,5,0,0,0,0,12,2
2023-06,37,16,3,1,0,2,4,0,0,2,2,0,0,6,2,9,0,1,0,2,1,0,0,0,0,11,1,1,0,26,0,0,2,0,2,0,0,1,3,2,6,1,4,5,2,0,2,2,6,2,1,0,1,0,5,0
2023-07,37,2,2,4,0,1,10,1,0,0,1,1,0,1,1,11,8,1,0,0,1,0,4,0,1,26,2,7,0,12,0,1,1,0,1,0,0,1,5,2,7,1,6,3,6,0,1,0,1,5,0,3,0,3,8,1
2023-08,37,6,5,0,0,1,2,0,0,2,1,0,0,6,6,11,7,0,0,1,0,1,2,0,0,11,3,2,1,17,4,1,2,0,0,0,0,2,9,1,2,1,5,13,1,66,4,2,1,3,1,2,0,0,8,0
2023-09,37,8,5,0,0,4,6,2,0,2,3,0,0,3,4,11,13,1,0,0,2,1,0,0,0,5,1,2,2,13,1,0,1,0,0,0,0,0,1,1,5,1,3,3,2,4,5,1,0,2,2,0,0,0,3,1
2023-10,37,7,2,2,0,2,5,0,0,0,3,0,0,2,0,10,0,0,0,1,0,0,0,0,0,7,1,4,1,18,2,1,1,0,1,0,3,2,11,2,2,2,3,6,2,0,4,0,0,3,1,0,0,0,7,1
2023-11,37,5,4,1,0,1,1,1,1,2,0,0,0,1,2,5,2,1,1,2,1,0,0,1,0,3,0,2,0,7,1,0,2,4,1,0,1,3,7,4,6,3,7,5,0,0,0,0,5,3,1,0,0,0,0,0
2023-12,37,6,1,0,0,1,6,1,1,0,0,0,0,3,7,3,5,1,0,1,0,0,1,1,0,8,1,1,1,7,0,1,0,0,1,0,0,0,8,4,8,0,3,5,0,1,0,0,1,2,0,0,1,0,0,4
2024-01,37,2,3,1,0,2,3,2,0,0,0,1,0,5,3,4,8,0,0,1,1,4,0,0,1,4,1,3,0,12,0,0,0,2,7,0,0,0,20,0,12,0,14,2,1,0,0,0,3,3,2,2,0,0,0,0
2024-02,37,7,1,0,0,3,5,0,0,1,1,1,0,0,0,6,8,1,0,1,0,0,0,0,0,20,0,1,0,22,0,2,1,0,3,0,1,4,1,5,1,1,11,1,0,1,0,2,2,3,1,0,0,0,0,0
2024-03,37,10,0,0,0,3,6,1,0,1,3,0,0,2,1,5,12,2,0,0,2,0,0,0,0,4,2,2,1,7,3,0,3,0,1,0,0,6,3,4,5,3,14,5,4,0,7,0,4,1,0,1,1,0,0,0
2024-04,37,10,1,0,0,3,2,1,1,1,3,0,0,1,5,7,35,4,0,2,0,0,0,0,0,22,1,4,1,15,4,0,5,2,4,0,5,5,6,0,4,6,15,8,1,0,4,0,4,5,2,1,0,0,0,1
2024-05,37,9,4,0,0,5,3,1,1,0,9,1,0,0,5,6,30,3,0,1,0,0,0,0,3,20,1,2,0,18,4,1,6,1,2,0,3,3,8,3,3,0,7,3,5,1,6,0,3,3,1,4,0,2,28,0
2024-06,37,8,4,0,0,0,1,0,1,0,0,1,0,6,2,7,21,3,0,2,0,1,0,0,1,10,2,0,3,7,1,0,1,0,5,0,0,4,6,2,16,3,10,7,1,0,0,2,2,0,2,0,0,0,9,3
2024-07,37,2,0,0,0,6,2,0,0,2,1,0,0,4,5,4,16,0,0,7,2,0,0,0,0,9,5,6,2,9,1,1,3,1,1,0,0,0,4,1,3,0,11,11,18,5,6,2,2,1,0,0,0,1,17,2
2024-08,37,19,1,1,0,5,5,0,0,0,7,0,0,5,4,14,10,1,0,3,1,0,3,0,0,3,1,1,1,11,1,1,5,0,0,0,2,0,0,2,0,2,8,12,4,1,4,4,0,0,0,3,0,2,3,1
2024-09,37,8,3,0,0,1,4,1,0,0,4,1,0,4,0,9,19,0,0,0,0,0,2,0,0,3,2,3,0,9,1,2,2,0,3,0,0,3,1,1,9,1,10,9,2,0,2,4,4,1,0,2,0,0,0,1
2024-10,37,6,0,0,0,5,0,0,0,0,1,0,0,2,3,9,25,0,0,1,0,0,1,0,1,10,1,0,1,18,0,0,0,0,1,0,0,0,1,3,2,2,11,0,0,0,2,0,1,2,1,0,0,1,1,0
2024-11,37,4,2,0,0,3,2,1,0,1,0,0,0,2,3,9,20,0,0,1,0,0,0,0,1,2,0,1,0,7,1,0,1,0,3,0,0,0,1,1,5,1,14,2,3,0,1,0,1,0,2,0,0,1,0,1
2024-12,37,12,2,0,0,3,3,1,2,1,1,0,0,1,3,4,6,0,0,0,2,1,0,2,0,3,0,1,1,7,0,0,0,0,1,0,0,0,1,3,2,0,4,5,1,0,1,0,2,3,0,0,1,0,0,0
2025-01,37,8,1,0,0,3,5,1,0,2,1,1,0,1,3,4,10,0,0,1,1,9,0,0,0,3,0,1,0,3,0,1,1,1,1,0,1,2,2,1,12,1,4,1,0,0,1,0,1,2,0,1,0,1,0,0
2025-02,37,9,0,0,0,1,0,0,1,1,0,0,0,1,7,5,21,0,0,2,2,1,0,3,0,9,1,1,1,14,4,0,0,0,3,0,0,7,5,0,2,1,8,1,1,0,0,1,4,0,0,1,0,0,0,0
2025-03,37,2,0,3,0,2,2,0,0,0,5,0,0,0,1,4,14,3,0,1,0,0,0,0,0,26,0,0,1,11,2,0,0,2,3,0,0,0,2,4,6,3,14,3,4,0,1,2,3,0,1,3,0,1,0,0
2025-04,37,15,0,1,0,3,6,1,0,0,3,0,0,2,1,10,18,1,0,1,1,0,0,0,1,13,1,1,0,7,0,0,6,0,2,0,0,1,1,0,7,1,3,9,3,0,3,0,0,2,2,3,1,1,1,1
2025-05,37,4,4,0,0,3,2,1,1,1,2,0,0,4,2,6,25,0,0,1,1,0,0,0,1,5,0,1,0,16,2,2,0,0,5,0,0,0,2,2,11,2,5,15,6,2,1,0,3,1,1,0,0,0,7,0
2025-06,37,23,0,1,0,6,1,1,1,0,3,0,0,5,4,10,36,4,0,5,0,1,1,1,2,2,2,3,1,15,1,0,5,1,4,0,0,1,4,4,4,3,5,7,3,0,6,15,0,1,1,2,0,2,11,0
2025-07,37,14,0,2,1,3,1,0,0,1,2,0,0,3,5,5,8,1,0,2,0,3,0,0,0,5,5,3,0,11,0,0,2,0,2,0,0,0,6,4,8,0,7,11,5,0,8,41,4,0,1,1,0,3,10,3
2025-08,37,12,0,1,0,0,4,0,0,0,6,1,0,3,7,9,19,1,0,2,3,0,0,0,1,5,3,1,0,9,5,1,7,0,0,0,0,0,2,0,6,1,20,8,2,6,2,5,3,0,4,7,0,1,16,3
2025-09,37,3,1,2,0,5,4,0,0,0,1,0,0,3,3,8,6,3,0,2,1,0,0,0,0,8,2,2,1,11,3,2,0,0,0,0,2,1,5,5,20,2,6,7,2,1,3,0,8,1,0,0,0,0,14,0
2025-10,37,2,0,0,1,2,7,1,0,0,2,2,0,3,2,7,18,2,0,0,0,0,0,0,1,9,2,2,1,10,0,0,0,0,2,0,0,0,1,0,14,1,28,9,5,1,1,1,2,0,0,1,1,0,1,1
2025-11,37,2,0,0,0,1,4,4,0,4,1,0,0,4,3,6,3,0,0,1,2,2,1,0,1,6,1,2,0,2,1,0,2,0,0,0,0,0,7,3,6,2,8,4,0,0,1,3,4,0,0,0,0,0,0,0
2025-12,37,5,0,0,0,6,2,5,1,0,0,0,0,1,0,8,13,0,0,2,0,1,0,0,0,2,2,0,2,4,0,0,0,0,2,0,0,2,2,0,5,0,2,0,0,0,0,46,0,0,0,0,0,0,0,0
2019-01,38,1,5,1,0,8,3,13,0,0,0,1,0,0,0,0,0,0,0,0,1,0,0,0,0,2,1,0,1,0,0,1,23,6,2,0,0,0,1,0,3,0,1,0,0,0,1,3,1,0,5,0,0,0,0,0
2019-02,38,15,11,1,0,12,20,26,0,2,1,1,0,1,1,17,0,1,2,1,1,0,0,0,0,28,3,0,2,3,4,2,5,2,3,0,0,0,5,2,66,1,3,1,0,0,2,3,0,0,5,6,1,1,0,0
2019-03,38,25,28,6,1,9,11,5,0,7,24,1,0,12,4,17,3,3,2,2,1,16,3,0,0,74,5,7,0,17,9,6,12,3,10,0,3,5,5,9,91,5,23,7,3,2,4,23,4,3,2,3,3,4,0,0
2019-04,38,25,13,7,0,9,16,6,2,5,28,1,2,5,7,29,8,6,1,5,0,1,3,1,1,39,11,10,3,25,6,5,16,2,38,0,3,9,13,4,87,1,44,8,3,4,6,4,2,3,7,15,1,4,0,1
2019-05,38,14,15,2,0,10,20,4,0,2,21,0,1,12,4,25,10,2,0,2,3,0,3,1,2,27,4,10,1,31,12,9,21,8,36,1,0,8,2,4,40,1,23,5,1,1,5,13,5,2,1,13,0,9,227,2
2019-06,38,20,13,6,1,21,17,3,1,5,27,2,1,18,6,22,7,10,0,4,7,5,1,3,3,23,7,7,5,37,15,6,7,2,43,0,2,7,14,2,52,2,10,15,2,2,4,60,7,8,4,7,1,2,519,8
2019-07,38,40,5,7,1,14,34,9,1,3,28,2,0,36,11,33,8,7,1,8,3,1,2,11,3,58,5,9,2,30,13,9,29,8,48,0,6,6,15,3,97,2,22,25,6,0,11,89,9,6,57,15,1,9,707,5
2019-08,38,24,8,4,1,13,31,7,1,4,7,3,0,13,10,27,30,7,1,2,2,6,5,1,3,33,14,11,4,30,18,8,9,5,76,0,17,22,12,8,47,2,56,15,4,4,20,33,6,4,23,5,0,0,765,5
2019-09,38,22,14,4,0,17,34,7,2,1,7,1,1,17,4,30,9,5,4,7,5,1,0,0,5,30,8,2,1,43,19,2,13,2,33,0,1,5,7,6,66,2,26,15,4,1,6,62,8,2,16,3,1,2,410,2
2019-10,38,22,12,6,1,14,39,10,0,5,13,1,4,12,7,33,6,2,0,2,5,1,3,1,0,19,7,10,3,28,7,0,5,1,10,1,0,2,16,2,79,1,20,12,3,0,2,27,5,3,22,7,0,0,182,5
2019-11,38,17,12,4,1,8,38,9,0,2,2,1,1,9,7,16,7,4,0,6,3,1,3,1,3,5,11,7,4,20,7,1,9,0,16,0,0,2,14,7,84,6,36,11,3,0,0,7,3,3,10,1,1,0,0,2
2019-12,38,24,20,3,0,7,26,7,0,9,9,0,1,9,6,21,4,6,0,6,4,2,0,0,3,11,10,4,3,9,8,1,6,0,16,0,0,6,12,5,77,3,22,7,1,0,2,6,1,5,12,1,0,2,0,0
2020-01,38,22,30,6,0,14,29,8,0,12,1,0,12,11,12,20,10,4,1,3,6,6,0,3,0,14,9,2,2,14,5,8,7,4,37,0,2,9,15,0,68,2,55,1,2,1,3,6,4,2,7,1,2,0,0,2
2020-02,38,12,16,3,1,11,29,12,2,3,8,2,2,5,6,27,30,5,1,1,4,15,2,1,4,19,13,1,3,14,2,5,3,1,47,0,0,3,9,7,74,2,33,4,1,0,1,19,8,5,3,3,0,0,0,0
2020-03,38,12,10,0,1,10,21,4,4,7,5,3,1,11,11,16,10,1,6,3,3,5,2,1,0,24,9,6,2,20,11,2,14,0,17,0,0,1,7,6,64,5,39,5,3,1,3,1,8,1,8,6,2,6,0,0
2020-04,38,16,2,1,3,17,12,11,36,3,3,3,2,14,8,29,6,1,5,5,2,3,2,0,2,20,7,2,7,17,7,1,12,1,36,2,12,8,8,3,15,7,15,4,3,3,8,44,4,3,2,7,2,10,0,5
2020-05,38,11,2,1,8,13,21,6,15,3,19,2,5,19,7,46,12,10,1,4,2,0,5,0,2,24,3,9,4,41,14,2,21,1,80,0,0,4,9,8,37,3,34,9,2,2,8,22,5,4,2,23,1,21,25,2
2020-06,38,28,5,3,1,20,18,12,4,3,16,1,2,26,6,48,26,6,0,8,0,0,1,3,1,16,21,9,0,42,15,3,17,1,36,1,2,4,4,13,67,3,37,13,18,1,13,77,14,1,5,9,1,5,358,8
2020-07,38,60,6,7,2,22,36,10,11,9,33,1,1,12,16,40,14,10,0,7,4,1,3,14,0,8,19,10,2,58,14,5,11,6,20,0,4,8,12,12,77,6,63,27,28,2,13,45,3,5,3,5,2,1,867,2
2020-08,38,66,2,10,1,23,37,15,8,2,23,2,1,18,15,45,16,4,0,6,7,1,2,3,1,13,10,12,5,55,18,3,20,7,72,0,0,9,7,5,116,1,27,59,42,3,10,34,8,5,2,20,0,12,1042,10
2020-09,38,56,14,5,1,24,22,11,7,4,21,1,4,14,7,57,3,3,1,4,4,0,8,5,1,7,11,10,5,61,26,1,10,1,13,2,5,4,11,5,48,1,22,46,9,24,6,35,1,5,5,2,2,2,485,4
2020-10,38,45,14,2,1,27,15,7,4,1,6,1,3,15,6,49,6,3,1,3,5,1,0,3,0,9,1,2,1,49,11,0,3,0,38,0,0,1,13,2,21,1,15,19,5,1,3,22,0,5,6,5,1,4,174,6
2020-11,38,30,6,1,0,10,19,13,6,4,4,1,12,5,8,26,10,5,0,6,1,0,1,2,1,18,10,2,0,26,7,2,5,3,29,0,6,7,9,4,79,11,27,17,1,2,0,7,2,4,0,1,0,3,0,6
2020-12,38,23,9,4,0,16,21,7,5,5,10,0,7,13,5,35,15,1,0,7,1,1,1,1,3,15,14,4,1,25,14,4,3,2,4,1,2,2,1,6,39,10,27,10,1,0,5,4,1,2,0,1,0,4,0,1
2021-01,38,48,7,3,0,16,22,3,1,3,4,0,9,10,4,21,13,1,2,7,3,1,3,1,2,21,4,3,1,20,19,1,3,2,36,0,0,9,12,3,6,0,37,0,2,0,1,5,4,3,2,0,0,3,0,0
2021-02,38,20,10,0,1,11,52,20,6,0,0,1,0,2,6,17,6,3,1,35,4,9,5,0,0,10,21,1,1,17,25,0,1,0,28,0,1,2,6,1,21,0,22,0,0,1,2,2,0,9,0,1,0,3,0,0
2021-03,38,74,18,8,2,20,32,6,1,7,30,1,0,8,12,34,18,11,4,14,2,5,3,0,2,10,20,5,3,51,22,2,1,2,32,1,5,13,10,15,41,1,17,8,4,9,9,67,4,2,23,3,0,5,0,0
2021-04,38,39,10,2,1,18,18,10,4,4,41,1,1,24,7,30,10,1,2,2,4,3,1,0,0,22,7,8,1,81,18,3,2,2,29,0,0,7,11,8,7,1,23,16,5,4,4,12,2,6,3,0,1,3,0,5
2021-05,38,53,9,3,1,17,28,8,1,4,38,1,0,22,9,39,19,4,0,2,4,0,2,0,1,43,9,8,3,53,14,5,0,6,60,3,3,2,5,2,27,3,25,20,12,1,18,32,6,1,2,3,0,0,33,10
2021-06,38,42,7,4,1,16,26,14,2,4,26,0,1,5,12,46,14,11,4,4,4,0,3,2,1,14,11,4,7,93,24,7,11,4,26,0,6,8,10,6,33,4,45,16,19,5,3,60,7,6,1,9,2,7,143,4
2021-07,38,56,2,3,0,15,37,16,0,5,22,0,0,18,12,38,13,7,0,6,4,1,2,0,1,5,0,5,3,89,19,5,7,3,34,0,0,2,19,9,32,2,40,17,9,3,14,49,4,2,14,2,0,0,55,3
2021-08,38,73,15,3,0,12,31,15,3,2,30,2,0,25,47,31,14,12,0,8,9,1,2,1,2,13,9,9,2,88,17,5,3,3,57,0,0,2,17,9,89,5,28,22,29,5,7,63,6,3,11,6,0,1,64,4
2021-09,38,47,8,4,1,9,25,8,4,1,9,0,0,19,21,30,11,6,0,12,5,4,2,0,2,6,4,8,3,58,13,2,5,5,23,0,0,3,13,1,60,4,15,10,0,3,6,21,4,13,2,0,2,1,380,2
2021-10,38,35,8,2,0,7,29,7,5,1,5,0,1,4,14,20,6,4,0,6,6,0,1,0,1,6,2,3,4,56,13,1,4,1,29,0,0,3,13,1,30,4,28,18,17,1,3,21,3,2,2,6,0,0,0,2
2021-11,38,29,8,1,0,8,42,20,0,2,5,0,0,4,10,20,15,5,0,11,4,2,3,0,0,4,6,8,1,42,16,1,5,1,53,0,0,0,12,6,32,10,16,14,6,2,1,7,2,0,2,2,0,0,0,2
2021-12,38,21,16,1,0,10,31,20,1,3,10,2,3,9,17,36,8,3,0,13,6,1,1,2,2,3,5,2,2,29,10,1,3,0,17,0,0,3,8,5,49,13,37,3,7,0,2,3,9,3,3,1,0,2,0,2
2022-01,38,30,4,0,1,8,24,21,4,9,1,3,2,4,5,17,10,1,1,5,2,3,4,7,5,5,2,5,1,30,8,0,1,0,16,0,0,2,4,4,29,9,13,1,5,2,0,0,3,3,5,2,2,3,0,1
2022-02,38,43,1,0,0,5,30,10,0,4,1,1,0,4,12,13,1,2,0,7,3,4,2,0,0,33,8,2,1,11,22,0,5,2,10,0,2,0,6,4,28,0,24,3,0,2,6,0,3,4,1,10,1,1,0,0
2022-03,38,57,10,11,0,10,28,11,0,9,43,0,0,11,16,21,19,4,2,6,6,2,6,0,1,39,6,4,0,63,22,3,6,2,47,2,4,2,6,22,17,7,14,14,4,2,1,0,3,7,1,13,1,0,0,4
2022-04,38,57,1,11,5,7,29,9,1,4,12,1,0,9,14,13,4,0,1,6,4,2,3,2,2,31,1,9,1,29,9,7,10,5,5,0,0,3,4,15,30,3,27,4,4,1,8,14,4,4,1,5,0,6,0,2
2022-05,38,48,1,7,2,9,31,12,0,5,35,2,0,5,6,22,9,5,0,6,2,3,3,0,3,26,0,12,1,35,15,3,11,7,0,0,0,4,30,8,23,3,57,6,5,5,17,22,5,11,3,12,1,5,55,3
2022-06,38,57,4,6,1,11,35,12,2,1,28,1,2,10,13,35,4,13,0,10,11,1,9,0,2,27,0,9,4,51,10,3,9,2,8,0,3,5,7,13,41,5,38,17,19,75,10,61,5,5,8,3,2,1,40,5
2022-07,38,60,8,13,1,17,20,15,3,3,17,1,3,15,9,32,18,12,2,2,3,0,6,7,3,22,4,9,2,53,16,1,8,10,0,0,3,9,15,16,83,5,71,10,10,4,10,39,3,9,2,9,0,1,22,6
2022-08,38,26,11,2,0,11,16,7,2,6,7,0,0,19,7,25,3,9,1,8,4,2,4,0,0,24,7,6,1,76,13,7,6,3,6,0,0,9,10,6,63,5,49,24,6,14,3,47,4,9,2,4,0,3,23,3
2022-09,38,35,11,3,1,8,38,11,2,4,10,0,1,17,12,19,6,3,2,2,3,0,5,0,1,13,2,12,3,35,14,4,4,9,3,0,2,10,11,2,57,3,23,12,7,37,8,15,3,4,8,1,1,1,9,3
2022-10,38,26,12,6,0,11,31,16,0,7,4,2,0,20,7,26,3,4,1,4,5,3,2,0,1,6,5,5,1,48,7,5,11,2,1,0,0,12,8,9,48,6,43,6,5,34,4,11,4,5,3,3,0,4,2,1
2022-11,38,23,8,2,1,9,38,16,0,2,3,1,2,3,6,20,15,1,0,5,5,1,1,1,0,3,2,2,2,20,9,1,4,2,3,0,0,9,5,3,66,5,17,6,3,1,6,7,5,5,1,1,0,3,0,5
2022-12,38,37,3,4,0,12,28,43,3,4,9,0,1,8,7,15,6,5,2,1,2,23,0,2,0,10,2,8,2,29,1,3,2,0,3,1,4,16,13,5,11,2,11,6,1,0,2,0,2,1,4,1,1,4,1,2
2023-01,38,41,4,4,1,10,33,23,0,6,5,0,0,7,11,19,2,0,1,5,7,1,3,5,2,27,2,5,1,20,10,3,4,7,2,0,0,3,6,8,31,2,14,11,4,3,3,1,6,5,1,5,2,5,0,0
2023-02,38,38,4,7,2,10,25,6,0,3,8,0,1,8,12,15,12,5,0,4,4,5,1,1,0,9,3,4,1,13,9,4,13,3,9,0,1,6,7,13,39,1,22,9,3,59,1,26,2,4,2,12,2,5,0,1
2023-03,38,52,4,5,0,8,31,16,4,4,28,5,1,4,7,13,15,6,0,9,8,10,3,0,1,35,2,4,2,20,17,5,9,5,8,0,2,16,12,27,20,7,19,2,3,2,3,2,4,1,3,3,0,0,0,0
2023-04,38,67,7,6,0,8,29,10,2,2,18,0,0,6,11,24,19,12,0,0,3,2,4,1,1,27,1,5,0,16,12,2,7,2,3,0,3,8,16,10,19,6,28,6,1,2,5,5,0,11,6,3,1,2,0,3
2023-05,38,27,2,7,1,15,24,13,1,0,23,1,1,17,11,30,8,13,1,3,4,1,6,1,1,15,0,10,2,47,11,3,6,5,10,1,2,9,12,17,16,1,38,6,5,0,2,9,1,8,5,0,1,2,15,5
2023-06,38,37,4,9,1,15,31,9,2,3,23,1,0,20,10,32,7,11,1,5,6,0,3,0,2,13,1,9,1,42,17,2,6,8,5,0,0,6,9,6,38,4,36,13,3,9,15,5,4,3,4,4,1,2,13,3
2023-07,38,47,4,4,2,16,34,5,1,2,18,1,0,17,8,32,12,24,0,5,2,0,3,1,6,18,1,8,2,47,17,9,14,3,1,0,0,4,6,7,16,1,26,24,11,5,11,14,1,6,4,12,0,17,23,4
2023-08,38,52,11,3,0,18,31,6,1,4,23,1,1,13,18,27,20,8,1,2,7,1,5,3,3,12,5,16,2,52,18,14,7,0,4,0,0,3,12,8,65,3,28,15,17,4,14,121,3,5,3,7,1,1,31,3
2023-09,38,49,13,5,0,12,28,13,2,2,7,0,0,9,11,20,13,10,2,5,4,1,11,1,1,11,2,7,5,43,13,5,9,3,4,0,0,2,16,5,18,3,22,19,8,3,10,56,5,8,3,12,0,7,13,4
2023-10,38,63,5,2,2,16,29,13,2,6,8,0,1,13,5,14,11,7,0,3,0,4,3,0,1,7,2,9,0,36,8,4,2,4,5,1,0,3,16,7,25,0,14,4,2,2,8,106,5,7,2,5,1,1,9,3
2023-11,38,63,13,3,0,10,34,16,1,1,12,2,0,8,6,27,4,3,3,12,3,1,6,1,5,10,3,8,0,35,5,2,15,1,5,0,3,6,26,8,35,2,14,4,4,1,1,41,3,6,3,4,1,1,3,5
2023-12,38,39,12,7,0,8,30,18,1,1,3,1,0,8,4,32,11,2,1,8,7,1,7,0,2,27,2,6,1,23,5,5,6,3,16,0,0,2,13,9,22,2,16,3,5,4,0,22,4,5,4,5,6,2,0,0
2024-01,38,509,6,3,1,7,26,31,0,7,11,2,1,9,7,32,17,5,1,10,2,23,2,5,3,41,1,6,2,19,12,2,12,2,6,0,0,4,20,6,22,5,28,5,3,3,1,2,0,12,4,8,1,4,0,1
2024-02,38,48,4,2,1,8,24,8,1,5,18,0,4,11,16,27,17,9,0,2,11,9,4,1,2,31,2,3,1,19,17,1,3,1,0,0,0,1,13,12,11,1,20,11,4,3,4,15,0,3,2,3,3,1,0,1
2024-03,38,29,5,7,3,16,28,14,0,3,8,0,0,7,14,29,10,7,0,7,6,2,7,0,3,20,3,9,2,20,11,9,13,1,14,1,0,5,14,6,25,7,36,9,1,1,10,0,1,6,8,14,0,5,0,0
2024-04,38,39,19,4,0,18,33,25,2,4,11,1,0,15,7,19,22,13,0,2,1,0,6,9,2,15,5,18,4,11,12,3,11,4,6,0,0,5,10,10,35,4,21,7,6,2,7,56,4,3,9,15,1,5,2,4
2024-05,38,43,12,14,1,5,33,15,3,7,27,2,1,22,7,24,19,8,2,3,4,5,7,2,6,23,2,15,0,38,21,4,8,1,7,0,2,5,12,7,33,2,24,17,6,1,13,29,2,6,7,14,0,2,51,5
2024-06,38,30,6,9,0,11,27,11,1,4,14,1,0,7,13,42,19,5,1,4,0,5,4,1,1,19,4,11,1,33,17,2,4,3,18,0,2,7,13,12,26,1,9,17,16,1,8,16,5,7,8,7,0,4,25,4
2024-07,38,37,8,12,2,11,28,9,1,0,18,0,1,20,11,40,38,11,0,8,0,1,2,1,4,17,3,7,1,31,14,6,1,5,7,0,2,1,14,7,41,6,29,58,88,16,18,39,2,1,6,0,0,2,25,6
2024-08,38,28,2,5,0,13,23,17,2,1,22,0,0,20,12,38,22,9,0,3,6,0,7,1,3,12,6,11,2,60,44,5,6,2,2,0,2,6,6,15,15,2,10,20,16,1,7,100,5,3,2,7,0,4,23,4
2024-09,38,27,6,6,1,18,24,12,2,4,13,0,0,11,9,26,21,7,0,6,3,2,7,7,3,12,2,11,1,35,6,3,6,2,3,0,0,4,12,11,39,0,18,19,12,0,9,8,4,3,5,2,0,1,7,2
2024-10,38,26,7,4,0,7,19,9,2,2,8,1,2,5,7,20,26,1,0,2,8,0,12,0,2,14,2,9,1,35,5,3,7,4,2,1,5,15,17,6,40,8,28,19,4,2,9,145,4,6,1,0,2,1,4,5
2024-11,38,45,6,3,1,10,28,23,0,2,7,1,3,5,7,23,21,1,0,10,0,7,10,1,5,8,8,5,2,30,8,3,5,0,2,1,0,4,11,3,63,3,15,7,7,0,4,91,1,6,6,5,0,5,0,5
2024-12,38,35,0,1,0,17,21,25,0,5,2,1,3,10,4,20,9,2,1,10,1,2,6,1,6,0,9,3,1,22,7,1,1,0,1,0,2,7,1,7,38,5,13,7,1,0,3,88,6,5,2,0,3,3,0,3
2025-01,38,37,4,4,1,7,22,31,1,12,3,2,0,6,4,22,17,1,0,4,1,30,2,1,2,3,2,1,0,17,14,2,1,7,4,0,0,8,11,4,42,2,20,5,2,0,1,1,3,6,2,4,1,2,0,0
2025-02,38,34,2,1,2,7,13,9,0,13,3,2,1,4,6,17,35,8,1,11,1,3,6,0,1,14,4,4,4,21,6,6,2,1,1,0,2,5,16,5,32,2,21,4,1,1,2,0,4,4,5,0,2,1,0,1
2025-03,38,22,2,2,1,11,22,13,1,5,13,2,0,11,10,17,10,6,2,5,3,0,1,0,0,36,6,7,2,19,12,6,9,5,5,0,2,2,9,12,33,1,24,11,10,1,5,2,11,2,6,14,1,4,0,4
2025-04,38,44,1,4,1,12,35,11,3,9,16,0,0,15,6,31,16,5,0,5,1,0,7,0,1,17,3,7,3,37,16,10,12,4,7,2,6,6,18,16,59,4,24,16,10,2,7,4,2,8,4,18,0,6,8,8
2025-05,38,54,12,6,0,20,21,9,0,3,20,0,1,8,11,26,14,8,0,8,0,2,6,0,11,16,1,8,1,26,16,2,5,5,5,0,2,2,17,2,20,4,29,23,7,4,8,18,3,2,2,3,0,2,8,8
2025-06,38,50,1,2,0,10,20,16,2,2,27,0,1,22,18,24,12,6,1,13,1,0,9,1,8,28,0,20,0,38,21,3,6,4,5,0,2,7,19,5,33,2,20,16,14,2,10,32,2,2,4,8,0,1,22,3
2025-07,38,39,2,6,1,10,33,23,0,4,20,1,2,22,12,33,19,7,4,12,1,1,6,0,2,15,3,11,0,30,20,5,10,4,4,0,8,11,17,10,37,4,22,28,38,13,14,92,6,4,6,21,1,3,25,3
2025-08,38,38,10,3,0,8,26,18,2,1,17,3,1,9,14,27,46,3,3,3,0,2,10,3,10,23,1,8,2,33,19,2,9,5,8,0,0,5,24,5,58,5,24,30,18,1,14,155,3,12,13,13,1,3,43,7
2025-09,38,58,5,7,0,17,40,21,1,1,12,2,1,32,9,30,14,16,0,7,9,2,15,1,4,12,3,7,3,40,19,8,2,3,5,0,0,0,14,4,31,2,22,22,11,3,7,30,5,10,14,1,1,1,28,2
2025-10,38,47,4,4,1,9,30,13,0,5,4,0,1,17,19,22,19,8,1,8,11,1,7,0,5,17,2,8,1,36,15,1,5,3,4,0,0,9,17,2,27,1,31,11,14,1,9,65,3,3,4,7,0,0,5,1
2025-11,38,33,10,3,0,8,21,4,1,4,3,1,7,9,16,14,17,7,0,2,4,3,1,3,2,2,5,9,2,26,6,4,7,0,6,0,0,1,4,6,29,1,13,7,4,1,4,236,2,5,5,0,0,3,0,5
2025-12,38,31,3,1,0,6,32,20,2,10,1,2,11,3,11,14,9,10,0,9,0,5,2,2,0,12,10,5,2,15,15,1,4,2,2,0,0,5,13,0,31,1,11,2,2,2,1,311,2,2,2,5,0,4,0,2
2019-01,39,3,3,0,0,3,1,8,0,0,0,0,0,0,0,0,0,0,0,0,1,0,0,0,0,5,4,0,0,0,0,2,1,14,2,0,0,0,7,0,2,0,1,0,0,0,0,4,0,0,5,0,0,0,0,0
2019-02,39,13,4,1,1,2,6,12,1,0,0,0,0,0,0,10,0,1,0,0,1,0,3,0,0,25,1,0,1,0,0,2,2,1,2,0,0,0,1,0,29,0,2,1,0,1,1,4,0,0,9,1,0,0,0,0
2019-03,39,5,9,3,1,5,18,2,0,2,1,3,0,2,2,10,1,2,0,0,0,5,1,8,1,61,2,1,1,9,3,2,4,2,4,0,0,0,1,4,20,2,7,2,3,1,2,6,2,1,8,2,1,1,0,1
2019-04,39,7,6,1,0,4,16,4,1,1,2,3,0,3,1,13,5,3,2,1,0,1,1,2,0,32,4,7,0,7,2,1,6,4,10,0,0,1,7,2,65,2,8,3,1,3,1,7,2,0,10,0,1,2,0,2
2019-05,39,5,2,4,1,5,22,1,2,1,4,1,6,5,1,15,20,3,2,7,10,1,3,0,0,20,1,10,0,7,7,5,8,1,8,0,1,3,3,1,11,5,4,1,5,1,1,6,1,1,3,3,1,1,29,3
2019-06,39,11,0,7,0,4,36,10,2,0,1,3,1,8,0,14,1,5,0,1,7,0,5,0,3,45,2,2,0,32,7,16,8,6,17,0,3,12,3,0,18,5,10,10,11,0,4,13,3,0,2,2,2,6,106,2
2019-07,39,12,2,4,2,3,26,5,0,3,0,0,0,2,3,13,11,5,2,5,3,2,3,2,0,43,2,4,2,34,2,5,10,3,10,1,2,1,4,6,28,4,6,8,9,0,7,12,3,0,35,6,1,5,70,2
2019-08,39,7,6,0,0,5,11,6,0,4,4,0,1,8,1,11,1,5,5,0,1,7,3,4,0,41,3,2,1,19,4,4,2,0,18,0,1,1,0,2,18,3,4,10,4,3,6,10,2,5,20,2,0,1,80,1
2019-09,39,10,9,3,0,5,17,5,2,2,3,4,2,7,1,16,7,1,0,4,4,2,1,0,1,24,3,2,2,18,8,10,5,5,13,0,0,1,3,2,34,3,8,9,4,1,2,21,0,2,18,2,1,3,12,3
2019-10,39,9,6,3,1,6,23,7,1,4,1,1,1,3,1,8,9,2,0,5,1,2,1,0,1,21,2,5,1,19,6,1,4,0,14,0,2,2,1,1,42,5,7,5,3,0,4,7,2,4,32,6,0,2,9,0
2019-11,39,10,10,0,1,3,8,9,1,2,0,1,0,1,1,10,3,4,0,2,5,0,0,0,0,6,4,1,0,8,6,1,0,1,9,0,5,4,0,0,22,4,4,2,4,0,1,2,2,5,9,1,0,2,0,3
2019-12,39,8,17,0,0,7,11,9,1,5,1,0,3,6,1,10,1,4,0,3,1,3,0,0,2,10,0,2,1,6,3,2,3,1,1,0,0,1,4,1,65,0,8,3,4,0,1,1,2,3,6,1,0,0,0,1
2020-01,39,9,5,1,0,3,8,4,0,0,0,1,4,1,2,7,0,2,0,2,0,2,1,0,4,9,2,3,2,3,2,2,6,3,146,1,6,6,0,2,38,1,8,2,2,1,0,3,0,1,10,2,0,0,0,1
2020-02,39,3,9,1,0,3,21,5,0,15,0,0,3,2,0,3,4,1,0,1,5,0,1,1,1,17,2,0,0,5,2,0,0,1,32,0,0,0,3,2,9,0,5,1,1,1,1,1,4,0,4,4,2,0,0,0
2020-03,39,8,5,0,0,7,12,8,1,6,0,4,2,7,0,11,2,0,0,4,2,3,0,0,5,13,4,10,0,8,1,1,3,0,17,1,2,4,2,1,113,4,3,2,2,0,2,0,1,2,2,4,0,0,0,3
2020-04,39,3,3,0,0,1,7,12,11,1,0,0,1,5,0,7,14,0,0,1,5,3,1,0,1,9,1,9,1,2,1,1,9,2,42,3,0,5,2,0,32,3,5,4,0,1,3,12,0,0,3,1,0,2,0,6
2020-05,39,15,5,1,1,4,20,7,5,2,2,1,0,4,0,17,1,1,0,4,0,1,1,1,4,8,1,4,1,14,5,0,8,1,33,0,0,3,5,2,12,7,7,1,4,0,7,3,1,2,1,10,1,4,5,2
2020-06,39,9,2,0,0,6,13,10,4,2,5,0,0,6,0,17,10,5,0,4,1,0,0,1,1,11,16,2,3,24,4,0,11,1,32,0,0,3,0,2,57,2,5,8,13,1,4,34,3,0,2,6,1,2,30,8
2020-07,39,14,5,2,3,0,30,9,14,1,2,0,0,9,1,13,7,10,0,8,1,0,2,3,2,23,2,0,3,30,5,2,4,2,19,1,0,7,2,5,28,1,7,11,36,1,4,20,2,1,4,4,3,1,89,3
2020-08,39,24,6,0,3,5,27,9,7,3,3,1,3,6,1,9,7,2,1,0,1,0,6,2,4,13,4,5,2,20,12,1,11,1,42,0,4,5,4,2,15,1,1,20,48,5,14,13,3,2,1,15,0,2,93,3
2020-09,39,15,2,0,3,7,34,18,5,1,0,0,7,9,4,15,7,4,0,1,3,0,1,3,0,19,7,8,2,21,5,1,2,3,11,1,0,3,1,4,9,0,3,10,2,2,6,9,1,2,11,1,0,0,47,2
2020-10,39,9,2,1,0,4,17,17,10,14,1,0,0,8,2,7,1,3,1,0,5,2,1,0,0,6,4,1,2,20,3,2,3,1,3,0,1,2,5,2,46,5,9,9,1,0,1,4,0,1,9,7,0,1,15,1
2020-11,39,9,6,1,0,4,12,8,6,1,1,1,1,5,3,14,5,2,2,1,2,0,0,1,0,13,2,2,0,8,0,1,6,1,10,0,0,1,4,1,5,3,1,1,2,2,5,10,0,1,2,2,0,0,0,5
2020-12,39,23,6,0,1,9,17,9,6,14,2,0,8,1,2,15,3,2,1,7,1,0,0,0,0,6,0,2,1,10,5,2,2,0,3,0,0,2,4,0,6,2,7,1,1,0,0,3,0,1,2,2,1,1,0,2
2021-01,39,32,8,0,0,5,12,5,1,2,0,0,5,4,2,7,4,0,0,3,0,0,2,0,1,2,2,1,3,42,2,2,2,2,9,0,0,2,2,0,16,2,11,0,1,2,1,0,2,5,3,0,0,1,0,0
2021-02,39,15,2,1,0,3,37,26,1,1,2,0,0,4,3,2,1,3,1,11,0,0,2,0,1,7,7,2,3,9,10,0,0,0,11,1,1,4,3,0,32,6,1,0,1,0,0,3,2,3,1,0,2,1,0,0
2021-03,39,31,10,0,0,7,18,8,2,4,2,0,3,7,4,8,6,2,1,5,6,1,2,0,1,16,6,1,1,33,5,0,1,4,17,0,1,5,2,2,10,5,1,7,2,2,1,5,2,1,7,0,0,1,0,1
2021-04,39,25,9,0,0,13,26,9,4,2,1,0,0,5,0,13,7,3,0,1,2,5,5,0,2,8,2,7,1,18,7,0,3,7,6,0,0,1,6,2,19,1,1,2,3,1,5,6,1,0,3,1,1,1,0,5
2021-05,39,12,4,0,0,3,28,12,5,0,2,0,0,7,3,15,7,5,1,1,2,1,3,0,0,12,0,1,1,33,10,0,2,6,10,0,0,1,3,8,30,3,25,8,1,1,14,21,1,2,0,1,0,0,3,3
2021-06,39,16,2,3,0,9,38,7,1,0,3,1,1,11,7,17,1,10,2,0,2,1,4,0,1,19,2,5,3,49,4,4,7,2,3,0,0,1,2,3,69,3,15,11,6,0,0,52,0,4,1,5,0,2,0,5
2021-07,39,24,3,1,0,7,23,16,0,1,1,2,2,15,1,10,0,16,0,3,6,3,2,0,0,16,2,3,1,34,3,0,5,3,16,0,2,1,1,4,17,5,3,7,11,3,6,12,5,3,9,6,0,3,10,5
2021-08,39,7,2,0,1,6,28,9,4,1,2,1,0,7,4,10,2,7,0,4,3,2,3,0,5,9,3,2,3,33,14,0,2,0,17,1,0,2,5,4,6,2,3,6,9,0,3,13,5,3,6,2,0,0,6,0
2021-09,39,12,2,0,1,8,25,9,4,1,3,0,0,6,1,10,3,3,0,2,0,1,2,0,2,3,2,4,1,38,8,1,2,1,12,0,0,0,5,4,10,2,8,6,2,2,1,16,1,3,5,1,0,0,43,3
2021-10,39,10,3,3,0,6,25,19,0,1,0,1,2,5,2,17,1,4,1,3,1,1,3,0,1,4,0,3,0,27,8,0,5,0,29,0,2,2,1,1,11,3,5,7,24,1,1,6,2,0,2,2,0,2,0,3
2021-11,39,11,3,3,2,6,24,9,0,0,0,1,2,8,3,8,4,2,1,1,1,0,2,2,3,9,2,4,2,22,6,0,0,0,11,0,0,0,14,5,24,1,7,10,2,0,1,2,1,2,5,2,0,0,0,4
2021-12,39,21,1,1,0,9,20,14,4,1,0,1,0,5,4,13,4,2,0,6,0,1,1,0,0,2,0,2,1,16,4,3,3,2,5,0,0,1,11,0,24,5,12,2,3,0,1,3,1,0,0,2,0,0,0,2
2022-01,39,8,5,1,0,6,33,24,3,3,0,2,1,2,2,4,0,3,1,3,1,1,3,1,1,13,2,1,1,8,5,0,0,3,8,0,2,2,5,1,23,0,3,0,1,0,0,0,3,1,2,0,0,2,0,0
2022-02,39,17,2,3,1,7,13,8,1,0,0,0,0,2,6,10,3,0,0,3,0,2,1,0,0,24,1,2,0,13,8,2,4,2,0,0,0,3,2,0,19,5,4,1,0,0,0,0,0,1,4,15,0,3,0,0
2022-03,39,29,2,0,0,9,20,10,0,0,0,1,1,8,4,15,4,2,1,9,3,7,4,0,0,15,0,2,1,17,13,3,2,1,13,0,0,8,2,2,11,3,36,0,8,1,2,8,1,2,2,3,0,0,0,2
2022-04,39,18,0,7,1,2,16,4,0,0,1,0,2,3,2,13,1,7,0,2,1,0,4,0,0,29,0,3,0,15,7,1,6,1,11,0,0,0,1,0,18,1,2,0,5,1,4,3,2,0,0,1,0,0,0,2
2022-05,39,29,2,5,1,3,15,12,1,2,2,0,3,9,5,8,6,5,1,3,1,0,3,0,0,24,0,2,1,18,9,1,9,1,3,0,1,2,9,0,33,0,17,6,5,0,3,10,3,2,4,8,0,3,2,3
2022-06,39,21,0,1,0,3,16,14,1,2,0,1,1,3,2,12,0,8,0,5,1,0,5,0,0,23,3,1,1,25,14,2,3,4,7,0,3,2,4,0,58,4,11,48,47,2,18,14,2,1,0,2,0,0,4,4
2022-07,39,15,1,2,0,3,12,13,0,0,2,0,0,12,2,12,7,9,2,3,1,0,4,0,1,17,6,7,3,27,6,3,2,1,4,1,2,6,4,2,11,3,10,9,14,0,14,12,1,2,3,3,0,1,1,6
2022-08,39,20,3,3,0,5,33,8,0,1,0,1,0,7,2,9,4,2,2,2,0,3,6,0,0,22,2,4,6,25,8,1,2,2,2,0,0,1,1,0,25,4,21,10,3,1,7,10,3,2,1,2,0,1,1,3
2022-09,39,18,3,5,0,4,40,4,0,2,3,0,0,7,2,15,4,2,0,5,0,0,3,0,2,14,2,1,2,30,10,0,4,2,1,0,1,1,6,1,14,8,49,5,3,10,6,12,6,3,13,0,3,1,3,4
2022-10,39,21,1,4,0,2,20,7,1,2,0,0,2,12,4,8,7,2,1,0,1,0,4,0,0,7,6,6,1,18,4,1,0,2,1,1,1,8,3,1,16,2,6,4,2,5,0,8,1,1,7,0,1,1,0,6
2022-11,39,11,3,1,0,2,27,18,0,0,0,0,2,4,3,4,1,1,0,8,1,0,7,0,1,6,1,0,0,10,3,0,3,3,5,1,0,7,10,3,48,1,5,6,3,0,5,5,1,3,6,4,0,3,0,5
2022-12,39,6,11,0,0,8,33,30,0,6,1,0,0,5,1,7,1,3,1,1,3,7,0,0,1,9,7,1,1,10,3,0,0,0,6,0,0,3,4,1,8,1,0,0,0,1,0,2,0,2,1,1,0,0,0,2
2023-01,39,19,8,0,1,1,30,10,0,4,0,0,0,2,1,12,1,2,0,3,2,0,1,0,0,35,2,0,3,7,5,1,1,1,6,0,0,4,5,0,55,3,7,1,1,3,6,0,1,1,8,0,0,1,0,0
2023-02,39,32,9,3,0,3,21,4,0,6,1,0,0,9,1,5,3,2,0,4,0,1,2,7,1,10,0,2,2,5,7,3,3,2,3,1,0,7,4,2,13,2,7,4,3,4,1,14,0,3,2,7,0,0,0,0
2023-03,39,13,1,6,0,4,13,9,0,0,1,1,1,9,2,11,5,0,1,2,1,2,1,0,1,32,0,5,3,15,5,1,0,1,1,0,1,3,4,0,17,1,12,3,1,0,2,2,1,4,2,3,0,3,0,1
2023-04,39,20,0,5,0,6,17,5,0,0,3,0,0,0,6,10,7,4,0,4,3,0,0,1,0,11,0,5,2,8,8,1,3,1,3,0,0,2,4,2,28,1,5,3,3,4,1,58,2,1,2,1,0,1,0,4
2023-05,39,16,16,2,1,4,21,11,0,2,0,1,0,4,1,11,4,4,0,4,1,0,1,0,0,4,2,6,2,16,2,0,0,1,4,0,0,4,3,0,22,2,5,3,6,21,2,106,2,8,2,2,0,3,0,4
2023-06,39,15,8,0,0,7,21,9,3,1,2,0,0,8,6,7,5,1,0,2,1,0,1,0,1,5,0,9,1,17,1,0,3,2,0,0,0,1,8,2,26,6,11,9,8,18,7,98,3,4,7,1,0,1,5,2
2023-07,39,12,2,1,0,4,12,7,0,5,4,1,0,4,4,16,1,6,0,6,1,0,0,0,0,14,1,8,0,23,8,5,8,3,2,0,3,5,6,2,21,5,6,29,10,2,6,29,2,2,6,11,0,3,8,4
2023-08,39,21,0,3,0,4,43,17,0,2,3,0,0,6,2,16,6,3,0,3,2,0,0,0,0,12,6,6,3,15,7,4,3,2,1,0,0,3,5,3,21,5,8,15,19,4,5,0,1,1,4,2,0,0,5,3
2023-09,39,14,3,1,0,5,15,16,0,0,2,2,1,7,1,12,7,6,0,3,6,0,1,1,0,6,6,6,0,21,9,0,0,1,1,1,2,3,5,2,9,2,23,12,4,0,3,22,0,6,6,2,0,3,1,4
2023-10,39,12,2,2,0,4,23,17,0,8,0,0,0,5,0,8,1,3,1,3,4,8,0,2,1,9,5,5,1,16,13,0,2,1,0,0,1,2,6,4,5,3,13,7,4,1,2,1,0,5,7,0,1,3,2,6
2023-11,39,12,2,0,2,7,28,13,0,0,0,0,0,9,1,9,8,2,0,3,2,4,1,0,2,7,3,5,0,6,4,0,1,0,5,0,0,2,1,3,20,6,5,2,0,1,1,65,1,2,2,2,0,1,0,5
2023-12,39,14,7,0,0,2,19,14,0,4,0,0,0,3,1,8,6,1,0,1,3,8,0,0,3,10,6,5,2,9,3,0,2,1,4,1,2,3,5,5,10,1,9,3,0,0,0,76,2,4,2,4,1,3,0,3
2024-01,39,30,1,0,0,3,26,33,0,9,2,2,0,6,6,9,3,2,1,2,1,6,0,0,3,29,3,4,1,9,6,0,1,0,4,0,0,2,4,3,19,3,11,7,2,0,3,52,1,7,4,7,1,1,0,0
2024-02,39,19,5,2,0,6,18,10,0,0,1,0,0,6,4,11,2,4,1,3,4,0,1,0,4,39,3,5,1,12,4,1,0,0,7,0,0,0,11,4,16,2,7,5,3,2,4,83,0,4,6,1,0,0,0,1
2024-03,39,21,2,0,0,7,19,8,0,1,1,3,0,6,2,6,5,1,0,3,3,0,0,0,1,5,2,10,1,4,6,2,3,2,9,0,0,1,5,1,9,2,10,5,4,0,3,23,1,2,20,14,2,1,0,3
2024-04,39,15,1,2,1,4,27,10,0,1,3,1,0,19,3,11,6,2,0,0,2,0,0,0,1,12,0,4,0,11,6,2,2,0,2,0,2,4,3,2,4,1,16,6,3,2,7,98,0,2,15,4,0,0,0,5
2024-05,39,14,2,0,0,4,13,5,0,0,3,1,1,4,0,14,5,1,0,6,1,0,1,0,1,25,0,9,0,10,8,3,4,2,1,0,0,1,11,6,58,1,14,7,19,3,6,90,1,0,6,11,1,3,8,4
2024-06,39,17,3,4,1,6,17,15,0,6,0,1,0,1,2,11,4,3,2,5,1,3,4,1,0,20,2,4,1,18,7,4,1,3,2,1,0,0,12,2,7,4,4,9,20,1,10,37,3,4,3,6,0,0,3,6
2024-07,39,14,4,1,1,10,20,11,1,3,2,1,0,12,4,15,8,3,1,4,0,2,1,0,0,6,3,0,0,14,5,3,0,2,3,0,1,2,3,1,3,1,5,37,146,1,6,20,0,1,6,0,0,1,3,4
2024-08,39,12,2,5,0,4,17,16,0,1,1,0,0,6,0,10,7,6,1,5,0,0,0,0,0,13,4,1,1,6,1,3,3,4,2,0,0,0,6,1,17,4,5,16,18,2,7,52,0,4,4,2,0,2,0,6
2024-09,39,10,3,0,0,5,14,7,1,3,0,0,0,7,2,10,5,0,0,2,1,0,1,2,0,8,6,7,2,4,1,4,2,1,4,0,1,1,2,5,24,1,4,8,11,3,3,9,0,2,4,0,0,1,2,6
2024-10,39,21,1,1,2,5,27,15,0,8,1,0,0,8,1,7,5,3,0,0,2,3,0,0,0,8,2,6,1,9,5,1,2,1,3,1,2,2,3,2,18,11,8,9,8,0,1,18,1,6,5,4,0,0,0,5
2024-11,39,17,1,0,0,4,23,4,0,1,0,0,1,3,0,8,7,2,0,3,4,1,1,0,3,9,4,6,2,10,12,0,2,1,1,0,0,2,8,1,24,3,0,5,3,0,5,56,0,2,2,2,0,1,0,11
2024-12,39,10,0,0,0,5,17,29,0,16,0,2,1,6,4,11,19,3,0,1,2,2,0,0,2,14,0,2,2,2,10,0,4,0,6,0,0,4,3,0,10,4,5,2,5,0,0,72,0,2,1,5,0,1,0,4
2025-01,39,23,2,1,0,5,12,17,5,5,0,0,4,2,3,9,9,3,0,2,2,7,0,0,1,16,2,3,3,9,7,1,0,1,1,0,0,1,10,1,7,3,16,2,0,1,0,59,0,1,5,3,0,1,0,0
2025-02,39,13,1,0,0,3,11,13,1,2,0,0,1,3,4,11,15,4,0,1,2,2,0,0,1,16,0,3,1,1,6,0,0,1,1,0,0,4,2,0,22,4,12,1,4,3,1,24,2,1,2,1,0,0,0,0
2025-03,39,23,1,2,1,5,7,7,0,7,4,1,1,4,4,10,9,3,0,4,1,7,0,0,0,16,2,2,1,4,8,3,0,1,3,0,0,0,4,0,16,1,4,1,7,0,0,2,0,0,4,3,2,0,0,5
2025-04,39,33,1,0,0,5,17,5,0,2,4,0,0,6,1,9,16,4,0,3,1,0,1,1,1,9,7,8,0,4,16,0,1,4,4,0,0,1,6,0,45,0,1,4,5,6,2,1,0,3,2,4,3,0,1,3
2025-05,39,23,4,0,0,5,11,12,0,0,0,0,0,6,2,9,5,4,0,0,0,2,0,0,0,22,6,7,4,8,13,1,1,1,2,0,0,4,3,0,6,2,11,16,33,3,8,1,3,1,3,2,0,0,5,6
2025-06,39,24,3,0,1,8,22,14,0,2,2,0,1,4,1,13,2,1,1,3,3,2,2,2,1,12,3,4,0,11,5,1,3,2,7,0,4,4,9,2,10,8,18,14,23,3,6,0,2,1,6,4,1,1,3,6
2025-07,39,14,0,6,1,6,16,16,0,3,3,0,3,10,3,16,10,5,1,6,2,13,2,0,4,7,9,5,0,8,6,1,2,1,3,0,0,2,8,0,11,7,3,21,15,3,5,0,0,6,10,7,0,0,5,9
2025-08,39,24,0,4,0,2,17,11,2,1,1,0,4,9,3,11,14,3,1,4,2,9,2,0,2,16,3,6,1,17,10,0,3,3,2,1,4,5,7,1,22,7,7,7,4,1,9,0,3,6,13,11,0,1,5,3
2025-09,39,23,2,1,0,7,24,9,3,0,1,1,0,14,5,11,0,3,0,5,1,0,2,5,1,9,4,4,1,14,5,0,2,2,1,0,0,2,1,0,21,0,9,5,5,2,7,5,0,5,12,1,1,0,1,5
2025-10,39,19,0,3,1,10,18,17,0,4,1,1,2,14,2,9,3,2,0,3,3,1,2,2,1,9,5,4,0,4,2,3,4,2,3,1,1,1,4,0,19,4,9,5,7,1,5,6,0,2,5,2,0,3,0,3
2025-11,39,25,4,0,0,4,19,20,0,2,4,1,1,5,0,1,4,3,0,3,2,1,2,1,1,4,3,5,1,3,6,1,2,0,6,0,0,3,4,2,8,0,8,3,5,2,2,2,1,0,4,0,2,2,0,6
2025-12,39,8,1,2,0,5,12,11,1,2,0,1,2,1,2,8,4,2,0,6,1,3,2,3,6,9,7,1,1,2,6,2,0,1,0,0,0,1,4,1,13,1,12,2,5,2,0,0,0,0,9,2,0,2,0,1
2019-01,40,0,3,1,0,2,0,21,0,1,0,0,0,0,0,0,0,0,0,0,0,1,2,0,1,0,0,0,0,0,0,0,2,1,1,0,0,0,0,0,1,0,2,0,0,0,1,0,1,0,3,1,0,0,0,0
2019-02,40,0,4,1,1,1,11,20,0,3,0,0,0,0,1,3,0,0,0,1,0,0,2,0,0,8,0,0,3,0,3,1,1,0,2,0,0,0,3,0,26,0,2,2,1,0,0,1,3,1,0,1,0,0,0,0
2019-03,40,5,3,2,0,1,8,1,2,5,5,0,2,6,6,12,6,0,0,0,0,4,0,1,2,26,0,2,2,7,10,2,4,0,9,0,0,0,4,5,92,7,7,3,0,0,0,2,3,1,1,4,0,1,0,0
2019-04,40,4,1,1,2,0,15,12,1,5,19,1,1,13,7,12,3,3,0,3,2,0,2,0,0,22,1,2,2,5,7,4,11,1,13,0,2,4,4,4,24,2,22,2,0,1,1,3,1,5,0,6,0,1,0,0
2019-05,40,3,2,3,2,1,19,6,0,1,1,0,3,10,5,9,3,1,0,0,3,2,0,1,0,30,1,8,0,7,4,2,6,0,12,0,0,4,7,1,58,5,17,3,2,1,6,3,5,1,1,10,0,3,230,0
2019-06,40,3,3,1,1,2,22,11,0,3,14,0,4,14,1,5,8,4,1,0,2,2,0,3,0,31,0,10,2,10,11,4,5,1,6,0,1,1,4,4,52,1,30,13,5,1,1,22,5,1,2,5,0,3,375,1
2019-07,40,10,9,2,1,5,21,7,0,5,17,2,0,17,16,12,5,5,0,8,2,0,1,4,1,18,0,6,7,15,11,0,7,2,4,0,3,1,8,3,79,4,11,9,7,3,7,32,11,2,10,5,0,0,342,3
2019-08,40,13,6,1,0,0,24,8,1,1,10,1,2,15,16,11,8,4,0,0,1,7,2,0,1,6,3,7,1,20,5,2,4,1,28,0,0,9,2,3,71,0,6,9,6,0,10,19,3,6,11,1,0,1,414,1
2019-09,40,5,10,1,0,0,19,7,0,2,9,1,1,10,3,12,5,0,0,2,0,1,1,0,1,18,1,8,4,24,7,2,13,1,10,1,1,1,9,3,55,3,10,7,1,0,4,11,5,4,2,3,0,3,303,1
2019-10,40,17,7,2,0,0,21,9,1,1,12,0,3,13,14,6,5,1,0,4,2,0,1,0,0,9,1,10,0,12,2,0,3,1,24,0,0,1,8,1,62,2,12,2,2,1,2,7,1,7,6,2,0,1,62,0
2019-11,40,2,7,3,0,1,22,4,1,0,3,0,5,7,8,6,1,1,0,2,2,1,1,0,1,9,1,6,0,9,5,1,1,2,7,0,3,1,13,3,62,1,11,4,4,0,0,2,3,5,3,1,0,1,0,0
2019-12,40,7,2,4,0,1,22,5,0,4,2,0,3,9,5,5,4,3,0,0,2,1,0,0,2,21,3,4,0,10,2,1,3,0,3,0,0,0,3,2,17,3,16,2,1,0,1,0,2,2,2,0,1,0,0,0
2020-01,40,12,1,1,0,2,23,8,0,2,8,1,15,5,2,3,6,2,0,0,6,2,3,1,2,12,0,7,0,8,4,1,4,0,6,0,2,1,13,7,13,2,11,4,2,1,2,5,2,3,2,7,1,1,0,0
2020-02,40,4,2,1,0,1,13,5,0,2,5,0,1,10,6,14,9,4,0,2,0,1,1,1,2,11,0,0,0,8,5,1,3,0,6,0,0,6,3,2,13,2,9,2,2,0,4,1,1,1,0,1,0,1,0,0
2020-03,40,5,1,2,0,4,18,11,3,2,16,0,2,6,5,12,1,3,0,2,2,1,3,0,0,14,2,1,3,8,6,0,6,1,15,0,0,4,11,6,20,1,11,1,0,0,1,1,3,1,0,3,0,0,0,0
2020-04,40,1,7,6,1,0,15,7,10,2,6,0,1,10,9,15,7,0,0,1,2,0,0,0,0,24,1,1,1,8,7,2,6,0,27,0,0,0,0,6,21,2,15,5,1,9,1,9,2,1,1,2,0,1,0,0
2020-05,40,6,4,1,1,3,13,12,5,5,6,2,3,29,4,15,18,5,0,0,1,1,3,0,4,12,0,15,6,12,11,2,9,1,11,0,0,2,6,3,9,1,18,9,1,2,4,10,4,5,1,12,0,4,17,1
2020-06,40,4,4,0,0,3,19,11,3,0,7,2,1,10,10,16,5,4,0,2,0,0,0,0,0,6,0,14,1,13,10,1,1,5,9,0,0,1,3,4,61,1,12,6,11,2,6,31,9,3,1,6,0,0,177,0
2020-07,40,18,8,0,0,2,22,7,6,1,19,2,0,18,17,20,12,2,0,0,2,0,1,1,0,6,2,9,3,16,19,5,11,3,67,0,10,2,5,9,64,1,41,19,4,0,1,19,5,2,0,5,1,5,510,1
2020-08,40,19,5,0,2,3,13,10,6,0,11,0,1,4,9,15,10,2,0,2,2,0,2,0,0,5,1,5,2,19,4,5,7,2,9,0,0,2,5,4,127,3,14,48,21,0,10,9,5,1,1,6,1,5,630,1
2020-09,40,32,9,3,0,4,14,6,4,2,15,1,5,12,9,16,6,5,0,1,3,0,2,1,2,2,0,7,3,14,3,1,3,1,10,0,0,3,5,1,82,0,10,35,2,0,2,26,0,4,1,1,0,1,279,2
2020-10,40,22,7,2,1,3,22,11,2,1,4,1,1,7,10,9,1,0,0,5,8,3,1,0,0,5,0,3,2,16,7,2,4,0,17,0,0,0,5,2,35,4,16,10,1,0,1,3,1,3,0,3,0,2,223,1
2020-11,40,28,2,0,2,1,14,9,1,2,1,0,7,7,5,18,11,2,0,2,0,3,0,0,1,10,0,1,1,4,8,0,6,0,22,1,2,3,7,3,36,3,9,8,1,0,0,1,2,1,0,0,0,1,0,3
2020-12,40,4,2,0,0,3,14,7,3,3,8,0,14,6,10,9,15,3,0,1,5,2,0,0,0,5,0,6,1,16,10,0,2,0,17,1,2,5,6,11,16,0,9,4,0,0,0,5,2,1,1,1,0,3,0,2
2021-01,40,8,1,0,0,4,17,11,3,1,2,0,6,9,5,6,4,0,0,0,0,9,1,2,1,12,0,6,1,20,1,0,0,0,39,0,0,0,6,5,17,2,10,0,0,0,1,1,5,1,1,0,0,0,0,0
2021-02,40,6,0,1,0,2,44,22,2,0,2,1,0,1,4,5,6,1,0,30,2,3,1,0,0,10,3,1,1,7,22,1,1,1,24,0,2,2,9,0,16,0,7,0,1,0,0,0,0,5,1,0,0,2,0,0
2021-03,40,5,2,2,1,2,21,5,0,1,28,1,3,9,10,22,13,0,0,10,0,0,0,1,1,18,1,2,1,27,16,1,3,2,19,0,0,1,4,9,21,2,8,4,3,0,0,5,2,4,2,0,0,2,0,0
2021-04,40,11,2,2,0,3,20,15,0,1,14,0,2,7,5,15,12,1,1,4,2,0,2,0,0,22,1,14,1,22,7,0,2,1,4,0,0,2,10,3,9,3,12,3,1,1,2,10,0,5,1,0,1,2,0,2
2021-05,40,39,6,3,0,5,20,22,1,1,17,1,0,15,8,11,6,3,1,3,2,3,2,0,0,15,0,9,1,33,10,2,4,0,54,0,0,2,6,3,12,4,6,5,5,0,18,12,2,2,2,3,1,1,13,0
2021-06,40,32,8,0,1,3,20,8,2,0,18,0,1,5,7,11,12,3,0,3,1,7,3,2,0,8,0,4,4,31,8,5,2,0,14,0,0,3,5,4,12,6,20,9,1,1,9,15,1,0,0,8,2,0,74,0
2021-07,40,13,1,1,1,2,24,10,0,1,12,2,0,13,7,11,9,6,1,2,1,1,0,2,1,12,0,11,0,24,9,1,0,1,15,0,0,2,9,2,14,1,16,4,1,0,2,18,2,8,2,4,0,1,60,1
2021-08,40,16,11,0,0,1,19,9,0,1,9,0,0,6,21,10,7,0,0,4,2,1,1,1,1,11,0,7,2,19,4,4,2,2,24,0,0,1,9,0,37,11,19,3,4,0,5,17,3,2,1,4,0,0,173,0
2021-09,40,4,0,0,0,2,19,7,1,0,4,0,0,15,4,10,8,5,0,1,2,1,0,0,0,4,0,5,4,20,7,5,0,0,8,0,4,9,21,1,44,4,19,4,3,0,4,90,2,12,0,0,1,0,207,0
2021-10,40,18,3,3,2,6,27,18,2,0,5,1,0,9,6,7,8,2,0,1,2,2,3,0,0,1,1,4,0,13,3,1,2,0,33,0,0,1,9,3,33,4,13,13,14,0,1,4,1,4,0,4,0,1,0,0
2021-11,40,22,4,0,0,4,20,10,1,1,4,1,4,3,5,7,10,0,0,3,1,0,1,0,0,5,0,11,0,15,2,1,0,3,15,0,0,2,9,1,48,1,7,4,1,8,1,6,0,0,1,1,0,0,0,0
2021-12,40,12,4,0,2,2,22,8,0,2,6,0,0,10,6,6,6,0,0,1,0,0,2,0,0,4,0,2,0,11,5,1,3,0,30,0,1,2,12,1,40,0,13,15,2,0,1,1,3,3,1,2,0,2,0,1
2022-01,40,15,3,0,1,2,17,17,3,6,0,2,2,0,3,6,9,0,0,1,0,3,1,0,2,11,0,8,0,3,2,2,0,2,4,0,0,0,23,0,9,2,8,4,1,0,1,1,0,9,0,1,0,0,0,0
2022-02,40,10,3,1,1,0,17,18,0,10,0,1,0,3,2,6,9,0,0,4,1,0,0,5,1,29,1,1,0,2,3,2,2,0,0,0,0,1,6,1,13,3,19,0,0,0,1,0,0,0,0,3,1,3,0,0
2022-03,40,19,3,3,0,3,23,15,1,5,13,1,0,8,6,10,22,1,1,1,1,7,2,1,0,53,3,4,3,28,4,0,1,0,6,0,4,2,5,4,21,1,15,17,1,0,0,0,3,5,1,4,1,3,0,0
2022-04,40,7,1,1,0,1,25,11,0,1,7,0,0,7,13,9,2,3,0,1,1,1,0,0,1,63,0,12,2,25,8,0,4,2,3,0,8,5,6,1,17,2,25,4,0,1,5,19,1,5,0,11,0,2,0,1
2022-05,40,11,2,1,0,2,20,9,0,2,20,0,0,3,8,13,8,3,0,4,3,1,3,0,0,32,1,4,2,21,10,6,6,0,2,0,0,0,9,1,6,10,14,6,1,1,1,16,0,1,0,4,0,1,28,1
2022-06,40,12,1,2,3,3,16,6,0,1,11,1,0,7,2,11,11,3,0,4,1,2,0,0,0,7,3,15,0,10,10,0,4,1,0,0,0,1,8,7,73,3,5,11,11,6,5,18,1,5,0,10,0,0,56,2
2022-07,40,5,0,0,0,2,22,15,2,3,4,0,0,7,3,10,6,2,2,3,0,7,3,0,3,20,0,5,1,12,10,2,1,1,1,0,0,0,10,4,5,2,26,8,10,0,4,8,2,2,0,1,0,2,28,2
2022-08,40,15,0,3,0,5,20,13,0,2,11,0,4,6,2,18,12,1,0,2,1,1,2,0,1,15,4,13,0,7,17,4,1,5,2,0,2,4,20,4,22,1,22,17,1,0,5,22,2,9,1,0,0,0,13,0
2022-09,40,16,5,1,0,3,22,6,0,1,2,0,3,15,4,8,12,3,0,2,0,1,3,4,2,5,1,10,1,16,9,3,0,0,1,0,2,5,13,4,41,5,22,5,2,37,2,7,6,4,3,0,0,0,4,0
2022-10,40,18,5,0,0,6,19,7,1,0,0,1,4,8,1,13,12,2,1,2,1,0,0,0,1,10,0,4,4,13,10,0,2,2,3,0,7,6,6,4,45,3,23,8,3,1,3,7,0,2,1,0,0,0,3,0
2022-11,40,10,3,0,0,0,16,12,0,1,2,0,1,6,2,4,14,1,2,2,1,1,1,0,3,9,1,7,1,9,2,3,6,1,2,0,0,1,12,1,16,2,5,9,1,0,3,4,2,7,1,0,0,4,0,0
2022-12,40,12,3,1,0,4,24,21,0,5,5,0,0,7,1,5,8,0,1,0,0,9,1,0,4,17,0,7,0,9,6,0,1,0,13,0,0,2,7,11,9,2,13,4,0,0,0,14,0,0,1,2,1,0,0,4
2023-01,40,16,2,0,1,2,18,19,1,0,17,0,1,5,6,6,3,1,0,3,3,4,0,0,0,13,0,4,1,4,5,4,1,1,0,0,0,2,12,9,23,0,19,5,2,1,0,0,1,0,0,1,1,1,0,1
2023-02,40,10,6,0,1,3,13,9,1,4,9,1,0,4,3,6,6,0,1,2,1,0,0,0,0,27,2,7,0,6,3,2,4,3,0,0,0,1,5,4,47,2,13,8,0,114,1,0,1,3,1,10,0,2,0,0
2023-03,40,12,3,5,0,3,14,12,1,0,7,1,2,8,6,4,6,1,0,3,2,1,2,0,1,31,0,5,1,5,3,2,3,1,3,0,0,2,14,2,62,3,14,7,1,1,5,3,1,10,0,0,2,1,0,1
2023-04,40,15,1,1,1,4,9,7,1,0,18,0,1,8,7,14,11,2,1,0,0,1,0,2,0,17,1,7,0,15,3,2,5,1,2,0,0,2,4,15,18,3,20,7,1,0,1,0,3,3,0,2,0,0,0,1
2023-05,40,14,1,2,0,3,20,9,0,2,7,0,0,9,6,17,24,2,0,3,0,0,0,0,1,32,3,4,2,10,7,2,1,2,1,0,2,1,4,3,6,1,15,12,2,0,2,1,3,1,2,0,2,1,11,1
2023-06,40,14,6,0,0,7,23,9,3,1,5,0,2,9,6,9,2,7,1,10,0,2,3,1,1,13,0,4,0,7,6,0,0,0,2,0,0,1,8,0,25,2,20,6,5,0,1,5,2,9,3,2,1,0,10,1
2023-07,40,4,0,1,1,2,18,2,0,2,5,0,0,9,4,15,9,5,0,2,0,0,5,3,0,19,1,13,1,13,3,2,3,4,4,0,0,3,10,4,25,7,44,16,2,1,7,0,1,4,1,1,0,2,4,0
2023-08,40,15,2,2,0,6,23,13,2,0,13,1,0,20,7,12,15,3,0,5,1,5,4,0,1,12,1,7,2,14,4,0,3,1,4,0,1,3,10,2,60,3,30,48,6,3,5,0,2,4,0,1,0,2,15,3
2023-09,40,11,10,0,1,6,16,11,0,2,2,1,0,12,8,13,4,0,0,4,0,0,4,1,0,12,0,0,1,5,6,2,3,1,4,0,0,0,8,4,20,0,26,19,3,6,3,2,2,2,0,7,0,3,9,1
2023-10,40,13,0,1,0,3,17,20,0,4,3,0,2,14,4,13,6,4,0,1,0,0,1,2,0,10,1,6,1,7,1,1,0,0,4,0,1,4,9,2,22,3,36,10,2,1,0,9,2,0,1,1,0,2,1,0
2023-11,40,8,0,0,0,3,22,14,0,0,0,0,1,7,7,12,7,0,0,1,1,6,3,0,2,1,0,5,1,13,10,1,5,0,6,1,0,1,14,5,20,3,23,8,0,0,2,0,2,12,3,0,1,1,2,1
2023-12,40,15,0,0,0,2,23,12,0,1,3,1,0,8,5,7,4,0,0,0,0,1,1,0,3,20,4,7,1,7,6,1,1,0,4,0,0,0,29,6,16,3,32,3,0,14,4,66,0,11,0,6,1,1,0,0
2024-01,40,12,0,1,0,4,34,21,1,9,3,1,0,14,5,11,7,1,0,6,3,6,0,1,3,28,1,7,0,7,12,1,5,3,3,0,0,0,14,2,11,3,28,4,2,0,0,78,0,7,1,9,0,0,0,0
2024-02,40,11,0,0,0,1,25,9,1,5,6,3,0,4,7,8,4,0,1,1,0,2,1,0,1,37,3,12,0,4,5,3,1,1,3,0,0,0,18,4,9,6,13,5,0,0,1,107,2,10,2,16,0,3,0,0
2024-03,40,7,1,1,1,2,17,10,0,1,7,1,0,17,4,11,10,5,0,2,0,1,1,0,3,24,2,4,0,3,3,2,1,0,0,0,2,1,15,4,9,2,15,4,0,0,2,49,5,6,3,6,2,1,0,1
2024-04,40,7,3,0,0,7,17,32,0,0,6,2,0,7,6,12,15,9,0,0,1,2,1,0,1,37,0,12,2,11,0,1,3,1,2,0,2,1,15,4,10,4,22,10,2,0,2,31,4,8,2,7,1,0,0,0
2024-05,40,13,0,1,0,2,18,8,0,2,11,0,1,7,4,9,13,1,0,1,1,0,0,1,1,17,0,12,0,9,3,2,7,1,2,0,2,4,13,4,34,3,24,6,7,1,5,1,1,11,4,7,0,3,24,0
2024-06,40,15,1,2,0,3,8,10,0,1,7,0,0,17,7,10,5,2,0,1,0,2,3,3,3,20,1,10,1,10,5,0,2,0,1,0,0,2,11,2,27,3,16,12,5,2,8,4,4,4,0,2,0,2,12,0
2024-07,40,22,2,2,0,6,20,17,0,5,3,1,1,12,5,12,43,1,0,2,1,5,1,5,0,5,3,3,4,8,7,3,0,0,1,0,1,1,8,5,38,1,18,23,24,37,5,0,3,2,1,3,1,2,12,2
2024-08,40,27,8,4,0,3,34,14,0,0,8,1,0,11,8,14,15,1,0,6,1,1,1,2,3,16,2,2,0,11,19,2,3,0,0,0,0,0,6,2,26,2,26,10,11,0,4,4,3,6,4,3,0,1,8,1
2024-09,40,12,4,1,0,2,13,5,1,2,13,0,0,25,8,5,8,2,0,4,1,1,0,1,1,2,2,5,3,16,21,1,2,2,1,0,0,2,10,2,56,7,26,20,8,1,4,2,3,3,0,2,0,0,3,0
2024-10,40,16,0,1,0,3,11,5,1,1,8,0,1,14,3,10,17,1,0,0,3,0,0,4,1,5,3,4,1,6,0,0,4,0,0,0,2,6,10,2,17,1,17,9,7,0,2,3,1,9,1,9,2,0,5,0
2024-11,40,4,2,1,1,5,18,13,0,1,2,0,2,6,4,13,32,2,0,0,0,0,3,0,2,7,1,2,1,6,3,0,0,2,0,0,0,1,5,3,33,4,22,11,0,1,3,7,0,4,0,1,1,2,0,0
2024-12,40,4,0,0,0,0,21,17,1,4,1,0,2,5,2,6,22,5,1,0,0,7,3,2,3,6,4,3,0,6,18,1,2,1,0,0,4,3,16,1,20,1,14,2,1,0,0,3,5,2,0,0,1,0,0,0
2025-01,40,24,5,0,0,1,23,19,1,3,3,0,2,8,6,9,20,6,0,1,1,3,2,1,8,4,1,11,0,6,9,3,4,1,1,0,0,1,12,5,14,3,18,1,0,0,0,31,0,4,3,1,0,1,0,0
2025-02,40,9,1,0,1,6,18,19,0,2,3,0,4,6,1,11,36,2,0,2,0,4,3,1,1,27,4,10,0,2,4,0,0,1,2,0,2,1,17,3,24,2,13,3,1,0,1,92,0,3,1,0,0,3,0,0
2025-03,40,21,6,1,0,2,13,11,0,3,11,2,3,13,8,10,10,1,0,1,1,0,2,0,0,26,1,2,1,5,5,1,2,3,1,0,1,2,10,2,23,1,17,5,4,1,1,106,0,6,2,5,0,3,0,1
2025-04,40,38,0,1,0,3,23,12,0,6,6,1,4,5,4,8,13,4,0,0,2,0,1,0,2,32,0,6,4,6,4,4,17,2,5,0,1,0,16,0,14,1,19,8,1,0,2,111,0,4,1,9,0,3,1,2
2025-05,40,14,1,1,0,5,16,5,0,5,5,0,0,8,4,17,6,3,0,0,1,1,2,1,1,10,3,15,1,9,3,7,1,0,8,0,0,1,9,1,25,7,19,6,16,0,1,36,3,6,3,0,0,0,1,0
2025-06,40,24,2,5,1,4,20,7,2,1,6,0,1,13,5,14,3,0,1,4,0,3,4,1,3,9,2,24,0,5,5,2,3,1,3,0,0,0,9,4,34,8,11,6,27,3,7,65,0,4,0,10,0,10,22,0
2025-07,40,9,4,0,0,1,24,14,1,2,7,0,1,34,11,9,5,5,0,5,0,0,2,3,1,20,3,15,3,7,6,2,3,0,3,0,2,4,15,3,43,2,23,30,39,1,3,4,6,1,1,8,1,1,18,2
2025-08,40,31,7,1,3,7,26,17,0,1,7,0,0,12,16,10,9,7,1,1,0,0,9,7,2,29,1,1,0,12,10,1,7,2,2,0,2,4,11,5,17,1,20,9,8,7,3,3,3,10,1,6,0,8,20,2
2025-09,40,4,1,0,1,8,23,15,0,2,4,1,0,12,9,11,14,5,1,6,1,2,0,1,1,35,2,11,3,12,3,2,0,1,1,0,0,2,16,6,7,1,30,6,5,1,3,2,2,5,1,1,1,1,18,3
2025-10,40,6,0,1,0,2,30,15,1,1,8,3,1,5,8,10,14,6,0,0,1,0,0,0,2,19,1,9,2,6,6,1,3,2,2,0,0,0,10,3,13,0,17,5,5,27,9,15,1,6,0,1,2,1,3,0
2025-11,40,9,2,0,1,1,15,12,0,3,1,0,3,4,1,5,6,1,0,0,1,2,1,0,0,3,0,6,0,5,8,0,1,1,0,0,0,2,12,4,8,0,24,1,2,0,3,57,3,5,0,0,0,0,0,1
2025-12,40,11,0,0,0,9,27,38,1,0,0,2,2,3,3,7,19,2,0,6,2,4,0,1,2,13,8,3,1,3,2,0,2,0,0,0,2,1,12,1,18,0,9,1,0,0,1,22,0,4,0,3,0,1,0,1
2019-01,41,2,5,1,1,3,1,3,0,1,0,3,0,0,0,0,0,1,0,0,1,0,0,0,1,41,11,0,7,0,0,3,6,20,14,0,0,0,5,0,14,0,6,0,0,0,0,1,0,0,31,0,1,0,0,0
2019-02,41,6,2,2,0,8,7,9,0,1,0,0,0,0,0,13,0,4,0,0,0,0,0,2,0,47,11,0,12,0,1,0,7,3,10,0,0,0,4,0,34,1,3,2,1,0,2,1,0,0,34,5,0,1,0,0
2019-03,41,16,4,1,0,5,10,3,1,4,1,2,1,3,7,10,4,2,1,6,1,0,0,4,1,115,7,1,10,5,3,7,9,3,21,0,0,3,2,3,48,2,4,4,1,1,1,8,2,1,54,6,0,2,0,1
2019-04,41,10,7,8,0,4,10,1,0,4,1,2,2,3,4,11,4,5,2,4,1,1,2,0,1,68,3,9,13,5,1,3,8,6,17,1,1,4,2,6,80,5,11,10,4,6,4,1,2,0,14,6,1,1,0,1
2019-05,41,6,8,10,0,5,16,3,2,2,0,2,4,9,2,9,4,3,0,2,2,0,1,4,2,51,3,5,9,10,0,12,22,6,37,2,7,6,2,5,57,6,20,7,10,10,6,9,0,0,14,19,2,3,4,4
2019-06,41,11,2,3,1,6,18,5,1,6,2,1,2,4,0,10,6,5,0,5,3,0,1,0,1,28,0,6,10,15,7,5,9,8,55,1,1,3,10,2,34,3,4,12,3,6,2,21,0,2,7,13,0,0,2,10
2019-07,41,12,1,11,0,2,21,6,1,7,1,2,1,1,3,11,13,8,1,2,2,1,0,1,2,33,6,3,6,29,3,6,6,5,23,0,2,3,9,2,79,10,11,11,10,3,12,29,0,0,122,10,1,0,4,2
2019-08,41,7,2,2,0,4,22,9,0,10,5,4,1,7,0,14,10,4,3,8,5,3,0,1,0,46,5,5,6,17,12,7,6,6,31,0,2,8,5,8,66,3,29,10,5,3,7,19,0,3,45,14,1,0,1,5
2019-09,41,5,2,3,0,5,26,2,0,6,2,5,6,6,0,11,0,12,1,3,7,1,1,0,0,33,3,8,3,12,3,11,2,5,30,1,0,7,7,2,30,4,21,11,10,10,9,23,3,1,48,5,0,0,2,2
2019-10,41,7,4,2,1,8,15,2,1,2,4,1,4,4,4,12,5,7,2,6,4,0,1,1,1,22,2,2,4,20,7,5,5,3,74,1,4,2,3,5,58,6,20,4,3,5,7,9,0,2,42,12,1,4,0,8
2019-11,41,12,4,5,0,4,18,5,1,7,0,1,2,5,0,11,9,4,1,1,3,0,5,1,2,16,5,3,6,11,2,2,1,2,21,0,1,8,2,4,80,4,18,11,3,3,2,5,0,2,24,5,3,1,0,14
2019-12,41,9,1,0,0,6,7,3,0,2,0,0,2,2,0,8,1,0,2,1,0,0,2,0,0,18,6,6,3,12,7,1,2,0,19,0,0,1,6,4,108,0,15,1,0,3,1,3,1,6,20,3,1,0,0,8
2020-01,41,12,1,4,0,2,5,4,0,0,0,1,9,3,3,5,1,4,0,2,3,1,0,0,1,38,6,1,4,4,4,2,3,0,14,0,0,5,3,2,64,2,12,3,0,10,0,2,0,3,14,8,0,1,0,1
2020-02,41,11,0,2,1,2,9,1,0,4,3,1,5,2,0,12,5,4,0,2,1,4,3,0,0,24,7,2,4,2,2,2,0,2,10,0,1,3,6,2,36,5,12,3,0,1,1,11,1,4,11,3,0,1,0,0
2020-03,41,10,1,1,1,6,9,3,7,4,0,1,7,5,1,9,2,2,6,6,0,8,0,5,0,32,13,4,6,12,4,2,0,1,10,0,0,3,1,2,17,7,11,1,1,0,0,6,1,2,8,5,2,1,0,2
2020-04,41,4,1,1,2,5,9,1,18,1,0,2,3,2,0,14,8,0,0,7,2,0,4,1,1,40,14,3,1,21,4,13,29,2,20,1,3,6,5,3,12,0,16,2,1,3,3,18,0,0,1,8,0,1,0,2
2020-05,41,3,1,1,2,5,8,5,7,2,1,1,0,17,1,4,4,4,0,1,0,0,2,0,1,22,2,12,5,17,3,9,4,1,23,1,1,1,14,4,18,6,9,8,2,2,4,11,0,1,8,14,0,1,1,8
2020-06,41,8,1,2,1,5,12,6,13,7,0,4,0,7,4,12,6,6,0,0,2,2,2,0,0,11,1,5,6,32,3,7,4,2,41,4,8,5,2,11,40,2,13,12,25,2,8,28,0,2,5,11,1,2,2,6
2020-07,41,22,2,1,2,4,13,7,11,5,2,0,1,11,0,18,12,12,2,1,7,5,0,4,1,21,9,1,5,33,7,2,4,1,11,0,2,14,2,5,45,3,25,9,21,3,9,19,0,0,14,3,6,0,3,10
2020-08,41,28,2,2,0,7,15,3,17,3,3,0,1,7,0,17,25,4,0,5,0,2,1,0,1,21,3,5,2,24,18,3,4,5,18,0,0,8,3,1,42,9,13,46,62,5,12,21,0,3,5,6,1,2,3,6
2020-09,41,21,1,4,1,6,18,4,9,0,1,2,2,12,4,16,30,6,0,1,1,0,5,2,0,24,2,9,5,19,6,0,1,3,8,1,0,5,1,1,45,1,21,15,14,6,3,17,0,4,15,2,1,0,3,3
2020-10,41,20,2,2,0,7,7,1,7,3,2,0,4,2,3,4,8,3,0,10,2,2,11,16,1,22,5,5,1,15,2,3,4,4,19,2,1,7,6,5,33,5,10,4,7,4,8,14,0,4,15,3,0,0,0,3
2020-11,41,12,2,0,0,7,18,2,16,9,1,0,1,14,0,11,15,1,0,7,2,0,0,0,0,11,8,4,3,8,4,1,1,1,49,2,0,1,1,4,21,4,18,9,3,4,7,6,0,2,10,4,0,2,0,11
2020-12,41,7,4,0,0,9,8,5,6,0,0,1,2,7,0,15,12,2,0,0,0,0,2,0,0,16,1,1,7,17,3,5,1,3,13,2,1,2,2,0,11,4,40,0,7,4,3,1,0,0,6,3,0,0,0,4
2021-01,41,17,1,3,0,4,6,4,7,4,0,0,7,2,0,11,5,1,1,1,0,3,1,3,0,58,5,2,1,34,6,1,1,3,13,0,0,0,0,0,33,10,21,2,2,4,5,7,0,1,8,1,0,0,0,3
2021-02,41,5,1,0,1,6,22,6,6,3,0,0,1,3,2,8,3,2,0,9,3,2,5,1,1,11,19,5,3,8,5,1,0,3,5,0,1,5,4,0,7,3,13,0,0,1,0,2,0,1,9,0,1,0,0,1
2021-03,41,14,1,0,0,7,14,3,9,2,0,3,3,6,1,5,15,3,0,6,0,0,6,0,1,29,6,2,1,22,6,2,3,3,23,0,0,5,8,0,12,14,10,3,3,18,5,7,1,2,14,0,2,1,0,5
2021-04,41,9,0,0,0,5,16,2,3,6,0,0,0,6,1,17,20,2,2,2,1,0,0,0,6,37,2,9,2,25,7,2,5,7,6,0,0,2,0,6,15,4,22,3,1,9,2,6,0,2,20,5,1,0,0,2
2021-05,41,23,0,3,0,6,12,4,4,2,1,1,5,2,0,8,14,5,0,1,2,2,2,0,0,21,1,8,4,31,3,7,1,5,6,0,0,2,3,1,30,19,10,7,10,9,4,11,1,1,5,2,0,0,0,3
2021-06,41,13,2,2,2,6,19,3,1,0,0,0,1,5,0,11,21,9,0,6,0,1,0,0,0,20,4,10,6,51,13,6,2,2,14,2,0,4,4,4,33,5,21,12,27,5,10,22,0,1,14,12,0,1,1,10
2021-07,41,26,0,0,0,8,14,3,2,1,1,3,0,4,1,9,12,3,0,11,3,0,1,0,0,15,5,6,4,37,9,1,3,2,11,1,0,4,2,3,42,2,18,16,18,7,11,20,0,2,28,5,0,0,3,2
2021-08,41,16,3,3,1,3,18,3,2,3,1,1,0,11,2,17,8,6,0,7,5,3,0,0,0,16,9,4,4,28,3,2,1,9,11,0,0,3,0,0,20,2,15,10,13,3,9,18,4,1,12,3,0,0,4,7
2021-09,41,14,0,1,0,7,18,8,4,0,3,0,1,10,5,15,16,2,0,7,1,0,2,1,1,9,2,10,3,35,4,2,2,7,66,2,4,6,1,6,10,7,27,11,4,1,7,14,1,5,23,2,0,0,3,7
2021-10,41,9,3,1,0,5,7,2,4,14,0,1,0,8,1,5,14,5,1,2,0,5,1,4,1,10,3,5,5,30,2,4,0,6,36,0,1,3,5,3,47,6,46,40,25,9,9,19,2,4,13,9,0,0,0,4
2021-11,41,13,3,1,0,2,13,5,2,2,0,3,1,15,1,5,3,3,0,2,3,3,1,0,1,15,3,2,6,15,3,5,2,5,24,0,0,3,6,9,37,2,12,21,4,1,2,9,1,2,12,6,0,0,0,8
2021-12,41,20,2,0,3,4,13,7,3,4,0,0,2,2,4,9,26,3,0,2,1,2,4,0,3,8,0,1,4,12,0,4,2,1,14,3,0,2,8,5,17,4,58,10,4,3,1,4,1,1,8,6,0,0,0,9
2022-01,41,8,2,0,1,4,9,13,6,4,0,0,4,5,0,12,8,2,0,9,1,9,4,0,2,20,5,4,3,9,3,1,1,3,2,3,0,3,8,2,5,1,39,9,0,0,1,1,0,4,6,0,1,0,0,0
2022-02,41,6,0,1,1,3,12,2,2,0,0,0,0,0,0,11,18,1,0,2,0,0,1,0,1,67,1,2,3,9,4,5,5,3,6,0,0,5,5,0,17,1,33,4,1,0,0,0,0,2,14,8,0,2,0,1
2022-03,41,12,1,4,1,2,8,5,2,15,1,0,0,7,3,7,7,3,1,7,2,1,2,0,1,111,4,5,15,16,5,3,5,3,31,1,2,4,2,6,5,6,11,8,1,8,5,1,1,0,10,2,1,1,0,1
2022-04,41,8,1,7,0,3,12,5,0,4,2,2,0,8,3,7,4,6,0,1,7,1,3,2,0,100,0,4,2,15,17,3,1,1,7,2,0,7,5,4,13,1,22,1,9,19,3,6,1,5,8,7,1,1,0,3
2022-05,41,13,4,4,2,6,20,6,1,3,0,1,0,3,0,14,16,5,0,0,3,3,4,3,1,59,0,3,4,13,3,2,4,3,4,0,2,4,4,3,40,3,15,10,5,8,17,26,1,3,14,18,0,4,2,5
2022-06,41,10,0,6,1,7,13,3,4,6,1,0,0,5,2,11,11,12,0,3,1,1,6,1,5,62,5,7,2,20,16,5,4,8,8,0,0,2,8,7,29,2,12,29,28,4,25,24,0,6,3,12,0,2,1,6
2022-07,41,14,2,4,1,4,10,5,1,2,1,1,0,4,0,10,13,9,0,4,5,1,3,0,2,34,6,6,3,18,4,4,6,8,5,1,6,7,10,1,28,1,31,12,12,7,6,13,0,2,8,9,3,6,0,6
2022-08,41,11,1,9,0,8,13,4,1,15,2,1,0,8,6,15,16,10,2,15,4,0,7,1,0,19,0,9,5,22,7,2,4,6,8,1,4,11,2,0,29,7,5,11,12,14,10,27,0,2,10,12,0,2,2,0
2022-09,41,19,1,1,0,8,17,3,0,2,1,2,1,4,6,11,9,4,2,8,0,1,8,1,0,35,6,5,5,25,4,3,5,6,3,1,6,1,9,4,42,2,5,11,5,12,6,17,0,4,53,2,0,1,0,5
2022-10,41,14,0,4,0,3,15,7,0,0,1,3,0,2,1,8,12,3,1,7,1,0,4,0,0,16,8,4,5,13,7,1,2,6,15,2,3,8,5,2,24,4,21,6,7,0,5,11,0,2,27,4,0,0,0,6
2022-11,41,18,1,2,2,6,13,7,0,0,0,0,0,7,1,15,12,2,0,5,0,2,2,2,4,9,2,5,6,20,5,1,2,4,4,0,2,13,1,4,21,9,13,9,11,1,10,7,0,3,16,1,0,1,0,9
2022-12,41,11,2,0,0,4,25,7,1,4,2,0,0,4,0,11,1,2,0,6,2,1,0,0,0,13,5,3,2,7,1,1,1,0,8,2,4,5,2,0,15,4,16,6,1,5,3,2,1,4,3,6,0,0,0,4
2023-01,41,18,4,0,0,1,22,8,0,5,1,3,0,4,1,9,3,3,0,3,2,0,1,0,2,16,3,3,2,7,0,2,1,3,9,2,3,10,3,1,30,4,23,21,1,8,8,0,0,2,19,1,0,2,0,2
2023-02,41,10,3,1,3,1,19,10,1,6,1,2,1,7,1,12,2,7,0,2,1,1,1,1,0,72,2,3,4,9,2,2,1,2,12,0,0,7,15,3,61,6,9,7,3,18,2,0,1,0,10,14,2,4,0,1
2023-03,41,17,0,3,0,1,23,7,0,2,0,3,1,9,1,6,9,6,0,2,1,0,4,0,0,53,4,3,5,13,6,1,2,7,6,1,2,6,2,0,44,11,16,6,3,6,5,0,0,1,5,15,1,0,0,1
2023-04,41,4,0,11,0,6,9,6,0,9,1,1,0,5,1,15,11,6,0,3,2,2,3,5,1,27,5,6,4,11,6,6,4,3,16,2,1,2,2,6,17,1,21,8,4,14,10,20,0,1,7,9,0,1,0,11
2023-05,41,3,5,3,0,2,11,3,1,3,0,1,0,2,2,11,10,4,1,1,1,3,2,1,2,24,1,1,6,14,1,2,1,7,14,3,0,7,4,5,25,2,13,8,4,12,12,47,1,6,8,0,0,0,0,8
2023-06,41,22,3,8,0,4,6,2,0,4,1,0,0,4,1,8,9,3,1,4,0,1,1,1,4,57,4,8,10,24,6,5,6,4,12,0,0,4,7,3,33,3,17,13,6,3,11,37,1,4,11,6,1,0,0,8
2023-07,41,13,1,4,0,5,11,9,1,0,0,1,1,5,1,18,14,1,3,11,2,0,1,3,2,27,0,8,6,21,8,10,3,10,5,1,3,4,13,1,23,8,21,35,30,8,19,45,1,1,11,19,0,5,0,5
2023-08,41,13,1,2,1,7,17,13,1,5,1,1,0,7,2,16,10,8,2,2,0,2,1,1,0,22,4,10,15,25,6,5,4,5,6,0,1,4,3,1,33,8,41,29,10,4,20,16,0,3,9,8,2,1,0,6
2023-09,41,16,2,6,1,6,20,4,0,7,0,2,0,2,1,7,9,1,1,1,1,0,0,1,1,13,0,13,3,13,1,6,3,6,8,2,6,9,4,0,16,1,20,11,7,9,13,8,0,1,19,22,0,1,1,5
2023-10,41,4,0,4,0,2,18,9,1,3,0,0,0,2,1,9,11,0,1,6,1,1,1,0,0,17,4,5,5,26,4,1,2,3,10,0,0,0,7,2,19,1,14,17,22,9,9,0,1,0,20,4,0,0,0,7
2023-11,41,12,0,5,0,6,15,6,3,2,0,0,0,9,1,15,5,4,0,0,0,0,1,0,0,8,3,7,3,12,0,2,3,3,8,0,0,2,8,3,26,2,30,4,0,1,3,8,0,2,13,4,1,1,0,16
2023-12,41,10,2,5,0,6,12,7,2,4,0,3,0,4,0,4,8,5,0,4,1,1,1,1,0,10,1,1,7,13,5,3,2,1,9,0,0,5,4,3,34,4,35,11,0,3,3,3,0,0,14,1,1,0,0,5
2024-01,41,22,6,0,0,9,17,13,0,5,1,1,1,5,2,10,7,3,2,8,2,2,5,2,0,46,2,0,4,9,4,4,1,3,10,1,3,7,0,2,27,5,40,13,4,1,2,14,0,0,15,8,0,4,0,2
2024-02,41,14,0,1,1,5,9,4,1,4,0,0,0,7,4,9,4,3,0,2,2,3,0,0,1,60,0,3,1,13,4,3,1,1,16,0,0,4,4,2,24,4,20,18,5,4,6,0,0,1,10,0,0,0,0,2
2024-03,41,13,3,7,0,2,11,5,0,6,1,0,0,6,4,10,15,3,0,5,0,5,5,2,2,35,4,9,9,10,5,2,5,7,11,0,0,2,9,2,13,7,16,4,1,7,4,2,0,4,41,17,0,1,0,1
2024-04,41,11,1,4,0,5,18,6,1,2,2,0,0,8,5,13,13,8,0,1,3,0,1,0,2,30,0,12,3,25,3,3,6,6,5,0,0,1,2,9,28,4,18,15,5,8,8,0,1,3,28,10,1,0,0,6
2024-05,41,5,1,3,0,5,12,12,0,4,0,0,0,11,1,11,3,7,0,0,3,1,0,0,0,26,2,13,0,15,3,2,2,4,2,1,0,1,9,4,29,3,20,11,11,14,12,0,1,3,8,28,0,0,3,5
2024-06,41,11,0,4,0,4,14,5,2,4,1,0,0,11,6,4,11,6,3,1,0,1,4,2,0,46,3,1,5,17,3,5,7,7,9,1,10,9,11,3,66,2,34,18,18,29,19,0,2,2,17,6,0,6,1,4
2024-07,41,6,0,8,1,24,13,2,1,2,1,1,0,7,7,13,24,3,0,6,4,1,1,0,1,41,5,12,5,25,7,1,5,9,8,0,0,2,6,3,32,2,59,46,45,1,16,0,0,2,10,8,0,0,0,9
2024-08,41,6,0,11,0,7,13,11,0,0,1,1,0,14,2,8,31,4,0,0,2,0,2,0,0,23,0,8,3,21,4,7,3,11,10,3,0,7,13,2,49,3,27,24,28,5,9,2,2,8,19,18,0,0,1,8
2024-09,41,29,0,3,2,13,12,1,1,3,1,1,0,7,1,7,25,5,0,5,1,0,4,34,0,22,10,9,4,27,3,6,1,11,9,4,4,6,0,2,18,2,49,11,36,6,8,0,1,5,15,8,0,0,1,2
2024-10,41,21,0,6,0,15,15,5,2,4,2,1,1,11,2,10,17,5,0,0,1,1,1,1,0,17,0,13,9,20,3,0,2,7,8,0,0,4,5,1,11,5,22,15,10,16,6,0,0,2,24,0,0,0,1,13
2024-11,41,23,2,6,0,3,11,11,0,3,0,0,5,5,2,7,4,5,0,0,1,1,4,0,0,9,1,1,2,18,4,2,1,5,1,0,0,3,2,1,36,0,36,5,3,2,3,4,0,0,5,11,0,1,0,11
2024-12,41,7,0,3,0,3,14,9,3,4,0,1,0,9,2,11,9,6,1,4,0,1,3,1,2,10,16,5,8,15,7,2,4,3,7,1,1,3,5,0,25,4,24,2,0,6,2,1,0,4,8,1,0,1,0,8
2025-01,41,8,3,2,0,7,13,10,0,4,2,0,2,11,2,6,2,6,0,0,2,9,3,1,0,14,1,2,7,4,1,0,2,2,2,0,0,6,0,1,4,1,24,3,0,4,1,0,0,1,15,6,0,0,0,0
2025-02,41,11,0,2,0,7,20,8,0,1,0,2,4,5,1,6,40,3,0,7,3,0,1,0,2,28,5,7,6,13,5,1,0,5,5,0,0,0,5,0,17,1,20,1,2,1,12,34,0,0,13,0,0,1,0,2
2025-03,41,16,10,0,1,7,14,13,0,4,1,0,2,7,3,14,8,4,0,6,7,0,0,0,1,27,7,1,1,15,5,4,2,6,8,2,0,4,14,4,30,5,91,4,16,7,10,0,0,3,14,11,2,0,0,3
2025-04,41,13,0,2,1,4,27,12,0,7,1,1,1,11,1,8,21,8,0,1,4,0,1,2,1,28,0,8,2,17,22,0,6,10,5,3,0,7,3,1,51,4,28,4,8,5,4,0,0,1,8,11,0,1,0,8
2025-05,41,20,1,2,0,10,19,6,2,4,0,0,1,7,1,14,9,2,0,2,1,0,1,0,3,72,7,5,2,8,3,13,2,7,15,0,2,3,10,3,16,7,11,31,51,12,20,0,1,6,6,4,0,1,2,7
2025-06,41,15,0,0,0,6,20,13,4,5,1,1,2,7,4,10,55,7,1,1,1,1,3,2,1,60,1,9,4,14,7,3,3,13,5,1,1,4,2,4,47,4,34,15,27,2,7,1,0,0,20,9,2,1,1,10
2025-07,41,25,1,5,0,12,37,13,2,2,0,4,4,5,7,11,21,4,0,3,1,2,1,2,3,31,11,9,4,22,18,3,3,4,7,0,0,1,3,5,28,4,15,38,44,6,23,6,0,0,40,19,0,0,2,12
2025-08,41,12,0,2,0,15,41,24,0,4,0,1,1,12,4,11,16,3,0,3,1,1,4,0,0,22,1,5,7,26,8,3,0,3,11,0,0,3,5,0,14,1,20,19,13,3,10,1,0,3,41,11,0,4,2,6
2025-09,41,19,2,1,0,10,28,20,1,7,0,1,1,17,3,15,9,5,1,0,0,10,4,3,0,18,3,7,2,33,8,3,2,9,8,0,0,0,11,2,36,8,58,18,29,7,11,1,1,7,47,9,1,0,1,8
2025-10,41,19,2,3,0,1,38,19,1,4,0,1,5,8,1,9,10,4,0,0,0,2,5,0,4,10,2,1,5,30,7,2,2,10,4,1,0,1,2,6,34,4,19,14,13,2,13,17,1,7,19,3,0,2,1,9
2025-11,41,5,0,2,1,1,19,8,0,4,0,2,1,5,0,3,4,0,1,6,0,0,3,2,2,5,6,3,5,21,2,1,3,5,3,0,2,1,7,6,19,0,17,9,3,9,3,3,0,1,8,4,0,0,0,12
2025-12,41,24,0,2,0,4,22,16,0,14,1,1,1,6,1,8,5,3,1,3,0,2,3,0,6,18,18,4,3,17,2,0,1,5,3,1,0,11,1,2,5,3,19,0,5,6,10,3,0,2,11,8,0,1,0,2
2019-01,42,3,29,2,0,10,2,13,0,0,0,0,0,0,0,0,0,0,1,0,0,0,1,0,3,7,4,0,1,0,0,0,1,7,8,0,0,0,0,0,13,0,2,0,0,0,0,2,2,0,9,0,0,0,0,0
2019-02,42,7,24,2,0,8,21,22,0,3,0,2,0,0,2,21,0,2,2,4,0,0,2,0,1,28,7,1,1,2,6,3,4,0,5,0,1,1,3,0,79,0,4,3,0,1,6,7,7,0,5,6,0,0,0,1
2019-03,42,19,20,5,1,16,22,8,1,7,12,1,8,9,12,36,0,4,1,5,1,14,5,4,1,93,8,5,2,7,22,5,7,0,16,0,0,6,8,7,85,2,11,8,5,2,8,5,19,4,18,17,1,3,0,0
2019-04,42,20,18,3,6,11,26,9,1,2,17,1,5,6,13,24,1,4,1,4,6,4,2,3,0,60,9,7,1,10,13,7,16,3,12,0,2,8,10,5,69,1,50,9,3,12,17,9,11,12,11,8,2,2,0,0
2019-05,42,17,19,13,9,5,30,11,2,12,19,2,3,13,17,39,4,5,0,3,3,4,0,6,1,34,11,10,3,11,20,6,15,3,7,1,1,2,9,6,57,4,14,8,3,4,12,24,6,11,5,26,1,6,126,7
2019-06,42,20,16,3,5,10,28,8,1,9,27,1,1,12,18,26,2,4,1,3,4,2,3,19,2,24,18,10,6,30,11,3,18,4,15,0,4,2,16,3,84,5,11,11,6,1,4,22,9,7,4,20,1,4,358,5
2019-07,42,17,21,8,3,7,42,8,0,10,21,0,0,16,11,32,1,7,3,4,4,2,2,11,3,33,12,15,3,24,17,16,8,5,35,1,6,4,14,5,102,1,17,24,25,4,21,38,13,7,51,13,0,4,394,2
2019-08,42,28,25,8,0,5,32,11,2,6,25,2,2,20,23,20,9,6,3,1,6,4,4,0,1,57,5,15,1,21,21,6,5,2,32,0,2,8,19,3,67,0,16,18,7,3,8,26,18,7,33,2,0,3,232,4
2019-09,42,26,18,6,0,7,38,8,0,6,5,2,5,18,16,30,2,6,4,3,1,1,4,0,6,72,4,5,0,34,24,2,10,3,14,0,0,7,6,5,80,1,5,13,4,2,9,13,7,13,18,4,1,2,332,2
2019-10,42,14,30,2,2,8,31,4,0,10,8,0,6,10,19,29,2,8,1,3,3,4,5,31,4,58,5,5,4,19,20,14,5,2,19,1,0,4,12,4,90,1,23,20,12,1,8,17,4,6,21,5,1,3,88,3
2019-11,42,8,15,3,0,7,19,5,1,3,1,1,11,13,9,26,4,4,2,3,4,6,2,3,6,13,1,2,1,13,9,7,6,2,20,1,4,2,12,5,103,2,21,26,4,2,5,6,2,6,16,0,1,5,0,2
2019-12,42,11,30,6,0,10,22,16,1,4,3,0,7,11,9,28,1,11,5,2,2,2,1,2,3,14,5,8,0,4,11,3,10,5,36,0,3,5,12,0,60,5,6,17,1,3,3,0,2,2,14,3,0,1,0,1
2020-01,42,29,16,17,0,15,31,14,0,5,5,0,16,7,5,27,1,12,2,2,3,4,0,1,4,33,6,5,3,7,1,8,5,1,10,0,6,1,20,3,95,5,14,23,1,0,4,5,5,6,7,8,1,1,0,2
2020-02,42,20,16,4,0,15,21,10,1,9,5,3,9,6,18,30,4,6,1,1,2,3,2,4,7,42,1,9,1,6,10,3,4,6,16,0,2,4,8,4,43,3,13,2,0,2,6,4,9,7,6,12,1,3,0,1
2020-03,42,14,9,3,1,9,24,13,7,4,7,1,5,5,8,25,5,2,0,6,4,7,8,0,0,23,2,7,2,3,3,6,6,3,21,0,0,2,12,5,38,5,17,5,9,1,7,8,4,8,4,3,0,3,0,0
2020-04,42,21,11,4,2,8,18,13,12,7,7,3,4,10,11,34,2,4,0,9,7,0,5,1,0,13,4,3,0,10,9,9,14,3,11,1,0,2,4,8,62,5,13,0,3,4,2,9,6,3,3,15,0,7,0,1
2020-05,42,14,22,7,2,13,32,10,9,1,20,2,10,11,9,43,8,5,2,3,9,0,4,0,3,28,24,7,0,16,18,16,18,17,26,0,3,1,8,0,48,1,32,5,1,3,12,26,9,5,3,10,0,7,58,4
2020-06,42,15,19,2,0,18,33,9,5,4,10,0,2,5,13,53,4,9,0,6,1,4,5,0,0,35,17,16,0,14,22,8,9,1,47,0,0,0,3,4,102,1,11,27,26,1,18,35,13,6,4,8,2,2,55,1
2020-07,42,37,33,4,3,21,37,17,12,3,13,0,5,14,16,75,19,10,6,10,7,2,5,12,3,31,14,9,1,24,37,15,11,4,115,0,4,7,4,9,90,3,134,29,18,3,11,33,45,6,6,5,3,2,605,1
2020-08,42,40,25,8,4,20,36,7,9,5,4,1,2,15,12,68,8,8,2,3,3,12,7,2,0,30,19,11,0,28,36,5,17,0,13,0,8,7,11,7,62,2,12,93,99,3,22,22,11,5,3,7,0,7,710,3
2020-09,42,45,15,3,1,18,22,7,3,10,6,2,5,22,8,42,7,4,0,3,3,5,5,1,1,16,30,6,1,28,19,2,10,1,11,0,0,3,9,5,48,3,9,31,17,0,11,21,4,6,10,7,0,3,344,5
2020-10,42,46,15,2,0,9,26,11,8,3,4,0,9,7,6,48,5,3,0,3,3,6,6,0,3,9,0,4,0,19,22,3,4,2,32,0,2,1,6,1,92,1,14,9,3,0,13,10,5,4,6,3,1,6,71,1
2020-11,42,27,9,7,0,14,31,12,3,6,3,1,9,10,4,32,6,1,0,3,4,2,12,0,2,7,51,5,3,14,8,4,5,1,3,0,0,2,2,4,74,2,30,9,18,0,2,3,5,5,2,2,0,4,0,8
2020-12,42,27,4,12,0,14,20,18,8,7,2,0,4,3,3,29,3,2,1,1,1,5,2,2,1,28,2,5,1,9,7,6,5,0,9,0,0,3,13,3,13,12,17,7,5,3,3,3,4,3,2,1,1,1,0,2
2021-01,42,26,6,2,1,19,26,17,4,6,4,1,1,8,4,42,2,9,1,3,2,3,6,1,6,26,8,3,0,7,15,2,4,1,16,0,4,6,5,4,46,5,31,4,1,0,1,1,8,3,5,1,0,3,0,0
2021-02,42,35,2,1,0,9,46,21,5,4,1,1,1,4,6,29,5,2,1,21,4,8,6,0,2,14,10,16,1,7,14,1,7,0,3,0,0,0,3,1,22,5,26,1,2,0,1,5,2,0,2,1,1,3,0,0
2021-03,42,41,18,2,2,26,37,10,1,8,9,2,2,11,9,55,12,11,1,18,5,3,16,0,2,36,8,10,1,24,39,6,7,1,9,0,0,0,10,10,76,3,7,4,4,0,5,9,7,0,10,1,0,10,0,1
2021-04,42,45,7,3,1,27,43,11,2,6,18,0,5,31,7,32,4,4,2,5,6,5,8,0,0,25,4,12,1,14,18,5,6,0,15,0,0,4,6,9,102,4,19,9,5,2,5,11,6,6,4,1,0,3,0,1
2021-05,42,56,5,4,2,15,30,7,2,8,19,2,2,18,10,47,12,12,1,5,4,7,5,0,0,28,4,12,3,25,21,2,3,1,11,0,1,12,9,6,56,4,19,7,13,3,5,20,5,4,3,3,0,6,28,2
2021-06,42,64,2,6,2,18,22,10,2,6,15,0,4,2,8,49,12,7,1,11,2,1,3,1,1,31,6,8,1,20,11,17,8,1,5,0,1,2,10,1,45,5,36,17,27,2,5,28,5,5,4,17,1,5,51,1
2021-07,42,34,7,9,3,21,26,15,3,24,5,1,0,9,17,49,8,8,3,5,0,6,6,0,8,42,10,6,2,25,22,8,2,3,27,0,0,6,11,3,35,5,26,21,13,1,8,42,9,6,8,5,0,2,27,3
2021-08,42,75,6,4,1,20,37,7,1,4,13,2,1,15,18,55,9,12,3,11,5,2,9,0,3,25,7,11,0,20,22,10,4,0,8,0,2,4,21,3,24,4,18,28,8,1,12,49,8,4,3,0,0,0,19,4
2021-09,42,60,8,7,1,13,33,9,3,8,6,2,1,14,20,34,3,11,3,5,4,2,4,2,7,19,3,6,4,21,26,7,2,0,7,0,0,4,10,7,21,6,35,21,9,0,5,28,6,6,5,2,0,3,271,5
2021-10,42,35,7,15,1,19,36,15,3,1,6,3,0,18,8,34,1,8,0,2,6,2,4,1,6,20,10,7,2,28,19,6,5,1,57,0,3,6,12,0,27,3,17,27,20,3,11,67,2,7,6,10,2,7,0,0
2021-11,42,25,3,2,0,19,29,28,1,6,4,1,0,2,6,26,11,3,2,3,11,2,6,1,1,11,2,4,0,22,11,3,7,1,22,1,1,2,24,1,76,5,10,21,4,2,3,9,5,6,0,2,1,3,0,2
2021-12,42,27,8,0,1,18,16,21,3,3,2,3,0,8,3,33,2,5,1,5,3,1,5,2,1,10,5,7,3,17,13,2,2,1,28,1,0,0,12,3,12,1,21,19,2,0,2,7,6,8,1,2,0,1,0,4
2022-01,42,16,5,0,0,15,22,22,5,3,5,2,1,4,3,22,3,5,2,4,8,16,0,5,1,29,4,3,1,5,7,2,2,1,14,1,0,6,10,3,7,3,10,6,1,0,1,0,9,5,1,0,0,3,0,0
2022-02,42,30,5,4,2,11,28,26,0,10,4,1,0,1,9,27,13,1,0,4,4,9,2,3,0,115,9,0,0,7,9,3,4,1,15,0,0,4,10,2,26,0,15,1,0,0,3,0,0,4,1,11,0,0,0,0
2022-03,42,34,8,10,1,15,20,6,0,7,9,1,0,7,14,33,3,5,1,2,6,0,9,0,0,160,5,3,2,20,31,7,6,3,40,0,1,7,12,9,10,7,17,3,2,9,6,0,4,2,3,6,0,1,0,0
2022-04,42,43,7,19,3,8,31,15,1,4,9,1,0,8,12,27,0,10,0,6,5,4,2,2,4,129,6,10,0,22,17,4,11,6,12,0,3,5,16,11,40,12,3,10,12,2,8,11,11,5,3,12,1,5,0,2
2022-05,42,46,7,7,4,13,31,5,0,4,12,1,2,16,7,31,2,10,2,6,12,2,10,2,3,46,9,12,6,16,18,7,12,6,10,2,18,9,27,8,22,5,36,8,12,2,13,17,10,8,6,19,0,1,21,2
2022-06,42,36,8,5,0,12,30,9,2,1,4,1,4,22,14,38,0,9,5,0,5,2,0,11,1,46,8,6,1,24,18,4,11,2,2,0,3,6,9,4,21,4,9,17,13,5,16,29,15,8,2,19,0,3,69,4
2022-07,42,44,14,3,1,11,37,10,1,8,7,1,3,16,10,31,5,5,1,3,13,1,2,0,3,40,3,14,2,18,13,8,8,7,3,2,9,4,10,5,18,5,6,20,14,1,13,29,13,5,5,8,0,6,11,8
2022-08,42,42,13,4,1,12,32,11,0,7,5,0,1,13,10,30,10,23,1,9,8,19,3,3,0,18,5,5,4,32,14,3,7,5,2,3,9,6,14,5,41,3,7,25,17,3,12,32,5,5,3,3,2,2,34,4
2022-09,42,29,12,8,3,8,27,12,0,7,3,0,1,14,4,33,11,13,3,3,7,0,1,2,1,18,4,9,0,23,11,7,5,2,6,0,5,9,16,2,46,2,29,28,10,10,2,18,4,5,10,2,1,1,12,4
2022-10,42,28,10,4,1,17,26,12,1,4,8,2,1,19,11,25,1,5,0,1,9,0,1,1,3,19,1,6,2,28,11,2,3,3,1,0,2,9,13,4,44,5,17,22,7,3,4,17,5,4,8,5,0,3,5,3
2022-11,42,27,14,0,2,9,19,12,0,4,1,0,0,7,3,22,6,3,1,8,7,2,4,0,1,11,4,8,1,15,7,3,3,4,2,1,4,10,15,3,30,5,11,7,9,2,3,7,2,6,5,1,0,5,1,3
2022-12,42,25,3,2,0,5,29,44,0,6,0,0,0,4,5,24,2,3,4,3,2,20,0,4,1,16,0,0,0,7,6,1,6,1,3,0,4,11,9,3,9,4,6,4,3,2,1,3,0,5,5,2,0,1,0,0
2023-01,42,26,5,1,1,11,26,23,2,5,7,0,0,5,6,20,3,3,2,5,4,2,1,1,2,38,7,4,0,7,8,7,3,4,7,0,1,5,22,8,21,5,20,4,4,6,3,0,3,10,6,5,0,3,0,1
2023-02,42,28,5,4,3,18,26,13,0,4,3,1,0,6,7,26,2,0,0,4,6,1,3,0,0,70,1,13,0,16,11,3,4,5,2,0,3,3,13,5,25,3,17,19,6,63,7,0,5,4,5,26,2,3,0,2
2023-03,42,28,15,6,2,11,24,19,0,7,8,0,0,23,15,29,3,4,0,3,5,2,6,0,0,61,3,8,2,23,16,6,3,4,2,0,0,12,7,11,26,7,12,16,13,49,8,1,5,9,5,16,0,3,0,3
2023-04,42,16,9,6,1,13,23,6,0,9,11,1,3,36,12,32,8,2,0,2,1,1,9,3,2,50,4,11,0,15,18,10,9,4,4,1,0,4,19,7,12,2,14,25,3,39,8,2,8,6,4,28,0,1,0,0
2023-05,42,29,9,5,0,16,27,16,0,2,5,0,2,17,14,62,2,8,1,6,6,8,2,0,4,40,4,14,1,24,19,9,10,6,8,1,4,8,12,3,6,3,18,16,0,25,10,3,7,7,2,1,0,6,17,2
2023-06,42,33,9,5,0,15,31,6,1,5,15,1,0,19,7,47,7,11,2,4,5,1,1,1,2,30,5,9,2,27,9,11,6,2,21,1,2,6,13,1,42,6,11,39,19,5,12,6,3,13,3,3,1,1,13,4
2023-07,42,38,8,7,3,15,22,14,0,4,6,2,2,13,7,39,8,5,0,15,6,0,6,5,3,23,4,7,1,31,6,6,7,4,4,0,0,8,13,2,24,7,24,32,24,44,16,8,7,8,4,22,1,11,19,4
2023-08,42,39,10,5,0,18,43,23,1,2,6,0,0,10,22,39,4,7,0,5,4,1,9,0,8,14,6,17,4,47,26,4,9,4,8,2,5,10,24,11,21,1,15,44,5,11,21,6,15,15,11,0,1,6,28,6
2023-09,42,20,23,15,1,19,37,15,1,2,12,2,2,23,21,26,10,8,2,6,7,6,13,2,5,25,7,11,0,34,19,5,1,5,3,0,3,9,9,10,30,8,33,30,22,29,12,110,6,2,9,6,0,6,9,3
2023-10,42,25,3,7,2,13,25,16,3,5,6,1,0,10,11,45,11,1,0,7,2,5,1,1,7,21,3,4,2,23,15,1,8,5,4,0,3,4,17,6,27,3,22,24,12,1,7,11,6,3,6,4,1,3,4,1
2023-11,42,25,6,4,4,12,30,11,0,2,2,0,2,2,5,19,1,1,1,5,5,2,2,1,3,8,5,8,1,16,11,2,2,4,18,1,10,13,20,3,17,4,15,18,1,0,1,2,8,3,7,0,0,1,4,3
2023-12,42,22,4,3,0,14,28,23,0,4,3,2,0,5,15,24,4,2,2,2,6,1,0,4,1,17,3,9,1,22,9,2,8,2,1,0,2,1,18,11,13,4,17,10,7,12,2,1,1,9,2,12,0,4,0,1
2024-01,42,27,2,6,0,13,45,50,0,12,3,0,3,16,8,21,1,4,1,4,2,28,8,0,4,103,6,1,2,11,9,3,3,0,7,0,0,1,17,2,27,4,24,16,3,1,3,11,5,11,6,15,1,7,0,2
2024-02,42,28,3,6,0,15,29,8,0,10,7,1,1,8,4,33,7,6,7,10,4,2,15,0,3,51,5,4,1,9,18,4,10,3,11,3,4,6,19,9,17,5,32,31,1,0,6,86,3,12,4,5,0,8,0,0
2024-03,42,25,3,14,3,10,23,18,2,2,13,2,0,7,4,24,6,8,0,3,7,1,2,4,5,35,7,17,0,11,20,6,10,4,6,1,6,6,12,6,13,4,85,14,7,2,10,80,6,6,9,18,0,2,0,1
2024-04,42,40,14,24,0,9,23,13,1,3,7,2,0,27,8,24,9,11,1,4,2,0,5,0,1,55,4,14,1,14,27,1,8,3,12,0,1,3,13,15,15,1,10,14,9,2,8,72,6,7,11,23,0,9,1,0
2024-05,42,40,0,9,5,12,28,13,0,6,7,1,1,16,16,33,6,8,0,2,5,6,3,0,3,56,2,16,2,25,37,7,20,4,1,0,2,7,20,1,27,4,19,22,7,7,17,48,7,10,4,40,0,10,53,5
2024-06,42,23,2,9,1,24,33,12,1,4,5,0,0,8,17,40,6,4,0,2,1,1,7,10,3,33,3,20,1,31,22,2,7,10,9,0,1,6,16,2,17,4,15,37,21,13,14,44,9,9,4,6,1,7,12,10
2024-07,42,40,7,3,2,27,34,37,1,10,8,1,1,15,28,48,15,16,4,6,4,10,4,22,1,32,8,9,1,42,25,8,10,11,10,0,3,4,12,12,37,7,21,131,180,93,31,51,11,8,5,6,0,4,18,4
2024-08,42,33,1,9,3,13,21,5,2,2,8,0,0,25,21,31,4,4,1,7,5,3,4,17,5,18,6,12,0,42,35,5,3,4,6,0,13,7,16,3,33,1,16,62,38,3,19,73,6,9,2,7,1,5,21,6
2024-09,42,35,2,6,0,15,30,13,3,3,8,2,2,20,18,37,30,9,1,9,1,1,4,0,1,10,5,6,1,21,15,2,2,3,6,0,2,2,12,3,36,2,22,46,15,0,6,21,4,7,8,1,3,4,9,8
2024-10,42,29,1,3,0,23,32,17,5,7,4,0,2,12,21,57,12,6,0,1,3,1,1,1,0,15,4,8,2,23,14,1,7,5,8,2,0,1,12,8,37,2,16,31,5,0,13,104,9,8,6,1,0,2,4,2
2024-11,42,33,3,0,0,18,28,19,1,4,8,1,6,2,9,30,0,5,0,1,7,1,7,1,3,5,3,10,0,18,9,0,3,0,1,0,1,6,9,7,78,0,30,10,4,0,3,119,3,9,4,4,1,1,0,4
2024-12,42,27,3,1,0,12,28,22,0,10,2,2,11,6,13,27,20,2,2,10,6,1,3,1,2,6,1,5,1,14,14,0,4,3,5,0,3,3,9,4,30,3,15,8,8,5,4,86,0,7,5,6,1,3,0,2
2025-01,42,43,12,1,1,9,31,33,0,5,6,1,1,9,5,27,1,2,0,1,5,13,1,6,2,21,1,3,3,13,7,0,2,2,0,0,1,3,16,1,20,3,16,4,5,0,7,87,4,5,5,4,0,1,0,0
2025-02,42,30,2,6,0,9,33,19,0,10,6,1,4,16,11,14,22,3,0,9,11,9,3,1,0,19,2,21,2,9,10,1,4,2,2,0,1,2,17,1,24,3,13,8,5,1,1,0,1,6,6,0,1,7,0,0
2025-03,42,37,2,8,1,10,24,15,3,5,13,1,1,11,15,26,0,4,1,10,10,9,6,1,3,56,3,15,1,8,13,0,7,2,11,0,0,6,18,4,17,1,27,16,9,1,10,0,8,9,10,4,0,6,0,0
2025-04,42,48,0,8,2,12,28,20,0,5,12,0,2,17,24,23,6,5,1,2,10,12,1,1,2,46,6,15,1,20,6,1,5,3,13,0,5,2,10,9,37,0,25,20,12,3,9,5,9,8,6,12,1,5,0,0
2025-05,42,50,3,4,1,10,28,12,4,2,6,0,2,25,15,30,11,5,0,8,7,2,5,1,0,55,3,19,1,13,7,6,9,3,10,0,0,1,14,7,12,12,10,25,28,3,13,0,9,8,5,3,0,7,5,7
2025-06,42,36,1,2,2,15,24,18,2,8,13,1,0,36,10,39,16,9,0,5,6,0,3,3,7,67,7,12,2,15,20,4,7,3,6,2,4,4,20,6,21,5,14,32,47,15,17,3,1,4,7,16,0,12,37,9
2025-07,42,44,4,6,1,14,43,16,3,6,12,1,1,17,11,39,18,6,3,6,3,5,3,1,1,50,15,13,3,28,17,1,3,7,8,0,0,0,11,5,42,1,22,32,37,1,19,14,11,4,16,9,0,5,32,9
2025-08,42,34,3,3,3,16,38,16,2,5,17,1,0,23,16,33,6,13,1,5,5,9,11,0,6,52,12,11,2,25,20,8,8,4,4,1,1,1,28,8,19,2,22,34,18,2,18,47,8,10,16,19,1,21,34,8
2025-09,42,59,5,4,2,7,26,11,1,6,8,0,1,48,7,32,5,7,0,3,2,1,5,1,3,26,0,12,5,20,10,6,4,3,4,1,1,1,14,6,24,10,13,27,9,4,9,14,7,12,23,1,0,4,15,6
2025-10,42,36,3,1,1,12,32,23,1,5,6,1,4,13,23,36,3,1,2,5,4,2,4,0,0,24,3,15,0,23,11,1,4,1,3,0,0,3,13,6,27,2,15,16,12,3,5,2,9,3,7,7,2,4,4,1
2025-11,42,31,4,1,1,11,20,11,1,4,2,2,3,13,9,26,9,3,0,5,1,5,3,0,3,9,3,9,2,12,7,7,4,4,2,0,0,0,14,11,10,3,19,10,4,1,3,0,8,3,4,2,0,4,0,2
2025-12,42,30,4,0,3,13,31,14,2,13,1,2,2,3,10,22,2,7,1,11,2,6,2,4,3,23,10,1,0,3,9,3,3,3,4,0,2,1,24,3,10,3,29,1,5,1,5,1,4,9,4,10,0,5,0,0
2019-01,43,3,17,1,1,6,1,51,0,0,0,2,0,0,0,0,0,0,0,0,1,0,3,0,7,4,8,0,5,0,2,0,6,42,12,0,0,0,3,0,18,2,3,0,0,1,6,4,3,0,23,0,0,0,0,0
2019-02,43,15,32,2,3,12,56,100,1,5,0,3,0,1,8,57,0,3,2,2,4,1,1,0,2,160,18,2,5,2,16,4,18,1,9,0,0,0,5,0,94,0,5,2,0,1,13,5,11,0,22,7,0,0,0,0
2019-03,43,37,39,11,3,18,79,38,0,14,14,1,25,16,16,69,0,11,6,10,8,11,4,22,0,191,20,14,6,36,52,4,15,3,57,4,12,14,22,14,151,3,12,21,8,1,17,17,12,23,31,18,3,14,0,0
2019-04,43,36,28,13,3,16,78,38,1,7,8,3,9,32,14,63,11,9,0,8,12,14,7,0,6,126,23,9,5,23,22,11,35,10,70,1,10,10,31,9,123,3,21,18,4,4,21,28,25,15,20,28,2,15,0,3
2019-05,43,42,22,17,17,12,113,40,4,10,5,3,10,44,28,83,7,17,6,12,5,6,7,0,4,117,15,16,10,21,41,15,53,8,137,2,14,17,41,4,136,3,7,33,20,5,31,27,32,21,13,72,4,37,148,2
2019-06,43,34,37,20,9,18,88,35,1,16,8,5,1,17,28,155,7,15,4,8,4,8,6,25,5,70,44,20,4,36,41,15,58,4,22,2,4,12,33,11,119,6,12,43,30,1,28,57,32,16,7,45,0,30,350,6
2019-07,43,40,39,9,1,22,106,28,1,23,15,0,1,52,32,124,9,14,5,15,9,12,11,24,10,82,23,44,5,25,66,14,34,9,43,0,12,11,39,8,155,10,7,54,32,3,22,75,24,19,117,26,2,7,312,6
2019-08,43,32,38,12,0,16,100,33,3,10,11,2,1,38,24,67,12,15,4,7,7,6,4,5,5,61,26,46,5,36,35,15,24,13,42,1,4,1,33,8,170,6,10,62,21,5,24,48,33,18,58,7,4,10,277,3
2019-09,43,39,50,8,3,15,92,26,0,22,6,1,2,40,23,61,5,14,7,9,8,11,8,3,5,72,16,37,3,34,43,6,16,6,22,0,3,2,39,5,206,6,9,50,16,13,19,49,28,26,82,14,3,18,273,2
2019-10,43,32,43,18,1,15,112,51,1,13,1,7,7,34,21,62,6,13,2,7,10,11,8,2,5,47,22,24,3,65,24,18,18,8,52,0,7,6,24,6,198,3,15,42,41,1,20,58,24,18,51,22,2,10,105,3
2019-11,43,45,37,7,1,15,98,57,0,42,1,3,11,31,20,43,8,17,8,19,7,10,3,7,10,47,11,19,5,26,26,5,18,0,36,3,12,21,37,7,88,23,5,25,34,4,8,18,15,16,21,8,0,10,0,11
2019-12,43,21,36,3,1,19,81,37,1,32,2,4,2,21,9,32,4,15,3,9,8,15,5,1,13,43,14,10,1,21,18,5,10,3,40,0,7,9,37,5,67,7,24,8,1,1,3,8,9,15,13,4,2,10,0,4
2020-01,43,27,38,5,2,22,87,35,2,25,1,5,10,11,12,47,12,12,5,7,9,12,5,17,6,58,39,4,5,17,19,10,25,9,39,0,10,10,20,3,160,10,11,11,4,4,5,8,11,23,14,33,2,11,0,1
2020-02,43,27,35,5,2,13,73,33,1,17,10,5,6,29,16,31,5,8,6,13,5,12,7,2,4,76,16,12,5,12,30,6,20,3,71,1,2,5,30,2,203,2,9,11,1,2,16,11,14,14,9,7,4,6,0,2
2020-03,43,31,35,3,0,19,72,33,18,11,11,5,5,21,15,48,3,8,1,11,13,10,8,0,0,55,14,13,12,22,38,4,20,3,33,0,0,2,39,3,129,4,16,15,8,0,10,18,11,17,12,4,1,7,0,0
2020-04,43,28,11,5,5,15,58,37,54,14,5,9,4,20,15,68,6,13,3,2,4,9,7,0,6,69,31,21,6,17,31,7,44,2,84,3,26,12,27,10,58,6,4,19,4,7,31,21,12,11,15,31,1,19,0,3
2020-05,43,53,22,8,5,26,81,48,27,19,12,5,4,27,21,88,6,13,3,16,13,10,15,0,4,68,23,33,9,42,58,8,39,10,90,0,8,15,45,15,91,4,7,41,12,6,31,25,15,21,9,36,1,26,42,10
2020-06,43,66,22,4,6,37,87,30,13,25,12,2,1,15,23,86,3,24,3,16,6,4,5,3,3,36,26,23,6,34,54,12,47,3,54,0,1,5,25,15,208,3,82,92,59,2,37,105,16,21,5,22,1,14,128,10
2020-07,43,114,37,8,1,38,99,34,29,20,11,2,5,38,44,112,4,33,3,51,5,12,5,4,4,38,23,23,8,37,70,21,51,9,190,1,5,10,24,21,125,4,10,98,69,3,32,90,24,24,3,30,6,15,493,7
2020-08,43,100,30,6,1,19,112,29,17,7,13,3,0,53,38,104,7,18,4,16,13,5,3,14,6,45,32,33,3,41,72,17,10,8,66,1,9,9,31,20,129,11,13,135,90,3,28,55,18,16,11,12,4,12,222,4
2020-09,43,102,26,4,1,29,97,33,11,8,7,2,1,32,30,90,11,12,7,7,7,8,13,7,8,63,31,32,4,59,48,6,13,5,54,4,8,5,22,8,178,3,6,87,43,10,23,59,18,18,9,3,3,4,96,4
2020-10,43,82,23,2,3,27,88,39,8,5,7,2,2,28,31,63,9,14,1,12,11,6,10,4,2,27,33,17,5,39,29,5,20,2,16,1,2,2,26,6,114,9,6,44,28,3,28,47,13,13,1,12,1,7,33,7
2020-11,43,101,37,6,1,21,88,41,11,5,5,3,5,9,22,68,2,10,5,3,7,7,6,1,1,23,16,10,2,24,37,2,15,2,87,0,15,8,24,11,112,8,16,16,17,1,16,26,9,12,2,5,1,9,0,7
2020-12,43,77,23,19,1,25,104,57,11,10,5,2,3,9,17,74,7,6,1,25,12,6,17,2,0,85,17,11,2,28,58,2,6,3,166,1,15,14,29,11,59,13,22,8,6,0,3,9,10,13,4,2,2,5,0,4
2021-01,43,103,13,5,0,22,82,54,5,9,3,1,2,16,16,44,6,5,0,16,10,2,14,0,5,39,21,16,4,20,59,1,3,9,34,3,9,12,20,5,44,9,7,6,5,0,6,13,9,23,4,4,0,5,0,1
2021-02,43,49,8,1,0,7,129,105,8,9,1,0,0,8,10,36,8,8,2,64,4,34,3,3,4,48,22,10,10,12,65,3,9,0,16,0,0,3,24,2,32,9,12,1,1,0,2,2,11,15,3,5,2,6,0,1
2021-03,43,119,12,12,1,16,112,70,5,16,7,3,2,14,42,82,15,26,5,19,4,11,7,0,3,88,17,17,2,27,106,4,10,5,36,0,3,6,19,15,67,22,15,10,11,2,11,28,17,20,12,3,1,7,0,2
2021-04,43,135,15,14,3,28,104,39,6,33,13,3,2,22,29,89,21,12,6,10,10,27,4,2,1,76,10,15,2,29,50,8,21,13,101,0,6,5,30,12,51,6,3,26,3,7,23,37,13,26,6,7,6,24,0,7
2021-05,43,95,10,5,0,22,108,51,3,25,10,4,0,26,30,80,14,21,4,8,14,12,11,2,3,48,11,35,3,22,44,4,8,5,66,2,10,15,31,7,89,10,18,37,25,4,32,60,13,21,3,3,3,7,100,3
2021-06,43,103,21,3,7,33,99,46,0,17,9,3,0,46,21,74,13,16,0,20,9,3,6,1,7,57,27,26,5,28,55,6,34,10,52,1,1,5,23,9,114,14,14,46,71,1,38,89,22,17,4,44,1,12,65,3
2021-07,43,95,19,8,1,23,105,54,2,10,19,1,0,84,25,65,2,17,3,18,5,1,10,1,5,59,19,24,1,40,60,12,15,10,74,1,7,9,33,10,164,16,11,86,35,7,20,66,29,20,29,6,1,4,164,12
2021-08,43,99,22,3,3,19,119,49,7,9,13,2,0,34,30,75,7,20,4,15,4,10,4,6,5,35,26,32,5,53,45,5,14,4,36,1,4,7,32,13,125,16,16,75,57,1,27,97,16,14,15,5,0,11,19,10
2021-09,43,98,8,6,3,28,113,41,7,15,4,3,0,68,29,87,9,14,4,7,16,9,9,0,9,16,9,27,2,48,55,5,21,8,76,0,12,12,18,8,41,6,28,56,27,4,22,31,16,26,6,2,1,3,200,8
2021-10,43,61,17,7,6,14,105,36,4,8,6,3,2,20,18,61,8,16,7,11,8,5,5,1,2,22,10,18,7,40,34,4,27,6,51,0,2,4,30,6,77,7,31,66,52,4,20,39,20,14,4,33,3,14,0,4
2021-11,43,89,12,7,3,13,108,62,3,24,2,2,0,20,12,48,4,10,2,11,5,14,8,6,5,17,10,18,7,59,27,6,10,1,21,1,2,4,42,3,76,4,15,36,6,7,12,19,13,25,6,3,3,12,0,3
2021-12,43,80,20,8,2,22,83,69,7,20,0,4,1,29,26,36,1,6,3,27,3,7,8,0,6,19,8,18,8,27,29,3,6,0,37,1,0,14,29,11,37,7,20,16,19,2,13,5,6,16,1,5,0,8,0,5
2022-01,43,58,10,0,0,16,116,85,9,36,1,0,1,8,17,62,5,6,1,19,5,33,9,0,9,36,15,19,5,12,22,4,4,2,20,0,8,12,27,4,57,21,22,4,3,0,5,0,4,15,6,2,3,3,0,0
2022-02,43,73,9,1,3,13,124,63,1,23,3,2,2,14,22,47,5,7,1,15,9,3,7,10,5,142,5,4,1,7,30,6,20,1,19,0,4,5,23,2,97,0,7,4,2,2,9,5,4,15,2,31,1,11,0,0
2022-03,43,109,12,7,3,14,98,61,2,18,11,1,0,22,29,56,6,19,2,6,12,6,9,2,4,152,9,17,7,51,44,6,23,11,36,0,9,14,27,10,79,7,36,15,9,2,20,0,14,20,3,17,1,14,0,2
2022-04,43,81,11,16,1,13,87,35,1,26,12,2,1,16,14,50,2,16,8,5,12,11,14,2,3,231,6,22,5,36,38,15,29,4,17,0,1,7,27,6,81,6,10,16,24,4,32,30,13,24,6,15,3,13,0,4
2022-05,43,121,15,18,5,18,100,42,6,10,15,1,0,52,22,53,15,18,2,4,16,13,15,9,11,222,7,31,6,24,45,14,40,6,27,1,9,6,37,9,77,4,14,43,28,11,25,47,12,18,6,23,0,4,22,9
2022-06,43,129,21,9,0,21,111,59,4,50,5,2,1,59,25,55,8,23,4,17,11,23,19,2,6,176,10,35,5,30,41,11,23,5,4,1,0,5,29,6,49,11,28,119,110,8,35,91,16,20,16,16,4,10,38,9
2022-07,43,72,13,17,2,11,87,73,5,11,9,2,0,63,31,51,16,25,2,13,2,10,6,13,5,64,20,36,6,36,54,4,33,7,6,1,0,14,48,8,63,8,5,83,49,6,32,86,25,27,10,25,2,9,23,5
2022-08,43,77,20,14,2,26,119,57,0,18,16,5,0,41,33,54,20,23,2,12,13,12,10,18,5,47,13,31,3,22,43,16,16,11,4,0,4,6,38,6,111,7,13,63,26,7,29,75,28,20,12,23,1,7,29,9
2022-09,43,118,18,7,1,18,91,59,1,13,11,2,0,46,34,69,18,15,7,17,15,8,13,1,6,34,12,35,8,38,26,9,15,7,12,0,4,9,33,9,56,7,16,64,9,28,16,47,23,23,10,2,2,8,17,5
2022-10,43,81,23,3,1,24,94,51,2,4,5,0,2,32,21,53,9,7,1,6,10,12,11,0,4,24,4,19,6,43,22,4,24,2,12,0,8,5,45,5,41,6,14,33,19,35,18,36,11,32,3,6,1,2,5,8
2022-11,43,77,11,0,1,10,74,51,2,3,6,0,1,20,23,41,16,4,1,8,7,4,3,2,11,15,5,12,3,44,16,5,8,1,7,10,3,15,41,8,43,10,25,44,31,2,17,21,11,10,6,2,2,6,3,5
2022-12,43,63,5,2,1,12,95,133,2,22,2,1,1,11,15,39,11,13,5,11,3,55,19,3,11,22,4,22,6,15,20,2,7,1,2,2,7,6,37,6,40,1,4,17,3,2,8,6,2,13,3,12,2,14,1,3
2023-01,43,88,9,4,0,21,87,79,2,21,17,2,2,36,16,44,15,7,0,6,8,6,13,1,6,46,14,13,2,19,24,3,58,3,23,5,10,16,32,5,92,4,61,9,8,2,12,2,17,14,6,8,1,7,0,2
2023-02,43,52,8,3,1,12,65,55,2,30,4,1,0,27,12,50,12,12,4,9,6,11,7,5,2,93,4,22,4,17,19,6,26,6,6,1,7,17,29,3,97,4,45,14,10,11,11,4,18,15,6,40,0,9,0,0
2023-03,43,66,2,6,2,15,82,37,3,20,11,2,1,21,19,51,13,11,6,10,4,9,10,2,3,94,8,25,4,20,35,11,19,6,10,4,9,15,39,8,71,8,20,21,21,32,21,2,15,17,9,19,5,11,0,4
2023-04,43,74,17,8,0,19,55,40,0,13,13,1,1,40,19,56,24,17,2,11,3,2,12,5,2,85,2,21,6,24,26,8,31,13,14,1,3,14,40,14,49,8,39,64,30,8,32,0,13,23,10,17,2,10,1,10
2023-05,43,75,13,7,3,18,105,42,2,12,10,4,0,52,20,55,18,7,9,9,4,10,21,3,8,33,8,34,1,41,37,2,11,2,7,1,2,2,49,3,30,5,5,49,10,48,20,4,21,27,11,3,1,4,26,10
2023-06,43,65,6,11,0,22,100,59,1,28,6,3,2,46,23,59,17,18,1,12,13,17,14,5,15,36,13,32,4,20,32,6,8,11,8,0,9,11,26,9,49,9,13,60,33,4,27,2,24,21,7,13,5,4,13,16
2023-07,43,64,9,9,15,18,72,47,1,16,10,0,0,52,22,65,22,19,0,13,5,9,19,2,5,54,12,23,5,24,36,6,44,13,11,0,9,8,31,19,93,16,36,128,106,7,48,1,15,23,17,71,2,146,21,9
2023-08,43,98,11,4,6,19,139,46,2,10,16,2,0,51,30,66,12,24,4,17,5,13,19,5,11,40,8,45,9,29,33,13,28,6,15,1,3,5,53,14,63,8,44,116,32,105,35,31,11,25,12,9,3,15,37,18
2023-09,43,61,10,9,3,22,92,50,1,16,6,4,0,61,29,61,17,10,3,11,9,17,16,2,3,53,16,35,5,35,38,15,119,7,11,2,11,16,29,8,75,6,31,65,29,3,41,48,16,23,7,14,3,9,17,8
2023-10,43,65,25,7,2,11,88,62,1,19,1,1,7,39,15,42,9,13,4,9,6,11,20,3,15,23,9,38,4,33,21,11,9,11,14,0,2,7,42,17,41,10,38,56,24,8,26,100,9,25,15,5,3,7,4,3
2023-11,43,59,11,0,0,15,119,82,8,15,2,4,12,28,19,54,25,6,6,21,7,7,11,2,8,27,5,18,7,30,24,2,6,6,24,2,4,7,28,9,45,6,11,24,9,8,7,92,7,17,10,5,0,2,0,13
2023-12,43,78,6,6,1,10,110,61,6,20,1,2,2,16,14,37,5,4,2,5,8,10,9,2,11,52,12,25,1,16,25,8,10,3,7,0,3,4,48,5,41,5,19,21,7,3,12,58,9,27,8,15,3,9,0,4
2024-01,43,86,4,5,1,12,162,173,4,42,2,2,1,17,14,36,9,13,9,18,7,51,9,1,13,119,12,26,4,15,13,3,19,5,7,0,1,3,41,9,31,1,10,19,18,1,6,73,15,16,14,46,0,6,0,1
2024-02,43,54,16,29,0,12,100,54,2,34,5,1,6,38,19,46,11,5,4,11,4,12,17,1,12,109,5,30,2,18,30,5,9,4,8,1,3,9,44,15,63,3,25,51,11,2,18,87,9,24,4,2,1,5,0,2
2024-03,43,67,7,27,1,15,90,52,4,15,7,2,0,24,15,60,12,11,2,12,9,7,5,1,12,99,3,26,0,21,20,6,26,7,22,0,15,14,43,10,57,11,8,76,8,8,16,75,15,30,29,30,2,13,0,6
2024-04,43,93,12,29,2,16,81,61,2,10,10,2,1,40,22,53,19,17,1,7,6,2,8,0,11,131,9,41,6,22,29,10,31,19,7,0,4,9,36,17,46,8,14,85,26,45,16,112,19,13,16,26,2,11,3,6
2024-05,43,107,6,20,3,18,97,80,2,16,14,1,0,66,23,83,21,19,1,10,8,2,9,1,8,84,11,56,1,15,39,16,47,5,9,0,5,8,46,8,95,6,18,113,72,20,50,16,19,22,9,83,2,22,40,9
2024-06,43,82,4,7,1,15,117,82,4,11,2,4,0,84,34,64,3,13,1,23,7,4,11,18,9,40,5,41,2,22,45,3,17,8,9,0,7,4,50,8,80,5,24,104,60,14,43,39,25,35,4,20,1,12,25,8
2024-07,43,70,8,11,0,27,79,41,2,17,5,1,1,79,31,74,12,15,5,10,4,5,20,2,9,50,9,49,4,18,44,3,15,5,17,1,11,5,73,6,76,6,38,139,124,43,40,17,18,16,5,10,1,15,21,9
2024-08,43,158,5,6,3,17,91,37,7,15,10,1,1,75,41,78,13,16,5,14,11,6,14,11,3,40,4,38,4,27,52,9,21,4,14,0,1,3,41,7,49,6,23,128,50,85,33,42,34,21,15,12,2,13,17,12
2024-09,43,102,12,7,2,29,104,44,10,22,8,3,1,47,29,55,35,16,7,7,6,3,9,5,4,30,15,34,1,23,20,5,18,3,8,2,15,20,22,8,68,4,9,63,32,6,20,19,73,14,6,26,0,11,7,4
2024-10,43,55,10,4,2,29,72,55,3,15,6,6,3,47,48,67,18,18,6,12,6,14,9,1,6,30,6,24,1,25,33,10,16,7,13,0,7,11,29,11,100,7,12,58,38,6,28,34,38,26,12,10,0,4,1,8
2024-11,43,62,8,3,0,17,90,64,0,10,3,1,11,28,22,54,4,8,5,14,11,9,5,4,7,30,8,24,2,15,15,3,15,6,5,3,4,9,54,7,38,7,21,27,8,2,15,79,17,17,9,5,3,3,0,8
2024-12,43,89,7,8,2,28,83,93,3,13,5,1,12,28,25,58,11,7,1,7,2,9,5,25,6,39,17,18,4,25,34,4,7,6,22,2,8,9,36,7,42,1,9,15,4,3,7,190,9,15,10,4,0,7,0,5
2025-01,43,70,1,0,0,13,124,139,3,25,0,1,18,26,15,44,1,11,0,21,3,49,6,5,9,18,7,20,1,13,27,2,10,4,4,1,3,5,32,2,32,1,25,8,2,1,5,33,7,15,36,14,2,16,0,3
2025-02,43,57,1,1,1,16,109,76,1,24,5,2,10,26,23,45,21,3,3,13,4,16,15,0,13,82,12,14,2,10,27,2,7,4,3,1,2,5,20,4,18,4,32,7,4,2,14,103,10,18,19,10,3,14,0,4
2025-03,43,82,2,6,0,18,85,43,7,21,5,0,8,53,22,49,18,10,1,14,3,8,12,3,8,71,16,33,2,22,28,5,12,10,12,0,7,11,38,10,53,3,21,16,9,3,22,115,18,26,19,30,1,18,0,2
2025-04,43,129,5,9,1,19,78,51,3,5,8,0,2,22,21,57,16,14,2,10,8,5,11,1,2,88,12,34,2,24,34,6,27,11,13,1,6,13,28,5,49,3,6,45,29,4,33,51,8,12,13,35,3,19,1,8
2025-05,43,71,5,17,1,18,83,66,2,8,11,2,7,50,20,62,5,10,3,14,8,8,8,3,4,106,17,37,1,22,35,28,10,17,23,2,7,6,52,6,45,9,27,153,202,6,40,16,10,22,9,6,0,3,17,12
2025-06,43,64,4,7,2,18,100,57,1,19,6,5,2,55,34,68,7,16,2,8,8,11,17,42,12,45,21,62,3,27,34,11,18,9,8,3,7,3,34,6,48,0,11,77,59,14,33,11,11,15,13,26,1,17,25,13
2025-07,43,153,4,14,2,23,130,63,1,9,8,1,0,47,38,96,13,14,6,34,13,6,8,2,7,58,16,42,3,33,49,5,35,12,9,0,9,10,50,5,86,14,15,116,96,21,44,36,20,23,21,15,1,21,36,17
2025-08,43,101,1,7,6,24,86,52,2,7,6,3,1,83,56,65,10,18,3,13,9,11,10,0,7,42,27,46,3,26,39,8,25,13,10,0,7,12,40,10,40,10,50,98,68,3,29,16,17,19,21,24,4,34,30,15
2025-09,43,72,6,1,1,11,88,47,1,7,5,0,2,53,39,55,15,10,5,18,5,14,18,0,8,18,10,36,2,23,32,17,12,5,6,1,2,2,49,12,76,6,20,90,81,9,23,26,20,10,17,2,1,5,31,13
2025-10,43,100,5,4,1,19,102,56,3,9,6,2,1,54,31,67,14,9,6,12,9,1,20,1,7,13,6,37,7,26,23,9,5,3,4,0,0,1,54,10,24,3,37,40,27,36,24,57,15,20,8,9,1,5,10,10
2025-11,43,70,1,1,0,12,78,47,3,7,11,3,5,27,11,53,8,14,0,12,5,2,7,0,14,16,10,24,2,25,20,7,8,2,7,2,2,2,37,7,17,7,66,30,11,28,11,94,5,14,9,1,2,4,0,13
2025-12,43,65,9,3,2,16,92,99,5,33,3,2,2,16,15,44,11,11,5,31,2,17,9,2,12,34,22,17,4,13,27,1,5,3,10,1,3,4,46,3,46,5,23,12,3,4,7,114,6,15,8,10,1,9,0,2
2019-01,60,7,11,4,0,8,0,4,0,0,0,5,0,0,0,0,0,0,0,0,1,1,0,0,1,8,2,0,0,0,0,1,0,39,7,0,0,0,1,0,15,0,4,0,0,2,6,9,1,0,32,0,2,0,0,0
2019-02,60,10,16,5,1,14,5,1,0,0,0,1,0,1,0,26,1,0,1,0,2,0,2,0,1,65,11,0,1,0,0,5,1,2,8,0,1,0,2,0,49,0,10,1,0,1,5,16,1,0,37,0,0,0,0,0
2019-03,60,37,17,7,0,12,17,2,0,13,0,0,0,9,4,28,91,2,3,1,7,1,2,0,1,91,6,1,4,27,4,5,9,11,24,0,1,8,6,3,135,5,19,5,10,3,15,24,6,1,66,7,1,1,0,1
2019-04,60,39,24,16,1,14,14,6,1,7,0,0,0,2,8,37,63,1,0,5,5,0,1,0,1,41,5,3,6,49,9,14,11,14,21,1,0,2,2,3,32,3,17,6,3,8,27,45,3,1,31,10,1,3,0,3
2019-05,60,27,21,19,6,21,19,3,0,2,2,2,1,10,8,34,101,3,1,5,8,4,3,0,0,52,14,6,2,58,10,14,15,20,31,0,2,6,2,2,31,5,33,7,3,3,12,38,0,1,13,12,0,3,8,5
2019-06,60,32,19,8,3,26,27,4,2,11,3,1,0,6,7,35,133,14,1,2,15,2,3,5,5,35,10,7,6,91,11,5,13,15,10,1,2,6,4,5,70,7,8,15,21,8,15,88,8,1,18,6,1,0,26,3
2019-07,60,48,23,10,12,36,32,3,0,8,0,1,0,17,15,61,113,12,3,11,9,3,6,35,4,49,8,7,6,118,17,10,15,12,35,0,4,10,9,3,76,3,24,16,22,8,29,81,4,3,101,7,0,0,16,5
2019-08,60,52,28,14,1,23,20,0,2,9,6,3,2,14,6,51,141,8,7,5,7,5,8,32,1,30,7,7,3,157,15,6,10,8,17,0,2,2,11,5,34,0,21,8,10,34,17,82,6,2,130,2,0,0,17,4
2019-09,60,55,33,16,2,17,21,0,2,8,1,1,0,16,4,47,95,10,5,5,15,3,3,1,2,40,3,6,2,81,9,5,8,12,32,0,2,2,7,2,45,2,35,10,25,7,21,90,2,5,38,5,1,1,10,3
2019-10,60,26,31,14,3,8,20,1,3,9,1,0,2,6,5,31,197,12,3,6,11,3,3,0,0,62,6,15,5,84,9,0,6,13,43,0,0,12,1,3,79,3,21,6,11,2,10,64,0,3,61,5,2,5,3,3
2019-11,60,36,38,5,1,17,25,2,1,2,0,0,2,5,4,42,180,1,2,3,11,3,1,0,3,24,7,1,2,33,5,6,6,7,31,0,2,6,6,19,59,4,31,3,5,2,6,31,4,4,32,3,0,0,0,11
2019-12,60,34,49,4,3,19,15,1,1,7,1,2,1,6,11,40,144,3,3,0,4,2,2,0,3,21,6,4,2,40,40,3,8,7,37,0,2,1,6,7,72,2,10,2,2,2,7,10,2,3,21,1,3,0,0,1
2020-01,60,28,32,0,1,19,12,2,2,8,2,1,2,6,11,40,127,1,3,6,10,4,2,0,1,52,9,0,1,48,4,0,7,9,4,0,0,2,6,6,96,4,25,2,1,6,4,7,4,3,18,6,3,0,0,1
2020-02,60,32,23,1,0,11,17,1,3,4,1,1,1,3,6,20,169,3,1,10,9,2,2,0,2,76,8,0,1,41,4,2,3,8,18,2,5,4,5,3,45,4,24,5,0,1,9,7,2,3,10,1,1,0,0,0
2020-03,60,26,17,9,0,21,10,1,8,4,1,2,1,5,2,27,165,1,0,0,6,2,1,0,1,69,6,4,2,45,7,1,10,6,36,1,8,19,6,6,55,10,23,7,2,1,8,10,5,3,10,1,3,2,0,0
2020-04,60,8,45,22,2,29,16,1,28,6,1,4,0,7,9,42,138,7,1,11,4,2,1,0,1,57,16,8,6,54,9,4,12,1,10,0,1,4,4,4,85,5,21,6,2,0,5,20,3,0,5,6,1,2,0,2
2020-05,60,22,43,6,5,28,11,2,24,4,2,1,0,28,13,58,153,6,1,6,7,0,2,4,2,28,32,6,2,129,14,5,22,3,144,0,0,2,9,3,37,4,14,6,5,8,18,77,5,5,7,12,3,5,9,8
2020-06,60,20,15,9,3,20,13,2,15,6,2,1,1,7,10,48,135,5,2,12,8,0,6,28,1,10,65,7,6,148,32,0,15,6,114,0,0,5,6,6,149,8,19,15,50,47,22,141,2,3,4,5,0,3,22,3
2020-07,60,26,18,2,1,19,28,0,14,13,1,1,0,7,7,71,148,7,0,15,11,6,1,17,2,2,16,7,5,169,32,4,8,14,38,0,3,7,4,5,68,1,14,23,45,5,23,109,2,2,7,1,1,3,31,10
2020-08,60,34,10,4,2,29,20,3,18,10,2,2,1,9,7,76,215,4,0,9,8,0,3,9,0,12,7,2,3,194,30,3,8,11,29,2,8,3,1,6,59,14,29,19,43,4,26,70,4,5,9,1,0,1,17,11
2020-09,60,24,14,2,1,25,26,1,8,5,4,1,1,16,12,55,245,7,0,11,6,1,3,7,2,12,9,14,2,151,31,4,6,12,11,1,5,7,0,2,63,2,36,9,9,10,15,58,1,3,14,0,10,0,12,3
2020-10,60,39,9,2,0,17,20,3,15,9,2,0,0,23,9,49,136,10,2,5,9,8,3,2,0,14,4,9,2,124,9,4,4,6,24,1,0,4,5,6,59,8,15,7,12,2,15,35,2,1,7,1,0,2,1,1
2020-11,60,34,12,4,1,23,9,3,13,1,5,1,0,4,7,36,183,7,0,6,11,3,0,1,0,9,12,1,2,69,7,4,3,2,19,0,0,7,1,5,48,6,29,7,8,3,5,18,1,0,4,0,0,0,0,14
2020-12,60,35,9,14,0,19,6,2,17,10,0,2,0,4,2,40,145,5,4,7,3,3,3,0,1,60,6,0,1,67,5,0,4,3,26,0,0,2,2,1,19,0,22,1,0,0,9,33,1,3,8,0,1,2,0,4
2021-01,60,33,4,2,0,35,7,1,11,7,0,1,1,3,9,29,152,3,6,2,0,0,6,0,2,33,6,0,0,61,14,1,2,7,13,1,0,1,5,2,26,1,11,0,2,0,2,14,1,3,7,0,0,1,0,0
2021-02,60,33,8,1,0,20,23,3,0,8,1,0,3,2,7,24,74,3,1,81,3,3,1,1,1,33,35,3,3,24,24,4,2,4,28,0,0,6,2,0,10,3,16,1,0,0,5,12,2,1,1,0,0,4,0,0
2021-03,60,48,9,12,3,29,25,3,6,9,4,0,3,16,6,60,151,4,3,48,6,0,2,2,0,88,15,2,1,115,32,1,3,8,17,0,3,6,2,8,29,10,13,6,10,11,19,48,2,1,5,1,0,2,0,8
2021-04,60,57,15,8,1,25,19,2,4,7,5,1,3,14,4,53,118,6,6,6,5,6,5,5,0,61,3,4,1,142,20,2,6,15,14,0,0,1,3,5,34,4,26,7,7,3,21,113,1,1,12,2,0,2,0,2
2021-05,60,22,5,10,1,23,15,2,5,9,3,1,1,10,4,56,144,9,1,6,10,0,7,2,1,18,4,4,2,182,22,1,7,8,27,0,3,3,3,3,31,5,39,11,12,8,28,122,4,1,8,9,2,3,16,6
2021-06,60,59,10,9,0,20,38,2,0,6,2,1,0,5,10,63,108,2,3,5,20,3,8,26,1,19,3,6,1,237,20,3,11,14,24,0,1,3,3,10,60,4,16,19,45,6,28,90,4,1,2,13,3,2,17,6
2021-07,60,39,3,8,1,30,23,4,0,3,3,1,0,10,12,89,187,7,1,16,7,0,9,13,1,16,5,7,1,234,25,3,5,10,26,1,0,8,1,4,97,3,25,28,37,20,26,73,3,7,97,3,0,2,8,17
2021-08,60,62,6,5,0,15,30,4,2,3,1,1,0,13,11,65,202,7,4,9,8,2,6,5,3,8,5,4,2,189,29,5,15,7,31,0,0,5,10,4,55,6,21,56,66,2,25,86,3,5,34,1,1,1,10,6
2021-09,60,38,10,1,3,25,13,3,3,6,1,2,0,13,4,53,188,8,1,8,8,3,2,3,0,16,4,8,3,172,15,6,5,3,41,0,2,7,4,9,45,3,22,13,23,6,16,54,4,1,9,0,3,1,13,8
2021-10,60,52,1,5,1,16,14,1,4,10,4,0,0,10,7,51,134,7,1,2,9,3,8,5,0,26,2,5,4,154,19,1,10,5,21,0,2,15,3,4,32,1,24,17,37,10,17,61,2,2,3,9,0,1,0,5
2021-11,60,41,14,3,0,20,18,5,3,4,1,0,1,14,0,46,121,7,1,3,8,2,7,0,3,22,2,9,3,94,8,0,1,4,57,0,2,4,3,6,26,2,12,4,9,0,5,16,4,1,4,0,0,2,0,11
2021-12,60,48,14,7,0,19,15,2,7,4,1,2,2,2,10,28,87,3,2,4,12,1,2,2,3,43,5,1,2,118,8,0,3,2,25,0,0,4,3,8,48,9,20,5,8,1,7,15,2,1,2,0,0,1,0,7
2022-01,60,37,4,1,0,19,15,2,3,6,0,0,0,7,7,31,65,1,0,4,4,8,4,0,10,51,3,2,1,86,10,1,1,4,17,1,3,6,8,0,25,2,27,2,1,9,11,1,1,2,7,2,1,0,0,1
2022-02,60,55,6,3,0,22,11,4,1,3,0,1,0,9,5,24,49,1,0,4,1,5,7,1,2,83,4,2,0,52,14,6,15,4,21,0,0,2,5,1,93,4,12,4,3,1,6,0,2,2,3,7,0,6,0,0
2022-03,60,62,12,16,1,20,15,2,2,9,4,3,0,13,11,46,94,6,3,4,6,2,11,0,4,105,5,0,1,144,22,11,9,9,26,0,0,3,4,8,26,3,33,2,0,6,12,0,4,3,8,8,2,3,0,3
2022-04,60,35,9,12,1,26,23,0,5,6,2,2,0,8,4,54,53,5,0,2,10,2,5,0,3,73,3,2,2,133,16,3,10,13,3,0,0,4,4,7,15,5,21,10,5,24,16,28,2,3,2,0,0,2,1,4
2022-05,60,41,6,17,2,25,22,1,4,4,2,0,0,12,11,46,60,8,1,6,9,1,11,3,1,93,6,5,2,133,27,11,8,15,17,0,2,1,4,2,44,5,45,17,10,28,26,68,5,1,4,8,0,5,6,7
2022-06,60,34,9,13,1,17,15,4,2,2,2,0,1,9,10,53,145,6,0,10,6,2,4,50,4,37,4,5,2,162,15,5,3,15,11,0,0,1,4,5,41,3,13,21,19,15,35,136,6,3,4,4,0,0,17,9
2022-07,60,36,8,15,0,12,19,6,1,4,2,0,0,14,6,48,112,4,0,21,8,0,4,5,5,40,7,6,3,188,19,9,5,25,5,0,0,3,5,12,46,2,14,15,20,36,22,66,11,2,6,4,2,4,21,16
2022-08,60,40,12,9,0,26,16,4,1,0,4,1,0,15,14,46,106,9,1,11,10,0,6,4,5,23,6,12,5,172,22,7,11,10,23,1,2,7,5,14,45,12,18,19,27,147,32,80,4,4,9,1,0,0,23,14
2022-09,60,41,9,6,3,16,9,1,2,3,3,0,1,15,18,55,106,5,1,13,5,4,7,1,5,29,6,7,5,129,5,6,3,13,13,0,0,4,4,4,31,6,28,12,11,11,12,62,1,2,27,3,2,2,20,8
2022-10,60,32,9,8,1,20,13,2,1,5,0,0,8,17,6,54,201,6,2,18,7,2,3,1,0,28,4,7,2,99,7,3,3,14,20,0,2,7,3,2,35,3,18,5,7,14,8,44,3,7,6,1,0,0,8,12
2022-11,60,33,10,5,2,19,16,1,2,2,1,3,0,5,4,40,101,1,1,7,10,0,2,0,4,21,8,2,6,63,6,3,4,6,12,1,6,14,7,5,63,12,21,5,7,4,8,17,4,3,6,1,0,1,0,13
2022-12,60,55,3,4,0,24,10,7,2,13,2,0,0,7,0,43,140,2,1,5,7,7,3,2,1,19,4,7,4,97,1,2,3,7,6,0,0,5,7,3,41,10,19,2,0,7,6,8,5,0,9,3,0,1,1,7
2023-01,60,44,4,3,1,26,10,1,1,7,1,2,1,6,5,43,193,5,2,4,8,1,5,0,0,75,3,1,3,77,8,4,1,0,14,0,2,4,2,3,44,5,16,0,3,12,6,1,3,1,7,3,0,0,0,1
2023-02,60,45,8,8,1,15,13,1,0,6,2,0,0,6,6,28,111,0,2,4,5,3,6,3,3,91,5,1,2,68,11,3,8,10,12,0,0,10,5,2,26,4,35,1,1,2,3,11,1,2,3,11,3,6,0,2
2023-03,60,58,15,17,0,22,11,3,2,12,4,1,0,6,10,34,109,2,4,9,3,9,6,1,1,107,7,3,3,115,6,6,4,14,8,1,0,4,8,3,66,8,30,2,4,39,11,7,2,3,6,2,0,1,0,2
2023-04,60,45,5,15,0,26,14,1,3,13,3,1,0,4,6,38,94,1,6,5,10,6,5,1,2,42,2,4,5,84,7,2,6,17,5,0,0,5,2,3,34,6,36,5,3,29,17,6,3,2,16,18,0,3,0,13
2023-05,60,73,16,7,1,21,24,3,2,6,4,1,0,9,10,57,61,2,3,2,14,4,6,0,4,18,5,7,3,123,17,3,5,11,15,0,0,2,5,3,54,3,23,4,8,164,45,14,1,8,9,1,0,1,3,19
2023-06,60,52,8,6,1,20,20,1,0,5,4,0,0,11,6,61,97,5,2,10,18,1,3,5,4,23,8,7,3,140,12,2,3,9,11,0,0,4,6,6,15,3,16,13,10,63,27,141,3,4,11,0,3,0,7,12
2023-07,60,57,17,11,9,29,31,4,3,3,4,2,0,14,11,57,121,3,5,11,12,1,3,22,1,37,2,4,4,153,23,3,22,25,13,1,4,6,4,6,35,6,9,43,36,468,31,79,7,6,13,13,0,13,22,14
2023-08,60,65,39,4,4,24,24,7,3,7,4,2,0,19,3,65,224,4,3,6,14,2,7,39,2,23,9,6,6,158,18,7,9,26,23,0,2,4,5,1,32,2,18,19,21,6,30,120,2,4,19,7,0,5,17,10
2023-09,60,44,4,7,0,16,20,0,1,6,1,1,0,21,9,42,116,6,5,6,9,3,5,5,2,31,8,7,2,133,16,5,5,6,17,1,0,2,6,2,29,7,25,20,17,49,22,94,2,1,17,4,1,1,8,7
2023-10,60,38,4,15,4,19,11,3,1,7,1,2,0,15,7,49,134,6,2,2,10,1,6,1,5,19,0,4,3,106,14,2,7,10,21,0,2,8,4,1,23,5,22,7,11,117,24,205,0,4,23,3,0,0,6,13
2023-11,60,64,12,9,1,14,6,2,2,15,2,4,0,30,4,38,158,6,1,7,9,4,3,3,0,19,1,2,3,75,14,1,7,9,17,0,0,2,6,4,50,0,17,2,4,129,5,124,0,3,14,3,0,2,1,17
2023-12,60,62,3,6,0,24,9,3,0,6,1,0,1,13,4,29,159,3,1,7,3,1,5,0,2,62,3,4,6,65,6,1,6,6,19,1,0,1,6,5,32,1,23,3,3,263,11,113,2,1,13,3,0,1,0,0
2024-01,60,58,9,5,1,26,12,5,0,20,0,2,6,5,8,39,162,2,2,16,4,9,7,1,6,101,9,2,2,51,22,2,3,9,3,3,3,6,4,5,45,2,17,3,8,55,15,137,2,8,7,6,2,1,0,1
2024-02,60,58,20,9,0,24,19,1,1,10,3,2,6,6,8,36,106,0,2,2,9,6,7,0,3,89,7,3,2,47,11,1,0,7,16,0,0,5,8,6,33,4,11,2,3,18,14,94,0,1,9,2,0,1,0,2
2024-03,60,82,13,17,1,43,5,4,3,9,2,2,1,9,5,33,179,8,1,2,9,1,8,0,0,68,4,5,2,51,4,2,10,12,21,2,1,6,3,7,31,8,45,5,4,132,8,88,4,4,24,10,0,3,0,5
2024-04,60,70,11,20,1,26,11,2,0,4,2,1,1,6,9,36,233,1,0,1,22,5,6,0,3,64,9,4,2,78,12,2,7,7,25,1,0,11,8,4,40,0,14,4,9,152,18,96,0,5,12,9,1,4,0,11
2024-05,60,53,2,17,3,21,48,2,2,4,4,1,4,3,4,54,140,4,1,11,5,4,4,5,0,28,13,6,1,117,15,4,19,12,10,0,0,5,3,4,44,4,24,19,28,33,37,72,3,2,12,21,0,1,14,9
2024-06,60,38,5,14,0,40,17,3,5,2,4,4,4,11,10,66,163,14,1,9,3,1,12,3,1,29,8,2,0,95,14,7,7,17,14,0,0,7,7,7,92,4,15,14,28,110,25,66,3,3,11,3,2,7,21,18
2024-07,60,46,5,13,4,57,9,2,4,0,2,2,12,10,2,78,184,4,0,9,8,3,3,6,2,29,13,7,0,131,20,16,11,22,16,1,2,2,0,10,91,1,17,51,59,13,24,62,3,4,11,8,0,1,17,11
2024-08,60,50,8,10,1,35,15,2,4,5,5,1,9,16,6,56,164,3,0,11,11,2,2,7,2,43,13,4,2,118,14,2,18,15,19,0,0,7,4,1,48,4,26,16,18,13,22,104,3,5,20,6,0,1,13,12
2024-09,60,53,9,3,1,48,17,2,1,9,5,1,11,18,5,57,111,4,0,6,7,5,5,14,1,10,4,9,2,133,17,5,5,16,14,0,0,3,3,1,32,3,17,17,18,7,17,11,5,3,7,5,1,4,6,12
2024-10,60,59,4,10,1,97,19,2,2,8,2,3,6,14,7,47,219,7,3,3,15,3,3,1,1,6,5,3,0,127,11,1,7,12,16,0,0,1,3,2,20,0,25,7,23,4,8,45,4,5,8,1,0,2,0,10
2024-11,60,55,6,14,1,17,18,3,0,10,2,0,7,12,4,33,204,8,3,4,8,5,2,16,3,33,9,7,2,87,3,3,5,9,14,1,2,4,5,10,39,4,20,6,7,1,7,83,2,2,10,5,0,1,0,11
2024-12,60,33,3,5,0,24,18,2,4,7,0,1,9,4,6,34,194,1,1,5,13,3,3,4,3,21,10,3,3,52,12,2,3,1,8,0,2,1,4,2,37,6,23,0,1,1,13,181,2,2,7,4,2,1,0,8
2025-01,60,56,5,1,0,23,10,4,6,10,0,0,14,6,9,30,263,3,2,3,6,27,3,1,5,20,10,2,4,77,7,2,4,7,10,0,1,7,4,2,25,3,15,1,2,101,2,97,1,2,17,3,1,5,0,2
2025-02,60,58,2,6,1,17,13,0,3,24,1,1,10,7,3,30,154,11,2,7,5,7,1,0,7,54,8,4,1,49,5,10,3,8,7,1,0,4,2,8,33,6,34,2,3,48,6,117,5,0,7,1,0,1,0,0
2025-03,60,63,20,10,0,18,26,4,1,9,2,2,22,6,16,46,150,1,2,3,12,0,4,0,3,120,2,4,1,92,6,3,7,17,11,0,0,7,3,4,63,2,36,9,6,17,10,130,1,0,8,8,0,2,0,9
2025-04,60,84,11,16,2,31,17,4,8,10,1,0,4,12,9,62,216,3,5,1,5,1,5,0,1,37,4,4,4,100,10,7,21,14,15,1,5,8,5,0,42,1,36,7,9,15,21,99,3,4,16,22,0,0,0,18
2025-05,60,63,15,14,2,16,31,6,3,5,0,2,11,11,20,51,200,7,0,4,12,3,3,3,3,22,10,3,1,110,9,9,4,10,15,0,0,6,4,1,60,17,55,58,71,9,39,10,1,5,6,2,0,3,13,12
2025-06,60,50,7,11,2,29,43,10,10,9,2,0,2,27,15,51,232,2,0,11,15,0,6,17,7,17,17,11,6,110,18,4,13,13,12,2,4,6,7,8,53,5,42,30,38,5,26,28,7,4,10,5,0,0,12,19
2025-07,60,64,3,25,3,34,30,8,5,5,2,0,0,13,17,90,175,6,0,13,10,0,7,9,5,28,8,3,4,125,15,5,14,16,25,0,1,11,13,4,45,9,34,45,126,10,46,72,6,5,25,14,0,7,19,19
2025-08,60,65,16,11,2,29,30,4,4,5,4,1,2,19,17,66,168,6,0,8,17,1,4,1,2,40,11,7,3,129,17,4,15,18,13,0,0,5,2,6,26,8,22,8,38,7,31,43,4,3,50,21,3,25,29,19
2025-09,60,59,7,6,0,42,36,7,2,7,2,2,7,10,10,59,243,6,3,4,17,1,8,1,2,16,2,11,1,124,28,3,10,15,15,0,4,6,5,2,17,0,26,10,17,12,18,40,4,4,32,4,3,2,17,11
2025-10,60,69,9,9,0,32,19,7,4,4,5,0,20,26,9,39,188,5,1,7,11,2,3,1,2,36,9,7,6,82,11,5,1,9,20,0,0,2,8,1,47,3,40,6,8,35,19,24,2,4,16,2,3,2,1,7
2025-11,60,55,7,6,0,32,19,2,1,7,0,0,8,9,5,33,163,3,1,4,7,7,3,8,1,32,8,6,2,60,13,2,2,10,15,0,0,2,5,7,37,0,32,3,5,1,9,91,1,2,18,2,1,1,0,21
2025-12,60,77,7,1,0,28,17,8,1,12,0,0,20,8,5,34,182,4,1,12,2,1,1,2,5,50,22,3,2,32,10,4,3,2,9,0,2,8,4,0,45,3,33,3,5,6,10,165,4,2,9,5,1,0,0,3
2019-01,69,3,24,3,0,15,0,19,1,0,0,1,0,0,0,0,0,0,0,0,0,0,2,0,4,4,7,0,7,0,0,1,2,67,10,0,0,0,5,0,19,0,3,0,0,2,5,12,9,0,26,3,0,2,0,0
2019-02,69,12,31,4,3,15,30,51,0,4,5,7,0,3,3,33,0,4,2,2,4,2,1,1,0,91,5,0,6,4,5,1,9,10,5,0,0,2,7,1,142,2,6,4,0,1,12,15,9,0,22,2,2,1,0,1
2019-03,69,24,44,6,1,14,38,20,0,9,18,3,1,21,17,61,7,3,0,6,15,12,5,11,2,132,13,15,5,28,30,11,14,7,35,2,8,3,23,12,187,4,58,24,12,0,21,34,34,13,40,10,3,10,0,1
2019-04,69,26,54,10,1,17,47,16,2,12,28,2,0,24,25,100,4,12,2,5,11,14,1,11,1,83,11,19,5,30,34,13,15,5,41,3,21,14,18,7,152,6,43,36,6,1,23,44,29,15,33,24,3,12,0,3
2019-05,69,49,65,6,12,26,58,15,3,17,26,1,1,15,31,107,9,20,0,20,6,7,14,3,4,94,11,16,2,30,49,23,48,17,69,4,4,11,22,8,141,7,56,32,10,4,27,63,37,12,12,53,1,44,219,6
2019-06,69,32,51,7,4,19,63,37,3,20,31,3,0,35,44,90,4,15,0,12,12,4,13,1,3,105,18,20,9,63,63,16,38,12,8,2,1,5,25,12,124,8,46,48,40,1,17,89,34,13,14,36,2,14,342,6
2019-07,69,47,52,7,2,24,79,19,2,24,16,3,0,36,28,102,15,7,2,14,11,7,3,8,3,67,10,25,6,29,62,11,27,6,34,0,7,4,27,7,210,6,44,84,31,4,34,95,40,20,91,25,2,6,562,9
2019-08,69,32,81,5,1,20,65,14,2,13,15,4,0,51,26,96,16,18,2,9,4,6,0,0,6,81,8,23,6,45,44,8,13,12,22,1,0,5,21,18,198,3,31,71,20,3,43,74,44,8,38,7,1,2,497,6
2019-09,69,36,55,9,2,9,47,16,1,14,21,0,1,44,42,81,8,11,2,6,8,4,3,1,3,87,4,31,4,72,43,11,10,10,30,0,4,4,28,6,195,6,20,53,22,4,27,77,21,22,109,17,0,13,313,6
2019-10,69,42,53,10,2,22,54,20,1,18,5,2,1,20,39,65,7,10,5,10,6,7,5,5,1,39,3,13,5,54,33,9,13,1,32,0,8,8,25,11,312,11,19,48,29,0,16,39,27,20,28,9,1,10,198,1
2019-11,69,52,54,5,0,13,46,20,2,12,5,2,0,27,36,53,6,8,3,24,8,20,5,2,5,14,3,18,6,41,22,5,8,1,31,0,2,2,30,4,173,8,13,24,31,0,14,10,22,23,8,4,1,2,259,1
2019-12,69,31,56,0,1,22,36,11,3,16,2,2,0,20,28,67,1,5,2,19,4,3,4,0,4,14,7,13,9,16,13,3,11,1,24,0,0,4,21,9,178,7,31,14,5,2,10,11,18,10,8,6,0,3,0,3
2020-01,69,41,49,2,0,23,33,10,0,22,3,1,7,24,20,65,7,4,1,7,12,5,0,0,6,27,10,14,7,25,17,6,12,10,61,2,4,4,33,2,152,5,89,21,10,0,11,7,24,18,16,7,3,17,0,1
2020-02,69,26,33,4,0,18,32,13,2,8,11,2,3,26,33,72,12,11,0,7,8,6,3,0,2,32,5,11,6,14,20,6,6,2,33,0,3,0,26,2,107,7,45,25,1,1,10,6,14,14,7,4,0,3,0,0
2020-03,69,17,30,5,5,18,37,9,25,9,6,4,1,25,21,77,6,11,2,14,13,1,4,0,7,71,10,12,3,29,37,11,20,3,24,0,1,6,29,9,75,8,45,15,3,0,14,16,20,15,10,11,0,12,0,2
2020-04,69,44,13,3,0,16,23,14,62,11,8,5,0,15,19,85,9,12,3,6,6,5,2,0,0,51,17,16,6,28,19,4,22,4,34,3,2,12,11,4,45,4,22,27,4,0,14,26,15,18,2,10,0,14,0,4
2020-05,69,83,35,7,5,27,40,16,40,6,23,3,0,42,27,131,13,7,0,20,9,0,10,0,2,55,20,15,2,57,53,9,31,15,24,0,0,3,22,8,62,1,33,41,3,1,26,43,35,7,6,34,0,50,55,13
2020-06,69,92,59,5,2,33,66,14,17,10,27,3,1,53,30,135,11,14,2,23,18,20,3,38,1,43,19,17,5,43,49,5,38,11,95,3,6,15,20,12,182,15,63,76,70,0,20,85,41,23,3,24,1,16,165,8
2020-07,69,72,42,8,1,31,62,20,27,12,22,4,2,31,41,136,19,18,3,43,8,4,8,13,4,32,34,15,8,51,57,9,31,9,59,0,0,5,19,8,89,4,216,64,42,0,31,95,36,9,4,21,4,12,910,10
2020-08,69,109,43,2,4,32,48,20,25,9,18,1,0,23,39,142,6,25,5,18,15,8,7,3,5,33,16,29,8,48,66,7,15,11,37,1,0,0,31,20,155,6,58,158,99,0,29,67,41,28,5,8,2,15,573,9
2020-09,69,75,41,4,2,23,38,22,15,13,19,2,1,27,42,119,4,13,3,19,7,7,8,2,4,20,19,16,3,62,42,7,15,6,62,2,5,10,34,10,55,5,21,113,50,5,22,66,25,37,6,7,2,8,204,9
2020-10,69,74,45,5,0,19,51,25,11,8,19,1,1,16,33,98,5,8,0,8,5,4,6,2,1,11,20,9,3,66,36,3,12,7,21,1,2,6,22,6,176,16,41,88,9,0,20,43,33,17,4,7,3,7,94,5
2020-11,69,61,54,2,1,25,56,25,24,15,10,0,2,29,23,83,11,5,2,27,2,6,2,1,2,25,23,17,0,44,21,3,11,4,35,0,0,1,13,9,110,10,30,33,3,0,13,18,21,17,3,2,1,9,0,5
2020-12,69,51,29,1,1,25,36,26,13,21,15,2,1,15,38,81,6,11,6,23,5,8,3,2,4,14,23,10,0,30,39,3,11,4,37,1,3,7,22,11,78,7,45,17,1,0,5,6,23,7,7,6,1,4,0,4
2021-01,69,76,36,8,0,25,42,15,14,6,5,1,1,17,20,73,9,13,2,11,4,3,5,1,6,62,18,8,3,24,23,4,3,6,28,0,0,4,17,2,63,5,61,26,5,1,5,1,11,15,6,0,1,8,0,1
2021-02,69,66,8,1,1,15,88,49,4,13,1,1,3,15,11,47,3,10,5,67,3,37,3,2,4,20,12,9,6,21,27,6,5,2,23,1,3,6,13,3,35,8,38,1,4,0,6,3,4,4,3,0,0,5,0,0
2021-03,69,112,22,5,2,25,76,32,16,22,13,2,2,19,36,130,23,14,0,30,2,7,15,1,2,65,22,18,5,42,40,5,16,11,50,0,6,4,21,28,128,11,26,15,16,0,24,29,28,24,3,3,1,18,0,0
2021-04,69,110,18,3,1,33,43,29,6,7,16,4,1,22,26,112,12,10,2,13,7,9,2,1,5,47,11,23,4,23,41,5,13,11,38,1,4,12,34,23,63,10,20,41,11,2,19,40,20,20,9,2,2,4,0,2
2021-05,69,115,21,9,1,24,41,16,5,12,30,1,1,28,24,84,10,14,2,9,10,4,1,0,5,28,15,21,8,57,45,6,14,8,12,0,1,0,30,16,143,10,123,34,32,1,28,54,17,19,1,1,3,0,75,10
2021-06,69,100,22,5,6,35,49,18,8,5,33,1,0,38,29,131,9,14,1,12,7,4,9,4,3,23,27,7,10,48,51,5,39,12,37,0,2,7,18,14,48,8,50,59,80,2,36,106,32,26,9,26,0,16,184,8
2021-07,69,108,23,6,1,36,56,26,4,14,26,3,0,36,22,108,12,13,0,22,5,10,5,4,4,45,13,24,5,68,59,12,16,13,28,2,0,4,43,17,118,5,40,92,42,3,40,110,28,19,51,9,1,13,122,8
2021-08,69,84,28,2,0,21,73,25,5,17,18,4,1,51,24,98,1,17,0,15,8,10,3,3,8,40,9,25,6,54,39,13,8,10,24,0,5,10,26,17,85,4,47,90,30,0,34,124,11,13,23,2,1,5,45,5
2021-09,69,73,17,9,0,24,58,21,9,16,8,2,0,52,28,88,6,18,2,11,5,12,4,9,4,36,8,17,8,69,37,6,17,7,32,1,5,2,20,14,33,5,23,52,23,3,17,63,27,13,10,3,0,4,122,5
2021-10,69,91,8,6,2,15,62,27,6,11,16,4,0,21,22,59,5,18,2,8,14,2,3,4,5,13,4,24,3,81,30,8,12,15,43,0,1,1,36,14,76,6,76,55,62,1,16,41,20,17,8,13,1,9,0,4
2021-11,69,67,10,9,0,14,40,21,4,14,8,3,0,28,29,71,10,9,4,9,3,12,7,3,3,24,3,14,4,48,14,6,9,8,45,1,0,4,31,8,94,7,10,32,12,3,12,21,8,34,2,5,2,11,0,4
2021-12,69,69,13,3,0,17,47,32,10,11,5,8,1,9,19,63,7,13,3,23,8,1,7,1,3,9,3,10,4,29,17,1,10,7,38,0,2,1,44,8,22,11,18,24,19,0,8,6,23,20,1,6,1,10,0,5
2022-01,69,66,3,0,1,9,65,57,7,16,2,2,2,11,18,45,20,9,0,12,7,29,7,11,2,27,7,15,3,19,18,10,14,6,61,0,0,2,35,6,35,2,18,8,1,0,7,1,15,12,2,0,0,5,0,0
2022-02,69,49,8,3,1,16,40,40,4,26,6,2,0,5,14,55,16,3,1,8,3,15,10,14,2,33,6,7,2,23,16,3,12,1,39,0,1,4,42,6,39,13,32,4,1,3,19,0,11,19,2,24,0,23,0,1
2022-03,69,84,16,6,1,14,47,23,7,8,27,2,0,24,33,51,24,9,2,22,16,7,5,2,2,110,4,26,8,37,18,2,12,12,54,3,5,6,27,13,40,4,24,19,10,3,22,0,23,17,2,17,1,7,0,0
2022-04,69,60,11,14,2,18,49,24,6,8,14,1,1,51,23,74,7,7,3,9,20,5,5,0,4,107,3,17,9,46,30,13,23,9,7,1,3,6,38,5,45,5,21,23,17,5,25,29,29,15,2,11,1,9,1,0
2022-05,69,64,14,9,0,29,62,21,7,14,33,7,0,39,31,75,2,7,2,10,6,15,10,2,7,64,7,27,5,50,26,4,10,12,7,0,3,4,37,10,74,5,17,29,21,2,17,55,33,30,16,13,0,7,59,8
2022-06,69,71,21,9,2,18,49,12,3,11,20,3,4,20,25,82,19,12,1,13,2,2,7,2,3,70,11,16,5,66,39,6,12,20,11,1,7,12,27,15,77,3,20,60,39,10,38,102,34,29,8,9,0,14,76,7
2022-07,69,69,34,8,3,14,70,29,8,17,5,2,0,27,30,85,10,24,1,13,6,12,7,3,3,43,13,11,4,59,37,6,14,14,7,1,10,11,40,13,101,7,43,67,37,2,23,74,21,11,6,20,3,24,33,3
2022-08,69,50,17,5,1,22,75,21,3,16,39,2,2,44,36,80,8,15,4,18,6,6,15,0,2,34,21,15,1,65,38,5,8,7,9,2,9,7,23,14,201,13,36,93,39,8,29,65,42,28,16,12,0,8,46,10
2022-09,69,94,25,3,2,34,48,21,2,10,9,1,0,31,17,69,5,11,1,12,6,7,10,1,1,28,11,14,6,59,29,5,13,20,4,5,28,13,29,7,165,2,22,71,22,44,15,37,23,15,16,2,0,6,32,8
2022-10,69,47,20,2,0,14,43,24,5,5,3,3,0,26,16,64,2,6,4,7,9,3,3,1,2,13,13,22,1,63,14,0,11,5,10,1,22,11,25,8,108,12,39,40,25,26,22,41,18,11,6,4,1,4,9,4
2022-11,69,66,15,7,0,14,44,18,0,9,7,3,1,28,10,48,4,4,2,13,5,2,2,0,3,9,15,8,3,35,8,4,9,3,3,2,14,6,23,10,87,3,19,21,25,100,13,19,13,17,10,3,0,6,0,8
2022-12,69,42,9,1,1,16,62,59,3,18,0,2,0,11,7,63,2,5,5,8,6,40,1,4,1,16,7,10,6,35,20,2,6,3,11,1,8,13,24,7,56,4,12,14,1,5,7,5,6,12,2,2,0,9,1,8
2023-01,69,96,17,3,2,16,43,29,9,24,9,2,0,23,16,50,0,9,0,8,6,12,7,2,3,37,4,13,3,33,25,3,9,7,4,2,12,9,24,15,103,5,54,4,2,5,4,1,12,15,4,4,2,20,0,1
2023-02,69,56,8,1,5,21,32,19,2,13,11,0,0,15,31,62,7,13,1,5,2,3,11,0,2,74,6,16,4,34,23,4,17,8,10,0,8,5,21,6,78,8,41,19,17,18,11,0,12,13,7,20,0,22,0,1
2023-03,69,66,22,3,4,21,40,11,2,13,17,1,0,25,24,66,9,6,3,13,3,3,8,0,3,67,13,20,2,32,24,2,24,6,10,2,3,11,22,18,30,14,35,14,12,3,19,1,25,16,2,11,0,9,0,4
2023-04,69,69,13,4,0,26,40,13,6,1,12,4,2,24,25,78,37,11,0,13,5,0,7,2,2,49,1,17,4,33,13,1,10,8,7,4,10,15,29,24,27,10,60,27,42,1,38,75,23,16,4,14,2,5,2,0
2023-05,69,69,7,3,4,19,43,21,7,12,18,7,1,47,22,74,8,24,3,9,3,2,7,1,5,43,6,24,9,37,30,8,13,14,19,0,5,7,41,21,35,10,35,37,12,10,23,79,29,21,4,6,1,5,30,5
2023-06,69,53,9,5,2,26,45,39,10,8,32,1,0,35,34,78,7,17,2,11,9,14,7,2,5,33,10,19,4,50,44,5,9,15,22,3,4,13,20,17,64,8,29,41,27,8,35,45,24,8,13,14,0,5,44,3
2023-07,69,66,13,8,8,26,61,14,1,18,14,4,1,37,30,89,16,12,4,13,5,13,8,3,1,17,4,24,4,64,27,3,26,13,4,0,5,11,40,18,50,6,21,103,85,3,37,110,26,21,8,40,4,134,36,6
2023-08,69,54,10,2,5,33,49,32,5,10,12,3,8,42,27,104,7,18,1,8,4,2,8,0,6,42,4,23,7,61,48,4,17,15,13,2,4,12,42,29,78,3,19,104,36,201,35,58,28,17,12,9,0,10,31,6
2023-09,69,65,5,5,3,20,51,22,3,10,4,3,0,47,24,65,9,9,4,9,7,5,7,6,7,29,8,20,4,54,36,2,10,13,10,1,12,11,40,17,52,3,29,68,20,0,26,63,30,10,8,17,0,10,19,10
2023-10,69,68,12,4,0,17,63,25,8,15,5,3,1,26,35,54,11,14,2,4,5,7,2,0,5,30,7,20,3,52,14,11,18,3,11,0,5,7,28,14,35,6,41,52,17,1,23,88,30,20,7,7,3,4,10,1
2023-11,69,43,14,4,0,34,54,30,2,9,4,0,1,24,16,79,1,17,2,38,7,3,12,3,7,15,4,18,2,41,13,1,9,2,11,1,2,5,48,7,25,6,25,36,2,9,9,40,11,15,15,4,1,6,4,4
2023-12,69,48,18,4,0,11,51,25,3,15,2,2,0,26,21,58,7,8,3,7,4,3,5,2,8,31,7,20,2,35,10,3,11,4,11,4,0,1,56,10,42,4,30,17,7,62,12,10,15,27,5,10,1,8,0,3
2024-01,69,50,6,3,2,15,67,64,1,27,3,4,1,14,15,52,19,18,0,7,6,30,6,1,7,60,3,15,0,20,19,6,17,3,13,0,0,1,27,8,19,7,59,8,4,2,13,2,16,9,8,22,1,16,0,0
2024-02,69,63,21,7,1,12,33,23,0,22,16,4,5,35,29,44,9,12,2,11,9,4,13,3,6,75,2,20,2,17,23,7,10,4,8,3,5,9,43,49,31,6,36,31,12,0,12,0,19,18,6,3,2,14,0,4
2024-03,69,66,6,7,2,16,46,20,1,7,17,3,2,28,37,62,8,5,4,11,11,6,5,1,4,85,2,13,4,22,34,8,7,7,16,2,9,9,48,6,36,14,29,31,13,3,25,2,22,17,8,26,1,7,0,3
2024-04,69,70,5,9,2,54,40,23,4,14,7,1,0,30,32,63,26,23,4,9,10,3,5,1,3,53,4,24,4,45,31,10,14,4,13,1,3,11,39,19,31,4,24,38,21,8,24,0,26,30,6,26,2,11,5,4
2024-05,69,58,7,11,6,28,61,33,2,9,13,6,1,41,30,82,40,19,3,11,10,5,9,0,4,88,11,28,8,27,36,2,40,16,9,0,5,7,32,16,87,11,18,57,55,2,46,5,34,30,5,68,0,27,64,6
2024-06,69,57,6,3,4,24,53,21,4,15,16,6,1,41,30,79,21,26,0,25,4,4,10,11,5,64,4,27,5,34,47,9,18,6,8,1,6,2,43,19,81,1,50,59,40,2,26,16,29,18,6,9,1,7,35,10
2024-07,69,95,8,4,4,25,63,18,7,7,8,2,2,60,37,81,38,25,2,29,5,0,3,3,1,40,4,15,1,51,56,6,9,5,7,2,23,11,35,22,76,11,41,128,164,109,38,8,26,17,5,7,0,9,51,8
2024-08,69,90,7,8,3,27,46,26,7,15,11,3,1,59,42,82,4,10,3,6,8,3,7,6,9,23,7,21,3,40,47,5,10,6,11,0,12,6,39,9,82,5,50,90,56,8,32,6,30,23,13,9,1,9,53,13
2024-09,69,95,14,3,2,16,50,30,0,10,18,1,0,42,42,71,7,17,1,5,4,5,5,2,5,20,7,20,3,49,41,6,17,9,9,0,6,6,26,11,87,4,37,56,29,12,22,8,16,10,3,9,2,8,30,5
2024-10,69,79,15,2,1,22,29,26,7,22,12,2,1,39,39,64,25,16,1,16,6,6,5,1,6,29,3,23,3,51,34,3,14,9,10,1,4,6,47,12,93,5,74,54,36,9,19,8,17,18,7,4,0,10,6,8
2024-11,69,63,5,5,0,24,22,13,4,3,8,2,0,20,24,63,9,5,2,16,2,6,5,1,10,10,4,22,7,24,12,6,10,2,10,1,8,12,20,7,66,7,27,15,13,2,14,43,6,4,4,3,0,11,0,3
2024-12,69,69,7,0,1,17,41,27,4,16,4,1,0,16,24,69,21,8,3,12,6,2,4,1,5,13,3,10,6,26,19,2,3,1,6,0,0,0,36,8,67,5,37,10,10,0,9,25,28,9,7,3,1,10,0,3
2025-01,69,71,5,1,1,9,56,52,26,26,7,1,1,24,17,49,16,5,4,23,1,30,3,5,4,17,9,17,4,8,17,3,7,2,3,1,5,9,22,9,81,2,42,4,3,0,5,49,11,10,15,14,1,12,0,1
2025-02,69,106,7,3,0,14,40,25,3,14,3,0,3,18,18,32,13,3,1,9,4,16,3,18,9,36,0,16,5,8,17,1,4,2,7,1,2,6,30,5,36,3,26,5,2,1,12,105,13,12,14,1,0,16,0,1
2025-03,69,82,10,4,0,29,20,15,6,16,8,3,2,33,36,84,8,14,2,13,9,2,9,0,5,56,1,14,1,28,23,10,10,4,19,0,3,3,26,16,95,4,73,36,25,1,27,119,17,17,32,15,1,23,0,0
2025-04,69,78,3,12,4,33,38,21,6,14,8,2,4,26,31,80,64,20,5,13,7,5,8,2,5,52,10,11,4,25,16,12,19,20,26,0,2,5,30,13,79,4,46,32,25,2,28,52,21,19,25,36,1,16,1,4
2025-05,69,81,5,2,0,20,49,45,1,6,19,2,3,43,34,83,26,8,4,9,5,2,6,0,3,58,9,34,4,39,19,2,6,15,4,0,5,6,40,10,84,5,44,96,216,3,28,9,28,15,10,6,0,5,17,10
2025-06,69,69,2,2,4,32,41,19,4,11,11,1,0,51,24,85,17,15,3,31,2,0,11,13,8,32,17,18,5,23,36,25,20,9,14,0,2,3,47,15,72,2,28,70,78,0,51,24,25,22,13,44,0,10,49,12
2025-07,69,67,5,8,1,23,57,19,2,10,10,1,1,46,33,91,9,18,4,36,2,6,8,11,8,33,15,17,12,69,47,4,10,7,17,2,2,3,54,14,72,7,33,100,148,7,48,6,24,15,5,15,0,24,71,7
2025-08,69,84,15,6,10,22,63,34,9,11,11,5,0,50,56,91,24,18,7,31,10,8,10,5,5,31,14,21,14,40,65,9,23,4,6,2,4,10,56,18,59,7,42,89,60,3,33,42,12,21,11,37,2,272,49,11
2025-09,69,110,11,4,0,23,73,38,3,13,16,2,3,50,29,77,24,22,5,18,13,6,7,0,5,17,10,29,22,42,45,12,9,6,6,0,7,9,37,12,32,9,17,65,55,1,22,20,20,18,13,5,0,39,23,8
2025-10,69,106,8,4,3,25,41,22,6,18,12,1,3,20,28,69,15,16,2,10,5,6,7,1,3,19,5,30,19,30,37,5,17,8,5,1,1,4,59,14,32,6,28,46,24,0,27,12,15,19,11,9,1,14,10,7
2025-11,69,36,8,3,0,19,37,25,2,16,5,3,1,32,31,73,9,11,3,27,9,8,10,0,10,14,3,18,7,25,29,5,14,0,3,1,0,1,30,4,27,6,39,42,24,2,14,2,6,10,10,0,2,9,0,9
2025-12,69,42,7,0,3,21,50,40,2,26,2,2,2,19,23,62,19,14,1,31,4,2,11,7,12,26,11,10,11,13,28,2,7,3,1,1,0,3,29,1,26,4,18,10,8,0,4,52,8,9,10,14,1,16,0,3
