YEAR_MONTH,COMMUNITY_AREA,Abandoned Vehicle Complaint,Alley Light Out Complaint,Alley Pothole Complaint,Alley Sewer Inspection Request,Blue Recycling Cart,Building Violation,Buildings - Plumbing Violation,Business Complaints,Check for Leak,Clean Vacant Lot Request,Consumer Fraud Complaint,Coyote Interaction Complaint,Dead Animal Pick-Up Request,Fly Dumping Complaint,Garbage Cart Maintenance,Graffiti Removal Request,Inspect Public Way Request,Low Water Pressure Complaint,Missed Garbage Pick-Up Complaint,No Building Permit and Construction Violation,No Water Complaint,Nuisance Animal Complaint,Open Fire Hydrant Complaint,Pet Wellness Check Request,Pothole in Street Complaint,Recycling Pick Up,Report an Injured Animal,Restaurant Complaint,Rodent Baiting/Rat Complaint,Sanitation Code Violation,Sewer Cave-In Inspection Request,Sewer Cleaning Inspection Request,Sidewalk Inspection Request,Sign Repair Request - All Other Signs,Sign Repair Request - Do Not Enter Sign,Sign Repair Request - One Way Sign,Sign Repair Request - Stop Sign,Stray Animal Complaint,Street Cleaning Request,Street Light Out Complaint,Street Light Pole Damage Complaint,Traffic Signal Out Complaint,Tree Debris Clean-Up Request,Tree Emergency,Tree Planting Request,Tree Removal Inspection,Tree Trim Request (NO LONGER BEING ACCEPTED),Vacant/Abandoned Building Complaint,Vicious Animal Complaint,Water Lead Test Kit Request,Water On Street Complaint,Water Quality Concern,Water in Basement Complaint,Weed Removal Request,Yard Waste Pick-Up Request
2019-01,56,5,58,1,0,21,1,0,0,1,0,2,0,0,0,0,0,0,1,0,0,0,3,1,0,9,0,0,1,0,0,7,4,143,1,0,0,0,4,0,25,0,1,0,0,4,41,0,0,0,126,0,0,0,0,0
2019-02,56,37,34,2,1,23,4,2,0,2,1,0,0,0,2,55,5,2,0,0,0,0,3,0,4,138,1,0,0,8,1,20,13,16,17,2,1,0,2,0,136,1,0,1,0,4,43,23,0,0,134,6,1,5,0,0
2019-03,56,48,66,13,0,47,7,3,0,28,0,2,0,8,2,74,19,6,3,9,4,4,4,26,1,252,2,7,3,61,11,39,10,50,38,2,4,3,11,4,125,5,15,7,2,1,22,21,1,1,108,5,5,14,0,1
2019-04,56,30,87,14,4,30,10,1,3,10,2,1,0,9,4,70,50,14,0,5,7,2,7,2,1,148,3,8,4,92,22,36,16,24,23,4,7,6,9,0,106,1,27,14,4,13,34,30,0,4,48,16,2,13,0,3
2019-05,56,38,81,21,6,38,8,2,2,11,1,1,0,13,6,83,44,18,6,1,11,0,8,1,1,170,4,10,2,118,22,34,32,29,39,1,21,13,8,2,122,5,42,18,5,12,69,60,7,7,21,26,1,15,12,10
2019-06,56,26,56,12,2,27,11,0,4,4,0,0,0,21,7,73,63,29,5,5,10,2,8,3,7,230,6,6,2,172,21,63,26,16,22,1,3,8,7,2,90,3,21,19,14,10,47,82,4,5,20,4,1,1,26,5
2019-07,56,66,74,14,6,22,12,2,3,17,0,2,0,25,6,106,109,63,9,9,10,1,10,5,3,188,4,8,2,209,21,52,41,34,24,2,0,2,10,3,229,4,21,28,17,9,43,122,0,7,233,16,3,4,15,7
2019-08,56,46,93,8,4,35,21,3,2,17,0,1,0,12,7,97,71,14,11,4,4,7,2,7,2,90,7,4,7,209,12,36,25,31,28,1,6,11,13,3,215,4,46,18,18,33,46,86,1,4,336,10,2,1,12,6
2019-09,56,48,88,15,5,29,8,3,2,37,0,1,0,23,6,87,91,9,2,5,7,8,9,4,2,109,5,5,3,148,6,35,39,20,36,0,4,6,18,1,211,7,25,19,21,22,31,95,2,6,78,6,7,2,18,2
2019-10,56,69,67,7,4,20,9,1,2,25,1,1,1,15,2,56,66,14,5,3,8,12,12,2,3,64,4,7,0,107,14,34,27,14,63,2,10,7,9,4,268,11,20,25,37,3,36,68,0,6,48,7,2,8,5,14
2019-11,56,53,62,3,2,25,11,1,2,19,0,2,0,12,3,50,53,11,1,4,4,4,1,0,6,55,4,4,0,57,5,15,14,10,20,1,1,7,8,6,194,4,12,13,8,2,22,28,0,5,29,1,4,4,0,10
2019-12,56,35,60,4,1,33,7,0,1,17,0,0,0,10,1,40,37,8,3,7,4,3,6,2,10,38,4,2,2,49,8,12,7,8,27,2,3,10,7,5,244,2,50,3,4,4,20,14,2,10,14,1,1,0,0,3
2020-01,56,47,73,7,4,36,15,0,3,9,0,0,2,8,6,62,49,8,3,3,7,0,5,1,8,83,3,8,2,58,6,11,16,13,17,1,6,9,11,4,146,9,31,2,8,2,14,10,0,5,10,5,0,7,0,5
2020-02,56,40,41,9,0,23,11,1,0,14,0,0,3,7,2,51,31,15,2,4,6,2,11,1,11,71,6,2,0,54,10,22,10,4,63,4,0,3,11,0,150,8,16,0,6,5,22,10,4,4,6,1,0,3,0,0
2020-03,56,48,62,11,0,25,12,2,11,10,5,2,3,11,1,49,74,12,5,6,5,2,15,0,2,161,3,2,1,51,10,18,8,5,19,3,1,3,11,0,245,6,15,4,1,1,21,19,3,3,9,3,1,4,0,9
2020-04,56,33,52,17,6,42,10,1,35,10,3,2,0,11,8,150,87,12,0,0,2,1,7,0,3,113,2,8,6,127,10,24,27,9,16,5,11,12,6,0,178,6,24,13,2,8,38,164,1,6,5,11,0,13,0,8
2020-05,56,43,63,3,16,45,24,4,18,12,5,1,0,24,5,116,76,9,1,14,10,2,5,0,2,56,4,14,3,150,10,24,42,10,12,0,2,4,7,3,183,7,32,21,14,9,58,78,2,6,0,46,2,39,7,8
2020-06,56,48,80,4,0,40,24,0,11,10,1,1,1,18,3,125,85,17,5,6,5,0,3,9,2,47,5,13,1,139,8,20,14,45,91,4,9,3,7,3,256,11,30,80,98,8,52,156,5,5,5,16,0,9,21,10
2020-07,56,65,66,25,1,61,27,3,12,11,2,1,0,15,8,193,81,10,5,8,12,4,4,35,1,70,3,2,6,185,19,25,11,23,70,6,10,15,7,5,175,2,48,48,45,10,59,124,2,1,10,3,0,3,11,7
2020-08,56,56,52,4,4,34,10,1,19,18,2,1,0,18,5,119,114,6,4,16,5,6,4,25,1,57,7,12,3,208,25,19,7,35,38,3,0,2,17,7,241,7,40,209,140,7,48,93,0,3,2,0,3,2,5,7
2020-09,56,64,46,5,3,32,15,1,12,12,2,1,0,19,9,71,92,19,3,3,12,5,6,1,5,31,6,6,3,125,12,17,10,26,24,0,10,14,12,1,126,4,8,22,20,8,52,95,2,4,8,6,5,2,1,5
2020-10,56,69,44,3,4,25,4,3,10,11,0,0,0,10,5,67,65,10,1,11,8,4,3,4,1,17,3,5,0,98,7,24,16,10,9,3,2,3,11,9,78,5,52,14,9,8,24,53,0,2,5,7,4,16,0,2
2020-11,56,39,64,4,0,32,5,0,15,17,2,0,0,12,1,52,90,6,1,10,15,7,5,2,2,19,4,3,3,49,15,3,6,6,68,1,2,15,9,8,85,5,29,8,11,9,23,41,0,0,1,3,0,5,0,5
2020-12,56,31,44,10,0,25,10,1,9,19,0,0,1,7,6,56,59,3,3,9,3,3,4,2,10,95,5,5,2,51,5,15,4,5,34,5,4,11,6,3,68,2,23,3,2,1,6,10,1,1,1,1,0,11,0,2
2021-01,56,28,29,2,0,34,8,0,11,30,1,1,4,5,4,69,84,1,4,4,2,14,1,8,5,70,11,1,2,49,6,17,4,11,22,2,4,9,5,0,110,13,17,4,1,1,18,20,1,2,2,0,2,0,0,1
2021-02,56,39,12,2,2,16,15,3,2,24,1,1,4,3,2,35,44,4,5,47,1,27,1,1,8,57,13,8,3,14,4,1,10,7,15,4,2,9,7,0,58,8,13,0,0,15,14,8,1,1,0,3,0,8,0,0
2021-03,56,77,18,9,2,34,18,4,4,13,1,0,0,22,5,72,68,6,4,13,7,6,3,3,1,71,12,5,3,108,10,18,10,12,18,3,10,12,4,2,151,20,15,8,11,5,28,32,2,3,8,0,1,9,0,1
2021-04,56,64,18,3,1,35,12,1,2,22,1,0,0,12,5,78,84,15,3,9,5,3,15,8,1,67,8,10,1,119,18,7,4,19,16,2,4,3,6,4,96,11,16,4,11,12,44,40,0,0,3,4,1,3,0,6
2021-05,56,45,41,4,4,31,16,0,2,6,1,0,1,14,5,70,116,10,0,2,4,0,11,0,1,58,5,9,2,211,11,14,7,41,27,0,0,4,12,2,98,1,18,10,11,8,65,83,6,8,4,3,1,1,2,5
2021-06,56,48,47,9,5,40,24,6,5,14,3,0,0,9,5,98,117,19,5,19,8,6,10,5,2,60,5,8,1,199,15,15,22,23,23,3,6,12,9,3,164,4,48,23,38,5,51,111,1,5,5,34,4,8,7,5
2021-07,56,68,42,9,4,33,10,3,3,15,1,1,0,11,12,124,137,11,1,9,4,3,8,3,0,115,3,12,3,237,18,13,12,12,64,0,0,4,10,2,106,5,16,58,43,14,40,70,0,3,124,5,1,4,10,7
2021-08,56,83,33,7,2,29,14,0,5,20,1,1,0,30,5,132,83,15,2,4,15,5,10,5,1,66,5,6,5,229,23,29,15,15,32,1,10,15,10,5,60,9,50,64,37,13,51,86,0,4,32,4,1,3,8,3
2021-09,56,45,29,8,2,23,15,1,7,13,4,0,0,26,3,96,64,10,4,5,10,12,4,0,1,31,2,8,4,149,13,29,26,11,15,0,1,7,5,1,137,7,12,25,28,7,44,64,0,3,11,1,3,0,5,3
2021-10,56,54,20,12,0,23,10,0,0,16,1,1,0,22,8,89,81,4,4,3,7,0,4,2,6,37,3,11,2,171,8,18,29,5,64,2,1,7,7,6,137,10,18,32,38,5,29,49,1,10,12,15,0,6,0,5
2021-11,56,72,23,12,1,23,9,2,7,13,2,0,0,14,7,58,99,5,1,9,5,1,4,1,4,28,5,6,5,85,12,6,15,7,45,0,2,3,8,5,57,10,6,13,7,0,20,20,1,5,8,6,1,2,0,3
2021-12,56,56,15,4,1,22,13,2,9,24,1,2,0,12,4,48,80,1,2,6,9,1,2,4,6,20,3,2,1,77,8,0,32,4,26,0,3,9,7,4,85,4,35,12,20,2,19,14,3,6,3,9,1,2,0,2
2022-01,56,42,12,0,1,25,10,3,3,15,1,1,1,3,3,47,108,4,3,34,1,7,3,0,7,57,30,4,1,47,9,1,11,12,13,1,4,7,10,1,90,9,54,5,4,0,23,0,2,4,7,1,0,1,0,0
2022-02,56,59,8,1,2,19,10,1,3,18,1,1,1,4,4,50,68,6,2,13,5,11,6,5,3,135,2,2,2,48,12,10,29,10,27,1,4,4,9,1,91,4,19,1,2,3,16,7,1,6,6,8,0,11,0,0
2022-03,56,61,25,19,6,15,22,2,7,19,1,1,0,10,8,76,117,14,1,5,8,2,24,2,1,198,7,5,4,115,14,21,22,17,43,1,6,8,7,8,99,16,39,8,10,16,35,0,0,5,5,13,1,7,0,2
2022-04,56,59,20,22,5,23,12,4,1,9,1,1,0,10,2,73,72,14,6,5,9,3,14,0,1,145,3,4,3,85,15,15,14,23,4,1,7,3,12,4,57,11,16,14,8,14,59,32,2,3,7,7,1,5,0,3
2022-05,56,50,14,20,2,20,20,4,2,14,4,0,0,16,4,76,151,11,3,16,8,2,22,2,1,84,4,3,4,113,19,19,14,26,12,2,7,6,6,7,55,5,77,20,15,17,44,68,4,4,6,12,5,8,12,11
2022-06,56,61,25,12,4,22,21,7,1,17,5,2,1,16,11,100,125,24,2,15,8,5,29,8,2,148,2,4,1,120,12,9,13,19,11,0,9,16,14,5,116,10,28,104,88,14,33,109,0,5,12,7,5,2,16,5
2022-07,56,82,7,18,1,32,15,1,3,16,8,1,1,8,7,119,89,13,8,16,9,1,38,0,4,93,4,9,3,130,12,13,20,16,6,4,16,12,19,5,68,8,44,26,21,54,39,82,1,5,12,9,2,3,10,14
2022-08,56,56,8,13,8,35,17,4,2,14,4,3,0,19,7,107,101,6,1,8,8,3,10,8,4,38,6,8,6,158,8,12,14,16,11,0,6,11,7,6,91,11,18,61,55,16,54,76,3,3,11,4,2,2,4,6
2022-09,56,58,11,7,7,35,10,2,0,17,3,3,0,13,3,92,110,6,8,11,7,3,23,6,2,40,5,4,3,227,10,11,5,11,9,0,13,18,15,0,98,7,13,23,15,17,43,76,2,6,8,4,2,3,7,2
2022-10,56,55,14,13,1,23,13,1,0,5,0,2,0,11,5,88,93,7,6,9,3,2,9,7,6,24,3,13,5,152,13,12,28,12,12,0,5,10,8,6,82,4,9,29,5,12,29,55,0,3,7,1,2,9,3,3
2022-11,56,53,10,9,2,25,13,3,1,20,2,0,2,19,4,75,60,5,1,11,5,5,14,2,4,33,11,5,2,79,5,13,34,5,6,2,10,3,3,9,58,12,13,30,22,22,26,19,1,2,5,5,0,4,0,5
2022-12,56,56,10,1,2,12,16,3,5,28,0,0,2,8,3,35,50,12,3,11,3,6,4,1,15,25,6,2,2,45,15,4,16,4,11,0,3,6,5,1,45,6,10,1,3,8,6,3,1,0,10,7,0,4,0,1
2023-01,56,62,12,6,0,25,10,3,3,15,1,1,2,6,3,54,90,7,1,5,7,11,8,4,5,139,3,2,6,70,15,4,23,17,9,2,8,14,11,4,65,10,46,10,4,37,16,0,2,6,6,5,0,10,0,0
2023-02,56,58,30,3,1,17,6,4,0,22,0,0,5,8,5,56,84,7,1,6,2,1,27,1,5,150,4,2,0,78,8,8,20,9,7,1,10,9,12,4,103,6,33,8,3,2,18,8,0,2,8,5,1,12,0,1
2023-03,56,60,14,6,0,21,11,4,1,10,1,1,0,8,4,47,58,4,2,3,16,4,19,3,5,168,10,3,3,103,13,4,12,9,7,4,2,12,10,1,81,5,79,14,1,7,66,4,0,4,8,2,0,6,0,1
2023-04,56,63,27,6,3,19,24,1,1,23,3,1,1,9,5,65,68,11,5,4,30,3,7,3,3,48,5,10,4,85,13,7,19,21,7,2,5,4,10,9,65,5,15,12,10,18,47,58,0,7,10,7,0,0,0,4
2023-05,56,72,21,14,0,18,28,6,4,13,2,0,0,19,6,79,77,19,10,13,21,2,9,0,2,71,3,16,3,140,21,6,25,16,25,0,5,9,14,1,92,0,16,15,8,17,45,124,4,7,15,3,3,7,8,17
2023-06,56,46,21,11,1,32,24,8,3,12,0,1,0,8,11,103,66,13,2,7,2,0,7,3,5,30,4,1,4,160,17,5,31,8,14,2,10,8,11,5,57,2,28,25,34,23,34,101,0,6,17,3,0,5,5,6
2023-07,56,60,27,5,13,35,13,2,1,12,1,0,0,14,1,135,67,8,3,9,5,5,10,4,3,72,4,8,2,127,17,8,62,13,9,0,8,13,10,3,86,8,31,62,66,16,56,98,3,2,18,46,1,152,5,10
2023-08,56,81,20,5,5,31,25,6,4,19,2,1,0,14,4,138,60,13,2,11,18,5,10,0,5,68,3,4,4,175,23,12,27,22,15,2,10,6,17,5,72,1,27,48,30,13,44,105,1,3,9,16,1,12,2,7
2023-09,56,97,25,2,3,13,21,1,3,34,2,2,1,19,3,92,56,6,11,8,11,11,14,2,15,35,2,5,2,191,9,5,37,11,12,1,5,7,10,1,71,0,31,17,11,52,18,90,11,4,14,17,4,2,3,7
2023-10,56,75,39,5,1,21,10,1,3,27,2,2,14,9,4,65,74,10,2,11,14,2,11,10,5,63,3,4,0,127,8,5,13,7,39,6,10,8,6,4,43,3,11,25,5,5,28,101,3,4,12,9,1,3,0,10
2023-11,56,76,23,11,2,12,10,3,0,7,0,0,14,10,3,66,84,0,0,12,9,2,11,0,8,49,6,5,3,89,14,7,22,7,40,0,2,2,14,6,55,2,17,7,0,4,16,90,1,0,8,2,1,1,0,9
2023-12,56,46,14,7,0,15,12,1,3,10,1,0,3,12,3,78,82,5,0,7,7,5,10,2,3,69,8,3,1,94,6,3,16,2,15,0,5,7,4,4,31,6,7,4,1,7,28,108,0,1,11,2,0,3,0,2
2024-01,56,76,18,7,1,31,16,7,1,30,1,1,1,12,3,62,61,2,3,12,5,12,12,2,17,139,25,6,3,118,4,4,17,12,13,3,7,7,8,1,36,5,50,6,5,3,26,49,1,1,10,6,1,7,0,1
2024-02,56,92,57,6,0,29,9,2,1,15,1,3,1,10,3,61,116,3,1,7,7,1,37,0,4,129,4,6,0,97,5,6,19,14,11,3,2,7,10,6,81,2,26,12,5,6,33,53,0,5,10,4,1,4,0,3
2024-03,56,99,22,8,0,17,11,2,4,9,0,3,0,14,2,62,75,7,2,5,6,1,14,1,3,87,3,7,1,124,12,1,23,13,17,0,3,2,14,5,68,9,34,15,8,14,22,93,2,0,10,8,3,8,0,1
2024-04,56,83,23,10,5,25,27,4,6,8,1,1,0,14,6,92,107,6,2,4,10,1,11,1,3,121,2,5,3,163,3,7,22,14,10,0,2,5,11,5,38,2,47,12,24,15,33,112,1,2,14,15,2,8,0,7
2024-05,56,107,5,5,2,41,25,2,2,13,1,3,0,31,6,103,147,14,1,8,10,4,2,0,4,65,1,12,3,158,10,5,28,14,9,1,8,9,7,6,30,10,41,62,59,8,46,80,3,3,15,29,1,7,10,9
2024-06,56,98,24,3,2,31,15,2,0,10,2,0,1,36,6,105,97,6,7,11,3,1,7,1,4,55,5,4,5,200,15,8,6,15,18,2,5,8,4,5,68,5,30,43,37,13,40,94,6,3,4,7,1,0,6,14
2024-07,56,74,7,4,1,26,22,3,2,22,2,1,0,41,8,117,84,7,6,9,3,4,9,5,9,49,4,9,4,258,14,5,22,8,14,2,2,5,8,9,51,2,39,67,89,11,52,21,2,2,9,12,1,7,3,14
2024-08,56,90,21,7,1,19,10,1,6,11,1,0,0,23,5,114,185,16,3,10,11,0,6,0,6,27,5,9,1,197,9,8,6,9,24,5,2,10,5,7,36,2,17,20,37,34,29,190,2,4,17,4,0,4,2,14
2024-09,56,78,9,6,2,34,15,1,7,6,3,0,0,27,5,87,122,11,6,6,14,0,10,1,1,28,3,10,2,158,11,11,14,6,17,7,2,8,8,6,31,9,7,24,28,9,25,42,2,1,4,2,0,8,4,8
2024-10,56,83,7,3,0,24,5,2,3,12,2,0,0,22,3,88,142,5,4,7,7,2,8,1,4,19,2,3,3,114,13,8,6,6,9,1,0,3,14,12,38,9,19,18,29,7,30,71,1,4,3,2,1,1,1,13
2024-11,56,81,21,3,0,16,9,1,1,6,0,0,0,10,4,74,127,4,1,6,8,0,6,2,4,14,5,4,6,74,14,2,5,3,9,1,0,3,8,3,41,6,33,9,16,4,20,123,1,1,13,2,0,5,0,3
2024-12,56,52,8,4,0,27,2,1,5,18,0,0,1,12,6,69,159,4,4,10,8,10,22,4,12,11,4,1,6,102,3,0,6,1,5,0,1,2,3,2,32,1,26,2,18,6,17,179,0,1,10,10,0,4,0,5
2025-01,56,77,10,0,0,23,11,1,3,72,1,1,1,6,5,76,98,5,8,6,2,16,20,12,14,30,38,2,1,96,3,5,5,8,13,0,0,4,3,3,82,3,35,2,4,1,9,140,2,2,9,18,2,9,0,0
2025-02,56,52,5,2,0,15,7,3,2,17,0,0,0,3,2,54,109,5,6,11,1,8,15,5,3,94,6,3,1,51,7,6,4,3,12,2,8,10,5,1,42,3,16,3,8,9,15,141,4,6,9,5,3,3,0,0
2025-03,56,89,15,9,5,27,13,4,1,13,1,2,0,11,4,75,117,7,3,3,7,3,20,3,2,115,3,9,2,84,10,5,15,12,21,2,6,6,10,5,87,6,37,11,21,7,36,128,3,3,9,13,2,9,0,3
2025-04,56,98,13,9,5,19,11,3,1,10,1,2,1,32,4,87,91,8,2,3,6,1,6,0,3,100,5,12,3,80,4,17,21,13,8,4,11,17,10,4,55,7,50,12,9,7,48,219,0,5,12,19,0,9,0,7
2025-05,56,49,19,6,3,27,18,3,3,12,2,0,2,20,12,87,127,8,3,7,2,0,16,2,1,77,2,8,0,96,19,5,16,15,29,0,2,10,6,3,87,9,27,120,100,18,63,125,0,3,5,7,2,3,3,13
2025-06,56,58,8,4,4,27,15,6,5,10,2,1,1,6,8,97,78,14,5,30,7,0,10,1,4,67,6,5,5,144,21,9,18,12,20,2,0,8,8,8,50,5,30,40,41,10,53,212,3,5,21,24,0,6,5,11
2025-07,56,56,8,7,5,31,21,3,3,19,0,1,0,19,8,121,81,7,11,12,4,6,16,4,6,30,7,10,2,143,13,11,64,17,12,2,2,3,9,7,79,9,32,90,104,12,74,87,4,14,78,32,3,652,5,9
2025-08,56,70,16,7,8,34,17,9,3,22,2,2,5,11,13,133,76,15,7,9,5,17,6,28,2,54,7,7,3,127,11,13,58,15,11,1,2,2,7,4,45,10,26,33,49,5,59,88,4,4,54,33,0,883,13,11
2025-09,56,47,12,7,2,22,6,1,4,13,0,1,10,28,6,106,101,11,5,2,6,0,15,3,5,32,2,10,2,148,9,11,11,14,3,0,4,3,9,6,40,3,43,28,18,21,41,5,1,3,37,3,2,33,1,9
2025-10,56,54,9,2,2,25,15,1,2,16,2,1,6,21,3,90,103,7,2,8,10,4,3,0,3,50,3,9,5,122,3,8,13,11,14,0,3,6,8,5,50,8,29,18,17,4,26,70,2,1,21,11,1,10,0,1
2025-11,56,80,19,3,0,19,4,3,2,18,0,0,1,18,4,49,79,12,2,8,2,6,6,4,1,26,3,2,2,63,4,1,5,5,5,1,6,8,9,13,45,3,12,13,14,3,20,213,2,3,9,4,0,2,0,9
2025-12,56,58,3,0,1,24,4,3,5,34,1,1,2,13,1,65,161,5,2,22,0,3,3,5,10,30,13,2,2,49,6,3,10,3,12,3,9,4,10,4,20,15,25,5,10,1,16,270,0,2,10,16,1,9,0,0
2019-01,57,2,16,1,0,7,0,0,0,0,0,0,0,0,0,0,0,1,1,0,0,0,0,0,4,9,0,0,0,0,0,5,2,14,10,0,0,0,0,0,3,0,0,0,0,2,4,1,0,0,9,0,0,0,0,0
2019-02,57,11,4,0,0,7,3,0,0,2,0,0,0,0,0,10,15,3,2,1,0,0,1,0,0,50,0,0,0,1,0,2,1,3,13,0,0,1,0,0,28,1,1,4,1,1,8,6,1,0,15,1,1,0,0,0
2019-03,57,34,3,3,1,3,5,0,1,2,2,1,0,1,1,13,85,2,1,0,5,0,0,0,0,54,1,4,1,10,6,5,1,1,16,0,2,4,3,0,25,0,10,6,1,0,4,16,1,1,21,0,0,0,0,1
2019-04,57,14,5,4,2,5,3,1,0,3,2,1,0,2,1,20,93,2,0,0,3,1,1,1,0,43,2,2,0,18,6,5,5,2,14,2,0,2,5,1,17,0,3,2,1,1,9,8,0,2,12,4,0,2,0,3
2019-05,57,24,5,5,1,6,6,0,2,1,1,2,0,3,1,40,80,6,3,4,2,0,0,0,0,41,3,3,1,13,7,6,6,1,9,0,8,0,1,0,15,0,19,4,2,9,11,10,0,1,1,9,0,3,5,0
2019-06,57,21,10,1,1,4,7,0,0,2,0,0,0,3,0,26,131,4,0,1,2,0,1,0,2,56,0,2,0,22,2,4,8,4,9,1,0,0,2,1,14,1,17,4,6,1,8,14,0,0,0,9,0,3,10,1
2019-07,57,22,10,3,5,9,3,0,0,13,1,1,0,6,2,29,150,16,0,0,2,4,1,0,0,69,0,3,4,24,5,10,7,1,7,0,2,3,9,0,64,1,12,7,9,2,7,16,1,1,23,3,1,0,21,0
2019-08,57,22,6,4,2,8,8,1,5,2,2,1,0,7,5,29,154,7,1,2,2,7,3,3,2,64,3,4,1,26,11,5,4,7,15,2,5,0,7,0,61,3,9,5,5,11,9,24,2,4,41,4,1,2,3,0
2019-09,57,23,8,12,0,10,3,2,1,3,1,0,0,11,1,20,149,1,4,0,1,1,1,0,1,40,2,1,2,18,2,5,0,1,9,1,2,0,7,0,56,0,15,1,1,3,6,26,0,4,8,2,0,1,0,0
2019-10,57,23,6,4,2,3,10,1,2,6,2,0,0,2,2,22,195,8,0,0,4,2,3,1,3,29,2,3,0,12,8,2,10,2,17,1,2,3,4,1,44,3,5,3,3,1,7,10,1,2,3,1,1,2,18,0
2019-11,57,19,11,1,0,3,3,3,1,8,0,1,0,8,1,7,174,5,0,0,0,2,2,1,4,13,3,0,0,16,4,2,4,0,40,1,3,3,6,3,17,2,12,1,1,6,1,15,0,4,3,0,1,1,1,1
2019-12,57,18,10,2,0,7,5,1,1,2,0,0,0,1,1,20,88,3,0,0,3,0,0,1,1,9,1,1,1,24,12,1,0,0,30,0,0,0,3,2,41,4,7,4,2,0,2,5,0,0,3,0,0,2,0,0
2020-01,57,18,13,1,1,5,13,1,1,3,0,1,0,1,3,18,112,3,0,2,4,0,1,0,0,18,3,2,1,9,8,1,1,4,26,0,4,6,15,1,51,0,21,2,1,1,0,3,0,3,1,0,0,2,0,0
2020-02,57,26,24,2,0,4,6,0,0,1,1,1,0,5,2,17,196,2,0,1,2,0,0,1,0,50,3,1,0,21,11,4,0,0,8,0,0,0,3,0,36,1,14,0,0,0,4,2,0,2,2,1,0,1,0,0
2020-03,57,35,17,0,0,4,2,1,9,2,3,3,0,2,1,17,230,4,0,0,2,0,8,0,0,26,1,1,2,13,0,0,2,0,5,0,0,2,4,1,31,0,13,1,0,1,5,20,0,1,3,4,0,4,0,0
2020-04,57,27,11,6,0,6,1,4,39,5,1,1,2,2,1,17,177,1,1,0,7,0,1,0,0,47,0,2,0,10,5,1,9,2,4,0,3,2,3,2,26,1,11,1,0,0,7,18,0,2,2,5,0,11,0,0
2020-05,57,15,13,1,7,10,6,3,17,5,0,0,0,7,3,26,263,2,0,2,3,0,0,0,1,8,2,8,2,17,11,3,10,7,11,1,4,2,7,2,25,2,8,3,4,1,8,6,1,1,1,14,0,7,14,0
2020-06,57,29,6,0,0,8,12,0,14,0,2,0,0,11,2,38,169,2,2,2,0,0,2,5,2,15,3,3,2,37,23,4,0,12,45,1,2,6,1,2,28,1,19,8,12,2,10,24,0,2,0,0,1,1,8,1
2020-07,57,16,4,1,0,9,1,2,16,3,2,0,0,5,7,52,162,0,1,2,4,0,4,15,5,15,0,3,3,44,4,9,5,8,31,3,8,13,3,2,12,1,15,8,8,1,6,34,0,1,1,0,0,1,0,0
2020-08,57,39,4,0,0,10,5,1,3,1,1,0,0,6,0,36,235,1,1,2,6,0,2,3,1,14,1,3,1,36,14,6,3,3,16,1,1,2,4,2,34,4,8,70,33,4,14,31,2,2,4,1,1,1,14,1
2020-09,57,26,3,7,1,6,4,1,4,6,0,1,0,5,0,24,165,4,1,2,1,0,0,2,1,6,2,1,0,28,8,3,3,6,9,5,7,5,6,2,9,0,14,0,3,1,11,14,0,3,1,2,0,1,1,0
2020-10,57,24,7,0,0,4,5,3,9,2,1,0,0,4,1,30,110,1,0,2,2,2,0,0,2,8,0,1,0,20,4,2,6,3,6,0,0,0,0,2,21,0,14,3,1,0,5,14,0,4,0,0,0,0,3,0
2020-11,57,24,15,0,1,9,6,0,9,5,0,0,0,3,4,19,177,2,0,1,0,1,0,0,3,9,3,2,1,12,3,0,2,6,24,1,2,3,1,5,51,4,6,4,0,8,6,4,0,1,1,0,0,1,0,2
2020-12,57,40,2,6,1,6,4,0,10,4,0,0,0,8,1,22,158,1,0,3,0,0,2,0,7,37,1,2,3,17,5,3,2,3,15,1,2,5,6,3,8,1,7,1,1,0,2,5,0,4,0,0,0,2,0,0
2021-01,57,19,4,2,0,7,5,0,6,7,0,1,1,3,1,24,176,0,0,2,1,0,0,0,2,34,0,2,5,9,10,1,1,2,12,1,0,3,3,4,18,7,15,1,1,0,1,1,0,0,0,3,0,3,0,0
2021-02,57,30,0,0,0,2,9,1,1,9,2,1,0,1,3,10,141,5,0,11,1,3,3,5,1,14,5,1,0,7,10,3,1,1,16,2,2,7,2,5,7,3,23,0,0,0,2,1,0,2,1,4,0,0,0,0
2021-03,57,61,1,4,2,13,5,0,4,4,1,0,0,4,3,19,164,3,0,6,5,0,2,0,1,35,2,10,0,49,11,5,2,3,24,0,4,10,4,0,12,1,4,0,1,0,6,15,0,2,5,3,0,2,0,0
2021-04,57,42,3,0,1,15,5,0,2,4,1,0,0,7,2,19,148,6,0,3,2,2,1,1,0,27,3,1,3,20,4,3,2,5,18,0,4,2,8,3,6,3,10,2,2,2,9,5,0,0,2,0,1,0,0,2
2021-05,57,38,0,1,0,10,6,0,3,3,0,0,0,3,1,27,158,4,0,3,3,1,0,0,1,24,1,3,0,54,10,1,3,6,9,0,0,0,4,5,8,0,9,9,6,1,9,13,2,1,1,0,0,2,4,1
2021-06,57,28,8,5,3,13,9,1,3,2,0,1,0,4,1,28,224,8,1,4,0,0,1,7,0,21,3,3,2,49,9,0,8,5,44,1,0,3,4,2,8,3,23,22,38,2,10,24,0,2,2,2,0,0,19,0
2021-07,57,49,3,3,0,10,6,0,2,12,0,0,0,5,3,39,256,3,2,4,1,0,3,3,2,18,7,2,2,36,9,3,1,7,26,1,0,2,5,2,22,1,5,3,7,1,7,13,1,2,18,1,0,1,6,0
2021-08,57,52,1,5,0,11,7,1,2,8,0,1,0,4,1,30,244,2,0,0,0,0,1,4,2,21,0,1,0,41,10,10,0,5,9,1,0,5,9,1,12,1,3,12,12,0,6,16,0,1,19,0,1,1,3,1
2021-09,57,34,2,1,0,5,13,2,0,6,0,0,0,3,5,26,152,2,0,4,3,1,1,0,0,31,3,2,0,29,8,7,3,2,17,0,0,2,2,2,8,4,15,5,2,0,4,22,1,8,4,1,0,0,8,0
2021-10,57,24,3,1,2,5,7,2,3,6,2,1,1,7,6,28,180,1,0,1,3,0,2,0,0,13,2,5,1,58,2,0,16,3,20,0,0,2,5,1,16,4,2,8,6,0,3,21,1,1,3,4,0,0,0,0
2021-11,57,38,1,1,0,7,4,0,1,9,3,1,0,3,9,18,130,0,1,3,3,0,6,0,4,7,1,3,1,32,4,2,5,2,32,1,2,4,2,8,15,2,6,2,1,0,5,4,0,2,2,1,2,0,0,1
2021-12,57,36,1,0,0,6,3,0,0,4,0,0,0,10,2,17,220,0,0,3,2,0,0,0,1,10,1,1,2,11,2,1,3,1,12,0,2,4,2,0,7,3,20,3,6,0,0,1,0,0,3,0,0,1,0,0
2022-01,57,73,1,0,0,7,3,1,4,7,0,0,0,19,2,13,271,0,0,3,2,5,3,0,6,29,8,5,1,9,8,2,1,4,7,1,0,5,5,0,11,3,5,0,0,0,4,0,0,0,2,1,0,1,0,0
2022-02,57,58,2,0,0,3,7,1,0,7,0,0,0,8,0,17,224,0,0,0,0,0,1,0,1,57,0,1,5,10,3,2,6,1,10,0,0,4,5,1,17,3,16,0,0,1,2,0,0,3,4,0,0,3,0,0
2022-03,57,63,5,10,0,4,6,2,1,8,2,1,0,6,0,18,268,1,0,1,3,0,8,0,1,112,1,0,2,25,10,2,3,3,27,0,1,2,1,1,32,4,12,0,3,1,8,1,1,0,0,3,0,2,0,0
2022-04,57,34,4,7,0,4,8,5,0,6,0,0,1,5,3,18,189,1,0,0,1,2,5,0,5,61,0,3,0,14,11,4,6,5,11,1,11,9,3,2,16,1,10,6,0,1,6,6,0,1,1,5,0,1,0,1
2022-05,57,23,2,3,0,9,7,1,0,6,2,4,0,6,5,11,219,5,0,1,2,0,1,20,1,62,1,2,0,38,15,2,4,4,14,1,3,14,7,2,6,2,22,3,7,4,7,10,0,1,3,3,0,0,5,0
2022-06,57,40,2,2,1,8,4,0,1,4,2,1,0,7,5,26,246,3,2,2,0,0,1,14,0,40,3,2,0,45,13,4,11,5,3,3,0,2,4,3,11,4,29,3,4,5,9,28,2,2,1,6,1,3,2,0
2022-07,57,39,6,2,1,4,4,3,4,5,0,0,0,4,4,26,291,5,1,4,1,7,2,0,0,30,3,3,2,44,7,2,6,5,4,1,0,1,12,0,23,3,26,4,7,160,10,15,2,1,5,1,0,3,2,0
2022-08,57,22,4,1,0,4,5,0,1,6,1,0,0,3,6,19,250,1,1,0,3,0,1,4,0,21,2,0,1,44,10,8,1,4,8,1,2,7,11,0,22,1,31,11,4,33,17,20,1,0,6,1,0,0,5,1
2022-09,57,32,1,0,0,10,7,2,2,12,1,1,0,7,4,17,217,8,0,2,4,0,1,0,1,9,0,2,1,22,4,1,4,0,33,1,4,10,7,1,34,0,20,3,5,1,15,17,1,2,4,0,0,3,2,0
2022-10,57,42,4,0,0,6,6,1,1,8,0,0,3,6,0,23,229,3,0,1,0,0,4,0,1,13,2,1,2,22,10,2,6,2,15,2,2,1,5,2,26,0,6,7,2,9,1,12,1,5,0,4,0,2,2,0
2022-11,57,35,3,0,1,9,8,1,1,2,0,0,3,10,1,17,206,1,0,0,0,0,3,0,2,4,2,1,0,18,3,2,5,2,6,1,3,3,1,1,23,0,13,3,6,1,1,2,0,2,4,0,0,1,0,0
2022-12,57,26,3,2,0,3,1,3,1,10,0,0,0,4,0,18,130,0,0,3,1,2,1,0,1,8,1,3,4,10,12,0,4,0,10,0,0,2,6,1,7,2,7,1,1,3,3,1,0,1,3,3,0,1,0,0
2023-01,57,45,3,0,0,7,3,3,0,8,0,0,0,3,3,14,174,0,0,2,1,0,0,0,1,67,3,2,2,26,11,2,8,0,18,1,6,6,3,0,14,2,41,1,2,7,2,0,1,1,0,2,0,0,0,0
2023-02,57,45,11,10,0,4,3,1,1,8,1,0,3,1,2,13,222,4,0,2,2,0,0,0,0,139,1,1,2,12,7,0,8,3,7,0,1,2,5,0,43,3,54,0,0,2,6,2,0,2,4,3,0,1,0,0
2023-03,57,46,3,1,0,5,3,0,1,3,0,0,0,1,3,18,158,3,0,0,0,0,1,1,0,43,0,4,1,13,13,5,5,5,5,1,0,4,12,2,18,1,10,1,0,9,4,1,1,1,2,4,1,0,0,0
2023-04,57,44,7,2,0,5,2,1,0,6,0,1,0,3,1,19,222,2,1,0,0,1,1,0,1,12,0,3,0,17,6,2,5,3,13,0,0,3,9,3,9,1,10,1,3,4,5,54,0,2,3,5,1,1,0,1
2023-05,57,34,4,1,0,8,10,1,3,4,1,1,0,7,4,9,138,0,1,0,3,0,1,0,1,23,0,4,1,16,4,3,8,7,7,0,1,4,13,3,27,2,5,0,5,6,9,108,1,3,5,3,1,2,0,0
2023-06,57,36,6,1,0,4,6,1,1,4,1,1,0,9,3,22,129,1,2,2,1,2,7,25,2,28,1,4,2,24,4,1,2,5,3,0,0,1,4,1,5,1,10,4,4,32,9,89,0,0,2,28,0,2,1,0
2023-07,57,24,1,1,7,10,11,1,1,4,0,0,1,11,6,29,117,1,0,7,5,2,2,8,3,28,0,1,2,20,11,4,8,6,8,0,0,6,4,1,15,0,7,10,7,25,16,47,0,2,3,14,0,20,3,0
2023-08,57,32,16,1,2,7,11,0,3,7,0,1,0,6,5,20,143,3,0,2,1,2,3,21,5,20,0,0,2,36,7,0,10,3,28,2,1,4,3,1,32,5,13,8,7,12,14,97,2,2,0,5,0,3,6,1
2023-09,57,46,7,2,1,7,7,1,0,7,0,1,0,3,3,28,176,1,0,2,2,0,2,6,0,26,1,2,2,13,14,1,7,0,14,1,1,3,4,1,23,1,2,10,11,47,11,33,1,1,7,4,0,2,0,3
2023-10,57,43,6,1,1,5,8,0,2,5,1,0,0,10,2,18,213,4,0,1,3,0,1,0,1,25,2,4,3,20,6,1,2,8,22,0,2,5,4,1,30,3,8,2,1,6,7,12,1,3,4,2,0,2,0,1
2023-11,57,48,6,2,1,9,14,0,0,4,2,1,0,6,1,12,162,4,0,3,1,1,1,0,3,24,2,7,0,7,7,2,3,6,34,0,0,4,5,4,11,1,18,0,0,2,4,1,1,0,1,0,0,3,0,1
2023-12,57,60,1,4,1,7,5,0,1,2,0,2,0,2,1,16,155,2,1,5,1,0,0,0,2,41,3,1,0,5,3,0,2,1,32,1,1,6,7,1,3,2,18,1,1,1,2,2,0,2,3,0,1,2,0,0
2024-01,57,45,4,2,4,8,0,5,1,7,0,0,0,2,2,14,180,2,0,0,0,2,0,0,3,55,2,2,0,5,5,0,5,2,14,0,0,0,3,0,11,10,48,2,3,0,6,0,0,0,2,6,0,0,0,0
2024-02,57,46,2,7,0,0,5,0,3,2,1,3,0,2,2,15,208,1,0,1,4,1,1,2,3,78,2,4,0,12,4,2,5,1,31,0,0,2,3,1,9,1,15,1,3,4,1,0,1,0,2,0,0,0,0,0
2024-03,57,31,5,1,3,2,9,3,2,2,0,0,0,5,5,9,132,2,0,0,1,0,2,0,2,37,1,5,0,9,4,3,3,1,26,1,2,8,6,1,18,1,10,1,1,5,5,1,0,1,4,1,0,4,0,0
2024-04,57,26,4,2,1,4,10,0,2,1,1,1,0,2,3,19,291,3,0,2,0,0,0,0,5,24,3,1,1,11,4,3,3,3,58,2,1,7,6,0,13,1,8,2,5,2,14,1,0,2,3,5,0,6,0,1
2024-05,57,53,3,9,1,9,9,2,3,0,0,1,1,5,2,30,219,7,0,3,0,1,1,1,4,44,1,3,0,17,10,4,13,3,23,3,3,5,9,1,6,4,5,23,30,5,17,4,1,5,3,11,0,3,4,1
2024-06,57,64,3,1,1,9,9,1,3,2,0,0,0,11,1,22,178,4,0,0,4,0,1,11,2,50,0,1,0,15,10,2,3,4,35,2,0,3,7,2,6,3,8,7,8,14,8,0,0,2,0,2,1,1,3,0
2024-07,57,25,2,1,2,14,6,3,4,1,0,0,0,12,4,17,165,0,0,1,3,4,4,7,3,30,1,3,3,22,11,1,2,3,11,0,1,3,2,2,12,1,10,18,29,0,6,1,1,1,1,8,0,1,5,2
2024-08,57,45,2,2,1,9,5,0,3,1,0,0,0,1,3,31,232,5,1,1,3,1,7,31,7,7,3,1,2,23,18,8,4,1,17,2,6,6,5,2,31,1,20,7,11,3,11,1,2,3,4,2,0,0,2,1
2024-09,57,55,0,3,3,9,4,0,0,3,3,0,1,11,2,23,202,3,0,3,0,1,10,1,1,9,0,2,0,14,8,2,6,0,7,3,0,5,5,5,6,0,5,6,1,4,4,0,1,1,0,1,0,1,2,0
2024-10,57,55,0,2,0,4,7,0,1,9,2,1,1,5,2,25,285,4,1,0,0,0,1,0,0,10,0,1,2,13,9,1,3,4,18,0,1,4,7,1,7,0,2,10,2,0,8,1,0,2,2,2,0,1,0,2
2024-11,57,48,9,6,0,6,8,1,2,2,3,22,0,9,4,17,250,3,0,1,3,0,3,0,0,8,0,1,1,32,4,4,5,0,9,2,2,3,8,2,24,0,15,1,5,3,4,56,2,0,2,0,0,1,0,0
2024-12,57,49,0,1,0,10,7,1,1,16,3,2,1,6,2,18,135,5,1,3,3,10,1,3,10,7,2,1,1,7,7,0,0,1,2,0,2,5,5,1,15,1,11,0,5,2,13,127,1,3,2,3,0,0,0,0
2025-01,57,45,1,0,2,10,3,1,2,9,0,1,14,5,2,14,157,1,1,4,0,7,0,0,2,22,2,3,0,9,7,0,2,0,3,2,0,1,4,3,12,0,30,2,0,1,3,126,1,2,3,4,0,2,0,0
2025-02,57,63,4,4,1,5,2,0,4,3,3,0,7,2,4,14,178,2,0,0,0,0,2,0,3,31,1,6,1,5,19,3,1,1,3,0,0,8,13,2,9,2,10,0,1,0,0,55,1,1,2,0,0,0,0,0
2025-03,57,50,6,1,1,5,7,1,3,5,1,0,0,7,1,24,173,0,1,0,1,0,3,0,0,47,0,2,0,4,12,5,4,0,37,4,0,4,5,9,43,1,50,2,5,1,4,2,1,0,7,3,0,3,0,0
2025-04,57,26,10,4,1,8,13,0,4,6,3,0,6,5,2,18,143,2,0,0,3,0,2,1,1,24,0,2,1,17,20,1,1,5,15,0,2,7,3,3,15,0,9,2,0,1,2,1,0,0,3,8,0,2,1,1
2025-05,57,29,2,1,0,9,26,1,4,2,0,0,0,7,1,17,144,1,1,1,3,0,2,0,1,42,0,2,2,24,13,3,0,7,18,4,2,10,2,5,13,1,5,5,9,1,7,1,0,1,3,3,0,1,6,3
2025-06,57,34,2,3,1,4,7,0,3,20,1,2,1,9,5,25,141,1,0,7,6,1,0,4,2,13,3,4,2,15,10,2,2,2,10,0,0,4,2,4,8,0,21,8,14,7,3,0,1,0,4,4,0,5,2,1
2025-07,57,23,2,2,3,7,8,0,3,3,0,0,0,4,2,31,208,1,0,3,1,1,0,8,5,13,5,1,1,11,10,4,6,4,8,1,4,5,3,0,23,1,11,14,29,4,17,1,1,2,7,6,0,10,3,4
2025-08,57,41,6,1,6,9,9,5,11,2,4,0,0,9,4,41,282,3,0,0,0,0,5,1,2,21,4,7,1,27,12,6,12,3,11,1,0,1,2,3,21,3,26,15,8,3,8,3,2,2,10,20,0,460,9,2
2025-09,57,27,0,0,2,5,8,1,5,1,1,2,1,4,7,25,132,2,1,6,4,0,2,4,0,25,2,2,0,19,14,0,7,2,7,0,0,1,2,3,10,2,25,9,10,2,4,3,0,1,5,0,2,35,3,0
2025-10,57,38,3,0,1,6,6,0,3,13,1,1,1,8,5,31,132,4,0,1,1,0,4,0,0,13,1,2,1,18,12,1,4,1,5,0,0,6,11,2,11,3,20,0,0,5,4,3,0,3,7,1,0,6,0,2
2025-11,57,42,2,1,0,5,3,0,2,4,2,0,5,4,1,22,126,0,0,0,0,1,0,0,1,4,0,3,1,14,5,2,4,0,0,0,6,4,5,2,30,1,4,0,6,0,4,0,0,3,1,0,0,0,0,1
2025-12,57,38,4,0,0,5,6,2,4,6,2,0,4,3,2,13,94,2,0,2,1,1,0,0,1,16,4,0,1,9,12,2,2,4,4,0,0,1,3,5,2,1,29,0,1,0,0,6,1,0,7,3,0,1,0,0
2019-01,58,3,31,1,0,11,0,2,0,1,0,4,0,0,0,0,0,0,2,0,0,0,0,0,5,14,0,0,1,0,0,4,0,13,10,0,0,0,3,0,6,0,3,0,0,0,4,7,1,0,15,0,0,0,0,0
2019-02,58,18,18,4,1,12,8,4,1,3,0,1,0,0,0,36,16,0,4,0,1,1,4,0,2,59,0,0,1,4,0,12,5,0,44,0,0,1,5,0,42,0,1,0,0,0,8,9,2,2,19,2,1,1,0,0
2019-03,58,54,33,11,2,14,17,1,2,14,0,2,0,11,8,42,120,3,2,2,10,2,3,23,4,202,0,3,0,25,8,13,21,6,40,0,3,6,10,2,59,1,19,3,1,2,19,27,0,3,21,5,0,3,0,0
2019-04,58,39,11,21,0,24,43,1,4,2,0,3,0,9,8,68,147,2,0,0,8,0,8,3,2,59,3,5,2,48,17,6,14,9,66,1,3,14,10,5,63,8,37,7,2,1,21,47,3,4,11,10,0,10,0,0
2019-05,58,29,11,20,6,18,20,2,6,6,1,2,4,17,4,59,184,6,0,5,4,1,6,10,5,62,1,5,2,45,10,12,17,7,18,0,0,4,12,2,35,5,14,15,7,8,13,57,6,7,1,6,0,5,3,5
2019-06,58,39,7,19,1,16,22,4,5,9,1,3,0,10,4,61,305,4,3,1,7,11,9,101,1,51,2,3,8,52,24,7,16,5,40,1,0,5,17,3,110,5,40,14,4,4,19,47,3,8,6,10,0,3,5,4
2019-07,58,53,23,25,7,25,16,1,0,20,1,3,0,21,11,81,312,18,5,5,7,4,6,393,5,89,4,4,7,131,16,15,22,6,49,3,7,9,19,3,103,1,45,19,19,3,24,133,1,4,29,11,0,4,11,3
2019-08,58,41,20,14,3,17,19,2,7,12,0,5,0,11,13,62,330,8,4,2,7,5,10,57,4,37,5,14,2,59,15,6,5,2,30,1,3,9,21,7,303,4,12,15,8,4,28,128,3,8,106,1,0,1,2,2
2019-09,58,48,20,20,2,22,31,4,0,10,1,1,0,5,8,73,281,11,4,2,8,2,8,7,6,76,1,5,3,59,25,8,7,5,50,1,6,14,13,2,110,1,14,14,7,5,18,73,2,6,16,6,1,0,4,0
2019-10,58,42,25,34,4,17,45,5,1,12,0,0,0,16,3,51,521,7,3,2,8,3,5,1,10,87,0,8,1,40,13,6,5,12,51,0,2,10,16,3,90,5,33,15,9,2,15,41,2,2,18,4,0,2,12,2
2019-11,58,36,17,4,0,14,19,1,3,11,0,3,0,16,6,34,300,8,2,1,3,1,3,0,9,32,2,10,0,18,12,6,1,2,66,1,5,7,12,0,298,6,46,4,0,1,4,21,0,5,15,0,0,1,0,0
2019-12,58,46,25,10,0,17,16,3,2,8,0,0,0,10,7,36,303,2,1,3,8,5,1,0,18,18,1,8,1,13,6,3,2,0,92,6,7,19,10,3,124,1,18,5,3,1,3,20,0,2,8,0,0,1,0,2
2020-01,58,56,26,9,5,13,25,1,0,9,1,1,1,10,8,68,370,5,2,2,7,1,3,0,15,45,1,4,0,29,11,5,6,3,61,1,2,16,7,1,81,4,19,1,4,1,9,11,6,4,8,2,0,6,0,0
2020-02,58,45,5,6,2,15,10,2,0,12,0,1,1,4,6,46,363,4,0,3,2,3,3,0,10,76,4,2,0,21,13,8,4,5,62,1,4,7,19,2,43,3,23,2,1,1,7,14,4,5,2,0,0,4,0,0
2020-03,58,35,10,20,1,18,6,4,18,5,0,3,0,10,5,48,392,6,3,2,3,3,8,0,4,178,6,10,1,16,10,5,2,2,54,1,1,9,21,3,101,10,12,0,3,2,7,8,1,5,5,2,0,2,0,1
2020-04,58,27,8,100,7,14,17,3,54,7,0,2,0,4,5,61,475,2,2,1,6,3,4,0,2,94,4,7,4,26,12,3,4,2,55,3,6,28,13,3,18,3,19,8,3,1,6,14,4,3,1,7,0,11,0,2
2020-05,58,24,8,12,11,24,13,12,35,9,0,1,0,13,6,65,397,3,0,4,4,0,6,23,7,46,5,17,1,46,10,5,19,30,34,5,2,8,20,6,47,3,10,8,5,2,16,30,3,6,0,15,0,14,4,1
2020-06,58,51,12,7,5,33,13,5,10,6,0,1,0,13,9,103,445,5,3,10,5,0,4,40,6,21,11,8,1,58,16,1,10,8,60,1,2,11,11,0,131,8,35,39,39,11,22,63,1,3,10,7,3,1,7,1
2020-07,58,67,9,7,0,40,26,4,16,7,3,2,0,7,14,120,374,5,1,14,5,1,6,179,2,20,8,1,5,66,32,8,12,4,55,9,7,11,15,7,109,2,279,54,32,3,22,71,3,3,4,2,2,2,3,1
2020-08,58,63,19,5,3,35,12,2,12,10,1,1,0,9,11,90,547,11,1,3,4,0,6,29,10,38,6,7,4,71,42,6,7,4,48,5,10,19,11,4,97,4,81,89,51,2,21,75,0,2,3,2,0,0,3,4
2020-09,58,54,12,12,0,32,12,5,12,30,0,0,0,9,5,65,456,1,7,5,7,11,12,0,4,13,4,9,4,131,16,3,8,6,29,3,6,6,12,3,119,4,11,26,11,1,17,37,1,7,10,5,1,0,1,4
2020-10,58,58,7,30,1,28,16,6,10,29,0,0,0,12,3,81,280,10,0,3,8,4,5,1,3,33,6,6,1,68,9,4,2,2,37,0,3,16,5,1,84,4,12,15,12,2,12,28,3,2,6,4,1,3,0,4
2020-11,58,44,7,5,0,24,17,1,18,14,1,0,0,5,7,58,353,10,2,4,6,0,3,2,3,28,2,1,2,28,5,4,6,1,38,1,5,7,22,5,79,3,10,2,13,0,7,23,2,8,3,0,1,1,0,7
2020-12,58,48,6,10,0,24,19,3,10,37,0,1,0,4,2,79,485,9,2,8,2,10,6,3,10,55,5,2,3,122,11,3,0,2,51,1,4,12,8,0,68,5,15,2,2,2,8,13,1,2,2,0,0,3,0,1
2021-01,58,70,8,10,0,46,15,1,5,6,0,2,0,5,5,90,367,1,0,7,4,1,5,0,5,91,5,4,2,16,123,0,1,4,37,5,5,15,2,1,55,4,13,3,2,2,6,5,1,1,1,0,0,2,0,1
2021-02,58,85,5,0,0,17,14,6,7,14,1,0,0,2,5,43,235,4,0,11,1,8,1,2,9,54,6,3,0,8,35,5,2,2,12,3,4,3,7,7,43,2,12,0,0,0,2,7,1,2,0,1,0,2,0,0
2021-03,58,134,12,28,6,42,21,4,0,8,0,0,1,11,9,99,407,2,0,4,7,0,8,0,6,114,8,3,2,132,26,8,4,2,51,0,2,11,7,3,44,17,15,8,4,2,11,17,4,5,5,2,0,5,0,1
2021-04,58,72,16,36,4,29,27,4,5,10,1,2,1,8,12,73,412,6,1,5,9,6,7,0,7,83,6,4,1,61,20,10,3,10,47,1,0,2,20,4,90,6,26,9,6,3,31,36,3,2,5,3,0,2,0,2
2021-05,58,56,1,13,2,36,32,10,4,6,1,3,2,7,6,76,295,9,0,4,5,3,4,18,1,66,8,5,2,60,14,4,7,5,36,0,1,7,9,3,34,2,4,9,5,8,14,35,3,3,3,1,0,2,0,5
2021-06,58,76,2,7,1,31,16,6,3,7,2,5,0,6,15,86,355,6,1,2,4,1,2,49,2,18,5,6,1,66,28,4,19,6,55,1,0,7,13,3,80,5,32,41,57,3,38,54,5,2,1,9,0,11,6,3
2021-07,58,48,16,20,1,33,26,8,2,5,0,4,0,11,10,113,451,3,4,4,5,3,5,25,2,35,12,6,4,82,28,4,2,8,57,0,1,7,11,1,51,3,15,13,9,9,22,50,2,2,38,1,2,5,5,2
2021-08,58,61,1,28,1,25,18,5,5,7,1,1,0,9,13,86,396,2,6,5,6,5,2,12,7,24,8,3,2,118,31,4,12,10,49,2,2,7,12,6,48,4,9,54,57,3,28,64,1,5,8,4,0,3,5,5
2021-09,58,58,3,2,0,20,16,3,7,20,0,2,0,10,13,62,383,5,6,4,17,7,3,62,6,22,6,8,2,95,16,8,10,5,26,1,1,4,15,8,46,15,27,24,14,2,12,29,2,2,9,4,2,5,4,2
2021-10,58,87,5,13,0,17,21,5,4,18,0,6,0,8,7,70,237,4,2,5,5,1,5,15,1,45,7,7,1,76,19,3,18,3,36,1,2,8,11,0,30,5,7,30,25,0,12,25,3,1,4,9,0,1,0,2
2021-11,58,74,7,11,1,25,12,0,6,10,0,0,0,11,8,50,340,5,0,4,7,2,6,1,5,10,9,10,1,37,16,3,5,0,56,0,0,12,13,2,29,8,15,13,4,5,5,10,1,12,8,3,0,2,0,7
2021-12,58,89,5,58,0,24,16,3,6,8,0,3,0,6,4,45,270,0,1,11,1,2,4,0,4,12,5,10,1,125,13,1,2,0,48,5,2,16,10,1,39,5,20,12,9,0,10,7,1,3,3,2,0,1,0,2
2022-01,58,68,2,2,0,31,15,6,6,23,1,2,0,2,4,47,363,2,2,5,5,27,0,3,15,49,7,2,5,26,22,3,0,1,31,2,0,2,7,2,22,1,7,0,1,0,5,1,0,4,3,6,0,2,0,0
2022-02,58,112,5,1,0,14,16,1,3,12,1,3,0,1,12,30,246,2,3,11,3,2,3,0,7,124,5,1,0,10,19,8,7,1,34,2,2,7,8,1,37,6,18,3,0,1,6,0,2,4,5,9,0,6,0,0
2022-03,58,132,10,174,2,36,14,2,1,5,1,0,0,12,14,84,462,7,0,2,1,0,4,0,4,167,7,7,3,43,16,13,6,8,53,2,2,21,12,3,34,8,15,4,1,7,18,0,6,9,3,7,1,4,0,0
2022-04,58,66,7,17,1,17,21,5,4,6,2,2,0,6,6,50,312,3,1,2,5,2,12,0,5,95,4,9,1,31,19,11,14,3,16,0,5,5,13,2,26,4,16,10,3,1,12,9,2,4,1,4,0,6,0,2
2022-05,58,70,5,11,3,26,14,7,2,7,0,0,0,7,13,56,400,12,2,7,8,0,16,8,2,96,3,4,3,148,17,11,10,11,26,4,1,12,26,2,49,4,19,13,6,14,16,32,2,2,4,6,0,2,1,7
2022-06,58,49,5,9,0,40,14,4,10,11,1,3,0,27,16,63,281,11,0,18,6,1,9,60,8,52,6,4,3,46,9,4,6,5,6,2,7,3,13,0,36,1,15,16,27,19,25,46,2,3,8,3,0,3,4,7
2022-07,58,62,5,7,6,40,10,5,4,4,1,0,1,13,7,67,330,2,2,6,3,1,2,27,4,39,2,6,1,44,17,7,7,6,8,0,0,6,10,8,54,3,9,23,25,419,11,54,3,1,7,3,1,4,2,7
2022-08,58,81,7,5,3,39,18,4,2,11,1,1,0,13,13,73,427,5,0,9,9,2,6,30,3,29,6,2,3,59,16,6,4,10,23,2,3,9,8,0,53,3,21,42,16,177,25,50,0,6,8,3,1,2,0,6
2022-09,58,58,14,16,5,22,22,4,2,11,0,4,0,13,14,69,404,2,2,10,7,11,9,9,5,23,1,9,2,54,13,3,2,6,13,1,10,14,11,5,22,3,25,24,5,3,11,40,2,4,6,0,1,4,5,4
2022-10,58,75,13,7,1,17,22,7,2,5,0,1,1,15,3,30,460,4,2,10,6,5,3,6,1,19,2,11,4,30,11,10,4,2,24,1,2,6,17,5,52,7,17,5,5,11,14,66,4,6,2,6,0,0,0,5
2022-11,58,68,12,2,1,19,18,1,3,6,0,1,0,3,5,29,285,3,1,7,6,0,4,0,3,12,0,5,2,28,7,3,13,8,24,2,1,5,16,2,46,0,19,9,7,1,11,12,1,2,2,1,0,1,0,4
2022-12,58,79,13,3,3,14,11,3,1,7,3,3,0,3,5,34,348,2,1,8,4,10,3,2,7,34,1,7,0,20,5,7,9,2,33,1,5,4,5,1,34,3,21,3,3,2,2,3,0,2,3,2,1,3,0,1
2023-01,58,81,14,17,12,27,12,1,4,15,1,3,0,7,3,45,343,5,0,14,1,0,6,7,4,135,2,4,0,26,4,8,14,7,26,7,4,13,4,3,54,3,6,1,2,2,14,2,4,2,11,2,0,1,0,0
2023-02,58,56,12,20,6,31,7,5,3,4,0,0,0,3,7,40,293,3,3,5,0,0,4,2,6,83,2,7,2,24,2,4,32,3,18,2,4,7,14,1,46,3,20,3,8,1,7,16,3,2,4,6,1,6,0,1
2023-03,58,67,8,31,3,24,20,1,7,11,0,2,0,6,6,52,272,5,2,1,4,0,7,3,1,164,4,3,0,31,7,7,14,4,13,1,0,3,20,1,34,3,23,10,9,0,14,1,2,3,7,3,0,5,0,0
2023-04,58,56,9,24,0,25,20,1,2,7,1,2,0,7,4,106,324,8,1,3,1,0,6,1,2,56,2,3,1,24,9,13,12,7,13,2,3,6,28,4,26,5,28,16,8,9,29,1,7,11,5,4,0,1,0,2
2023-05,58,64,33,20,0,22,12,1,4,6,1,1,0,16,10,86,366,11,1,3,5,2,6,2,2,43,3,8,1,31,16,10,11,3,20,5,7,10,9,6,66,9,21,7,8,6,14,6,1,6,6,3,0,3,5,6
2023-06,58,61,18,16,1,31,17,5,2,20,3,0,0,12,11,68,275,3,2,4,6,6,9,54,6,61,3,5,0,42,4,4,4,7,12,1,0,16,12,5,18,10,11,15,11,54,35,4,2,8,13,3,0,3,3,1
2023-07,58,47,2,9,5,49,15,7,1,9,0,0,0,18,12,98,331,5,0,9,1,3,3,32,4,38,8,6,3,44,10,1,13,9,24,2,2,12,9,3,27,4,8,34,25,18,38,3,2,0,11,11,0,15,5,9
2023-08,58,71,8,4,3,42,22,7,9,8,4,3,0,8,11,81,315,4,1,14,5,7,6,47,4,44,6,6,1,41,8,6,12,9,14,8,1,6,10,2,34,5,7,24,17,10,33,56,6,8,15,9,0,1,4,5
2023-09,58,61,6,5,2,35,15,1,8,7,1,2,0,16,10,66,353,5,5,4,5,0,8,18,5,32,4,10,2,28,8,3,10,6,20,0,2,6,13,2,48,4,23,10,17,32,14,59,5,7,13,3,1,1,3,3
2023-10,58,82,15,7,0,22,16,6,3,6,0,0,0,12,13,57,303,2,3,8,5,3,10,8,2,28,1,2,5,30,8,2,7,0,27,0,0,6,14,7,19,8,17,10,10,4,21,90,4,9,8,9,0,1,4,2
2023-11,58,85,10,7,1,14,10,2,1,9,0,0,0,5,8,52,386,9,2,31,2,6,3,5,35,20,3,9,1,28,8,2,7,0,42,3,0,2,19,5,24,3,18,8,6,7,14,70,2,12,10,6,0,0,0,9
2023-12,58,77,3,6,2,15,8,1,1,13,1,3,0,11,9,38,191,3,1,7,5,1,6,0,2,46,5,1,1,28,4,3,9,2,19,1,4,2,17,2,10,5,14,5,0,1,4,89,3,3,13,5,0,1,0,3
2024-01,58,69,10,3,0,31,20,7,3,18,0,0,0,8,7,38,336,3,1,8,9,11,5,1,15,100,4,2,2,82,9,3,10,7,22,1,0,9,18,2,47,3,23,5,14,0,12,92,4,6,22,6,0,1,0,1
2024-02,58,121,10,10,1,20,18,5,4,11,1,0,0,26,10,61,377,4,1,5,4,2,7,3,2,115,1,5,2,43,7,3,11,4,20,0,2,4,13,4,52,7,21,5,13,9,18,120,3,10,29,3,1,3,0,1
2024-03,58,117,1,4,1,20,17,3,3,11,1,2,0,15,9,55,312,5,0,6,6,0,9,0,5,71,0,12,1,31,5,3,9,1,25,5,8,8,18,1,39,7,20,13,8,12,17,55,5,7,6,16,0,2,0,0
2024-04,58,105,6,15,3,39,16,2,4,12,3,2,0,9,14,62,324,7,1,3,4,1,10,2,2,35,5,7,3,41,8,2,17,9,17,3,0,10,6,6,59,3,19,7,11,29,25,104,0,2,12,14,1,4,0,5
2024-05,58,70,6,19,2,28,11,3,7,13,3,1,1,10,16,76,382,6,1,5,7,6,7,43,3,47,2,10,1,64,11,3,16,5,34,2,11,16,19,2,47,1,19,34,43,14,51,83,8,13,8,30,0,5,10,7
2024-06,58,60,7,14,2,25,15,4,5,10,0,0,0,9,7,71,308,8,3,17,6,2,14,230,9,76,2,8,0,66,9,3,10,6,37,4,3,6,18,1,44,6,22,16,36,10,29,120,6,5,2,6,0,1,6,4
2024-07,58,79,3,18,1,39,18,4,2,9,2,1,0,14,22,94,376,8,2,11,1,4,8,71,8,52,4,12,0,45,9,3,61,13,19,6,7,6,13,4,39,6,29,52,52,5,31,63,3,3,6,3,0,2,5,7
2024-08,58,53,3,3,2,29,19,4,6,9,2,0,0,13,17,75,273,7,1,7,5,3,6,82,9,47,1,10,1,48,23,3,2,4,9,6,4,9,11,1,15,6,16,26,33,3,28,77,2,1,8,2,0,3,5,5
2024-09,58,76,8,8,3,34,22,3,12,11,2,0,1,22,8,76,488,1,0,5,2,3,11,21,10,42,4,12,3,41,13,0,10,11,9,9,8,11,19,3,34,4,18,16,42,2,23,43,3,6,9,4,0,5,1,7
2024-10,58,64,5,5,0,29,15,2,7,6,0,2,0,20,17,63,441,5,2,2,9,1,6,0,4,24,2,20,1,60,6,2,10,6,7,2,0,11,14,4,19,4,25,17,21,4,15,66,2,7,3,6,0,3,2,5
2024-11,58,78,10,4,3,11,9,3,2,8,1,1,0,11,5,38,502,6,0,1,4,3,5,1,1,18,1,12,0,35,3,0,6,1,8,1,0,13,15,4,43,2,21,7,11,2,3,89,2,3,4,9,0,1,0,3
2024-12,58,89,4,8,1,26,16,1,2,19,2,0,0,12,13,41,318,6,0,6,2,3,4,1,7,8,2,7,1,7,4,1,8,0,7,2,0,4,10,2,21,4,20,3,16,0,11,110,5,4,4,4,0,5,0,2
2025-01,58,99,4,7,0,21,9,3,4,31,0,1,0,9,6,39,346,4,4,4,1,10,4,8,10,15,7,5,3,38,8,1,4,5,10,3,0,12,13,0,30,1,22,3,4,0,6,97,0,4,7,12,0,4,0,0
2025-02,58,94,5,8,0,16,17,1,2,9,2,1,0,13,8,38,381,4,0,5,2,3,1,1,5,44,3,2,4,14,4,6,4,1,26,0,2,5,10,1,49,7,22,3,3,0,1,4,1,9,6,1,1,4,0,0
2025-03,58,94,8,10,0,24,13,3,7,13,2,2,1,12,9,59,469,3,1,4,9,2,11,0,4,80,1,2,0,23,9,5,10,4,25,3,0,3,12,5,57,3,30,6,10,56,11,1,4,6,7,8,1,3,0,0
2025-04,58,88,11,9,7,33,25,4,3,11,2,2,0,8,14,44,407,8,0,3,11,1,10,1,0,45,3,7,1,59,7,13,16,3,27,5,3,16,15,3,39,5,27,3,12,6,15,3,2,2,5,17,1,5,0,1
2025-05,58,88,8,7,1,27,28,2,9,8,1,0,0,18,11,54,348,6,0,6,9,6,11,0,5,63,0,20,1,26,8,11,4,7,7,4,4,8,7,5,39,3,32,18,46,15,35,0,2,2,6,6,0,2,1,3
2025-06,58,70,15,14,2,28,17,5,8,6,1,1,0,27,14,61,377,9,3,44,3,3,6,115,1,39,7,16,1,53,19,4,18,5,8,1,6,6,12,1,43,8,38,11,35,4,22,7,11,2,10,12,0,6,5,6
2025-07,58,73,6,9,2,44,19,3,7,4,6,2,1,14,12,86,378,5,1,22,6,0,13,70,3,29,2,21,7,71,31,4,18,3,28,2,1,5,29,2,75,6,16,50,112,46,38,8,1,4,24,14,0,11,4,16
2025-08,58,85,6,12,3,50,25,8,10,10,0,1,1,11,15,85,377,7,0,10,14,1,20,56,6,51,7,18,3,36,21,8,18,5,20,3,3,19,22,4,65,8,20,31,49,14,33,14,7,4,20,16,0,133,7,10
2025-09,58,76,5,11,0,23,18,7,6,28,0,3,3,18,10,71,248,10,0,15,7,6,21,45,7,19,2,8,3,33,9,9,8,4,10,3,2,9,29,1,31,3,22,12,17,4,11,43,3,7,17,13,2,10,1,7
2025-10,58,68,8,6,1,22,18,2,4,5,2,2,1,10,14,45,397,7,2,8,3,4,26,2,6,14,2,16,2,26,10,2,9,3,17,1,5,7,34,1,56,3,44,9,15,2,7,6,3,6,8,3,1,5,2,3
2025-11,58,39,16,3,1,19,11,6,5,7,0,4,1,7,9,44,317,7,1,5,6,11,8,0,9,16,6,5,2,21,7,3,9,1,10,3,4,13,21,7,44,3,28,10,13,2,9,5,1,5,11,3,0,1,0,11
2025-12,58,81,4,6,0,15,13,4,3,6,1,2,0,9,5,50,230,5,0,11,4,6,7,0,10,42,10,4,4,13,8,2,3,2,4,1,0,8,16,3,35,2,23,3,6,0,6,74,2,1,10,3,1,3,0,1
2019-01,59,1,8,1,0,4,1,2,1,0,0,0,0,0,0,0,0,0,0,0,0,0,2,0,0,6,1,0,3,0,0,1,0,12,6,0,0,0,2,0,3,0,3,0,0,0,4,8,0,0,9,0,1,0,0,0
2019-02,59,14,13,1,0,4,1,3,0,1,0,3,0,0,0,11,11,0,0,0,3,0,1,1,1,52,2,0,0,0,1,3,0,1,7,0,0,1,0,0,34,0,5,0,0,2,4,7,3,1,13,1,2,0,0,0
2019-03,59,35,30,2,2,10,6,1,0,6,0,0,1,8,8,21,213,2,1,2,4,0,0,0,1,83,1,3,0,9,3,5,13,2,19,0,2,7,2,2,64,0,26,0,1,4,3,8,0,1,28,3,0,2,0,0
2019-04,59,14,28,7,1,6,19,5,3,1,0,1,0,7,5,22,232,3,1,3,7,0,9,1,1,52,10,2,1,6,2,2,14,1,33,1,2,6,8,1,53,2,52,3,1,4,3,7,2,5,9,1,0,0,0,1
2019-05,59,7,37,3,3,7,6,0,0,2,0,2,0,2,4,21,279,1,0,6,2,0,3,0,0,32,4,6,0,22,7,5,36,6,11,2,0,0,4,3,78,2,15,5,1,23,12,97,3,0,3,7,0,7,0,1
2019-06,59,18,16,2,1,6,7,2,0,6,2,2,0,8,8,18,284,1,0,2,8,0,1,6,1,29,3,7,0,30,4,8,19,1,20,1,1,2,16,2,51,2,44,4,4,9,7,44,2,2,1,4,0,1,7,5
2019-07,59,22,17,6,1,4,12,2,0,8,1,4,0,5,5,19,348,3,1,1,2,2,5,177,3,73,4,3,4,23,9,5,14,0,24,2,0,1,7,4,69,5,33,3,9,5,13,31,0,3,25,9,0,2,6,3
2019-08,59,40,20,6,0,9,15,1,1,8,0,1,0,7,10,32,318,1,0,3,6,3,1,42,1,44,3,7,5,49,10,4,4,3,11,0,2,8,11,6,90,3,15,6,3,3,9,25,4,3,50,2,0,2,15,2
2019-09,59,19,20,5,0,2,11,3,1,9,1,3,0,2,8,25,347,4,0,3,2,0,3,3,1,59,0,6,2,19,11,3,7,4,31,1,0,5,6,1,70,8,24,8,4,5,5,15,1,3,16,7,0,2,3,4
2019-10,59,19,19,4,0,4,9,1,2,3,2,1,0,2,2,21,413,2,0,2,3,1,3,0,1,25,1,3,0,36,1,1,8,1,16,0,0,5,10,3,69,5,13,5,2,3,5,40,0,1,23,1,0,0,0,3
2019-11,59,17,15,3,0,2,7,0,2,6,0,0,0,3,1,19,381,0,0,1,4,6,1,1,1,14,0,0,1,9,2,1,0,2,40,0,2,2,11,1,33,5,23,0,2,2,5,16,0,0,10,0,0,0,3,3
2019-12,59,19,31,2,0,16,10,4,0,1,0,2,0,0,3,13,272,0,0,2,0,0,0,0,2,10,14,3,2,15,2,1,2,1,34,0,0,7,5,0,66,1,12,1,2,0,3,4,1,1,7,0,0,1,0,1
2020-01,59,33,8,7,0,8,7,0,0,3,0,1,1,1,4,41,353,2,0,3,2,1,3,0,2,33,2,2,1,11,2,3,4,1,16,1,2,6,7,0,49,0,9,1,3,1,1,5,1,2,11,4,0,2,0,1
2020-02,59,21,9,2,0,8,4,0,1,4,0,0,1,8,5,17,272,1,2,1,4,2,1,9,2,49,0,4,2,6,3,2,2,7,28,1,0,4,5,2,32,4,30,3,2,3,5,4,1,0,3,1,0,0,0,1
2020-03,59,17,17,19,0,9,7,1,4,9,0,0,0,1,4,24,452,0,0,1,2,1,0,0,1,83,1,4,0,9,2,1,2,2,20,1,4,5,0,1,46,1,15,0,0,3,6,8,1,0,1,0,0,2,0,2
2020-04,59,10,14,23,0,13,4,2,20,2,0,2,0,3,3,22,480,3,0,0,4,0,2,0,0,54,5,1,2,7,4,3,9,2,42,0,2,5,7,0,34,0,3,0,0,10,2,5,2,0,2,0,0,3,0,1
2020-05,59,9,10,8,4,15,8,1,11,3,1,0,0,1,6,45,408,4,0,4,6,2,9,0,0,22,1,7,0,25,4,0,10,1,32,2,2,5,4,1,99,1,9,4,4,7,7,19,1,0,2,10,0,4,0,5
2020-06,59,6,5,3,1,17,8,3,12,3,0,1,0,7,5,40,416,5,0,5,3,0,2,8,1,10,14,7,2,34,5,4,5,5,25,0,0,3,2,1,58,0,7,17,11,7,10,35,1,2,0,2,1,0,12,1
2020-07,59,22,10,5,0,17,7,0,10,2,2,0,0,9,2,49,294,1,1,6,4,3,0,107,1,7,13,4,1,39,1,4,7,2,21,0,2,1,4,4,27,5,15,21,14,6,13,43,1,1,0,5,0,1,10,1
2020-08,59,22,14,2,0,18,6,1,7,17,0,2,0,5,1,33,299,3,4,0,3,4,5,38,0,15,2,10,1,50,4,2,3,1,14,2,4,3,2,1,53,2,27,25,10,2,9,28,1,4,3,8,0,3,6,2
2020-09,59,19,8,5,0,15,8,1,4,1,1,3,0,6,3,42,297,3,3,6,0,1,0,3,2,12,3,8,2,24,3,4,2,1,11,0,0,3,7,1,51,1,7,14,2,1,8,30,0,2,8,1,3,0,4,3
2020-10,59,22,6,4,0,11,9,2,2,5,0,2,2,2,2,19,204,2,0,5,4,4,0,5,0,5,7,5,0,11,6,1,3,1,23,1,2,6,3,2,75,1,16,13,3,40,14,11,1,0,3,1,0,3,0,4
2020-11,59,13,7,1,0,4,3,0,7,3,2,0,0,4,4,27,340,2,0,0,4,0,1,3,1,14,2,6,3,7,1,0,1,1,29,1,1,6,2,2,64,1,15,7,8,12,5,8,1,0,2,1,0,1,0,2
2020-12,59,16,6,6,0,12,5,1,11,7,1,0,0,3,0,31,456,4,1,5,2,2,0,2,1,21,8,0,4,17,2,0,3,1,27,1,0,2,2,0,11,2,7,2,0,8,6,11,2,2,2,2,0,1,0,1
2021-01,59,14,5,1,0,13,9,1,3,7,0,1,0,3,2,15,234,1,3,1,1,7,5,0,3,24,2,3,1,15,7,1,1,5,9,0,0,6,3,0,8,6,33,1,0,23,2,1,0,0,1,0,0,4,0,1
2021-02,59,15,3,1,1,11,7,3,1,2,1,0,0,7,3,24,199,1,0,14,2,7,3,1,4,26,17,1,0,6,3,0,0,1,3,0,0,2,3,1,22,0,15,0,0,0,1,2,0,0,0,0,0,0,0,0
2021-03,59,31,7,10,0,17,13,1,2,1,0,1,0,6,7,63,336,0,2,3,4,0,3,0,0,53,8,4,3,21,9,1,2,4,42,1,0,6,5,10,25,2,17,4,3,24,13,9,3,1,5,1,0,0,0,1
2021-04,59,19,4,1,0,12,16,1,0,2,2,0,1,1,3,47,296,5,0,1,3,1,0,1,0,24,2,2,2,27,5,1,6,2,25,1,0,11,5,4,28,6,13,2,2,18,5,9,2,1,4,0,0,1,0,4
2021-05,59,24,3,2,0,10,7,2,4,3,2,3,1,2,2,28,308,0,0,2,1,0,1,3,1,41,5,7,1,28,6,2,3,3,33,0,0,7,3,3,16,0,9,2,7,40,25,30,1,1,2,4,0,0,6,6
2021-06,59,26,2,4,0,16,9,4,1,5,6,1,0,3,8,36,299,7,0,4,0,0,0,73,0,15,3,6,0,39,10,1,12,5,15,0,0,10,3,3,21,1,13,12,26,19,16,45,3,1,3,13,0,2,14,2
2021-07,59,19,3,1,0,19,6,2,4,8,1,0,0,5,6,21,268,0,0,2,2,1,0,66,2,27,1,4,1,39,6,3,5,6,14,0,0,6,2,7,23,2,21,10,5,16,10,25,3,0,49,1,0,0,6,0
2021-08,59,31,6,0,0,14,6,3,4,2,1,2,0,10,7,29,275,4,3,3,1,2,5,69,1,8,2,7,0,39,13,3,0,5,33,0,0,8,2,1,10,0,10,48,52,14,17,26,1,1,8,1,0,0,8,9
2021-09,59,19,2,5,0,8,10,1,6,5,3,0,1,5,4,22,297,7,0,1,0,0,1,16,1,10,1,8,0,35,9,1,1,3,11,2,1,7,2,0,19,3,12,15,7,10,7,19,1,1,9,0,1,0,5,6
2021-10,59,27,2,0,0,9,7,0,1,3,1,0,0,4,2,25,237,8,0,4,0,0,1,5,6,15,0,3,0,42,4,1,3,2,33,1,0,11,6,1,7,1,36,5,7,17,5,45,5,0,2,2,0,0,0,1
2021-11,59,11,2,1,0,14,2,1,3,10,1,1,1,10,3,23,279,2,0,1,2,1,1,7,2,6,1,7,2,18,0,0,2,1,25,1,1,3,4,4,18,5,28,9,4,29,8,13,1,2,3,1,0,4,0,6
2021-12,59,24,4,1,0,12,7,1,1,1,1,1,1,4,2,27,292,4,0,6,1,0,0,0,0,16,1,5,1,5,2,1,3,1,18,1,0,2,7,0,7,5,17,3,6,16,13,7,2,1,0,1,0,4,0,4
2022-01,59,39,6,0,0,5,5,3,1,9,1,1,0,2,4,15,184,1,5,2,0,9,2,2,3,24,2,6,0,10,3,1,0,2,14,0,3,3,3,2,7,2,12,2,2,17,3,1,0,0,2,2,0,1,0,0
2022-02,59,20,4,3,2,5,8,1,2,1,0,0,0,8,1,7,138,1,0,3,1,0,0,2,0,109,5,1,2,9,1,3,6,2,24,0,0,5,3,0,22,4,6,0,5,16,7,0,2,0,3,4,1,1,0,0
2022-03,59,43,6,3,1,16,8,4,0,7,1,0,0,4,2,15,206,3,1,0,3,0,5,0,4,86,2,11,3,6,0,7,0,0,12,1,0,9,14,1,46,7,66,4,3,15,6,0,0,2,3,2,0,0,0,2
2022-04,59,36,3,21,0,15,3,1,0,5,1,1,0,6,7,39,222,0,3,1,3,1,0,3,1,86,12,3,1,17,1,4,2,2,5,1,1,5,6,0,3,4,24,4,1,13,3,9,0,8,2,2,1,2,0,3
2022-05,59,33,1,16,0,17,8,1,2,5,1,2,0,16,10,46,253,2,1,2,3,0,8,1,1,66,0,9,0,19,3,10,2,2,5,1,1,4,11,2,18,2,22,4,14,14,9,24,2,2,6,2,0,3,1,3
2022-06,59,19,3,6,0,22,6,0,1,0,1,0,0,6,6,41,313,3,0,2,2,0,3,4,2,40,2,6,4,18,6,3,3,3,4,0,0,6,7,1,44,1,19,14,17,20,14,32,0,0,0,1,0,1,7,4
2022-07,59,14,2,8,0,23,3,3,1,2,5,2,0,12,7,29,215,2,0,1,2,0,1,11,0,31,0,7,1,26,7,4,7,2,4,2,5,18,6,1,16,2,35,29,9,49,10,57,1,3,4,3,0,4,0,2
2022-08,59,27,6,0,0,15,12,1,1,1,1,2,0,5,2,18,126,1,0,5,0,0,2,37,2,26,4,6,1,24,3,1,2,2,0,1,0,3,9,2,19,1,22,17,18,167,11,22,2,1,6,0,0,0,7,6
2022-09,59,15,6,8,1,11,6,3,1,4,3,0,0,16,6,27,150,4,2,7,2,10,1,9,0,13,5,2,5,20,5,1,4,0,3,1,5,3,5,1,8,1,13,13,6,18,6,16,1,1,11,0,0,1,1,3
2022-10,59,12,5,1,1,13,8,2,1,0,7,1,0,4,5,26,188,2,0,8,0,0,3,0,1,13,5,3,2,12,3,3,3,0,8,1,0,5,4,3,27,7,25,3,5,32,4,24,0,2,7,0,0,1,2,3
2022-11,59,23,3,7,0,15,4,1,0,0,5,1,0,1,5,24,169,0,0,1,0,0,2,0,3,15,1,4,1,11,2,18,1,0,7,1,0,8,8,1,33,4,17,11,14,43,9,8,0,0,3,0,1,1,0,4
2022-12,59,23,1,3,1,12,13,3,1,5,0,0,1,5,4,13,244,1,3,4,0,3,2,0,1,13,2,1,4,11,1,4,3,1,8,1,5,4,6,1,18,1,11,3,3,32,6,11,0,3,4,0,1,4,0,1
2023-01,59,21,0,3,0,15,8,1,2,6,3,1,0,12,8,10,270,0,1,2,1,4,3,0,5,68,3,1,1,8,2,2,1,4,12,2,0,5,0,0,23,2,22,2,2,26,3,0,2,3,2,4,0,0,0,1
2023-02,59,23,10,7,0,8,12,1,3,2,1,0,0,3,5,13,205,4,2,5,5,1,1,0,4,62,4,5,0,6,2,4,3,0,6,1,0,6,2,0,70,3,58,4,3,18,7,16,1,3,6,6,0,0,0,0
2023-03,59,25,6,8,1,14,10,2,0,1,2,0,0,1,8,14,153,3,1,3,4,0,2,0,0,78,3,7,1,16,2,1,2,1,7,1,1,14,8,1,49,0,11,4,5,26,8,2,0,0,1,1,0,1,0,1
2023-04,59,22,3,3,1,14,10,1,1,3,0,4,0,5,5,38,159,0,0,4,1,0,9,0,0,30,4,8,1,13,1,2,4,2,3,1,2,5,6,3,10,1,21,3,1,26,15,84,1,0,3,1,0,0,0,3
2023-05,59,26,0,3,0,16,5,1,2,1,5,0,0,8,6,28,170,1,3,2,0,1,12,9,1,14,1,8,1,16,3,0,0,3,4,0,5,6,4,3,15,3,13,4,2,22,3,95,2,2,3,1,0,1,2,4
2023-06,59,30,7,2,0,11,5,3,0,2,6,0,1,16,10,22,167,0,0,8,3,0,12,28,1,17,5,4,1,22,5,3,4,5,3,0,0,5,5,0,27,0,14,10,6,161,10,83,2,0,10,2,0,1,1,2
2023-07,59,18,1,3,1,19,7,1,1,5,1,0,0,6,5,28,111,0,0,2,1,0,9,32,2,15,8,7,1,16,2,1,4,11,3,0,0,0,1,1,39,2,5,21,16,41,27,66,1,0,12,11,0,3,20,2
2023-08,59,26,5,5,1,19,13,2,1,7,2,0,2,4,8,26,165,4,3,11,3,1,5,60,10,25,1,5,3,29,4,0,5,8,10,1,0,2,6,3,12,0,19,12,5,49,12,17,2,3,6,7,1,3,7,6
2023-09,59,49,2,5,1,20,10,0,5,1,2,0,1,11,3,29,175,0,0,3,3,0,10,0,3,18,1,4,1,20,2,4,3,6,12,0,1,6,6,1,14,3,15,6,2,29,8,1,2,1,8,3,0,0,2,10
2023-10,59,39,5,6,0,15,18,1,4,3,0,0,1,6,2,23,134,3,0,1,0,3,4,8,2,37,3,2,1,24,6,2,5,1,9,1,1,2,7,2,41,10,20,6,5,35,3,4,1,1,8,1,0,0,2,5
2023-11,59,27,6,6,1,7,9,0,3,14,1,0,0,6,5,22,167,1,0,11,3,0,1,2,0,14,3,3,2,17,4,0,1,2,5,0,3,6,6,2,18,2,17,0,2,72,3,26,1,3,8,2,0,0,0,8
2023-12,59,27,7,5,0,8,3,1,2,3,1,0,1,5,4,14,158,1,0,2,2,0,3,0,1,63,0,3,2,10,1,2,5,1,9,0,0,5,2,1,20,3,13,1,0,37,2,1,0,4,4,3,1,0,0,1
2024-01,59,41,2,4,0,19,5,0,1,10,0,1,0,6,2,15,138,4,1,6,2,7,5,7,5,96,1,1,1,19,3,0,3,4,5,2,2,9,13,0,14,3,55,3,6,34,1,0,0,0,8,7,1,0,0,1
2024-02,59,37,5,4,0,17,6,2,1,7,0,0,0,11,2,20,141,0,2,2,1,1,8,1,1,48,4,4,3,12,2,4,2,2,20,0,0,4,3,4,32,2,23,3,5,35,2,0,0,2,4,2,0,3,0,1
2024-03,59,34,0,4,3,30,12,0,0,2,0,0,0,7,3,25,151,1,1,2,5,0,4,0,1,31,6,3,2,11,2,1,5,5,7,0,1,1,4,2,15,4,17,1,1,16,3,3,3,2,8,10,0,2,0,2
2024-04,59,20,3,6,0,65,8,2,4,1,2,0,0,8,9,22,177,3,1,2,0,0,5,4,1,33,1,4,2,16,2,13,6,3,4,0,4,4,12,4,16,0,34,4,7,33,6,1,1,1,7,10,0,0,0,4
2024-05,59,29,3,1,1,25,12,6,0,0,0,0,0,6,2,21,118,2,0,2,5,0,10,0,1,83,0,8,3,16,9,1,7,5,10,1,0,5,6,1,28,6,33,5,22,31,17,7,1,2,4,18,1,2,3,5
2024-06,59,27,1,2,0,11,12,0,2,4,1,1,1,7,6,16,115,2,3,4,6,0,3,90,4,26,6,8,2,19,9,2,2,5,10,0,0,3,13,1,16,2,15,8,16,12,13,1,1,3,4,3,0,0,3,9
2024-07,59,46,2,3,2,38,10,1,2,1,1,0,0,3,6,34,322,3,1,4,3,1,6,64,1,43,1,4,0,15,6,0,7,2,5,1,0,2,7,1,19,7,47,28,38,24,20,0,2,2,4,4,0,0,11,6
2024-08,59,19,3,6,0,92,4,0,2,18,2,2,0,3,2,23,178,8,2,4,0,1,11,23,1,26,6,5,1,11,9,3,2,4,10,0,0,5,6,2,17,3,14,7,11,21,10,6,2,0,2,7,0,1,6,5
2024-09,59,17,4,2,0,43,11,0,1,2,3,0,0,7,4,31,139,1,1,3,7,0,7,2,0,36,4,1,0,17,4,1,2,2,9,0,0,3,1,1,2,0,20,3,8,19,5,1,0,2,4,2,0,1,5,1
2024-10,59,28,2,5,0,18,8,0,0,5,4,0,2,15,9,16,176,2,0,0,3,3,4,0,3,20,3,5,0,17,4,4,2,3,9,0,1,7,7,1,17,1,10,2,10,10,2,0,4,0,3,4,0,0,3,3
2024-11,59,27,1,0,0,10,5,0,0,1,4,1,1,3,1,13,255,1,0,0,1,1,2,0,2,8,4,2,1,6,1,0,2,2,10,2,4,5,0,1,19,2,25,1,15,13,9,1,1,0,3,1,0,0,0,4
2024-12,59,26,0,1,0,12,3,1,3,5,0,1,2,12,6,17,190,4,0,1,4,0,4,5,7,6,2,6,2,3,3,1,2,0,10,0,0,3,13,1,7,5,9,2,2,38,3,1,0,2,2,3,0,0,0,1
2025-01,59,38,4,3,0,15,6,0,2,9,1,0,4,2,1,16,143,2,1,3,0,8,4,11,7,29,3,3,0,6,3,1,2,2,6,13,4,8,3,2,34,1,29,0,2,22,2,20,0,1,4,1,0,0,0,1
2025-02,59,42,4,0,0,23,6,1,3,5,0,2,1,10,3,13,232,2,1,2,1,2,2,0,4,41,4,3,3,3,2,3,0,2,3,0,0,7,6,3,14,3,19,0,0,42,3,165,0,1,0,0,0,1,0,0
2025-03,59,35,3,6,1,19,4,0,1,4,6,0,0,6,4,11,180,5,0,3,0,0,1,0,2,54,4,4,0,5,5,1,4,3,15,0,0,9,7,3,8,7,43,2,6,23,4,178,1,2,5,7,0,1,0,4
2025-04,59,26,4,8,0,16,2,1,2,4,2,3,1,4,5,16,212,3,0,2,1,5,4,0,2,21,1,6,0,11,4,8,6,1,11,8,0,7,11,1,21,2,21,3,4,25,6,141,0,0,8,6,0,0,0,6
2025-05,59,28,5,4,0,13,6,4,2,4,1,0,2,9,3,20,186,5,0,1,4,0,0,3,0,39,1,4,0,12,0,2,2,1,9,5,1,8,7,2,36,0,11,12,20,19,18,23,3,1,3,4,0,0,1,4
2025-06,59,32,1,4,0,20,14,7,1,7,2,1,0,6,5,23,201,4,0,8,3,2,4,82,2,21,0,9,2,27,5,4,6,5,5,1,3,5,9,2,15,2,14,14,37,9,9,92,3,2,3,6,0,2,5,11
2025-07,59,32,1,5,2,19,10,0,2,4,1,0,6,10,4,38,167,2,3,8,4,1,0,80,0,15,3,7,0,11,4,1,6,5,5,0,2,5,4,2,18,2,11,28,40,41,15,33,3,1,17,14,0,0,4,3
2025-08,59,37,2,4,0,24,0,3,4,2,2,0,2,10,5,30,229,1,0,4,3,0,1,5,0,18,5,15,0,12,5,3,6,0,5,4,2,3,25,2,18,3,43,6,16,12,5,38,3,4,18,3,0,7,10,9
2025-09,59,29,0,1,0,27,6,0,1,2,2,1,9,6,7,20,188,3,0,2,5,2,0,21,1,21,4,6,2,19,4,0,3,2,1,2,2,9,4,1,12,0,21,5,4,2,8,9,0,3,12,2,0,0,7,7
2025-10,59,24,7,3,0,26,6,1,2,2,0,2,4,23,4,30,155,2,2,2,2,0,3,0,0,13,3,2,3,9,1,1,1,3,8,2,2,6,3,0,23,3,27,2,2,3,3,14,0,2,5,3,0,0,1,4
2025-11,59,11,2,0,2,18,7,0,4,1,1,0,7,9,4,21,153,3,0,4,0,1,0,1,2,11,2,4,1,11,0,1,2,0,3,4,0,6,6,1,20,3,30,4,7,0,3,123,0,0,3,0,0,0,0,4
2025-12,59,29,0,1,0,16,5,0,3,5,0,0,3,8,4,12,135,2,1,4,4,0,1,18,1,29,2,6,2,1,0,2,3,1,4,0,0,8,1,1,8,4,23,1,1,2,3,35,1,1,4,2,0,0,0,1
2019-01,61,5,17,2,1,16,3,9,0,2,0,1,0,0,0,0,0,2,0,0,0,0,4,0,4,17,2,0,1,0,0,2,6,24,4,0,0,0,7,0,15,0,5,0,0,0,5,9,6,0,19,0,0,0,0,0
2019-02,61,13,26,5,0,19,14,21,1,2,0,4,0,0,3,44,3,5,1,1,2,1,1,0,1,82,6,0,2,3,5,8,3,5,10,0,0,0,4,0,89,1,9,6,0,0,7,12,11,0,27,3,2,0,0,0
2019-03,61,54,60,9,1,22,32,8,1,36,11,1,1,10,14,63,38,5,2,4,3,13,1,58,4,220,7,5,4,41,14,21,17,6,12,0,4,8,17,6,441,8,29,12,13,2,15,23,7,18,17,11,34,12,0,1
2019-04,61,42,26,4,1,23,55,9,6,11,11,0,0,8,18,65,89,8,1,7,4,4,8,2,10,96,7,5,0,48,15,15,17,14,44,0,4,8,14,9,137,9,30,13,13,5,33,38,14,9,13,9,0,5,0,3
2019-05,61,21,24,7,6,22,32,11,2,6,32,1,0,17,18,63,156,10,5,4,12,4,10,13,7,71,16,17,3,38,17,15,30,5,61,2,21,9,32,13,86,3,42,14,9,3,17,41,17,15,16,34,0,11,524,3
2019-06,61,42,22,28,3,23,42,7,2,8,58,4,0,9,31,78,105,12,3,6,8,1,13,79,10,59,9,22,3,87,35,10,31,14,38,2,4,9,29,12,118,7,58,25,32,6,26,83,33,17,6,19,0,6,509,1
2019-07,61,64,18,14,3,28,46,7,3,8,32,4,1,10,22,98,132,7,1,13,7,4,9,247,11,102,11,12,6,183,37,15,27,5,43,0,0,1,30,12,157,1,50,40,38,8,30,92,18,18,49,14,2,9,650,7
2019-08,61,52,23,11,6,32,46,5,2,4,21,4,0,19,40,123,180,7,3,6,13,4,7,29,8,84,14,19,8,107,30,11,16,9,16,0,0,9,23,7,182,9,34,36,20,6,22,110,19,14,89,5,1,4,548,3
2019-09,61,69,24,17,1,25,37,6,5,4,16,1,0,17,33,105,163,10,1,11,4,4,8,20,9,105,9,13,6,105,14,17,14,9,20,0,2,4,27,6,117,6,22,34,23,3,34,69,22,17,29,12,1,2,653,3
2019-10,61,30,14,21,7,18,30,2,3,8,7,1,1,10,28,70,156,18,2,4,13,1,11,5,13,120,11,9,6,80,16,10,10,5,43,1,2,4,32,2,279,5,27,28,19,1,18,123,33,25,31,4,0,3,275,2
2019-11,61,46,19,3,0,21,17,6,3,5,3,3,1,13,32,72,139,3,5,6,7,2,3,0,11,36,8,12,4,45,8,1,7,3,104,2,3,8,21,8,74,6,33,29,8,0,8,33,15,19,11,6,0,1,94,0
2019-12,61,31,14,7,0,23,27,2,1,4,2,1,3,7,24,63,133,7,3,6,5,5,3,1,5,30,21,8,2,39,18,2,6,5,49,3,5,2,27,2,127,1,36,25,2,0,9,11,15,11,9,0,0,3,3,2
2020-01,61,44,22,5,1,21,36,17,3,14,0,4,6,8,9,72,155,8,2,18,21,6,7,1,12,72,5,13,2,47,17,7,9,5,17,1,4,5,34,2,77,4,24,24,6,0,7,8,19,9,3,8,1,7,0,0
2020-02,61,66,15,8,0,19,25,8,6,8,4,0,1,8,12,53,276,3,2,3,8,5,8,1,13,47,10,6,0,32,19,1,8,2,83,2,3,9,30,0,54,9,28,11,3,0,9,9,9,10,4,3,0,0,0,0
2020-03,61,49,28,44,0,14,29,5,36,10,7,7,0,10,28,74,268,3,0,9,7,0,9,1,10,122,10,9,5,32,20,7,7,3,20,0,6,21,32,3,71,5,31,5,5,0,8,35,14,18,2,8,0,0,0,0
2020-04,61,24,19,119,3,13,14,3,86,6,3,7,0,13,8,72,313,12,0,5,5,1,7,1,5,129,0,10,3,45,11,13,17,2,115,1,9,25,13,2,72,6,29,22,5,1,23,26,8,10,2,11,0,10,0,1
2020-05,61,47,19,10,9,31,23,15,29,8,25,4,1,7,16,101,233,9,1,7,3,4,9,33,7,32,8,19,7,57,20,4,23,11,50,0,5,9,21,9,196,11,21,24,13,2,18,43,17,6,5,21,0,24,63,0
2020-06,61,26,13,5,5,25,29,6,13,6,28,2,4,19,15,109,159,3,8,19,4,3,12,248,6,30,28,16,1,64,16,6,17,3,93,2,14,21,16,6,189,7,17,39,72,7,25,118,24,4,2,7,1,3,406,2
2020-07,61,66,12,2,6,41,37,5,27,14,16,3,0,10,23,138,175,7,9,29,8,10,17,642,16,31,14,5,8,106,39,10,14,6,52,4,6,12,17,8,155,6,20,83,60,3,20,102,13,6,3,17,1,5,1000,1
2020-08,61,77,19,6,1,37,32,8,23,12,17,2,0,10,15,110,216,8,2,5,8,9,16,345,11,33,7,16,2,99,39,5,20,12,31,1,2,13,18,12,310,12,25,135,102,2,45,108,23,8,3,10,2,8,1087,5
2020-09,61,72,11,3,3,34,49,14,13,7,5,4,0,24,14,76,195,6,2,4,9,4,8,3,7,30,17,13,0,193,58,13,158,5,35,0,0,3,22,2,176,6,18,53,17,4,37,85,10,10,5,4,0,1,587,0
2020-10,61,77,13,4,1,22,20,8,22,6,2,2,1,13,13,83,299,5,8,10,3,4,8,0,4,17,8,14,7,71,25,5,3,5,46,1,0,6,21,4,125,8,35,26,9,1,18,24,8,12,6,4,6,7,332,2
2020-11,61,57,11,7,1,26,25,9,25,11,5,0,2,10,8,89,243,1,0,9,5,0,8,1,4,42,16,16,1,50,19,0,9,2,52,0,4,7,17,5,58,0,22,18,16,1,14,30,7,9,1,1,1,2,0,3
2020-12,61,64,9,18,1,29,16,14,23,7,3,4,1,8,5,51,229,2,1,16,7,7,6,0,10,144,26,9,4,68,15,2,5,1,55,4,4,12,10,1,35,7,39,12,3,1,20,9,6,14,3,2,0,2,0,0
2021-01,61,49,6,10,0,35,27,11,5,5,6,1,1,2,8,93,206,3,4,6,2,2,5,0,12,108,11,11,3,106,124,1,4,4,24,2,2,10,11,0,28,3,12,10,3,1,3,13,10,9,1,0,0,2,0,0
2021-02,61,73,3,1,2,21,35,13,3,24,1,0,0,3,8,43,108,2,1,73,6,20,7,2,12,40,31,7,1,16,19,5,2,1,18,0,6,11,9,0,44,4,12,2,2,0,4,12,5,1,3,3,1,4,0,0
2021-03,61,112,10,6,3,31,27,8,7,10,8,0,0,16,15,105,174,9,1,16,8,3,7,2,6,57,24,10,5,158,25,15,7,5,28,2,3,6,13,6,80,14,15,21,3,1,19,20,13,9,6,1,0,9,0,2
2021-04,61,70,6,6,0,36,32,9,11,12,8,0,0,13,20,128,193,2,2,5,14,1,11,0,10,58,7,10,2,78,22,3,5,9,27,0,2,6,24,3,45,4,15,23,5,5,69,30,27,18,3,3,0,0,0,1
2021-05,61,57,8,11,1,29,32,2,5,6,29,2,0,22,16,100,123,6,2,2,7,2,14,112,2,53,9,9,5,78,27,5,10,7,39,0,0,5,22,4,90,8,22,26,16,6,21,50,16,10,4,4,2,2,78,2
2021-06,61,73,15,6,3,25,38,7,3,9,26,0,0,24,27,147,125,18,7,9,9,9,13,451,12,28,12,14,4,124,25,8,22,9,43,0,0,9,15,8,161,8,41,54,85,3,39,100,19,12,2,17,0,8,453,4
2021-07,61,87,24,8,2,31,35,10,3,6,21,2,0,25,25,137,220,14,3,20,11,7,7,297,9,24,8,15,0,144,39,10,10,8,29,1,8,5,17,6,88,3,32,50,40,11,18,74,13,12,51,5,0,5,87,2
2021-08,61,84,16,47,3,40,38,6,6,7,15,2,0,13,37,108,247,5,4,6,8,8,10,249,6,30,13,13,2,146,35,11,11,6,38,1,3,2,23,9,202,2,30,61,59,4,19,67,16,12,17,2,0,1,235,6
2021-09,61,98,7,8,2,25,27,3,8,10,12,3,0,26,27,91,233,13,1,10,7,5,10,17,6,21,4,16,4,196,21,9,8,6,39,2,1,9,34,7,68,6,25,38,19,3,16,56,21,12,12,0,0,0,529,1
2021-10,61,90,9,8,2,24,33,11,7,4,10,2,0,19,20,78,129,11,0,13,5,5,10,1,8,26,2,18,3,110,18,3,8,0,29,0,2,8,23,5,76,4,49,35,52,1,16,53,18,5,6,2,0,4,0,2
2021-11,61,142,4,9,1,24,34,10,11,9,1,3,0,16,11,69,122,5,1,9,3,2,10,3,5,26,4,6,1,90,9,3,8,2,43,1,0,6,31,2,81,6,30,30,16,2,11,19,7,11,1,3,0,3,0,4
2021-12,61,82,6,12,0,14,27,12,4,11,6,4,0,11,13,78,168,7,1,19,6,3,7,4,10,21,4,8,3,63,11,3,6,4,68,0,0,10,22,7,43,3,25,16,25,0,6,40,9,9,0,1,0,0,0,0
2022-01,61,83,21,3,2,12,35,14,8,21,1,1,1,3,11,56,141,1,2,3,8,13,4,0,16,66,4,2,2,198,17,3,1,5,42,1,1,13,11,0,18,3,20,4,5,0,8,5,15,5,3,2,0,6,0,0
2022-02,61,82,3,4,5,13,30,17,1,7,2,1,1,7,7,45,120,3,1,8,9,5,6,1,7,178,6,3,3,30,25,11,6,4,48,0,5,9,17,0,56,4,16,7,4,2,13,6,9,7,7,7,0,9,0,1
2022-03,61,129,6,43,3,30,28,17,10,9,22,4,0,8,20,84,269,5,2,9,9,9,15,3,9,195,5,16,5,70,28,21,7,13,51,0,3,22,24,6,67,5,26,16,10,14,29,1,16,15,4,17,0,4,0,1
2022-04,61,112,5,13,3,17,44,9,5,4,25,3,1,13,17,66,133,10,3,7,3,4,10,0,10,118,4,16,4,58,24,4,6,3,28,2,7,11,31,5,43,9,33,13,9,9,25,29,14,24,6,11,0,7,3,1
2022-05,61,129,7,25,4,23,33,7,5,7,24,1,0,14,23,64,134,9,2,5,11,3,12,273,3,126,1,7,5,79,22,10,6,9,17,0,4,7,30,7,97,6,21,17,14,7,24,75,18,16,5,10,1,4,98,3
2022-06,61,100,14,9,1,31,31,5,9,3,30,2,0,21,11,83,156,12,7,11,2,3,9,397,4,84,5,15,5,95,22,10,12,11,11,3,11,14,27,0,88,5,29,37,51,11,21,77,19,7,3,8,0,1,171,2
2022-07,61,61,11,6,4,25,27,7,4,15,19,1,0,15,20,87,186,8,2,17,3,0,6,239,3,56,4,16,0,95,14,10,9,1,10,0,6,13,23,6,115,9,15,62,36,127,28,68,23,12,5,7,0,4,53,12
2022-08,61,74,15,9,1,29,41,9,9,14,54,1,0,14,28,102,150,7,7,15,8,4,6,132,6,52,6,10,1,114,26,6,2,5,7,0,10,12,21,5,132,9,24,63,36,59,20,78,23,15,11,2,1,1,38,2
2022-09,61,126,15,5,0,36,31,5,5,9,20,0,1,16,26,75,121,12,1,14,10,2,9,71,18,44,2,19,2,93,21,11,2,6,17,1,4,6,42,3,82,11,26,43,17,17,21,57,22,16,8,4,0,2,27,4
2022-10,61,76,10,7,1,17,23,8,6,6,4,2,1,21,20,59,90,1,2,9,4,4,16,1,4,28,3,16,1,68,15,6,3,4,29,2,7,18,19,8,71,8,35,23,16,1,11,36,13,11,3,6,1,0,16,3
2022-11,61,68,7,8,1,19,20,7,8,6,4,1,6,12,24,65,130,8,2,7,6,1,8,0,7,27,4,6,1,58,12,8,2,11,21,2,0,7,20,4,90,9,19,21,21,43,9,46,8,15,3,2,0,1,3,1
2022-12,61,83,5,6,0,28,22,29,1,16,5,1,0,6,15,66,148,14,4,12,5,21,6,1,10,32,11,8,0,43,27,3,5,0,46,1,6,10,20,2,22,3,19,11,2,2,7,3,5,11,1,4,3,0,0,2
2023-01,61,59,5,5,2,29,26,9,6,20,3,0,0,14,15,67,137,4,4,6,7,3,8,0,9,95,5,7,3,42,17,8,4,8,7,0,2,12,20,4,31,4,25,13,7,3,5,0,10,9,2,2,1,5,0,1
2023-02,61,88,7,9,3,21,19,17,4,8,12,1,3,8,13,60,151,5,2,4,5,5,7,0,8,101,13,8,3,42,10,6,11,3,16,1,11,5,20,2,68,8,14,13,9,1,12,7,10,3,8,16,0,13,0,1
2023-03,61,86,29,29,3,18,26,7,7,19,20,2,0,15,23,64,206,7,0,14,6,1,11,1,1,148,13,16,4,68,24,10,14,10,15,0,11,22,24,9,61,5,48,15,5,13,16,3,12,12,3,14,1,2,0,2
2023-04,61,83,5,15,2,22,37,9,5,12,23,3,0,8,24,66,339,7,1,4,5,2,19,30,2,98,2,11,2,63,23,9,4,9,14,2,4,10,16,14,61,8,26,24,9,8,35,169,16,13,4,11,1,4,2,5
2023-05,61,103,18,17,0,32,42,4,5,16,23,2,0,17,36,104,151,13,5,8,5,1,19,65,7,57,5,17,1,70,23,10,6,11,13,0,7,15,12,6,93,6,31,38,13,2,27,321,10,10,3,3,1,7,61,10
2023-06,61,60,29,5,0,25,32,12,8,9,20,2,0,19,42,86,191,12,7,13,17,9,11,280,10,43,5,21,2,75,26,7,9,11,16,0,4,10,26,9,61,4,38,38,26,7,38,270,10,10,13,8,2,6,50,9
2023-07,61,46,16,12,5,25,24,4,5,5,20,2,0,20,26,103,152,6,7,12,12,4,3,346,15,60,7,18,3,70,23,6,28,15,11,1,0,13,22,8,64,3,34,48,52,11,39,165,20,18,10,27,0,49,43,9
2023-08,61,92,16,9,3,32,46,11,9,15,22,3,0,26,35,96,164,12,2,12,10,7,8,278,18,27,5,25,5,87,24,4,16,5,16,1,6,10,34,6,98,5,32,56,29,8,31,172,20,18,13,20,0,3,81,10
2023-09,61,58,16,10,1,28,33,14,3,10,10,4,0,22,26,99,196,6,6,7,7,6,12,57,12,39,6,23,1,206,22,1,4,9,9,6,0,4,39,6,85,6,56,50,19,4,26,139,20,11,9,4,3,3,26,7
2023-10,61,64,24,4,2,23,36,11,7,12,7,3,1,13,13,59,169,0,4,13,10,4,4,19,12,19,6,20,5,63,19,9,10,7,8,0,1,5,33,4,34,8,20,43,15,1,23,81,10,15,13,9,1,3,7,2
2023-11,61,74,27,6,3,25,34,7,4,7,9,1,0,20,19,58,153,3,0,40,8,11,4,1,10,19,6,13,0,57,6,2,6,2,23,1,0,8,32,7,54,9,30,30,7,0,15,75,8,15,7,0,1,3,3,10
2023-12,61,79,9,6,1,37,29,6,2,10,4,0,3,7,12,82,225,9,2,6,12,0,10,0,5,66,7,13,1,36,19,3,6,4,11,0,0,5,43,8,46,3,20,15,5,0,9,14,9,13,6,12,0,3,0,1
2024-01,61,113,18,9,1,29,30,23,5,15,2,2,4,10,16,68,176,2,2,18,6,21,7,2,13,133,2,4,3,36,24,2,8,5,14,1,5,4,16,5,56,5,33,18,14,2,10,0,15,11,5,10,0,10,0,0
2024-02,61,119,24,5,0,20,24,10,10,15,11,3,27,9,14,84,161,5,5,5,8,7,4,0,8,173,2,9,1,47,17,2,4,3,4,1,3,7,29,7,58,4,29,31,3,2,17,4,7,11,6,1,2,8,0,2
2024-03,61,138,6,5,2,22,32,5,8,7,15,1,4,11,24,68,177,5,0,13,14,7,8,0,6,48,3,22,4,40,12,10,6,5,31,2,6,8,20,13,66,9,23,27,10,1,35,3,10,8,9,12,1,5,0,5
2024-04,61,92,13,9,4,28,38,4,13,7,19,3,0,10,21,80,175,6,1,3,13,2,9,23,10,87,2,11,0,51,25,5,6,9,52,2,3,14,35,3,103,5,50,43,19,7,35,3,9,12,453,15,1,7,11,5
2024-05,61,112,13,13,3,24,25,17,6,14,16,2,0,10,15,89,209,6,3,5,10,0,14,159,15,70,10,18,4,182,21,6,14,6,18,2,13,8,28,3,94,9,36,51,31,18,58,9,17,11,5,14,0,6,117,8
2024-06,61,92,8,96,2,36,35,9,12,18,24,3,0,26,39,118,175,8,11,35,14,12,4,736,8,155,4,21,2,139,28,4,17,5,17,0,1,7,18,4,83,16,35,43,43,11,38,41,16,7,6,26,0,10,60,5
2024-07,61,91,12,10,1,64,40,5,6,6,15,3,0,13,29,139,179,11,3,30,13,10,8,226,5,49,3,17,0,106,31,8,197,13,14,0,8,11,23,7,123,13,24,103,150,29,43,22,20,11,8,7,1,7,34,4
2024-08,61,73,9,12,0,45,56,12,12,7,14,0,0,14,42,106,217,12,3,10,13,3,6,251,5,88,5,13,3,81,29,5,10,5,37,1,4,5,23,1,104,4,44,92,48,24,32,96,19,16,9,10,0,3,31,7
2024-09,61,97,14,10,3,40,35,12,15,9,10,3,0,27,27,105,187,6,2,8,8,1,6,62,7,53,6,16,1,76,22,3,8,10,27,0,2,4,24,8,137,7,40,47,39,27,28,40,9,4,4,7,0,0,24,5
2024-10,61,98,20,13,0,60,24,7,4,11,15,0,1,24,18,96,192,6,3,12,10,11,6,2,8,55,10,24,1,162,17,4,8,8,22,0,3,5,33,5,129,8,52,33,24,3,29,35,15,7,2,6,1,3,11,3
2024-11,61,81,7,2,0,21,16,1,3,8,7,1,1,11,16,68,276,3,1,6,5,4,3,0,13,34,7,22,3,87,18,1,7,3,18,0,6,14,17,7,94,7,38,19,21,4,6,51,2,6,8,6,0,3,0,5
2024-12,61,98,3,6,0,33,15,2,4,21,6,0,1,14,22,87,191,6,4,14,7,8,7,5,14,14,7,15,1,40,14,1,2,3,10,1,5,12,24,3,60,2,30,3,3,27,7,6,10,8,8,3,0,2,0,2
2025-01,61,134,18,7,0,36,26,20,3,17,5,4,0,13,13,56,254,8,1,12,0,25,2,1,8,28,7,13,1,116,11,3,2,5,5,1,6,6,20,1,67,4,17,5,1,0,7,4,11,9,5,2,2,8,0,2
2025-02,61,111,3,4,0,25,21,15,2,11,6,2,4,18,11,48,297,4,1,9,8,6,7,1,7,81,0,13,2,73,9,3,2,3,18,1,10,9,15,2,67,10,17,3,10,13,7,0,6,8,4,2,1,2,0,0
2025-03,61,110,24,10,0,24,42,11,7,15,15,0,1,18,33,80,384,5,2,8,4,3,3,1,6,128,3,3,2,33,13,4,7,24,21,1,10,20,28,4,113,9,27,31,31,1,23,15,12,7,9,18,0,7,0,1
2025-04,61,109,9,21,4,31,24,6,6,10,19,3,1,12,25,80,253,6,2,8,5,2,9,0,8,127,5,14,1,100,14,8,15,9,17,1,3,9,23,4,57,6,28,54,19,11,27,14,34,6,8,29,1,7,0,4
2025-05,61,94,19,8,1,34,28,1,13,15,21,3,0,24,21,100,310,16,3,7,10,2,10,58,5,57,15,19,1,94,24,9,13,11,13,1,6,4,22,3,92,7,46,72,62,8,32,3,26,10,3,7,0,4,22,8
2025-06,61,123,3,8,4,35,26,6,7,6,18,0,0,27,30,79,137,15,4,35,9,1,7,377,8,40,2,16,3,84,34,4,9,7,18,0,4,7,20,9,100,3,57,33,27,8,37,24,20,6,2,19,1,8,50,6
2025-07,61,114,4,19,2,46,23,7,24,11,14,4,3,24,27,127,148,10,4,52,6,6,5,213,9,30,7,23,4,172,42,8,22,3,13,0,0,7,29,5,100,10,74,64,98,12,49,18,9,17,8,24,0,53,56,7
2025-08,61,98,8,7,9,45,34,9,11,11,14,3,0,25,27,136,180,17,10,8,17,7,8,153,12,41,14,15,4,89,36,6,28,6,15,0,8,12,35,13,69,9,38,45,66,31,41,28,10,10,9,22,1,107,56,4
2025-09,61,120,5,17,0,40,35,8,12,15,15,1,0,24,43,103,177,8,3,10,21,2,5,15,16,14,4,21,2,70,28,6,12,8,16,0,8,7,16,7,67,2,57,47,36,2,19,17,13,4,17,4,4,15,39,6
2025-10,61,154,14,9,1,35,24,2,4,12,13,0,5,38,19,81,171,12,0,7,16,1,4,16,13,18,2,7,3,55,13,4,9,5,14,0,3,10,17,5,62,4,23,26,24,6,16,16,18,12,3,12,0,2,5,2
2025-11,61,88,9,3,1,36,29,6,3,10,4,0,1,17,22,88,159,8,0,6,9,3,5,3,8,25,0,8,1,50,20,5,7,2,12,1,2,6,31,1,58,4,31,27,17,3,16,38,5,9,6,7,0,4,0,9
2025-12,61,96,13,2,0,29,24,11,2,15,2,2,0,4,14,66,103,9,2,13,3,7,3,4,12,32,11,13,4,26,5,0,1,1,5,0,2,5,29,2,54,6,33,2,5,1,9,3,4,5,10,9,0,5,0,1
2019-01,62,4,24,2,0,5,0,0,0,1,0,0,0,0,0,0,0,0,0,0,0,0,1,0,3,9,0,0,1,0,0,1,0,29,1,0,0,0,0,0,4,0,1,0,0,6,0,2,1,0,14,1,0,0,0,0
2019-02,62,19,17,1,0,10,1,1,1,2,0,0,0,0,1,22,3,0,0,1,0,0,1,2,2,36,0,0,0,1,3,5,2,4,7,0,0,0,2,0,43,1,1,1,0,1,8,0,1,0,19,0,2,0,0,1
2019-03,62,21,37,0,0,13,6,0,0,13,0,0,0,7,2,26,30,1,0,3,3,0,0,5,1,126,2,0,1,11,5,5,3,24,10,1,0,3,2,0,32,4,5,3,0,1,2,9,2,2,20,1,1,2,0,0
2019-04,62,19,21,2,1,5,5,1,1,5,0,0,0,2,1,32,44,4,0,2,1,1,2,2,0,69,2,0,1,11,5,8,10,5,11,0,1,4,2,0,36,0,7,2,2,5,8,8,0,0,14,7,0,3,0,0
2019-05,62,19,25,3,4,9,7,1,0,9,1,0,0,6,3,31,50,1,1,0,1,1,4,0,2,78,1,5,1,15,5,19,19,13,9,1,4,4,5,0,29,1,10,10,4,4,9,9,2,4,3,6,1,1,5,0
2019-06,62,19,27,8,2,5,14,0,1,6,0,0,0,5,3,33,73,1,1,1,2,2,4,0,2,90,1,0,1,14,6,10,16,3,18,0,0,0,11,0,40,1,4,10,1,5,9,18,4,4,8,2,0,1,8,3
2019-07,62,26,45,7,2,14,8,3,0,12,1,0,0,2,2,46,108,2,0,2,4,5,3,14,7,83,1,2,0,30,2,14,13,2,12,1,0,1,8,2,54,2,6,4,1,7,7,41,2,4,35,3,0,0,13,3
2019-08,62,32,44,8,0,10,9,0,0,1,1,1,0,8,1,61,94,5,4,0,4,2,4,0,4,110,1,3,1,42,8,17,17,5,12,0,0,2,6,1,65,1,7,8,3,13,19,23,0,6,47,7,0,3,2,3
2019-09,62,34,50,2,0,11,5,1,3,5,0,1,0,24,2,44,69,2,2,2,1,2,5,1,1,29,1,5,2,22,4,6,9,0,15,0,0,3,5,2,67,3,4,2,6,5,7,11,1,1,13,2,0,0,2,0
2019-10,62,28,45,7,3,25,3,1,1,4,0,0,0,5,3,40,97,5,1,0,0,0,1,0,3,18,0,1,1,19,2,4,19,4,12,0,0,2,11,1,99,0,3,10,4,1,6,12,0,0,4,5,2,4,8,0
2019-11,62,33,18,2,0,14,4,1,2,2,0,1,0,6,0,23,106,0,3,0,0,11,0,0,3,12,1,2,0,6,2,2,3,1,17,1,2,3,2,0,42,3,3,3,2,1,1,5,0,1,9,0,1,3,0,0
2019-12,62,24,33,9,0,9,1,2,0,6,0,0,1,3,2,25,88,1,3,0,0,0,1,0,4,68,0,5,0,15,0,2,4,1,12,0,0,1,6,0,71,1,10,1,2,1,1,9,0,0,3,3,0,0,0,0
2020-01,62,34,30,1,1,7,4,1,0,6,0,0,1,3,3,30,70,1,0,1,1,0,0,1,4,26,1,7,0,5,2,1,3,4,14,0,8,8,7,4,91,0,8,1,2,0,8,1,0,2,3,3,1,5,0,0
2020-02,62,35,35,3,0,6,7,2,0,9,0,0,0,3,0,18,69,6,0,0,0,0,0,2,5,37,3,4,3,9,3,4,2,2,16,0,0,1,11,0,61,4,4,3,0,0,5,2,0,1,2,0,0,1,0,0
2020-03,62,27,28,1,3,7,5,1,6,8,0,2,2,4,4,19,80,1,3,0,2,1,3,0,3,41,1,0,0,15,0,1,7,0,9,1,2,1,9,2,104,3,4,3,0,2,1,21,0,1,5,4,1,3,0,0
2020-04,62,10,11,8,3,16,0,1,6,5,1,2,2,4,7,27,83,1,0,2,2,2,2,1,4,36,1,4,1,18,2,3,6,2,11,2,0,3,3,2,42,1,4,5,2,2,2,47,0,0,1,2,3,7,0,0
2020-05,62,30,7,1,2,12,4,1,6,8,0,2,0,8,5,41,114,2,2,2,2,2,3,5,0,14,8,6,1,18,4,6,13,2,24,0,3,5,12,4,75,4,5,7,0,1,8,15,0,12,2,20,0,8,3,2
2020-06,62,29,7,2,1,17,3,2,2,7,2,0,1,2,2,56,84,4,5,5,3,4,1,0,2,49,1,4,0,21,4,9,11,4,52,2,10,6,3,0,60,2,5,5,9,2,10,25,2,6,1,4,1,3,6,0
2020-07,62,37,8,4,0,15,3,1,5,13,0,0,0,11,3,47,83,4,2,4,1,2,2,8,2,27,1,10,1,52,3,3,10,3,29,3,4,3,10,2,20,2,3,20,13,6,9,25,2,1,2,3,0,2,5,3
2020-08,62,37,11,8,1,14,8,1,2,5,0,0,0,4,3,32,118,4,1,2,2,0,2,0,4,58,0,4,3,39,1,10,5,6,27,2,3,4,4,4,69,4,3,46,43,3,26,19,3,5,1,1,0,4,1,1
2020-09,62,29,6,2,2,9,3,2,0,6,0,0,0,5,2,35,122,5,0,3,2,2,0,1,3,38,5,2,2,34,1,2,6,3,27,0,0,2,12,1,61,1,11,10,7,2,9,15,4,0,2,3,0,0,3,0
2020-10,62,32,8,2,1,11,5,2,3,4,1,0,0,3,5,15,79,3,0,1,2,0,2,0,4,9,0,2,0,23,5,2,5,1,18,2,8,10,5,0,51,4,11,6,3,6,4,3,0,3,0,1,0,1,1,0
2020-11,62,42,16,1,0,5,3,1,6,1,0,0,0,4,0,22,130,2,0,11,2,0,4,1,6,6,2,8,2,19,1,3,2,1,8,1,2,3,5,2,45,1,4,8,1,1,2,7,1,0,0,2,0,0,0,1
2020-12,62,31,9,2,3,11,2,0,3,10,0,0,0,2,2,16,104,2,3,2,0,3,0,4,8,31,1,0,1,11,1,1,3,1,15,1,3,9,4,4,13,0,2,1,4,0,2,1,0,5,0,4,1,7,0,0
2021-01,62,31,9,12,0,9,1,1,7,5,0,1,0,7,2,21,90,2,1,0,3,2,4,0,6,48,4,4,1,12,4,0,2,0,9,2,0,1,2,0,9,5,15,1,0,1,4,3,0,1,0,1,0,0,0,0
2021-02,62,36,2,1,1,10,6,5,0,13,1,0,0,8,0,25,95,3,0,15,1,10,2,1,15,21,8,1,1,5,9,1,0,0,3,0,1,1,6,1,14,0,3,0,1,0,2,1,0,1,1,4,1,3,0,0
2021-03,62,63,16,6,1,13,4,1,2,12,2,0,0,3,1,41,129,5,1,4,3,2,0,3,2,30,6,3,3,44,1,3,0,2,8,0,0,2,1,4,24,1,4,2,1,0,3,4,1,1,0,2,0,5,0,1
2021-04,62,40,15,5,0,10,5,1,0,5,4,0,1,7,1,29,83,1,0,1,2,0,1,0,2,29,3,1,2,33,4,1,2,3,11,0,0,5,2,1,24,0,4,7,1,6,5,10,0,2,1,2,0,1,0,1
2021-05,62,40,6,5,0,8,6,0,2,11,2,0,0,8,1,39,106,2,0,2,1,0,3,0,0,21,0,6,3,80,1,2,6,7,31,0,2,4,10,1,16,0,3,6,2,8,6,13,1,3,0,3,0,1,1,4
2021-06,62,29,4,5,0,8,6,1,3,6,1,0,0,5,3,43,89,8,1,2,3,1,5,3,1,32,0,2,0,76,6,6,11,0,35,0,0,5,5,0,24,0,22,8,13,2,5,26,2,2,1,7,0,1,12,0
2021-07,62,21,1,5,2,16,5,0,0,3,0,0,0,4,2,50,145,3,1,1,0,1,2,1,1,21,1,4,1,80,3,3,3,1,36,0,0,2,8,2,21,1,8,15,39,4,11,23,1,4,32,0,0,2,8,2
2021-08,62,32,10,5,0,4,3,0,2,7,0,0,0,6,0,60,120,4,0,1,1,10,5,1,2,10,5,7,2,73,3,3,2,3,13,0,0,2,6,0,43,2,5,14,13,4,15,21,0,1,10,2,0,0,4,0
2021-09,62,36,4,3,0,14,6,0,7,8,0,0,0,7,1,45,122,4,0,2,0,2,2,0,1,22,1,3,0,44,3,5,5,3,13,0,0,0,2,0,34,4,2,10,3,3,2,8,1,0,3,1,0,2,3,1
2021-10,62,33,8,2,1,4,9,2,1,11,2,0,0,5,3,47,79,9,1,2,8,0,5,2,3,12,0,1,0,67,3,3,7,2,11,0,0,2,3,1,12,0,1,5,1,2,7,3,0,3,4,5,0,3,0,1
2021-11,62,27,16,3,0,8,2,1,1,23,2,0,0,1,0,23,68,2,0,1,2,5,0,0,2,26,5,0,0,20,3,2,3,1,1,0,0,0,0,1,33,2,1,1,3,0,3,7,0,0,3,2,0,0,0,0
2021-12,62,32,11,2,0,7,4,1,2,7,0,0,0,4,0,32,70,0,0,3,2,0,3,0,5,8,1,3,0,32,2,0,5,3,17,0,1,1,2,1,14,3,3,1,4,0,2,3,0,3,4,0,1,0,0,0
2022-01,62,47,8,0,0,15,2,3,6,12,0,1,0,5,3,25,99,1,1,1,1,4,0,0,4,10,15,2,0,18,3,1,1,0,17,2,0,1,4,0,37,0,3,0,0,2,4,0,0,0,3,3,0,2,0,0
2022-02,62,66,7,2,1,4,6,0,1,5,0,1,0,7,2,14,92,0,0,2,1,0,4,0,0,51,1,3,0,10,3,3,10,1,22,0,1,3,6,0,24,1,6,1,0,1,1,0,0,0,0,7,0,5,0,0
2022-03,62,52,15,9,0,8,4,2,1,1,2,1,0,4,4,32,173,2,1,2,0,0,1,0,2,133,2,5,0,36,2,0,8,1,24,2,0,3,4,1,30,0,5,8,2,7,7,5,0,5,3,1,1,6,0,0
2022-04,62,57,7,4,1,9,6,2,0,8,4,0,0,10,2,38,143,1,0,1,0,0,1,0,1,46,2,3,1,33,4,2,6,0,10,3,2,4,9,0,35,0,7,9,2,23,12,2,0,3,1,5,1,2,1,0
2022-05,62,41,6,9,2,7,4,0,2,5,2,0,0,6,2,32,137,5,2,4,2,0,4,2,5,38,4,3,0,30,3,6,11,2,5,6,2,7,9,0,7,0,9,10,3,8,11,10,3,4,4,5,0,2,2,4
2022-06,62,29,2,5,0,18,7,1,2,6,0,0,0,5,1,43,85,5,0,5,2,0,5,1,2,41,2,3,0,30,4,7,5,4,4,2,1,0,4,2,24,1,6,26,20,6,12,23,0,2,3,0,0,0,4,4
2022-07,62,43,6,2,2,20,14,1,1,5,0,0,1,4,5,40,91,2,1,1,0,0,4,0,3,27,5,3,0,65,2,2,3,0,3,0,0,0,7,0,28,1,4,9,8,9,6,23,2,4,5,2,0,1,6,3
2022-08,62,41,8,0,2,20,12,0,0,11,0,0,1,8,2,50,120,3,1,4,3,1,10,0,0,37,1,9,0,36,6,3,5,2,23,1,3,6,13,0,28,4,2,12,9,12,12,30,0,1,7,2,1,1,7,3
2022-09,62,42,2,1,3,17,1,0,3,3,1,0,3,15,1,54,144,4,2,2,1,0,2,26,2,27,2,4,2,44,5,9,3,0,15,3,2,7,2,2,28,3,8,6,4,16,5,24,0,2,7,3,0,3,0,4
2022-10,62,40,9,1,0,6,3,0,0,8,0,0,8,13,2,25,142,2,0,1,1,0,1,0,2,11,0,1,1,32,2,2,8,1,8,3,5,2,7,0,7,1,4,14,2,39,4,18,1,0,3,1,0,1,1,0
2022-11,62,33,3,5,0,9,3,3,0,6,0,0,0,6,2,25,89,1,0,0,4,0,2,0,2,22,2,0,1,20,0,2,6,1,10,1,0,3,4,2,4,1,2,9,5,0,8,12,1,1,3,1,1,1,2,2
2022-12,62,44,1,2,0,13,2,1,0,6,0,1,0,6,1,31,102,3,1,1,0,5,3,0,5,13,5,1,0,17,2,3,4,0,4,0,0,4,4,1,18,0,8,3,0,16,2,0,1,0,1,1,1,2,0,0
2023-01,62,43,3,5,1,5,1,1,0,8,0,0,0,8,0,19,116,1,0,2,2,5,1,0,0,34,1,1,2,28,1,4,8,4,21,0,1,3,7,1,28,0,1,6,2,1,4,3,0,2,2,2,2,2,0,1
2023-02,62,51,6,5,0,6,3,1,0,7,1,0,1,3,4,23,82,2,0,2,4,0,2,0,0,68,0,3,1,32,2,3,4,3,19,1,3,6,9,0,24,3,1,2,2,12,5,18,0,1,2,4,0,2,0,0
2023-03,62,41,14,6,1,2,3,0,0,9,1,0,0,9,1,15,112,1,0,3,2,0,4,0,0,44,0,0,0,25,2,1,5,1,12,1,0,0,8,2,16,1,4,5,1,2,5,0,4,1,10,1,0,3,0,1
2023-04,62,58,19,6,2,17,2,1,1,5,2,2,0,1,2,31,82,1,0,2,1,1,6,0,0,28,1,4,0,26,1,3,2,2,3,1,0,2,8,4,14,1,10,6,8,18,12,63,0,2,3,1,0,2,0,0
2023-05,62,54,9,8,0,13,7,0,0,6,1,0,0,6,4,26,90,1,1,5,6,0,4,0,4,54,1,5,1,34,3,3,4,5,6,1,0,2,6,2,8,0,7,2,1,421,11,148,5,4,5,2,1,2,0,2
2023-06,62,49,3,9,0,9,7,0,4,10,0,0,0,6,4,32,134,0,2,3,2,11,3,1,7,20,0,1,0,31,1,2,5,4,10,0,2,3,11,2,15,1,10,8,12,8,5,149,4,6,5,0,1,1,6,1
2023-07,62,48,6,3,4,13,5,0,0,6,1,1,0,2,4,56,97,2,5,10,1,0,2,1,2,7,1,1,0,33,7,0,14,1,14,2,3,4,4,1,7,2,14,9,10,22,7,55,0,2,3,13,2,14,3,2
2023-08,62,29,10,1,1,13,11,2,0,3,1,1,0,11,0,56,112,6,2,5,0,3,1,10,0,33,2,7,1,50,4,3,9,7,22,0,5,3,8,1,22,0,3,11,5,5,11,4,0,4,5,8,1,4,1,5
2023-09,62,52,6,2,0,13,1,1,1,5,0,1,0,9,2,38,144,6,1,2,2,0,6,0,4,14,0,7,0,28,1,2,4,1,17,0,2,6,15,4,21,0,5,8,1,46,9,2,3,3,4,2,0,2,2,2
2023-10,62,50,0,1,0,13,8,1,1,15,0,1,1,6,1,28,106,2,3,1,4,1,2,0,4,9,1,7,0,25,1,1,2,3,21,0,0,1,3,2,7,3,7,8,3,1,6,1,0,0,3,3,0,0,0,1
2023-11,62,46,1,4,0,11,5,0,1,16,0,0,1,3,1,22,117,1,3,7,3,6,0,26,5,28,1,2,0,17,2,1,3,2,13,1,0,3,3,1,2,1,3,1,1,2,3,6,0,0,10,3,1,1,0,1
2023-12,62,64,3,2,1,4,2,5,0,7,1,1,0,2,1,16,156,1,0,6,0,6,3,0,6,38,3,2,3,21,1,0,5,1,10,0,3,5,5,2,14,1,3,3,3,2,7,2,1,4,3,0,1,2,0,0
2024-01,62,48,7,0,0,7,5,10,2,4,0,3,0,3,2,18,142,5,1,5,0,7,0,0,10,30,1,3,2,14,1,2,4,0,30,2,5,10,5,0,25,0,10,3,1,0,6,4,2,2,8,4,0,6,0,0
2024-02,62,67,4,6,0,12,5,2,2,9,0,0,0,6,0,17,186,3,0,0,2,0,4,0,3,85,0,3,1,21,0,3,5,0,22,1,2,3,3,1,32,1,14,5,1,1,6,2,1,0,6,0,0,0,0,0
2024-03,62,59,2,7,0,8,1,0,1,8,0,1,0,7,1,25,130,1,0,1,1,1,4,0,1,50,0,2,0,25,4,1,10,0,13,3,4,12,9,1,26,0,5,3,4,10,7,0,0,6,6,3,0,0,0,0
2024-04,62,50,4,9,3,11,4,2,0,5,3,0,0,5,2,48,114,0,0,1,0,1,3,0,3,46,0,4,2,46,2,5,3,0,17,0,3,5,11,0,15,0,2,8,3,11,7,1,0,4,466,2,0,4,1,2
2024-05,62,58,11,7,0,15,5,2,1,8,1,1,0,21,0,42,140,3,0,0,6,0,5,2,2,60,2,2,2,29,4,1,12,3,15,0,2,2,6,2,8,0,7,8,7,6,8,1,2,1,2,13,0,1,7,3
2024-06,62,40,4,2,2,15,2,0,6,5,0,0,0,3,4,29,112,4,0,3,1,1,2,0,6,32,2,3,2,52,4,0,3,3,29,0,1,5,6,1,16,1,2,10,9,8,7,3,0,1,2,2,0,3,2,1
2024-07,62,68,6,1,1,21,6,3,2,4,2,0,0,9,4,53,107,4,0,1,1,0,1,0,1,38,1,1,0,43,5,2,6,2,15,2,3,2,4,2,26,7,2,41,67,4,23,1,0,2,5,4,0,2,3,1
2024-08,62,68,6,5,0,15,2,1,3,4,1,0,0,6,1,44,126,4,0,0,3,0,5,3,3,17,0,10,0,44,5,3,3,1,16,3,3,3,11,0,30,1,8,12,16,3,11,12,2,2,9,8,0,2,2,4
2024-09,62,52,3,2,0,5,3,1,1,14,0,0,0,7,2,47,129,4,0,3,2,0,6,1,3,16,2,3,0,34,6,6,3,3,19,3,0,1,3,0,34,1,0,9,6,13,5,0,0,2,5,3,1,0,0,3
2024-10,62,51,5,3,1,9,4,1,1,4,0,0,0,4,5,33,126,0,0,1,1,1,6,0,1,17,0,8,1,29,1,2,1,3,6,0,2,5,9,2,29,5,10,10,5,8,7,2,0,0,2,0,0,0,1,3
2024-11,62,37,1,1,0,8,3,0,0,7,0,0,0,7,1,23,107,0,0,0,0,0,2,0,6,31,2,2,0,12,3,2,1,1,5,1,2,3,10,3,18,0,14,5,2,1,6,3,0,3,3,3,0,0,0,1
2024-12,62,60,3,4,0,8,1,1,1,14,0,0,0,5,1,23,149,3,2,5,0,5,2,1,6,8,3,2,0,23,2,1,0,0,6,0,0,3,6,3,33,2,6,3,5,1,3,2,1,4,5,8,0,0,0,0
2025-01,62,69,3,0,0,14,3,2,1,17,0,1,1,4,0,18,108,1,1,4,0,3,1,0,2,25,6,5,0,20,2,0,5,0,6,1,0,2,5,1,11,3,10,0,3,0,6,1,0,2,2,3,0,2,0,0
2025-02,62,60,3,6,0,10,4,0,1,4,0,2,0,5,2,27,110,4,0,3,0,0,4,0,5,54,2,0,0,17,1,2,2,0,27,0,3,1,4,0,25,3,8,1,1,0,1,2,0,0,3,0,0,1,0,0
2025-03,62,72,4,3,0,11,2,1,3,3,2,0,0,2,3,22,138,2,2,3,2,2,3,0,4,45,1,1,1,14,2,4,2,2,19,3,1,3,3,1,22,0,1,2,6,0,10,4,1,3,3,10,0,6,0,2
2025-04,62,59,4,1,1,13,7,0,1,5,2,0,1,4,5,31,83,6,2,2,2,0,4,0,4,43,1,3,0,25,2,1,8,4,13,2,2,5,9,3,18,4,10,2,1,3,9,6,0,2,4,13,0,2,0,0
2025-05,62,49,4,1,1,16,6,1,1,3,2,0,0,8,1,44,168,1,0,1,1,0,2,0,2,66,1,4,1,40,7,4,3,4,20,4,8,8,3,3,28,1,10,17,16,2,16,0,0,5,2,3,0,0,2,4
2025-06,62,34,5,2,0,6,4,3,2,4,1,0,0,17,6,37,125,2,1,11,4,1,3,3,0,39,4,1,0,47,2,6,3,4,13,2,2,4,4,1,12,0,1,7,6,2,13,0,0,0,5,10,0,2,5,2
2025-07,62,41,2,1,0,19,7,0,2,5,3,0,0,14,0,60,132,8,0,4,5,0,3,0,2,19,2,6,0,58,2,2,31,3,9,0,2,0,14,4,25,2,18,43,44,2,20,1,0,3,13,23,0,51,3,7
2025-08,62,28,7,3,5,19,6,3,0,9,2,0,0,9,4,58,151,9,1,1,2,0,3,0,2,20,1,3,0,59,3,2,39,4,4,0,0,0,6,3,39,5,17,15,13,3,11,3,1,1,18,17,0,529,7,4
2025-09,62,46,2,0,0,7,3,4,1,4,0,0,1,15,6,38,69,4,1,5,2,1,6,1,2,27,1,2,2,45,3,5,12,3,6,1,4,5,6,2,5,0,6,8,6,5,7,2,3,7,10,3,0,30,2,7
2025-10,62,49,3,1,1,14,5,3,0,4,0,0,0,20,2,38,103,1,0,6,1,0,4,0,2,16,0,4,3,19,2,3,8,1,5,0,2,5,5,0,31,1,14,4,11,1,4,4,2,3,4,1,0,1,0,1
2025-11,62,44,4,2,0,10,6,2,0,5,0,0,14,1,4,27,80,1,0,5,1,0,1,0,7,11,1,4,2,23,1,2,3,0,1,0,0,3,5,3,12,1,3,2,6,2,5,7,1,2,1,3,0,1,0,0
2025-12,62,48,7,1,0,6,3,2,0,6,0,0,3,2,0,10,63,2,2,2,1,3,0,2,4,24,0,2,3,6,1,1,1,0,3,2,1,6,7,0,6,5,14,1,0,0,1,0,0,2,4,1,0,3,0,0
2019-01,63,11,16,10,0,11,0,5,0,0,0,0,0,0,0,0,0,0,2,0,0,0,1,0,5,12,1,0,1,0,0,1,0,18,6,0,0,0,5,0,2,0,3,0,0,0,5,2,0,0,11,0,0,0,0,0
2019-02,63,27,12,17,0,16,5,1,3,8,0,0,0,0,2,39,6,0,3,0,4,0,2,0,0,64,2,1,4,2,3,6,5,5,23,0,0,0,2,0,29,0,3,2,0,1,12,6,0,0,14,3,0,3,0,0
2019-03,63,55,24,27,0,19,13,1,5,12,0,0,0,3,9,61,175,5,0,0,2,2,6,0,3,116,1,9,3,34,18,7,8,5,88,2,6,16,26,3,38,6,16,1,4,2,13,11,4,7,12,6,0,7,0,0
2019-04,63,67,14,30,2,11,26,2,3,7,1,1,0,4,11,60,149,1,2,0,2,0,6,1,3,81,5,6,1,32,13,14,16,7,38,1,5,7,20,3,79,3,28,7,7,2,13,49,1,4,9,7,0,8,0,1
2019-05,63,52,11,22,4,19,18,6,3,10,1,0,1,10,1,59,231,1,0,2,2,1,3,0,3,64,3,11,0,45,8,5,22,5,21,0,3,7,23,2,33,2,5,7,7,4,13,21,0,9,4,10,0,5,11,2
2019-06,63,38,15,27,0,23,25,2,4,6,0,2,0,12,3,69,261,6,3,6,10,1,5,12,2,73,7,4,5,65,14,6,10,2,49,3,12,6,25,0,43,1,12,13,12,0,18,38,3,3,4,9,0,2,8,1
2019-07,63,40,23,27,1,24,24,2,2,18,2,0,0,21,11,104,287,32,2,8,5,6,2,153,10,68,4,11,3,68,17,8,9,6,16,0,3,0,21,1,65,2,12,11,11,5,12,20,1,5,30,12,1,1,25,4
2019-08,63,80,19,35,0,20,18,4,1,11,0,2,0,35,16,94,288,2,1,1,14,0,4,40,1,70,7,12,3,63,7,13,8,3,32,0,1,1,22,3,83,4,11,25,10,0,26,70,3,3,59,5,0,4,4,3
2019-09,63,60,17,29,0,12,15,0,4,10,0,1,0,27,7,72,284,4,2,0,16,5,7,18,7,65,6,14,6,52,11,4,5,9,18,0,0,1,29,3,83,6,7,18,6,0,15,24,3,12,16,3,3,3,5,0
2019-10,63,24,29,48,4,9,14,1,5,8,2,0,0,20,7,49,312,5,1,2,5,0,4,0,6,56,5,7,0,32,8,11,13,7,37,1,0,8,29,4,113,5,9,7,10,0,13,35,0,10,9,6,1,6,25,4
2019-11,63,22,25,13,0,7,9,1,1,7,0,1,1,16,7,45,281,2,0,7,1,1,3,0,10,33,6,9,1,21,5,3,10,0,29,1,5,4,11,1,65,7,9,3,3,1,5,4,1,7,2,0,0,3,8,0
2019-12,63,48,17,27,0,15,8,1,1,4,1,1,0,9,5,37,282,3,0,1,4,4,5,0,16,36,5,2,4,16,3,2,5,0,38,2,4,14,22,1,59,6,8,7,0,3,2,6,0,6,3,1,0,3,0,1
2020-01,63,83,32,14,6,22,25,4,0,3,0,0,1,5,5,45,387,3,1,6,14,1,2,1,10,45,1,7,1,33,7,4,10,4,11,6,5,13,20,1,54,1,10,2,4,0,11,9,2,10,5,2,0,7,0,0
2020-02,63,56,11,5,0,14,21,4,3,6,2,2,1,14,4,47,303,3,2,3,3,1,8,0,7,36,6,1,0,24,9,2,7,4,35,1,2,0,23,0,84,1,5,4,0,0,7,5,2,5,3,0,1,1,0,0
2020-03,63,30,17,9,1,19,12,4,6,2,0,3,0,12,8,67,414,7,0,2,8,1,7,0,10,102,2,4,1,28,11,6,4,1,31,1,3,12,23,2,62,2,5,7,5,0,13,18,1,7,6,2,0,5,0,0
2020-04,63,11,13,31,3,21,10,2,30,6,0,0,0,13,7,63,353,7,2,2,2,4,1,0,2,62,6,4,5,28,7,8,11,1,35,0,1,8,14,0,71,1,3,5,1,1,21,102,0,2,3,5,0,3,0,0
2020-05,63,14,11,19,12,20,9,5,16,4,1,3,0,12,12,80,333,8,0,2,2,1,4,58,5,93,5,13,3,44,10,4,27,6,42,3,4,9,14,4,108,3,10,14,5,1,12,20,1,3,2,15,0,21,14,1
2020-06,63,38,17,17,4,28,5,6,14,1,0,1,2,11,3,108,346,5,2,7,1,0,4,80,5,38,18,5,2,49,11,3,14,7,44,5,5,12,19,12,75,2,25,41,44,1,21,49,0,6,2,4,0,3,4,3
2020-07,63,58,16,6,3,28,17,5,11,7,2,2,0,14,14,115,352,1,2,14,9,0,9,55,2,34,8,4,2,74,12,6,7,7,34,2,5,6,11,8,94,2,16,55,42,0,21,70,1,4,2,4,0,0,39,3
2020-08,63,80,11,14,0,32,27,4,16,4,0,1,1,12,6,102,385,2,2,5,2,1,4,44,9,14,6,7,1,69,16,2,5,8,29,6,11,17,9,2,72,1,6,167,69,2,44,51,4,6,3,2,0,2,12,6
2020-09,63,72,22,6,1,25,24,2,15,6,0,3,0,14,3,82,381,3,1,2,7,0,2,1,8,13,8,8,0,87,8,8,4,6,28,2,7,9,11,3,37,3,12,15,7,1,16,26,1,4,2,3,0,2,5,2
2020-10,63,62,20,8,2,24,32,1,12,8,2,1,0,30,6,61,192,3,2,0,8,2,3,2,11,17,1,5,2,59,10,4,2,4,22,0,3,4,16,7,54,1,6,15,7,1,14,15,1,6,1,2,2,5,1,0
2020-11,63,57,9,4,0,19,22,2,16,10,1,2,0,13,6,67,298,3,3,8,2,1,3,2,2,67,5,10,0,32,7,4,2,1,17,2,2,7,16,5,40,7,3,10,6,3,11,13,3,13,2,0,0,1,0,4
2020-12,63,55,13,2,1,29,18,4,10,7,0,6,0,14,5,58,312,1,0,12,2,2,8,1,8,42,10,5,3,53,5,5,5,2,40,1,3,4,26,2,17,2,8,2,5,0,5,6,2,11,2,0,0,2,0,1
2021-01,63,51,16,34,0,24,6,0,4,7,1,4,0,10,5,65,276,3,1,5,3,0,5,0,9,50,8,4,1,48,60,2,4,3,14,1,5,8,14,0,8,0,9,2,0,1,4,8,1,4,1,2,0,2,0,0
2021-02,63,54,5,2,1,17,17,8,2,7,0,2,2,1,5,40,137,1,2,41,0,4,2,0,5,37,2,4,4,10,16,0,3,1,6,1,2,3,7,1,48,2,10,0,2,0,6,1,1,2,4,2,0,5,0,0
2021-03,63,90,26,23,3,25,9,6,10,7,1,2,0,19,13,88,266,3,3,7,2,5,10,0,4,85,15,2,3,83,12,8,4,5,23,0,4,7,6,9,66,6,5,5,7,4,6,16,1,6,4,1,0,1,0,1
2021-04,63,61,23,11,0,29,13,1,5,15,0,0,2,16,6,61,297,8,2,3,4,6,9,1,5,18,3,1,3,44,12,6,7,6,26,0,0,6,13,7,24,4,2,14,4,1,32,7,0,2,3,1,0,4,0,1
2021-05,63,45,7,10,1,24,17,5,4,9,6,1,0,20,5,57,278,3,3,0,8,1,4,1,3,22,9,5,0,41,9,1,5,4,28,0,2,2,11,3,39,2,8,14,14,3,14,24,0,8,1,2,0,6,1,2
2021-06,63,86,10,18,3,31,23,8,2,8,2,1,0,11,6,107,280,11,1,16,2,1,7,73,6,27,22,7,2,71,8,13,19,9,26,2,1,6,15,5,78,1,17,81,99,2,37,57,2,4,2,8,0,5,20,1
2021-07,63,60,5,20,1,17,18,2,10,16,1,0,0,13,12,95,270,5,2,9,2,5,4,17,9,68,8,12,0,91,20,7,6,12,31,0,1,5,14,9,48,3,16,25,31,5,27,47,1,9,38,5,0,0,11,1
2021-08,63,59,9,45,0,28,19,3,7,17,1,2,0,26,10,88,285,4,4,5,3,0,9,0,4,41,3,8,1,108,14,13,4,9,16,1,4,7,9,2,120,3,22,39,68,1,29,44,1,2,8,3,0,1,12,6
2021-09,63,41,8,8,0,17,12,10,9,3,5,1,0,22,5,65,247,2,3,1,6,1,8,1,9,36,5,5,2,99,23,6,4,6,22,0,2,3,12,5,51,4,13,18,25,0,17,21,1,7,9,0,0,0,6,4
2021-10,63,60,6,16,0,25,24,7,7,7,2,0,0,23,9,85,180,3,0,2,4,2,6,3,2,24,8,10,4,65,7,11,4,4,37,0,0,3,12,5,69,11,8,30,31,3,14,65,3,8,6,1,1,1,0,1
2021-11,63,66,5,8,0,18,17,3,3,9,1,0,0,16,3,60,206,5,3,10,2,3,2,0,9,17,5,5,3,34,12,1,6,2,44,0,2,1,12,4,54,1,18,12,2,1,13,15,0,5,1,0,2,3,0,0
2021-12,63,73,3,26,1,22,8,3,7,7,0,2,0,8,8,46,177,2,0,10,1,5,7,1,11,48,4,4,3,62,9,8,9,2,53,1,2,7,24,5,44,4,10,19,12,0,11,10,0,15,1,2,1,5,0,1
2022-01,63,74,9,0,0,14,25,8,9,15,0,0,1,7,7,39,312,4,0,5,2,7,7,3,18,27,4,6,1,45,13,1,6,3,40,1,3,8,8,1,27,4,7,9,1,0,5,0,1,2,0,2,1,5,0,0
2022-02,63,115,4,7,2,16,15,4,10,25,0,0,0,7,8,33,183,4,2,3,2,6,4,1,15,200,8,9,1,23,9,8,13,2,45,0,2,3,10,2,69,3,28,7,0,1,5,0,1,9,6,14,0,14,0,0
2022-03,63,149,14,19,3,14,26,6,5,1,0,2,0,16,7,59,262,8,0,3,2,5,14,1,6,131,2,2,1,43,14,4,12,9,81,0,5,8,16,7,58,5,26,4,4,4,10,1,3,13,3,6,0,5,0,2
2022-04,63,95,14,45,2,27,49,4,6,8,2,0,0,15,12,50,211,6,2,8,7,1,3,0,2,153,8,8,0,35,5,1,5,10,9,1,9,3,16,6,6,7,4,11,6,5,12,13,2,2,4,3,0,3,2,2
2022-05,63,66,15,39,0,20,26,1,3,6,9,0,0,29,16,53,338,1,5,4,7,3,13,1,1,113,3,8,1,50,18,4,11,10,26,3,13,20,23,10,19,4,14,23,10,7,17,33,2,9,7,9,0,4,5,3
2022-06,63,71,14,28,2,16,33,2,3,4,5,0,0,14,9,74,231,6,1,13,2,5,7,68,5,98,1,9,1,43,15,9,7,7,9,1,3,3,23,8,87,1,23,58,68,18,24,51,4,8,3,4,0,0,13,1
2022-07,63,123,11,25,1,27,29,2,8,6,2,1,0,9,11,62,249,3,3,6,7,2,10,11,4,319,1,7,2,44,19,11,3,9,9,1,13,12,16,8,51,13,28,26,27,6,25,47,2,18,4,11,1,3,14,4
2022-08,63,71,8,14,0,24,28,3,4,19,2,0,0,18,15,72,325,3,5,1,5,6,9,11,2,38,3,9,0,50,19,4,4,7,34,2,14,12,16,4,88,4,18,28,7,5,17,33,1,7,2,3,0,1,3,1
2022-09,63,82,6,16,1,14,19,1,5,7,0,1,0,19,8,64,221,10,1,3,6,2,11,4,5,31,7,22,2,49,10,5,4,9,25,2,7,4,14,3,83,1,4,16,5,5,31,23,2,9,8,1,0,2,2,3
2022-10,63,95,6,11,2,21,22,2,0,13,1,0,0,14,17,57,206,7,2,4,2,6,3,1,1,22,1,11,7,60,8,3,9,4,38,5,2,10,13,3,71,4,12,13,7,1,15,31,2,10,1,1,0,1,1,1
2022-11,63,82,4,4,0,15,16,0,5,7,0,0,0,10,9,42,235,3,1,4,0,2,3,0,7,12,12,9,0,35,10,3,9,1,18,3,10,10,14,8,55,2,20,22,15,1,13,14,0,3,6,0,2,2,0,3
2022-12,63,82,3,9,1,17,18,5,2,9,1,1,0,8,2,45,205,9,5,4,4,12,5,1,10,26,3,4,1,20,12,6,7,1,27,1,6,14,16,4,16,1,3,6,1,3,6,4,1,2,2,3,0,6,0,0
2023-01,63,89,7,33,0,24,15,7,1,13,2,2,0,17,5,36,212,4,3,7,6,4,4,0,4,366,2,7,4,20,12,7,4,3,26,0,3,5,13,3,48,2,13,2,2,1,3,1,2,6,3,5,0,7,0,0
2023-02,63,79,9,23,1,11,23,10,3,8,1,1,1,12,6,32,268,2,1,3,1,5,5,0,2,58,2,4,1,24,10,2,10,9,22,0,3,5,7,3,104,4,3,9,8,2,13,34,1,2,5,10,0,4,0,1
2023-03,63,89,9,22,1,18,28,10,2,2,2,0,1,8,6,35,253,4,1,5,6,1,3,0,10,96,1,2,3,26,7,3,6,10,18,3,4,8,12,7,57,3,9,5,7,4,18,4,1,7,12,5,0,3,0,1
2023-04,63,57,15,17,2,16,33,5,8,9,2,1,0,9,10,38,414,8,0,4,4,1,8,0,2,30,1,4,3,30,4,1,10,7,22,2,3,10,6,6,22,2,9,15,10,2,15,5,1,4,3,3,0,7,0,2
2023-05,63,111,12,13,2,13,32,3,6,18,1,2,0,24,5,47,339,10,1,5,2,1,5,26,1,34,3,5,0,32,8,1,15,8,15,1,7,7,12,6,22,3,24,11,14,4,12,7,1,0,6,3,0,1,3,1
2023-06,63,79,10,9,0,25,25,5,3,9,1,2,0,17,5,58,279,8,0,10,0,2,8,94,0,33,4,20,3,31,13,6,8,5,19,0,3,5,13,5,53,7,14,11,17,15,22,2,2,12,8,3,0,3,1,6
2023-07,63,68,11,16,0,20,41,8,11,15,3,2,0,12,7,85,357,3,5,4,8,3,5,206,9,26,2,3,1,39,16,3,9,9,15,1,5,8,12,7,62,1,14,37,35,17,26,3,3,7,8,26,0,23,6,2
2023-08,63,138,12,10,0,41,45,4,31,6,2,1,0,18,9,100,381,6,2,6,4,4,7,62,9,30,9,8,1,38,14,9,10,5,22,1,9,10,16,4,60,1,17,23,22,18,28,8,5,4,3,6,0,8,1,3
2023-09,63,63,11,12,1,17,51,10,24,12,2,3,0,21,15,61,431,9,2,2,8,5,10,27,5,35,5,11,1,45,14,2,10,9,17,4,7,4,17,3,28,5,42,39,5,71,21,26,1,13,2,11,0,5,1,2
2023-10,63,74,8,16,2,28,45,3,7,15,2,0,0,24,8,67,290,5,0,2,4,2,4,1,3,47,5,7,0,25,6,7,9,3,18,0,4,9,24,10,63,9,23,10,6,26,39,78,2,5,2,11,0,3,0,1
2023-11,63,92,11,21,2,22,65,4,15,16,0,4,2,26,5,82,409,6,0,19,9,1,8,0,15,15,4,7,1,27,12,1,5,5,30,1,9,11,39,7,18,2,9,3,3,3,27,87,3,13,4,3,1,2,0,3
2023-12,63,108,4,5,1,21,40,6,10,9,0,0,1,10,7,32,261,2,1,2,3,0,5,1,5,40,1,3,0,28,11,4,6,4,16,0,2,11,20,3,35,6,20,1,3,1,15,104,2,5,3,7,0,2,0,2
2024-01,63,98,5,10,1,26,31,10,6,8,4,1,0,7,1,46,235,3,1,7,5,11,7,1,16,81,4,5,1,18,12,2,10,7,14,0,2,3,17,5,42,20,37,8,10,2,14,94,4,0,6,10,1,6,0,0
2024-02,63,106,5,15,1,16,41,7,16,9,1,4,1,25,3,47,267,3,1,2,6,1,7,0,8,70,6,3,0,93,12,2,8,8,33,1,5,11,17,5,35,2,11,10,8,4,20,120,6,6,2,3,0,8,0,1
2024-03,63,82,9,23,0,19,64,8,23,3,2,3,1,16,5,50,338,7,3,2,6,0,8,0,8,95,9,9,0,23,8,6,12,11,38,2,11,10,28,10,31,3,17,6,7,2,17,84,2,4,6,8,1,5,0,0
2024-04,63,116,8,38,4,23,53,3,10,5,4,4,0,21,4,65,368,14,0,6,8,4,7,7,3,47,2,8,0,29,9,6,14,9,45,0,4,11,23,4,78,7,18,8,31,7,28,165,2,8,5,9,0,12,0,0
2024-05,63,102,17,14,3,37,59,3,13,7,2,0,0,18,3,80,357,9,1,3,3,0,8,12,6,95,4,17,3,104,8,5,12,9,40,0,3,8,24,3,103,8,19,37,33,14,34,125,2,6,3,16,0,5,12,1
2024-06,63,113,9,18,1,28,36,6,8,12,3,2,0,12,9,58,320,11,2,10,3,1,8,49,7,51,3,15,0,124,14,7,6,6,23,0,7,13,16,4,48,0,11,47,27,13,30,159,4,8,3,8,0,4,0,3
2024-07,63,123,12,27,2,52,68,4,14,12,4,0,1,20,8,104,303,10,2,18,6,5,6,5,2,56,1,12,2,44,23,6,206,6,22,1,8,4,31,9,63,14,6,124,136,10,47,144,3,5,1,11,1,8,4,4
2024-08,63,108,5,17,0,24,34,4,4,5,4,1,0,22,9,69,311,7,1,9,5,2,5,78,6,28,3,4,4,36,15,5,9,9,27,1,4,5,9,5,23,10,23,32,26,3,28,214,1,5,12,7,2,5,4,7
2024-09,63,105,11,8,3,30,46,5,15,11,8,0,1,25,11,66,375,12,1,4,9,4,6,1,6,25,2,11,1,87,7,7,15,4,26,0,4,9,21,2,46,5,30,14,19,6,13,78,2,5,4,8,0,9,2,2
2024-10,63,79,6,13,3,20,43,4,11,7,2,4,1,17,5,64,353,9,0,6,8,1,4,0,4,33,1,4,2,71,10,5,7,23,13,1,11,14,13,4,55,4,34,15,22,4,15,123,3,8,8,3,0,1,0,0
2024-11,63,73,7,11,0,21,34,4,3,6,0,0,0,12,6,41,326,3,1,3,5,1,4,1,9,16,4,7,0,42,2,0,2,2,12,3,2,4,14,2,38,2,11,10,14,3,10,57,0,0,22,1,1,5,0,0
2024-12,63,57,3,2,1,18,17,3,2,15,2,0,0,9,10,41,427,3,0,7,3,2,0,2,11,8,4,5,0,79,8,0,2,1,18,5,8,8,14,3,52,1,15,2,6,7,11,8,0,2,7,3,0,2,0,1
2025-01,63,103,7,5,1,29,17,7,1,46,0,2,0,9,5,53,289,3,0,10,1,12,2,7,19,27,9,10,0,38,3,2,2,4,10,1,5,6,12,0,25,1,8,4,0,7,2,1,1,3,1,15,0,4,0,1
2025-02,63,158,5,9,2,22,20,4,4,13,0,0,0,13,1,39,383,8,0,4,5,3,1,0,1,45,5,6,0,20,3,2,1,3,27,2,16,7,13,0,29,3,9,8,1,13,4,10,0,6,6,1,0,5,0,0
2025-03,63,76,12,13,3,26,22,5,5,10,2,0,1,27,13,48,294,8,2,6,3,0,11,1,3,83,2,6,8,67,6,6,2,4,30,2,7,8,25,5,33,6,15,3,9,8,8,6,3,9,13,9,0,8,0,1
2025-04,63,80,12,32,10,45,43,8,3,11,3,2,0,25,11,58,280,2,0,3,2,4,5,0,2,137,2,19,2,43,14,4,28,41,14,4,0,11,23,15,70,6,10,5,8,12,18,6,3,9,11,24,1,8,0,2
2025-05,63,109,12,20,2,37,36,5,9,6,7,0,1,26,13,59,259,8,2,9,3,5,11,3,3,84,3,9,5,36,18,7,4,6,19,2,6,8,17,6,52,6,4,27,27,11,27,0,1,4,0,6,3,1,2,3
2025-06,63,78,9,16,1,31,33,1,7,7,1,0,1,12,9,72,194,12,3,15,1,1,5,81,5,32,6,10,1,26,21,7,17,4,7,1,5,7,24,5,56,4,8,21,27,16,19,9,13,5,7,16,0,6,3,2
2025-07,63,83,6,15,9,39,33,8,8,6,5,2,0,23,30,114,177,22,2,17,7,1,9,65,4,50,19,15,1,127,24,5,52,2,5,1,6,7,21,13,44,4,24,64,57,9,31,3,0,9,16,63,0,474,15,7
2025-08,63,106,8,15,4,42,36,13,9,21,2,1,0,17,18,105,189,21,1,15,3,6,12,35,13,31,19,10,6,39,12,0,51,6,11,0,5,3,10,8,26,2,7,36,72,9,43,6,3,10,20,48,0,1753,5,8
2025-09,63,106,7,12,1,28,43,6,4,15,4,0,0,18,9,66,153,15,2,8,2,1,8,9,7,14,2,14,4,26,24,10,16,5,17,0,4,5,36,2,24,3,21,9,14,4,16,10,4,14,13,4,1,82,7,2
2025-10,63,101,3,9,3,44,34,1,7,4,0,1,6,8,8,60,268,11,3,5,4,3,6,0,3,18,1,7,5,29,11,3,10,4,13,1,2,2,17,3,63,6,72,10,11,0,6,4,2,8,2,5,0,5,1,2
2025-11,63,60,16,7,1,19,20,2,5,12,1,2,6,17,6,45,200,4,0,9,0,0,1,1,4,12,3,6,2,14,4,0,5,0,13,0,2,4,11,7,31,2,18,7,12,2,11,3,1,4,4,4,3,3,0,4
2025-12,63,95,7,6,1,24,21,2,3,19,2,1,1,15,6,37,130,2,3,5,4,4,5,8,9,70,6,6,2,16,5,1,6,2,9,0,1,1,22,4,23,4,7,6,4,0,3,2,0,6,6,4,0,8,0,1
2019-01,64,6,50,0,0,11,1,1,0,2,0,0,0,0,0,0,0,0,3,0,1,0,0,0,2,8,0,0,2,0,0,3,7,54,1,0,0,0,0,0,9,0,3,0,0,2,19,0,0,0,81,1,1,0,0,0
2019-02,64,23,48,1,1,8,1,3,0,2,0,1,0,0,1,19,0,1,0,0,1,0,3,0,2,37,0,0,3,6,2,7,10,8,5,0,0,0,0,0,69,0,3,0,0,2,7,4,1,0,83,0,4,2,0,0
2019-03,64,34,69,5,1,16,8,0,0,21,0,0,0,11,0,59,18,4,0,3,0,4,1,0,2,189,2,2,1,74,3,18,7,87,17,1,0,0,5,1,101,5,15,2,2,3,9,5,3,0,55,5,2,4,0,0
2019-04,64,24,108,2,3,13,5,2,0,2,0,0,0,8,2,42,8,3,1,3,1,2,5,0,2,82,0,4,0,95,9,18,12,15,17,2,12,10,4,3,94,4,20,0,2,6,13,8,1,3,26,4,0,2,0,0
2019-05,64,35,79,8,6,11,9,0,1,7,1,0,0,1,1,56,3,6,1,1,3,0,7,1,2,96,3,4,0,112,7,22,38,5,13,2,1,3,10,2,100,0,4,7,8,3,40,20,0,5,12,18,1,6,0,3
2019-06,64,25,71,6,3,9,12,1,3,4,2,1,0,6,4,49,5,5,1,1,5,0,4,0,3,71,1,8,0,169,11,24,14,6,19,0,5,5,9,0,118,3,17,5,11,12,11,20,0,5,10,2,0,0,36,8
2019-07,64,39,81,4,3,15,8,0,0,5,1,0,0,18,2,80,30,5,4,4,4,5,3,14,1,74,1,3,1,333,14,32,15,8,18,1,2,1,6,0,125,4,44,14,12,8,13,40,1,3,153,9,3,6,16,3
2019-08,64,41,84,14,2,20,15,2,2,4,0,2,0,10,3,115,22,4,7,1,2,8,3,18,4,114,2,8,2,379,7,27,22,5,9,1,0,5,6,2,100,1,11,11,9,17,40,43,1,0,189,2,1,0,6,5
2019-09,64,32,83,9,2,24,10,21,0,9,0,1,0,14,1,102,39,2,2,4,7,1,5,7,6,61,1,2,0,224,4,23,25,9,26,0,1,3,2,1,129,14,6,21,6,35,37,48,3,2,45,10,0,2,15,2
2019-10,64,59,53,6,3,14,21,8,0,7,0,1,1,14,0,76,17,5,3,3,0,3,5,0,5,25,1,1,2,171,6,10,18,13,18,0,0,7,4,0,152,9,16,18,11,8,18,26,4,2,49,3,0,3,0,6
2019-11,64,33,36,2,0,5,3,9,0,9,0,1,0,7,4,16,10,2,0,2,3,4,3,3,2,20,1,1,0,74,9,5,10,3,29,1,2,1,5,1,80,1,16,5,1,1,8,9,1,1,19,2,0,1,4,2
2019-12,64,56,51,9,2,13,3,0,1,16,0,0,0,14,0,25,20,3,0,3,0,9,1,2,6,131,3,5,1,90,5,10,13,0,8,0,4,5,2,2,72,4,15,5,0,3,14,16,0,4,9,1,0,1,0,5
2020-01,64,97,34,1,0,12,6,1,0,9,1,0,4,5,1,31,9,1,0,0,2,1,8,0,4,56,4,2,3,86,5,10,17,3,17,0,0,0,5,2,44,1,11,2,5,0,2,2,0,2,10,8,1,0,0,0
2020-02,64,61,49,6,0,5,5,0,1,5,0,1,1,4,2,22,19,0,4,0,1,1,1,0,6,30,2,0,0,110,1,1,10,0,20,0,2,2,2,1,61,9,21,0,0,2,8,2,0,0,4,0,0,3,0,0
2020-03,64,51,39,1,0,14,4,0,1,14,0,1,0,6,0,28,38,1,2,2,2,2,2,0,2,36,0,4,0,86,1,8,9,3,13,0,0,0,7,0,55,7,10,2,0,6,8,5,2,3,7,0,0,1,0,1
2020-04,64,21,49,2,1,17,5,4,12,2,0,0,0,8,1,27,22,2,0,0,2,0,1,0,3,78,5,2,1,135,1,17,19,5,7,2,6,6,3,3,90,1,6,5,3,4,12,71,1,1,2,4,0,6,0,3
2020-05,64,38,45,2,5,12,12,0,5,7,1,0,0,6,6,35,37,6,0,2,3,0,2,0,1,41,0,4,3,195,3,18,32,12,19,0,6,8,3,1,78,4,12,10,1,7,19,47,9,6,7,25,1,13,19,6
2020-06,64,46,52,7,2,9,10,0,1,3,0,0,0,7,4,43,4,4,4,3,3,1,4,1,2,53,3,3,0,179,7,10,23,8,75,0,4,6,5,5,93,3,13,50,62,8,15,54,1,1,3,5,0,0,3,5
2020-07,64,57,52,1,2,15,5,2,3,10,1,1,0,9,5,51,21,5,4,6,3,0,2,26,1,81,3,4,0,222,2,7,12,8,33,0,9,15,5,3,75,3,8,22,14,8,18,39,2,0,6,0,2,1,0,9
2020-08,64,53,28,7,0,7,6,1,7,6,2,0,0,10,0,47,5,4,6,2,5,2,7,13,4,67,1,4,0,238,7,8,9,8,16,0,6,4,4,1,85,7,7,67,94,11,16,48,0,4,1,3,1,1,5,4
2020-09,64,41,22,6,4,13,12,0,3,8,0,0,0,11,1,48,12,2,5,1,3,1,6,1,1,64,0,4,1,182,7,10,5,7,17,1,3,6,5,3,59,1,31,12,2,1,19,25,1,0,5,0,0,1,0,5
2020-10,64,35,34,2,3,3,14,1,2,19,0,0,1,11,3,24,12,5,3,2,2,2,3,1,2,9,2,11,3,142,4,10,6,4,11,0,0,0,7,0,76,11,16,11,2,2,7,11,0,0,2,1,2,0,0,2
2020-11,64,41,37,1,0,15,4,1,7,8,0,0,0,11,0,18,23,7,3,2,1,1,1,1,0,8,0,1,0,111,8,11,2,1,14,0,0,3,3,5,48,5,8,6,1,0,8,8,0,0,1,3,1,1,0,7
2020-12,64,40,31,2,2,19,6,0,4,11,0,0,0,3,4,66,28,4,1,3,7,4,6,1,6,73,1,1,0,144,5,10,4,1,10,0,0,3,4,0,24,4,52,2,0,1,2,0,0,2,1,2,0,1,0,1
2021-01,64,43,27,6,1,11,6,1,4,8,0,0,8,6,0,21,27,1,3,1,3,1,2,1,3,41,4,1,1,89,5,12,1,6,4,1,0,3,2,0,23,7,12,1,3,1,8,2,0,0,3,0,1,2,0,0
2021-02,64,59,17,0,4,7,14,0,0,8,0,1,0,2,2,14,44,3,1,21,1,6,5,1,4,37,5,0,1,43,11,7,5,1,23,2,0,3,4,2,67,7,11,0,0,1,4,20,0,1,2,2,0,0,0,0
2021-03,64,77,45,2,3,11,13,0,0,10,1,0,0,18,4,27,37,3,8,6,6,2,8,1,0,50,6,1,1,178,4,7,5,5,7,1,2,3,2,5,111,2,5,12,1,2,6,16,1,0,11,1,1,1,0,2
2021-04,64,40,45,1,5,12,15,1,6,7,0,0,1,10,3,42,26,8,2,4,4,4,2,0,1,45,4,3,0,169,5,9,2,5,23,2,0,2,4,1,91,6,3,8,4,5,19,10,1,3,3,5,1,1,0,3
2021-05,64,46,17,4,12,6,9,1,1,7,1,0,0,8,1,38,19,5,1,5,0,0,2,3,0,42,2,4,2,174,9,7,4,8,20,1,4,4,9,4,107,4,11,7,2,8,25,28,4,1,3,8,0,6,4,5
2021-06,64,59,21,9,6,12,14,5,0,28,0,0,0,13,2,30,24,8,6,7,3,10,4,3,4,72,10,5,1,266,5,18,17,7,14,0,1,0,2,4,64,4,12,11,11,5,13,29,0,3,3,11,1,6,3,2
2021-07,64,38,21,6,3,19,13,1,0,22,1,0,0,10,2,80,4,12,1,5,2,3,2,4,0,48,4,3,1,385,10,4,21,8,59,0,0,2,2,1,50,7,10,14,7,12,21,28,1,4,82,8,0,3,2,6
2021-08,64,51,18,2,2,16,9,6,0,12,1,1,0,12,2,53,9,11,2,4,1,6,2,1,1,23,3,2,0,289,7,15,15,3,16,0,1,4,3,3,76,2,14,14,12,3,15,30,0,2,15,4,3,0,10,2
2021-09,64,74,9,1,0,13,9,0,1,18,0,1,0,11,3,64,5,7,2,3,2,2,4,5,2,19,3,2,1,221,5,17,6,17,30,0,0,2,5,4,57,4,12,9,2,4,15,18,1,1,7,3,1,1,3,6
2021-10,64,51,16,3,4,14,8,4,1,7,1,0,0,9,0,65,16,4,0,3,4,2,3,0,2,16,3,3,4,250,3,8,14,2,6,0,0,0,7,1,40,1,12,11,9,0,16,13,0,2,3,5,1,3,0,2
2021-11,64,34,21,3,0,14,8,4,1,15,0,0,0,9,2,48,18,1,3,2,1,2,3,1,1,27,1,1,2,134,3,1,8,3,12,0,0,3,6,4,48,2,16,6,2,4,14,11,2,1,1,2,1,0,0,2
2021-12,64,40,6,2,1,19,9,2,3,12,0,0,0,6,2,47,13,3,5,1,1,3,1,0,5,10,0,3,3,155,5,6,7,1,20,0,0,3,2,1,81,8,39,6,10,3,11,5,0,3,1,3,2,1,0,2
2022-01,64,60,7,0,0,14,3,1,5,42,0,1,0,3,1,26,19,0,5,3,2,12,3,1,3,19,5,3,1,77,0,0,1,4,19,0,0,2,2,2,28,3,20,2,2,3,5,1,0,0,5,2,0,4,0,0
2022-02,64,54,4,2,3,13,8,3,1,17,0,0,0,4,1,27,9,3,2,3,1,10,2,0,2,96,2,2,0,63,5,4,15,3,8,0,0,4,0,0,85,5,9,1,0,1,6,2,1,1,2,11,0,5,0,0
2022-03,64,63,5,11,1,14,6,2,0,5,0,0,2,5,3,54,20,10,2,0,0,0,4,1,0,133,0,3,0,161,3,17,9,7,19,0,4,6,4,4,61,4,6,3,1,4,4,2,2,4,6,4,0,1,0,0
2022-04,64,43,8,6,1,9,6,1,0,3,1,2,0,1,1,42,25,8,1,4,4,0,7,0,2,78,2,1,1,141,5,12,9,15,2,0,4,5,6,2,55,0,14,10,5,5,23,13,0,0,4,0,0,1,0,2
2022-05,64,37,8,6,4,14,11,0,3,8,1,1,0,2,2,63,9,3,1,5,3,1,14,23,5,23,0,2,0,150,8,11,15,7,7,0,0,7,3,0,73,8,56,10,8,10,9,26,2,3,2,4,1,1,5,10
2022-06,64,35,5,5,2,18,13,0,6,8,3,1,4,8,3,52,28,14,7,2,1,5,6,1,0,37,0,0,0,151,7,9,12,11,9,0,3,2,9,2,36,3,28,20,18,11,14,28,2,6,6,1,0,3,6,3
2022-07,64,33,4,9,3,15,11,1,5,11,1,1,1,8,5,53,12,9,3,11,4,0,5,5,4,35,1,6,0,179,8,6,13,6,2,0,2,6,4,2,53,3,16,22,13,9,16,33,1,0,6,8,1,0,4,3
2022-08,64,49,6,8,1,14,13,2,2,18,0,0,0,9,0,58,23,8,4,4,2,2,7,2,0,36,1,8,1,172,9,6,7,4,6,0,4,5,2,2,34,11,19,4,6,12,25,25,0,1,5,0,0,2,4,3
2022-09,64,69,7,8,4,28,9,0,1,16,0,0,3,17,3,79,20,10,2,5,4,1,6,7,5,48,2,6,1,207,7,10,6,6,14,0,5,6,2,1,33,1,25,6,1,10,17,27,1,1,5,5,2,1,3,5
2022-10,64,30,7,7,1,15,4,0,0,14,0,0,1,7,4,55,41,19,1,5,3,0,3,1,1,30,1,6,1,177,8,7,7,15,13,0,8,12,7,0,53,3,6,38,4,33,11,27,0,1,2,3,0,0,0,2
2022-11,64,52,9,12,0,13,5,1,2,11,1,0,0,6,2,53,20,6,3,4,2,0,6,2,3,15,5,1,1,106,2,3,8,1,6,0,4,4,2,2,26,2,8,17,9,1,3,7,0,4,5,4,0,1,0,5
2022-12,64,61,3,2,7,11,1,3,0,23,0,0,1,6,0,44,20,2,1,2,1,3,0,0,1,19,0,0,0,103,2,3,2,3,2,1,2,1,1,1,44,1,7,3,1,18,2,0,0,0,2,10,0,4,0,1
2023-01,64,39,7,6,8,8,6,1,0,33,0,0,3,5,1,32,23,8,1,1,5,2,2,0,2,118,2,1,1,128,2,10,11,4,4,0,0,2,2,0,15,4,30,9,0,4,8,0,1,2,10,6,0,4,0,0
2023-02,64,59,20,7,5,16,3,0,2,21,0,0,1,1,2,36,16,6,0,1,1,0,3,1,2,53,2,2,3,158,4,11,15,3,8,0,5,6,6,0,28,0,14,6,2,1,11,7,0,1,5,11,0,4,0,0
2023-03,64,80,20,7,3,10,8,1,0,6,4,0,0,5,3,33,13,3,1,1,2,0,6,0,1,112,0,1,0,132,4,6,8,0,9,1,0,3,6,2,27,7,14,10,1,6,8,1,0,2,6,1,0,2,0,0
2023-04,64,54,9,8,3,17,5,3,0,13,0,0,0,3,2,38,17,9,3,0,1,1,2,1,1,22,0,2,0,127,2,6,5,3,8,0,2,3,6,4,21,10,22,6,1,3,15,0,0,4,6,8,1,4,0,4
2023-05,64,60,4,2,3,16,4,2,2,3,2,0,1,7,2,41,19,10,3,1,0,2,5,4,2,75,2,1,2,92,5,9,0,5,3,0,1,1,6,2,56,2,26,8,1,25,19,2,0,4,4,0,0,2,2,8
2023-06,64,54,8,5,7,11,7,1,2,10,0,0,0,7,3,55,27,8,6,2,2,2,4,9,2,43,2,6,2,152,8,3,3,5,6,1,6,11,7,3,35,4,10,5,12,10,14,11,2,1,6,0,1,1,2,2
2023-07,64,45,8,5,6,21,12,2,0,4,0,0,0,7,1,68,26,9,1,7,3,1,4,0,3,23,3,4,2,134,7,7,44,7,5,0,0,2,2,0,51,3,30,46,15,68,19,2,2,2,13,16,0,34,2,3
2023-08,64,32,5,3,9,14,13,0,4,10,1,0,0,12,1,56,10,10,2,0,5,6,3,1,2,57,2,3,1,213,12,11,11,8,5,0,0,0,10,0,43,4,6,27,10,7,21,13,0,1,9,4,0,4,5,4
2023-09,64,56,8,5,14,18,7,3,3,18,1,0,0,11,1,54,28,11,0,3,8,0,9,4,0,38,1,6,0,168,7,7,6,4,5,0,0,0,6,0,49,8,7,19,5,28,10,2,1,1,8,4,5,0,6,4
2023-10,64,73,9,6,5,6,10,3,1,18,0,0,0,11,3,43,12,8,29,0,6,16,4,6,5,62,0,4,0,158,2,2,6,2,5,0,6,11,5,5,46,6,31,13,5,3,12,0,0,5,4,4,0,0,0,5
2023-11,64,65,11,1,0,8,13,5,2,4,0,0,1,6,3,31,13,10,1,3,7,13,6,2,2,31,2,3,2,149,5,2,5,1,3,0,0,1,1,4,50,1,12,4,0,5,4,1,0,2,5,0,1,0,0,6
2023-12,64,73,2,3,1,10,22,3,3,5,0,0,0,7,3,39,12,4,2,1,9,14,2,8,3,67,2,0,1,150,4,3,7,1,1,0,0,0,7,0,9,0,9,4,6,2,20,10,0,0,9,1,0,2,0,0
2024-01,64,88,8,3,1,3,24,0,1,9,0,0,0,11,0,34,11,3,1,12,5,24,0,1,4,105,2,4,4,202,2,1,7,10,9,1,4,8,1,1,45,2,45,3,3,5,3,0,1,1,3,1,0,4,0,0
2024-02,64,69,26,11,1,8,6,1,8,11,0,1,0,7,4,34,13,1,2,1,4,2,6,1,3,185,0,1,0,173,2,6,6,4,4,0,0,1,5,0,38,1,26,2,3,6,6,1,2,2,8,3,2,5,0,1
2024-03,64,67,6,5,0,5,6,1,0,4,0,0,2,4,7,38,23,17,2,5,2,3,4,0,2,59,1,4,0,150,7,8,11,2,5,1,0,3,6,1,9,0,14,12,3,0,6,53,0,2,6,3,0,2,0,1
2024-04,64,70,12,4,8,14,15,2,0,7,1,1,1,5,1,48,41,7,2,2,3,3,7,0,2,66,1,3,1,196,3,5,9,6,11,0,4,3,6,0,5,3,9,3,6,9,14,164,0,6,9,7,0,5,2,1
2024-05,64,56,9,4,1,14,8,2,3,1,1,1,0,11,3,46,12,10,0,3,4,1,7,2,4,44,0,1,1,114,16,4,30,3,5,0,4,4,6,2,17,8,9,19,14,3,16,85,0,5,2,15,0,5,5,2
2024-06,64,53,10,2,1,25,5,1,1,8,1,0,0,6,3,52,16,12,0,1,6,1,7,8,0,33,0,4,3,183,14,6,8,3,6,0,0,9,3,2,25,4,4,12,16,9,12,86,1,3,6,5,0,0,8,4
2024-07,64,39,7,4,3,10,14,2,0,5,1,3,0,9,3,70,15,8,2,9,3,3,5,2,1,60,1,3,0,170,17,8,23,11,7,0,2,4,6,1,16,4,7,23,49,11,10,77,1,7,6,6,0,1,12,4
2024-08,64,60,16,4,2,11,8,2,0,4,2,0,2,18,5,59,26,6,2,7,2,1,5,3,4,44,2,4,1,198,13,4,9,1,10,0,8,1,4,2,56,5,12,4,13,4,18,91,1,3,7,4,1,1,6,5
2024-09,64,66,2,3,0,6,8,0,0,9,1,0,0,8,4,47,20,22,4,4,5,0,7,0,3,22,3,3,0,153,6,12,5,5,15,0,3,5,4,1,11,4,7,7,4,5,4,37,1,12,5,2,3,1,3,8
2024-10,64,52,7,1,1,13,7,7,1,15,0,0,0,11,3,71,22,8,2,4,6,0,4,0,2,19,2,4,1,152,8,3,7,2,2,1,2,8,9,3,33,3,21,6,3,8,13,57,0,5,6,0,1,2,1,2
2024-11,64,38,11,4,0,8,7,1,0,4,0,0,3,7,1,38,32,2,0,3,3,3,6,0,3,35,1,1,0,116,6,0,5,1,7,0,0,1,7,0,23,1,13,1,1,4,0,55,3,1,5,6,1,1,0,3
2024-12,64,54,5,0,1,17,4,4,2,15,0,0,0,3,1,28,18,2,1,5,2,14,5,5,2,9,1,1,1,64,1,1,2,2,14,1,4,7,5,2,20,2,28,1,3,2,2,14,0,2,6,4,1,0,0,1
2025-01,64,46,8,2,0,18,6,4,1,26,0,1,0,1,2,36,25,10,1,8,0,18,9,0,2,49,4,1,2,135,3,3,2,3,4,1,1,3,1,0,30,4,19,2,4,0,2,2,1,1,10,3,2,3,0,0
2025-02,64,66,6,8,0,7,2,0,1,11,1,0,1,3,2,28,26,5,3,4,3,5,3,0,4,74,1,3,3,135,1,2,2,3,9,0,6,6,9,2,16,6,79,1,0,1,1,6,0,1,8,1,0,2,0,0
2025-03,64,50,12,8,3,6,11,0,1,10,3,1,1,11,2,43,47,13,3,5,7,1,2,0,2,69,1,3,2,52,2,9,13,2,17,1,0,12,1,0,25,3,22,2,4,3,9,18,0,1,7,12,0,3,0,1
2025-04,64,60,5,5,6,9,1,1,4,6,0,0,1,5,5,51,31,18,3,1,2,5,4,3,5,32,1,4,2,51,9,5,20,4,6,0,5,5,10,1,22,5,17,6,1,9,35,4,0,0,7,15,1,5,0,1
2025-05,64,43,14,4,0,15,6,4,0,0,0,0,1,7,2,45,20,12,1,5,1,3,9,0,2,67,1,6,1,125,6,5,7,2,23,0,2,4,6,2,23,2,32,39,19,14,12,1,2,0,6,6,0,0,9,6
2025-06,64,46,2,5,1,14,10,3,1,3,1,0,1,7,5,52,15,8,2,6,2,0,5,3,12,50,3,2,1,128,17,1,8,3,33,0,0,3,8,1,14,2,7,21,18,17,13,0,2,1,10,5,0,1,10,4
2025-07,64,55,4,4,3,22,13,4,0,8,3,0,1,6,1,71,13,14,14,15,1,3,1,4,7,19,6,6,1,131,8,8,14,11,11,0,0,2,8,1,20,5,6,74,54,8,16,1,3,0,7,21,1,651,11,1
2025-08,64,53,4,2,6,23,7,3,2,21,1,0,5,9,2,80,17,14,4,8,4,33,3,11,1,37,3,7,0,111,18,8,29,9,3,0,0,3,6,2,3,4,10,23,33,3,23,16,0,3,39,20,2,300,16,4
2025-09,64,62,13,5,1,15,13,2,5,13,3,0,22,7,10,65,12,13,3,5,2,4,3,0,4,17,2,2,5,121,14,7,7,3,8,2,3,2,7,0,21,5,18,11,9,4,13,3,1,1,16,2,1,16,2,4
2025-10,64,54,9,1,1,8,9,1,0,6,0,0,2,8,6,34,26,8,1,5,0,1,7,3,5,18,1,9,0,75,3,1,8,1,4,0,0,6,3,1,13,2,17,7,19,2,18,12,2,3,7,4,0,11,0,4
2025-11,64,29,8,4,0,7,8,5,0,4,1,0,1,3,2,44,21,6,0,2,2,0,1,1,1,21,0,4,0,76,7,0,3,0,6,1,2,3,7,5,18,0,17,2,1,1,6,2,0,2,11,2,0,1,0,10
2025-12,64,40,4,0,7,10,8,1,2,11,0,0,2,13,1,32,15,2,1,9,1,4,2,0,1,14,1,0,0,39,1,1,7,2,4,1,5,7,4,2,4,1,8,2,5,4,1,23,1,1,4,10,0,2,0,0
2019-01,65,11,41,3,0,11,0,1,0,0,0,1,0,0,0,0,0,0,1,0,0,0,2,0,7,12,0,0,2,0,0,2,11,78,1,0,0,0,4,0,4,0,1,0,0,0,8,2,2,0,43,1,1,0,0,0
2019-02,65,18,31,4,2,15,6,2,0,5,0,2,0,0,0,31,3,0,1,0,4,0,0,2,2,55,1,0,0,2,1,7,16,16,7,0,0,0,1,1,68,0,1,0,0,2,10,1,0,0,32,3,1,0,0,0
2019-03,65,48,66,9,1,16,21,1,2,24,1,2,0,2,4,43,23,4,0,3,2,1,3,3,2,271,1,1,2,37,10,13,12,96,27,2,2,4,10,0,116,3,21,5,1,1,5,8,1,4,32,2,1,4,0,2
2019-04,65,47,66,6,7,15,30,2,1,8,1,1,1,6,4,52,24,5,1,0,5,4,6,0,2,152,2,10,5,29,5,18,28,22,33,0,0,2,18,2,150,0,5,5,3,2,12,13,0,6,15,8,0,7,0,1
2019-05,65,48,51,9,14,15,30,4,1,8,1,2,0,16,5,58,34,2,2,0,7,2,3,3,6,133,0,5,6,27,17,18,53,51,19,0,1,1,17,2,65,1,17,6,8,4,30,29,2,8,7,25,0,6,3,4
2019-06,65,46,51,15,7,18,16,3,1,6,1,0,0,10,3,69,53,4,1,2,5,2,4,0,2,126,3,5,4,44,13,13,25,6,25,1,0,1,10,1,84,3,16,8,8,3,21,30,1,3,4,2,0,3,29,2
2019-07,65,95,78,22,8,22,19,4,2,7,5,0,0,10,1,80,71,9,1,8,1,5,6,15,7,133,4,4,3,51,15,19,32,6,8,1,1,4,12,0,102,1,15,18,9,3,24,45,2,5,71,13,0,7,15,1
2019-08,65,76,32,13,4,21,16,0,2,26,3,2,2,8,2,73,53,5,9,1,1,5,7,12,3,108,4,9,4,61,6,18,16,10,8,1,0,1,15,1,139,5,3,17,2,8,32,45,1,7,131,10,2,7,7,3
2019-09,65,72,58,13,1,28,15,2,1,22,0,1,0,19,4,93,51,3,8,0,8,4,8,1,6,44,0,5,12,45,35,17,29,6,33,0,2,4,14,6,119,0,6,15,20,19,29,63,0,8,26,5,0,9,9,2
2019-10,65,50,62,12,6,9,11,2,1,10,0,0,0,9,2,37,93,2,3,1,4,1,8,0,2,49,2,2,4,46,15,14,30,4,22,0,0,3,10,1,140,1,12,11,8,6,15,31,4,3,25,2,1,2,6,3
2019-11,65,50,44,5,1,20,16,2,0,15,0,0,2,2,0,46,66,4,1,2,2,0,3,0,7,30,1,2,3,14,2,6,6,4,36,0,1,4,16,4,136,7,7,6,5,0,13,13,0,9,8,1,0,2,3,1
2019-12,65,69,49,16,1,12,13,2,0,16,1,0,0,1,3,34,41,2,0,4,4,1,5,1,7,192,4,3,1,11,3,3,17,0,11,0,3,5,14,1,106,3,20,5,1,0,13,6,0,6,6,4,0,3,0,0
2020-01,65,62,62,3,1,15,12,5,2,11,0,0,5,9,6,46,42,2,3,1,7,4,4,0,8,71,1,5,1,18,3,5,9,6,15,1,1,4,11,4,111,4,10,1,2,2,3,5,1,4,7,6,0,5,0,0
2020-02,65,60,35,8,1,9,13,1,1,11,0,1,1,10,1,35,75,4,3,1,2,2,8,1,7,64,0,3,1,27,2,4,6,1,13,0,0,1,7,1,78,5,17,2,0,1,15,8,0,6,6,3,0,5,0,1
2020-03,65,54,81,12,3,11,6,3,6,10,0,1,0,8,5,29,97,4,0,3,4,2,4,0,3,182,1,5,3,15,3,4,5,5,33,0,1,7,16,2,140,2,7,7,1,4,3,12,1,7,1,4,0,1,0,2
2020-04,65,27,45,5,2,17,8,5,32,13,1,0,0,9,7,35,63,4,1,5,3,2,6,1,4,42,2,5,5,24,10,6,6,6,3,0,0,7,7,1,62,6,13,9,3,4,8,19,0,7,0,10,0,10,0,3
2020-05,65,30,36,3,8,27,12,1,12,7,1,0,0,12,6,54,62,2,1,2,4,0,4,1,5,20,5,11,2,35,13,6,53,5,18,0,8,8,13,0,67,1,13,14,3,7,22,25,1,3,2,50,0,22,8,8
2020-06,65,56,52,10,2,23,12,3,4,9,0,0,0,13,3,72,71,10,1,3,10,0,3,2,5,28,2,8,1,57,10,3,18,5,95,0,16,18,10,0,124,2,24,22,27,5,26,87,2,2,3,6,0,3,1,2
2020-07,65,75,48,10,2,30,11,2,9,13,0,1,0,12,1,66,109,9,6,5,6,1,3,2,9,25,4,4,3,61,6,8,24,12,51,0,2,3,9,0,192,6,7,48,42,20,31,63,2,4,10,5,0,8,5,6
2020-08,65,70,32,18,2,28,17,1,9,2,0,1,0,8,2,68,79,14,5,1,8,5,9,15,0,86,2,5,4,64,7,2,20,8,34,1,8,3,8,1,129,5,11,59,52,5,25,50,1,4,1,0,0,1,11,3
2020-09,65,76,20,5,4,16,13,2,5,21,2,2,0,18,10,55,84,6,0,4,6,4,14,3,1,150,3,14,1,59,14,6,6,5,31,0,2,4,9,1,101,3,17,16,6,8,15,25,0,8,1,11,4,2,3,1
2020-10,65,52,28,1,1,12,24,3,2,6,0,2,0,11,1,26,51,10,2,5,3,3,3,2,1,3,1,8,3,30,3,4,7,5,46,2,0,1,11,0,67,2,54,9,6,1,15,18,0,3,0,4,0,7,1,2
2020-11,65,59,26,1,2,13,13,1,9,9,1,1,0,6,0,38,77,0,0,4,4,1,2,1,6,14,3,4,2,18,3,8,7,0,21,0,0,2,6,4,51,8,31,7,5,10,4,18,0,2,1,2,1,2,0,9
2020-12,65,51,31,3,0,12,10,2,3,11,1,0,0,8,1,31,64,4,2,4,0,3,6,0,6,54,3,1,6,25,3,10,5,5,30,2,5,7,11,0,36,4,8,4,2,0,5,1,1,4,1,2,0,2,0,1
2021-01,65,57,24,5,0,17,4,0,4,2,1,1,1,6,3,31,98,0,5,3,1,8,0,2,25,53,3,1,2,9,4,2,5,6,25,1,0,3,12,2,64,3,17,5,1,2,5,2,0,1,1,1,1,1,0,0
2021-02,65,67,7,5,12,11,16,2,1,12,0,0,0,5,4,18,99,5,0,22,1,8,3,0,10,77,2,4,2,5,3,1,7,0,4,1,0,5,16,1,39,1,23,0,2,0,4,2,1,3,2,2,0,2,0,0
2021-03,65,76,48,1,8,18,17,3,4,18,1,2,2,8,2,48,121,7,1,8,1,2,5,0,5,96,8,5,3,32,5,2,8,8,8,1,3,7,21,0,66,0,12,7,2,1,18,12,0,7,8,2,0,6,0,1
2021-04,65,76,32,8,4,14,7,1,6,11,0,0,0,12,1,41,89,9,5,3,2,11,3,0,3,92,5,5,2,65,2,9,11,10,4,0,0,6,9,1,68,2,16,15,8,4,17,9,1,2,2,2,0,6,0,0
2021-05,65,71,19,6,4,13,6,2,2,13,0,0,0,10,2,37,61,6,1,1,1,0,2,0,4,38,5,6,2,57,5,3,9,14,39,2,2,4,5,0,53,11,16,21,6,5,13,42,3,6,5,2,0,3,1,1
2021-06,65,42,19,5,4,28,21,2,4,11,0,0,0,9,4,55,68,15,1,6,6,1,4,14,6,117,7,6,1,74,13,4,21,14,49,1,0,4,16,0,57,4,7,19,35,3,22,39,0,1,1,11,1,5,2,1
2021-07,65,58,16,2,7,19,13,3,5,22,0,2,0,13,7,68,82,10,0,3,4,1,5,7,1,35,9,12,3,105,8,4,20,18,19,0,0,0,5,1,47,6,8,34,44,9,36,35,0,4,39,5,0,1,3,3
2021-08,65,38,17,1,3,18,14,5,4,10,1,0,0,12,1,81,88,7,3,3,5,3,2,0,2,39,3,4,3,86,6,3,14,11,24,0,0,4,17,0,37,4,11,39,27,4,23,46,1,2,21,8,0,3,2,2
2021-09,65,59,18,3,4,17,21,2,2,20,0,0,0,11,4,69,84,8,3,4,11,10,5,15,1,35,4,5,2,88,7,18,13,11,37,0,3,2,15,2,32,10,8,9,4,3,12,14,2,5,8,5,0,1,1,0
2021-10,65,73,19,2,0,22,23,2,1,11,0,1,0,9,3,37,61,5,2,2,3,10,5,2,4,38,2,5,2,71,2,8,12,4,9,1,0,1,9,3,39,1,3,16,10,1,12,17,0,2,1,8,0,2,0,2
2021-11,65,51,11,7,3,23,19,4,1,15,0,0,0,11,2,40,84,1,2,2,3,5,0,1,4,89,0,1,3,39,2,2,8,2,28,0,3,5,9,2,68,4,17,7,1,1,19,8,0,1,4,6,0,4,0,1
2021-12,65,74,13,5,1,14,9,1,5,18,0,0,0,7,3,52,41,5,4,3,0,4,4,1,6,17,0,4,3,44,5,1,8,4,21,1,0,0,13,1,46,7,2,8,5,1,3,3,0,5,2,6,0,1,0,1
2022-01,65,76,7,0,0,25,10,5,7,80,0,0,0,3,2,38,72,1,6,8,0,26,4,0,9,25,20,1,1,20,6,2,6,7,21,0,7,6,10,0,27,1,9,2,1,5,6,0,0,2,2,13,1,2,0,0
2022-02,65,72,16,2,2,17,11,3,2,23,0,1,0,1,1,34,63,2,5,4,0,3,7,0,6,98,1,0,2,9,5,8,17,5,24,1,1,2,11,0,64,4,23,4,1,2,7,1,0,7,6,7,0,8,0,0
2022-03,65,110,28,16,3,31,20,2,2,7,1,0,1,11,3,65,125,8,2,1,6,0,5,0,2,210,3,6,3,31,5,11,13,12,26,0,3,5,11,4,42,4,4,2,2,3,12,6,0,4,1,4,1,2,0,0
2022-04,65,59,12,11,2,22,8,1,2,8,1,0,0,9,2,65,72,8,0,0,4,8,6,0,2,167,1,10,2,21,2,8,15,40,10,0,2,6,12,2,14,0,5,5,2,9,15,22,0,7,3,2,0,1,0,1
2022-05,65,45,17,11,5,25,15,1,3,8,1,0,0,6,1,60,101,9,7,4,7,3,3,4,2,62,3,5,4,30,6,12,19,7,4,0,2,3,8,3,26,0,6,8,10,13,16,21,2,2,8,12,0,5,2,7
2022-06,65,90,10,17,6,21,25,3,1,8,0,0,0,19,4,53,102,11,2,10,7,1,9,6,3,55,4,6,3,32,10,14,9,5,1,0,1,4,16,1,58,2,2,42,34,9,18,41,3,15,4,2,2,4,3,7
2022-07,65,63,17,13,5,23,16,7,2,3,0,1,0,3,3,67,98,15,4,8,1,9,3,1,3,52,6,15,1,47,4,15,22,7,3,0,2,6,15,0,40,3,18,24,11,5,16,50,1,7,8,12,0,6,2,7
2022-08,65,62,10,12,2,30,13,1,1,11,1,0,0,3,5,84,99,8,2,3,3,3,3,16,4,58,1,2,2,54,9,9,22,9,9,0,3,9,12,0,21,6,18,16,11,11,18,47,1,1,4,1,0,4,4,4
2022-09,65,58,13,11,1,50,13,8,2,15,0,0,0,23,2,90,96,10,6,1,0,6,3,12,3,38,1,5,3,38,9,9,7,10,20,1,5,5,15,1,40,4,11,6,4,38,14,34,0,7,9,4,0,3,3,3
2022-10,65,59,10,9,6,21,20,7,2,7,0,2,0,16,2,54,96,8,9,3,3,19,4,4,1,22,4,5,1,40,5,12,10,8,15,0,2,3,18,0,25,3,26,25,7,5,8,26,0,8,4,2,0,2,0,2
2022-11,65,68,15,7,0,14,9,7,0,22,0,0,0,5,1,50,52,4,1,3,3,4,4,6,3,29,4,5,0,15,5,4,4,2,8,1,2,8,11,3,35,6,13,12,13,3,9,9,1,6,5,2,0,5,0,1
2022-12,65,61,5,2,2,16,19,11,1,23,1,1,0,8,2,35,97,2,1,3,4,12,3,0,2,14,3,2,1,10,6,8,8,5,12,1,1,7,9,2,56,2,6,5,2,1,6,2,0,4,4,8,0,6,0,0
2023-01,65,64,4,7,1,12,20,7,1,22,2,0,2,10,5,35,94,8,0,2,4,6,3,0,5,78,4,7,3,10,8,2,10,10,13,0,2,1,21,2,28,3,34,7,0,3,5,2,2,4,1,8,0,2,0,1
2023-02,65,57,4,8,1,12,7,2,1,17,0,0,0,2,3,34,112,4,2,5,0,1,10,0,2,78,0,0,1,18,11,6,14,5,18,0,1,9,17,0,105,1,15,7,4,0,11,20,1,7,11,16,0,4,0,0
2023-03,65,61,14,9,2,18,8,1,1,7,0,0,0,2,1,39,165,1,1,2,3,4,4,0,2,127,1,7,0,16,4,3,9,7,11,0,0,3,9,5,26,4,60,2,2,7,16,0,0,7,7,3,0,1,1,0
2023-04,65,58,19,10,0,18,8,2,2,12,0,1,0,11,1,54,136,5,0,1,5,0,4,0,0,32,0,11,4,28,3,6,9,9,13,0,2,12,22,8,13,0,17,10,9,9,15,2,0,6,2,8,0,3,0,5
2023-05,65,59,5,8,1,18,13,1,0,9,2,0,0,10,6,52,144,4,1,3,3,1,7,2,0,65,3,7,1,33,5,2,4,9,17,1,7,7,15,2,16,1,9,7,2,33,23,4,1,1,8,3,0,2,0,6
2023-06,65,76,7,5,2,21,10,5,0,6,1,1,0,14,5,44,95,8,0,4,1,0,12,0,7,34,2,7,0,41,1,6,7,6,13,0,1,1,13,2,32,9,11,15,14,12,14,5,1,7,4,1,0,2,1,2
2023-07,65,52,12,9,13,22,16,4,3,14,0,0,0,8,4,61,109,4,4,7,1,2,5,12,6,22,0,7,4,44,5,12,47,9,17,0,7,5,23,2,63,1,15,44,30,5,20,0,6,8,9,17,2,34,0,5
2023-08,65,73,10,8,3,21,25,3,2,9,0,1,1,24,7,86,107,6,2,1,4,2,8,3,4,41,3,5,1,48,15,11,9,11,34,0,4,8,21,1,24,1,1,17,8,9,25,35,1,4,7,4,6,9,3,2
2023-09,65,67,9,7,2,28,9,5,4,9,1,0,0,6,4,68,122,9,1,6,1,5,11,0,2,36,2,9,5,46,8,9,14,14,13,0,4,2,14,1,40,3,7,17,3,27,17,59,2,5,3,4,2,1,2,2
2023-10,65,73,19,4,3,16,25,10,2,18,0,2,1,31,11,69,93,1,1,1,4,2,1,1,1,20,0,2,3,44,8,3,8,10,15,0,2,3,13,1,24,5,12,10,4,0,15,55,0,5,9,4,2,4,0,6
2023-11,65,82,12,8,1,21,9,5,1,31,0,0,1,7,1,50,87,7,5,3,5,21,8,2,17,38,1,6,2,30,2,2,8,3,17,3,3,4,7,2,49,1,12,5,1,0,12,81,1,3,4,2,1,0,0,4
2023-12,65,74,3,8,0,22,12,2,4,7,0,0,0,10,2,42,88,2,0,5,3,2,5,0,9,90,1,6,3,30,3,5,6,2,24,0,4,1,10,4,23,3,68,1,2,0,8,85,0,3,5,7,0,1,0,1
2024-01,65,80,5,6,1,16,13,9,1,24,0,1,0,1,2,31,89,4,0,2,1,14,1,1,9,92,2,6,3,26,3,4,6,11,7,0,1,1,8,2,10,4,14,10,8,0,10,90,0,3,3,22,0,4,0,0
2024-02,65,82,20,9,1,21,8,3,2,11,0,1,0,8,5,57,150,11,0,2,2,5,5,1,0,116,0,6,4,26,3,14,15,5,9,3,7,3,8,0,20,1,8,7,2,5,12,220,0,4,6,4,1,2,0,0
2024-03,65,89,4,6,1,25,16,4,1,6,0,0,0,10,0,50,111,7,1,11,3,7,3,0,6,85,2,7,3,24,5,11,7,7,17,2,2,1,26,1,37,3,4,1,4,4,8,105,3,11,7,13,0,5,0,0
2024-04,65,79,9,5,4,14,8,6,5,6,0,2,1,13,3,54,143,4,0,0,3,3,4,1,10,76,3,14,0,24,6,7,14,8,9,2,1,7,17,2,45,1,14,12,8,8,23,84,0,7,8,12,0,5,0,4
2024-05,65,59,11,6,4,23,18,4,0,3,0,0,2,9,3,66,125,2,4,6,6,0,13,1,5,58,0,7,1,36,9,2,24,14,10,1,3,2,17,4,50,3,9,20,12,8,15,79,1,10,5,18,0,5,4,6
2024-06,65,66,11,8,1,24,11,1,3,11,1,0,0,16,3,83,106,4,2,3,1,4,4,0,5,67,1,5,0,46,6,6,8,10,24,0,1,4,11,3,38,4,58,30,22,585,24,76,0,5,3,5,0,5,1,6
2024-07,65,80,12,12,3,27,20,3,0,8,1,0,1,13,1,93,96,12,1,6,8,2,6,0,3,43,3,12,2,48,6,5,14,4,11,1,0,5,13,1,38,5,18,43,89,15,28,14,2,8,8,7,1,7,8,8
2024-08,65,90,4,5,1,17,20,2,4,6,2,0,0,11,3,84,101,5,1,9,4,1,2,5,7,36,1,9,1,53,1,7,11,5,7,0,0,3,15,5,34,4,16,9,22,10,12,24,1,6,15,5,1,2,1,5
2024-09,65,89,5,2,1,22,14,3,2,7,1,1,0,13,2,55,109,7,5,2,4,6,5,2,7,20,1,12,1,30,6,6,8,1,12,0,6,3,6,5,17,6,26,11,15,8,14,0,0,3,1,2,0,0,2,5
2024-10,65,86,6,10,10,22,21,4,2,26,0,0,1,13,2,60,135,5,0,3,9,10,5,1,4,41,1,9,1,42,6,9,6,7,6,0,4,7,10,4,25,5,17,14,19,20,13,2,2,7,2,5,0,5,0,4
2024-11,65,67,6,4,2,10,16,1,1,7,1,1,1,13,4,41,144,4,0,5,2,0,4,1,2,51,2,5,1,18,2,4,7,1,4,2,0,5,23,4,23,3,45,8,9,0,4,1,0,5,5,3,0,1,0,3
2024-12,65,90,3,3,0,19,10,5,3,31,0,1,0,7,3,44,123,3,0,6,3,3,2,0,7,11,1,8,2,21,2,0,2,0,5,0,1,7,9,0,49,3,18,5,10,1,5,7,0,1,5,5,0,3,0,0
2025-01,65,84,8,2,0,21,5,2,2,39,0,2,0,4,1,55,128,1,1,1,4,8,6,1,19,82,7,7,0,10,2,0,6,3,11,0,2,2,12,0,25,3,24,2,2,0,3,76,0,4,3,12,0,1,0,0
2025-02,65,121,7,1,1,24,4,4,2,14,1,1,0,8,4,44,218,0,3,3,0,1,7,0,3,53,1,4,0,19,2,7,10,3,5,1,7,6,16,1,12,0,10,2,3,0,5,104,2,2,6,1,0,2,0,0
2025-03,65,83,6,6,3,28,12,4,2,16,1,0,3,8,4,52,162,2,2,4,2,5,6,0,1,48,2,3,3,27,0,7,9,5,18,0,0,4,7,0,55,2,10,4,8,0,15,134,0,4,3,4,0,10,0,1
2025-04,65,89,3,5,2,20,8,4,3,2,0,0,8,1,3,56,171,8,1,1,2,2,8,0,3,52,4,4,1,34,1,10,24,13,16,1,5,16,15,2,27,2,17,13,5,7,19,7,1,4,5,15,1,10,0,2
2025-05,65,79,9,7,0,25,9,1,2,8,0,1,6,28,6,62,117,3,3,4,5,1,9,2,4,85,2,10,3,40,2,8,4,6,24,2,4,6,13,3,13,2,16,23,23,1,19,2,1,5,1,2,1,6,2,7
2025-06,65,58,9,10,4,21,19,0,2,4,0,0,0,22,3,76,106,5,7,7,4,2,4,5,5,49,3,2,5,49,7,8,8,12,17,2,8,6,16,1,11,2,16,19,17,9,23,3,0,4,11,6,0,7,4,5
2025-07,65,94,5,5,7,31,32,5,2,8,3,1,3,16,6,105,105,7,4,18,5,4,9,2,2,38,3,10,5,68,11,4,76,6,5,1,6,10,18,1,36,1,14,72,111,8,31,2,2,4,27,30,0,645,8,6
2025-08,65,90,11,11,11,52,44,3,1,9,0,0,2,15,8,86,95,11,1,8,6,2,13,8,1,65,5,14,0,74,3,11,48,15,9,1,3,4,9,3,27,2,18,36,32,13,26,11,0,2,33,30,0,1220,4,4
2025-09,65,69,3,3,4,24,37,3,5,12,0,1,8,21,4,70,107,7,2,5,8,0,10,10,3,29,2,11,0,68,5,4,13,11,9,2,0,2,16,4,45,4,17,26,16,3,28,12,1,6,31,2,1,75,1,4
2025-10,65,65,6,3,2,24,22,2,3,6,0,0,0,21,3,61,63,8,1,2,4,3,6,3,5,30,1,11,2,46,5,6,18,9,4,0,0,2,16,2,33,1,16,13,7,1,15,15,2,6,11,3,0,3,1,5
2025-11,65,43,9,4,2,20,16,2,1,5,0,0,2,13,0,52,59,5,0,4,2,0,4,1,13,16,5,8,5,31,4,5,5,16,3,0,0,2,10,2,39,3,25,4,6,3,7,11,2,4,8,7,0,0,0,5
2025-12,65,110,7,4,0,14,32,12,4,9,1,0,1,4,6,30,55,4,0,4,0,5,3,1,11,34,4,3,0,18,6,1,4,7,2,0,3,6,6,2,27,1,20,2,1,0,7,1,0,5,5,7,0,1,0,0
2019-01,66,11,59,5,0,22,1,18,0,1,0,5,0,0,0,0,0,2,5,0,0,0,4,0,9,29,3,0,1,0,0,0,6,62,8,0,0,0,8,0,18,0,2,0,0,0,17,9,4,0,23,1,0,0,0,0
2019-02,66,41,49,8,3,14,15,21,2,8,0,2,0,1,2,80,5,2,3,0,1,2,1,10,4,142,3,4,0,3,2,3,8,11,6,0,0,0,8,0,118,0,1,2,0,2,21,12,12,1,38,1,0,1,0,1
2019-03,66,69,67,24,4,27,48,8,0,31,3,3,0,19,21,111,62,11,4,4,13,5,7,5,3,131,4,15,2,47,22,8,14,7,31,2,1,8,40,13,253,7,25,10,4,5,39,65,12,16,36,14,2,6,0,3
2019-04,66,39,61,14,6,26,37,17,5,11,2,2,0,21,15,106,44,12,2,6,7,3,12,3,2,101,8,10,2,45,24,14,32,14,40,1,6,2,27,8,113,7,24,36,12,5,26,25,7,27,20,24,1,21,0,3
2019-05,66,59,47,31,9,21,51,7,1,15,6,1,0,13,21,121,78,7,5,5,5,17,11,0,6,92,3,22,5,56,16,14,52,10,49,0,2,8,38,5,101,3,19,35,12,5,30,41,19,24,10,44,1,30,45,2
2019-06,66,60,41,37,3,41,50,7,5,28,14,7,0,25,29,162,101,9,7,15,6,9,9,2,7,220,14,18,1,78,30,9,33,9,19,3,2,3,27,6,165,2,29,29,18,3,35,73,21,20,15,24,3,7,139,6
2019-07,66,75,52,35,2,39,57,13,3,12,13,6,1,40,30,188,121,5,7,25,19,0,14,44,4,197,13,17,8,103,38,11,38,11,25,0,5,7,42,14,241,7,15,69,25,7,42,119,23,29,89,13,0,7,136,9
2019-08,66,87,35,20,3,40,55,10,10,15,3,6,2,25,19,175,100,7,6,7,10,10,12,2,3,111,8,15,3,99,32,6,18,11,23,1,4,4,28,4,164,9,10,64,23,4,36,71,16,8,145,16,2,5,108,5
2019-09,66,78,44,24,4,32,41,23,1,31,2,4,0,36,24,135,130,14,4,7,6,9,11,1,4,119,4,26,5,91,21,9,19,11,28,0,0,1,35,3,140,3,21,34,14,3,34,98,16,26,40,25,0,18,100,0
2019-10,66,55,59,11,4,44,39,15,2,28,5,4,0,23,23,130,144,11,4,4,11,6,14,38,6,135,10,11,0,73,18,18,28,7,38,0,0,1,38,4,167,3,34,35,25,0,14,68,11,29,29,13,3,15,118,4
2019-11,66,60,42,12,3,26,33,16,2,9,0,3,1,22,19,101,163,5,3,10,3,12,9,3,8,105,6,19,1,39,22,4,9,0,45,5,17,19,44,11,105,7,22,13,10,2,9,14,5,14,9,9,0,3,26,1
2019-12,66,59,34,6,1,48,37,24,2,34,3,4,1,17,16,112,102,0,2,8,7,14,7,7,16,65,14,14,7,46,11,0,11,2,46,5,9,13,41,3,91,2,18,9,6,2,8,17,4,24,13,11,4,6,0,2
2020-01,66,68,58,16,3,39,46,17,1,18,1,5,5,21,15,122,103,7,0,13,6,6,5,1,16,55,7,15,6,39,15,3,23,9,21,0,0,3,29,1,90,0,14,9,4,2,13,9,9,14,10,23,1,15,0,1
2020-02,66,80,51,10,0,27,30,7,2,17,1,1,1,11,17,107,168,5,0,0,8,5,9,2,14,71,9,7,3,50,15,1,16,8,34,0,1,3,33,3,120,2,11,3,4,2,15,9,9,22,13,3,0,7,0,0
2020-03,66,50,55,21,0,32,37,19,8,18,4,5,2,26,17,97,122,6,0,2,6,7,13,0,6,162,10,24,4,40,41,12,10,1,27,2,5,11,33,4,172,1,12,6,11,0,13,16,7,20,6,10,0,11,0,1
2020-04,66,35,26,14,7,45,37,17,37,18,2,6,1,20,15,128,124,6,2,4,13,0,4,0,5,57,2,24,0,52,18,7,24,1,30,0,8,11,15,4,114,1,12,14,3,3,19,17,15,7,3,32,0,23,0,4
2020-05,66,49,54,24,15,50,55,26,39,20,9,4,2,27,37,187,89,13,2,7,8,6,17,10,7,83,6,34,5,73,44,5,85,10,35,0,2,2,25,8,130,0,8,43,7,6,27,35,18,18,5,63,0,70,29,8
2020-06,66,67,37,21,4,77,45,9,10,31,10,4,0,25,26,197,201,9,4,11,11,1,13,10,17,60,46,15,3,84,33,6,22,6,83,1,5,12,27,18,153,6,15,91,104,6,55,117,13,14,4,12,0,11,72,13
2020-07,66,64,31,29,3,82,56,13,23,21,3,5,0,42,36,237,206,12,2,73,7,3,11,41,16,71,8,25,5,103,53,7,21,7,50,2,9,9,31,9,140,1,19,89,67,3,44,131,17,23,5,13,0,9,204,6
2020-08,66,102,33,9,1,48,50,4,16,14,5,6,0,26,39,179,148,13,0,6,12,4,12,10,6,49,11,21,2,90,35,11,19,14,45,2,8,5,27,9,89,3,14,137,121,3,59,115,24,17,5,3,0,7,126,5
2020-09,66,81,25,12,6,46,35,16,12,17,7,3,0,34,23,158,209,3,2,10,11,5,11,0,6,27,16,20,11,114,36,1,8,8,49,3,4,5,38,9,159,10,22,65,25,1,32,55,15,24,13,2,0,5,144,2
2020-10,66,81,33,20,2,39,40,8,19,17,5,4,2,17,21,119,116,11,1,4,6,4,4,2,12,26,10,10,11,99,25,6,11,8,55,2,2,2,19,6,103,4,20,23,19,2,21,42,7,18,4,4,1,12,33,4
2020-11,66,73,43,7,0,56,30,16,10,24,2,2,2,20,15,112,140,2,4,14,6,3,35,0,17,56,8,5,1,74,18,5,13,4,30,2,5,4,19,20,82,4,21,15,13,1,20,24,0,16,2,5,1,8,0,5
2020-12,66,89,27,9,1,47,35,16,6,19,4,6,1,8,17,123,174,6,3,30,2,8,4,1,14,43,5,6,1,45,16,5,5,5,36,2,4,9,25,4,62,5,7,9,5,0,8,11,8,15,4,6,0,11,0,1
2021-01,66,118,21,7,1,50,25,12,13,18,1,3,3,16,13,122,135,1,0,18,3,3,8,0,21,92,18,10,10,44,20,4,6,10,19,2,3,9,25,3,80,5,13,4,2,2,9,11,2,9,1,0,0,5,0,0
2021-02,66,93,15,6,2,14,65,31,6,20,3,2,1,10,5,54,89,4,3,121,3,17,13,1,20,59,18,15,1,30,24,2,7,3,7,1,0,4,28,5,82,6,27,0,2,1,6,3,7,9,2,0,0,13,0,0
2021-03,66,142,17,14,3,55,34,10,11,20,1,3,0,10,30,149,174,12,1,24,11,6,15,1,4,117,23,12,2,101,44,8,15,18,31,2,2,4,20,10,146,19,28,16,9,2,24,29,7,10,6,2,0,4,0,2
2021-04,66,97,24,18,2,45,44,12,15,19,9,2,1,20,27,148,176,6,3,27,5,17,7,2,4,63,11,17,1,92,42,4,9,19,18,1,1,5,18,18,51,7,29,24,8,2,30,47,15,7,4,4,2,9,0,0
2021-05,66,85,12,14,0,51,32,19,4,18,6,1,2,24,24,125,129,9,2,7,2,2,14,1,3,50,9,15,5,104,40,6,15,17,40,2,4,9,35,11,28,6,14,18,20,7,23,42,12,20,8,11,0,13,25,5
2021-06,66,94,8,22,5,36,43,20,8,18,16,1,0,30,25,158,152,19,6,20,4,2,7,36,18,56,12,14,5,110,37,8,16,18,42,1,3,3,23,5,39,7,27,49,65,5,40,82,19,9,2,32,0,12,37,5
2021-07,66,106,24,16,1,58,45,13,11,17,12,2,0,38,29,189,207,13,6,16,9,6,11,16,6,61,9,16,2,185,48,13,21,36,48,2,2,8,26,10,125,11,13,82,135,7,41,96,23,18,63,6,0,9,27,4
2021-08,66,86,19,10,2,35,52,14,5,22,10,0,1,40,42,147,175,14,5,9,3,2,9,24,7,35,7,23,4,142,40,11,17,12,32,1,1,3,29,4,178,2,35,112,102,4,52,89,19,20,27,10,1,12,18,9
2021-09,66,70,15,11,4,49,53,14,7,31,4,7,0,27,29,146,211,8,6,8,6,3,13,0,10,40,7,14,2,138,26,6,10,10,28,0,2,7,27,5,96,1,6,36,27,4,30,77,10,11,13,3,1,3,19,6
2021-10,66,93,15,9,1,31,57,37,9,15,8,5,0,30,17,115,110,9,3,5,8,7,15,2,12,43,10,11,7,133,20,5,14,5,29,0,0,2,24,12,80,6,37,39,49,0,20,43,13,18,5,11,3,10,0,5
2021-11,66,95,11,14,0,32,51,37,7,36,6,3,1,21,20,103,131,5,6,16,8,12,8,0,5,59,4,13,2,73,16,2,6,5,28,0,0,11,21,5,49,7,7,28,4,0,13,21,6,16,3,2,1,4,0,10
2021-12,66,81,12,6,2,37,45,19,5,24,1,1,2,26,22,86,74,12,6,46,7,1,14,2,12,24,13,14,0,65,19,9,5,3,30,0,2,8,40,4,48,8,17,22,12,0,11,5,4,16,4,7,2,5,0,2
2022-01,66,101,8,3,0,38,51,30,7,42,1,2,0,10,19,82,156,5,7,24,6,24,3,3,19,33,20,13,0,49,26,3,7,4,21,2,3,3,25,1,21,4,18,2,2,0,14,1,2,7,3,10,3,5,0,0
2022-02,66,118,11,9,4,18,41,24,2,20,7,2,0,12,27,61,186,7,6,12,4,9,15,8,7,231,7,8,7,34,21,3,23,2,75,5,5,8,25,1,47,1,17,5,3,1,9,7,2,21,0,18,1,11,0,1
2022-03,66,106,11,25,8,30,36,23,4,22,14,5,5,20,30,108,232,14,1,13,10,6,16,0,10,166,12,13,6,85,22,15,15,10,46,2,6,8,39,10,106,10,58,26,6,6,20,12,9,24,7,23,0,13,0,1
2022-04,66,81,7,28,3,28,42,21,5,11,10,3,0,17,29,88,163,13,4,7,1,6,8,0,8,212,2,11,1,83,22,17,23,10,18,1,7,11,46,12,83,6,9,23,7,5,32,24,11,18,4,19,1,8,0,1
2022-05,66,78,22,32,7,38,52,18,11,15,17,1,0,17,21,115,149,13,2,9,6,2,31,8,5,119,8,37,7,84,29,20,30,10,10,0,4,10,59,3,96,5,17,24,20,3,22,51,20,22,8,28,1,10,23,4
2022-06,66,105,11,23,2,32,38,6,3,12,13,1,0,31,30,133,160,10,3,21,8,2,14,34,4,105,10,18,2,93,35,19,19,11,8,0,4,5,46,2,95,6,14,129,104,12,49,98,22,21,8,16,0,7,39,10
2022-07,66,99,17,92,3,42,46,19,2,5,7,3,0,50,33,131,309,14,4,26,13,4,5,0,1,687,7,15,2,121,40,19,19,13,12,1,1,3,37,6,26,6,9,66,30,4,44,115,20,17,22,18,2,17,43,10
2022-08,66,105,12,21,1,43,44,26,2,9,8,3,1,18,32,138,121,13,4,11,7,52,14,25,7,46,11,23,3,100,43,8,16,10,11,5,14,11,36,3,71,5,22,58,17,10,30,91,17,12,11,6,4,2,30,7
2022-09,66,88,12,19,3,56,50,17,2,10,3,0,1,25,30,118,132,10,3,16,13,7,14,1,13,53,5,32,6,106,35,3,13,13,19,5,15,4,58,6,108,2,13,49,10,23,25,44,12,40,17,5,6,8,21,6
2022-10,66,75,18,9,0,30,44,26,1,16,5,3,2,24,25,88,95,8,3,12,7,8,17,13,7,36,2,13,5,86,15,10,3,5,18,3,8,15,42,2,79,10,17,33,8,2,13,44,9,13,1,9,1,3,4,1
2022-11,66,107,16,9,0,30,38,24,4,18,3,1,3,9,24,88,76,4,4,7,8,9,12,0,6,20,5,18,3,59,12,4,17,3,8,4,10,13,44,9,71,9,5,29,25,2,18,17,7,16,6,5,2,1,0,4
2022-12,66,100,17,16,0,21,32,42,5,35,1,0,2,26,12,68,148,3,2,21,5,7,5,1,11,33,6,7,3,32,17,4,5,5,23,2,4,8,32,5,46,2,22,17,2,14,5,5,6,11,6,10,2,10,0,0
2023-01,66,81,10,38,1,24,31,29,2,34,3,2,1,13,13,81,159,3,6,7,4,15,4,2,5,225,5,14,4,34,19,4,11,9,22,2,7,9,54,5,141,2,41,26,5,2,6,0,9,18,4,13,3,10,0,2
2023-02,66,99,19,19,7,28,50,27,1,10,4,1,0,11,26,76,268,11,2,7,3,12,7,2,10,91,14,8,6,33,16,5,30,11,20,1,10,18,40,5,63,7,3,10,8,34,19,46,8,22,11,37,1,27,0,2
2023-03,66,135,16,56,1,30,24,8,3,8,4,3,1,15,24,97,151,9,1,14,7,1,7,0,7,176,4,11,6,54,22,7,15,6,28,0,11,14,50,5,68,7,16,20,13,2,27,1,7,32,17,19,2,7,0,0
2023-04,66,64,26,37,1,24,29,11,5,14,9,3,0,19,19,87,170,6,6,12,15,4,10,0,8,81,1,23,6,70,25,3,15,6,9,1,9,14,50,8,30,2,19,23,16,8,31,77,8,16,5,21,0,6,0,5
2023-05,66,100,9,40,1,32,47,14,3,8,9,6,1,19,36,112,196,10,6,15,10,2,18,35,9,59,10,33,5,64,35,7,7,14,20,0,10,6,55,14,63,5,11,33,14,9,41,94,15,14,13,7,1,4,23,3
2023-06,66,123,5,18,2,43,27,17,6,24,4,0,1,29,26,111,198,9,4,37,5,1,19,89,7,46,4,19,3,79,32,4,7,11,16,3,3,7,30,13,55,1,12,50,43,13,48,103,12,12,8,9,0,5,19,5
2023-07,66,93,15,18,9,40,56,27,8,14,9,5,1,30,25,125,165,12,10,25,5,11,15,81,12,41,11,23,5,105,29,2,33,11,19,3,3,5,24,5,47,3,21,83,62,31,45,30,10,25,23,47,0,86,12,10
2023-08,66,95,20,17,4,45,73,22,5,15,11,1,1,32,32,137,142,18,4,11,6,4,11,92,9,72,4,35,5,82,39,16,26,6,28,0,6,4,38,3,96,8,12,62,30,16,42,95,26,14,11,31,1,14,31,7
2023-09,66,113,11,21,2,31,64,27,4,14,6,1,0,44,28,86,120,3,0,5,19,6,32,5,5,44,3,20,4,109,31,3,13,8,33,2,7,8,44,7,31,4,7,39,28,87,30,120,14,15,8,19,0,3,12,8
2023-10,66,96,13,19,3,33,39,14,6,19,1,1,1,31,19,88,143,9,6,10,9,13,19,0,8,28,4,21,1,84,19,6,7,8,14,1,5,9,33,5,68,5,17,27,15,4,35,124,12,30,13,8,0,10,5,2
2023-11,66,118,5,10,1,44,55,25,9,17,0,4,0,17,22,101,273,8,2,58,10,8,12,0,7,17,6,21,0,72,19,4,8,11,23,0,6,6,62,6,30,4,24,20,1,1,18,165,11,27,6,6,1,5,2,4
2023-12,66,108,3,27,1,28,36,24,1,17,5,0,1,22,15,64,221,7,3,3,6,7,9,1,6,66,7,17,0,39,22,6,9,6,34,0,4,2,63,9,15,1,29,11,7,3,13,186,10,19,9,9,1,7,0,6
2024-01,66,131,12,11,4,28,41,45,1,52,1,1,0,15,13,71,226,7,2,19,6,34,5,1,17,66,9,16,2,37,31,6,18,6,24,1,6,4,48,5,55,7,17,7,23,1,12,192,10,22,11,51,1,31,0,0
2024-02,66,95,12,16,1,36,21,13,5,36,4,2,0,25,29,83,153,9,4,10,9,15,18,6,1,183,5,16,2,55,13,20,16,4,14,0,1,3,45,7,53,12,65,12,4,20,26,173,10,23,7,13,1,6,0,0
2024-03,66,116,2,24,8,38,24,7,9,20,10,6,4,28,21,98,175,8,2,12,13,5,20,12,5,89,5,24,4,50,20,7,19,15,40,0,5,12,36,5,74,13,22,15,13,1,24,87,8,10,8,38,1,6,0,0
2024-04,66,148,10,36,6,34,37,4,12,16,9,6,1,29,18,107,168,17,3,5,5,11,14,3,10,79,5,22,1,72,25,9,19,13,25,2,12,10,51,10,89,6,30,26,21,6,40,47,7,22,6,29,0,13,1,3
2024-05,66,110,13,25,11,36,48,24,7,17,5,0,0,30,32,131,269,14,3,12,9,2,20,7,13,87,4,22,3,128,45,12,33,16,31,0,2,3,33,8,107,3,21,65,72,550,50,20,15,22,6,32,1,14,33,9
2024-06,66,97,6,30,4,32,36,19,7,15,7,0,0,33,22,157,176,14,1,40,10,5,20,66,6,100,8,30,2,121,33,2,10,12,44,4,10,11,45,9,48,3,20,65,41,724,29,8,19,19,10,13,1,4,19,10
2024-07,66,90,7,23,4,53,42,20,2,14,16,1,0,28,29,144,148,10,3,28,14,5,14,40,10,50,12,19,3,86,37,5,194,8,27,2,5,7,42,9,111,23,33,173,237,28,74,12,17,19,10,10,1,10,22,7
2024-08,66,106,12,22,3,35,45,19,7,15,7,1,0,47,40,129,212,15,4,15,15,3,20,104,17,48,10,24,2,80,29,5,16,9,26,5,3,3,34,6,91,3,13,89,40,8,23,11,16,22,21,18,17,6,26,10
2024-09,66,126,10,19,3,47,47,4,5,10,6,5,2,47,28,124,168,8,1,8,12,2,16,4,7,45,4,28,7,113,32,1,9,7,18,2,1,7,38,4,48,5,15,43,30,14,27,9,11,20,8,9,4,4,9,6
2024-10,66,132,5,20,1,45,51,11,6,14,4,0,2,44,30,98,183,15,0,9,10,7,11,2,5,43,3,22,1,75,28,5,6,5,22,0,5,7,41,6,52,1,12,34,40,2,22,53,9,22,12,3,0,4,2,1
2024-11,66,95,11,10,2,33,39,7,4,16,1,1,7,26,18,80,273,5,1,16,11,3,11,1,10,39,2,18,1,26,19,1,7,4,20,0,0,4,50,5,61,3,46,9,17,1,8,75,10,16,11,11,0,8,0,5
2024-12,66,102,8,9,1,35,32,13,4,45,2,1,2,11,15,82,208,5,0,20,19,10,10,0,8,30,10,11,7,92,25,2,6,2,11,5,0,4,60,3,45,1,15,7,5,3,10,101,4,21,7,9,0,4,0,2
2025-01,66,135,8,13,2,33,29,23,2,46,4,1,3,14,23,79,166,10,2,24,7,25,8,1,27,40,13,9,4,25,10,1,9,6,16,1,7,6,43,2,48,6,30,3,5,2,8,92,5,18,15,21,0,12,0,1
2025-02,66,148,8,3,0,24,23,13,3,36,0,0,1,13,14,75,214,9,1,9,12,7,7,0,13,74,6,15,1,17,13,5,5,2,11,4,6,7,27,2,17,5,29,6,3,3,8,144,7,17,8,6,0,8,0,1
2025-03,66,101,8,19,6,39,32,15,5,22,10,3,1,16,34,95,261,11,6,7,8,4,6,28,4,73,5,16,3,102,19,5,24,8,35,0,7,9,25,8,77,4,59,24,27,1,31,240,8,11,16,16,1,24,0,0
2025-04,66,135,17,16,3,43,41,20,5,19,2,1,2,31,19,130,214,12,1,9,10,8,11,0,8,62,4,20,1,44,33,7,10,26,12,3,3,12,33,13,48,3,23,19,18,4,28,284,14,17,17,48,3,29,0,2
2025-05,66,149,6,29,2,28,38,20,14,14,10,2,2,23,30,110,154,15,3,9,10,3,11,21,4,136,3,19,5,65,27,7,8,6,10,2,4,7,47,10,63,5,22,68,79,7,39,47,12,20,8,6,0,10,9,4
2025-06,66,104,8,20,7,52,44,18,13,9,7,3,1,38,34,139,267,15,1,48,15,2,11,131,12,58,3,25,3,57,36,3,21,14,6,2,9,12,40,12,51,8,28,53,47,10,37,128,32,15,29,18,2,23,19,6
2025-07,66,121,11,23,9,67,60,32,16,26,16,3,1,41,62,176,169,18,7,105,11,10,20,111,16,56,14,26,5,135,49,8,51,11,12,0,2,1,54,11,53,11,24,111,207,7,65,53,17,28,20,73,2,637,33,10
2025-08,66,103,14,24,11,77,71,44,8,25,10,3,5,40,61,179,159,25,10,36,10,5,25,30,9,59,14,27,3,77,46,14,99,11,14,2,1,4,37,14,41,8,29,82,78,6,47,80,19,14,29,88,2,2780,22,11
2025-09,66,106,12,11,2,53,42,24,5,21,12,4,17,43,63,132,170,26,4,18,6,1,6,5,5,36,3,31,1,57,50,10,25,4,13,1,3,5,31,8,32,0,21,26,32,5,36,15,18,21,30,8,0,177,11,7
2025-10,66,123,7,14,1,38,40,12,7,17,4,2,7,42,28,112,232,14,3,12,8,3,9,2,5,36,3,25,3,62,23,9,16,10,8,1,0,5,40,6,56,5,87,32,36,4,20,31,13,15,18,10,0,11,1,5
2025-11,66,145,38,6,4,38,27,7,2,8,3,3,23,19,29,63,199,2,2,9,2,0,7,0,10,25,5,21,2,41,20,7,11,5,10,3,4,10,47,5,43,3,31,23,10,0,17,94,14,11,15,2,0,10,0,12
2025-12,66,163,14,4,0,34,37,22,5,23,0,4,6,14,18,72,118,7,3,18,9,4,8,0,19,70,9,17,6,28,14,3,13,6,13,0,4,5,37,4,33,2,28,5,4,0,10,188,6,9,12,14,1,18,0,1
2019-01,67,6,23,1,0,22,8,14,0,0,0,0,0,0,0,0,0,1,0,0,0,0,2,0,1,8,4,0,1,0,0,1,3,15,0,0,0,0,4,0,17,0,3,0,0,0,4,2,13,0,26,0,0,1,0,0
2019-02,67,5,17,4,0,20,15,32,1,8,2,3,0,1,2,51,0,2,2,1,1,7,2,0,0,91,7,3,0,6,5,7,8,1,9,0,0,0,9,0,99,1,1,3,0,0,14,15,10,1,26,2,2,2,0,0
2019-03,67,15,44,7,0,18,32,4,3,56,12,3,1,9,27,93,5,7,2,1,9,6,9,15,0,140,22,6,4,74,32,9,10,4,44,0,0,7,33,7,130,9,26,19,10,0,31,38,40,17,22,12,1,10,0,1
2019-04,67,24,38,10,1,23,42,4,3,14,23,2,0,25,33,115,22,8,6,6,4,5,4,0,3,52,15,12,0,77,27,14,14,2,18,5,12,18,30,3,123,6,15,27,18,0,18,32,41,19,15,12,0,20,0,1
2019-05,67,17,32,14,4,31,44,8,5,23,54,5,0,29,25,130,14,6,5,4,12,7,6,0,10,110,14,16,4,93,46,7,25,5,58,0,9,10,27,4,154,6,18,38,9,1,22,41,51,18,9,25,1,30,769,1
2019-06,67,24,39,8,0,31,50,7,3,13,102,3,1,31,36,131,35,9,3,8,6,7,8,5,3,75,10,18,3,166,67,4,27,5,31,3,6,10,41,7,124,7,20,39,31,2,31,62,69,33,6,16,2,6,1203,4
2019-07,67,21,50,8,5,41,67,6,3,22,39,4,0,41,61,144,46,8,7,13,2,10,13,76,6,65,22,22,4,203,74,16,18,3,86,1,13,5,46,5,144,11,27,78,40,2,35,71,158,28,62,16,0,12,1492,5
2019-08,67,33,42,0,2,26,50,6,2,26,34,2,0,30,33,176,26,9,6,9,19,4,12,3,1,53,11,12,4,132,42,8,18,1,26,0,6,4,24,1,118,1,12,102,38,2,33,161,52,24,82,3,1,3,1252,4
2019-09,67,19,42,7,4,25,49,10,0,18,17,0,0,18,42,127,31,9,5,4,6,9,5,0,6,47,23,22,9,124,30,16,32,5,94,0,23,17,39,2,106,3,19,66,13,3,15,55,44,23,35,9,1,5,1218,3
2019-10,67,18,42,10,2,21,58,13,1,12,11,4,0,19,30,123,45,6,4,4,5,11,6,0,6,80,11,26,7,119,15,21,11,5,55,0,8,7,24,6,155,2,24,59,20,0,17,32,39,28,15,5,2,10,1026,1
2019-11,67,30,24,4,0,22,33,10,1,11,8,1,1,9,27,86,57,4,1,7,5,4,5,1,9,18,11,14,2,71,10,2,7,2,84,5,6,9,32,1,85,3,20,43,8,0,13,11,31,16,14,2,0,3,792,1
2019-12,67,32,19,4,3,22,45,14,1,23,5,0,2,16,20,88,53,7,2,7,4,7,4,1,4,20,47,11,8,66,17,4,4,2,63,4,0,6,42,2,72,3,19,25,5,0,4,2,20,29,5,5,0,3,38,4
2020-01,67,29,27,7,2,33,39,15,1,25,6,16,4,18,14,95,41,5,4,8,9,11,9,0,7,47,12,16,8,61,12,5,15,4,27,0,2,3,41,1,83,1,16,30,5,1,10,5,28,15,1,12,1,25,0,0
2020-02,67,20,27,10,0,24,26,3,0,12,8,0,4,14,15,91,28,7,2,5,8,18,7,0,9,73,11,18,5,45,11,3,8,3,44,1,4,11,33,0,61,4,27,29,0,0,6,2,11,26,1,2,0,4,0,0
2020-03,67,15,22,54,3,28,29,7,16,2,15,5,2,31,29,120,43,6,1,6,10,2,10,0,6,114,25,25,4,70,24,0,12,2,21,0,4,6,23,2,106,6,22,37,9,0,12,5,29,26,2,2,1,8,0,2
2020-04,67,17,31,51,10,27,25,9,34,11,12,3,0,14,28,120,57,133,1,12,3,2,8,0,3,167,9,10,1,50,17,3,21,6,67,1,0,4,12,2,47,1,23,23,7,1,21,6,27,14,3,12,1,15,0,0
2020-05,67,19,19,4,6,29,28,12,28,11,58,2,1,28,25,144,42,8,2,20,4,2,10,1,1,63,10,17,6,89,34,9,51,4,84,0,3,1,25,8,84,5,27,32,9,1,27,31,32,22,3,37,0,34,179,4
2020-06,67,26,48,4,4,47,31,8,8,24,54,1,1,21,31,167,21,11,5,14,2,8,7,9,5,35,24,28,1,118,49,4,25,8,92,0,1,5,17,9,170,5,23,107,83,0,44,148,45,10,0,11,1,5,370,6
2020-07,67,49,45,10,0,35,49,13,12,13,39,3,0,25,40,198,40,14,5,76,2,5,3,22,4,17,22,16,3,138,64,9,13,6,74,3,3,9,25,16,118,4,27,78,58,1,27,116,33,22,5,13,1,12,2140,8
2020-08,67,73,22,8,1,27,34,12,15,8,33,2,0,27,54,135,52,6,4,11,11,10,7,15,5,38,13,17,0,129,55,2,17,11,32,1,4,9,21,6,118,8,15,157,114,3,31,102,58,20,3,5,0,6,1853,2
2020-09,67,91,18,2,7,35,35,3,8,21,28,3,1,30,52,134,65,6,1,7,8,16,2,4,4,24,15,14,0,287,33,15,211,5,24,0,0,2,20,6,102,4,13,157,37,0,17,86,40,11,2,6,2,7,1438,2
2020-10,67,67,12,4,0,23,34,10,14,11,14,1,4,14,25,109,38,3,3,6,9,3,9,1,6,12,8,18,4,149,29,1,8,8,67,0,1,5,21,8,67,4,10,86,28,0,23,20,23,12,7,2,0,10,820,1
2020-11,67,69,4,4,0,32,46,10,10,14,6,1,0,15,17,114,47,3,2,14,3,5,7,0,3,9,2,18,0,76,14,1,4,0,88,0,2,5,16,6,51,2,13,50,13,3,20,17,23,10,4,3,0,5,1,3
2020-12,67,52,9,7,1,27,23,16,7,8,6,0,2,12,13,125,67,1,1,31,6,8,5,1,6,41,38,12,1,73,29,0,15,1,20,0,7,3,12,2,36,5,11,20,5,0,7,5,14,14,11,0,0,9,0,1
2021-01,67,76,13,0,0,37,27,10,11,9,5,0,2,18,10,143,17,0,1,7,4,3,1,0,5,72,23,13,4,167,136,4,9,0,16,1,0,6,22,4,44,15,15,22,5,0,3,6,26,16,3,2,0,4,0,0
2021-02,67,48,1,2,3,15,35,40,7,10,2,0,0,7,6,68,31,3,1,126,5,33,0,1,8,42,26,5,2,22,16,3,4,1,13,0,1,5,21,1,24,7,7,0,1,1,2,8,11,5,3,0,1,12,0,0
2021-03,67,78,14,6,3,57,35,9,5,16,25,1,0,14,31,185,44,6,2,21,11,6,4,3,2,73,27,8,1,230,27,7,14,9,14,1,5,6,22,7,63,5,15,23,12,0,18,24,32,14,3,2,0,10,0,1
2021-04,67,112,18,12,1,32,49,2,7,17,32,2,0,21,38,154,56,7,2,16,8,8,5,1,3,54,9,21,1,108,51,7,21,11,29,0,3,8,27,10,32,15,26,39,9,3,35,30,26,15,13,4,1,9,0,3
2021-05,67,81,22,7,2,32,46,1,1,17,37,3,0,22,28,126,24,10,5,8,7,1,5,2,8,26,20,24,2,119,46,5,18,6,73,0,2,7,23,17,86,7,12,44,17,3,19,45,29,12,2,5,0,6,170,7
2021-06,67,60,25,6,5,35,57,23,8,17,52,2,1,39,29,141,22,10,4,10,12,3,4,6,4,15,29,13,3,154,40,9,32,9,24,0,0,2,10,12,103,11,47,75,69,2,35,98,47,15,0,25,1,13,700,7
2021-07,67,109,20,3,0,45,59,12,3,23,41,0,1,34,32,190,55,11,2,31,7,8,2,15,7,41,8,18,1,156,52,2,18,6,19,0,0,3,26,8,48,12,41,71,73,0,34,97,71,15,68,4,0,6,335,3
2021-08,67,87,28,5,1,34,48,8,1,18,32,2,0,31,31,131,33,4,7,11,10,7,6,33,2,19,10,21,4,157,46,15,15,4,23,0,2,6,18,8,91,12,28,158,80,2,40,80,49,20,23,5,0,7,978,4
2021-09,67,79,5,2,0,37,47,13,6,17,31,2,1,36,41,147,38,8,0,1,5,3,11,0,4,23,8,21,2,244,39,6,13,4,43,0,3,2,27,11,32,26,11,71,29,1,24,91,49,15,5,5,0,4,565,4
2021-10,67,59,11,8,1,35,48,15,2,15,18,1,1,30,31,110,36,7,3,4,5,3,8,0,19,37,6,21,3,132,37,6,10,3,59,0,2,3,33,8,82,16,17,66,50,0,17,29,38,17,8,5,1,6,0,1
2021-11,67,77,15,2,0,28,30,10,7,11,6,2,0,14,22,111,19,6,1,12,5,4,5,1,5,19,0,20,2,125,23,2,6,1,49,0,3,5,25,8,93,12,15,29,6,2,9,15,27,21,8,6,1,12,0,3
2021-12,67,76,14,2,0,29,29,3,2,13,7,2,1,15,25,97,7,1,8,47,3,4,8,0,6,20,4,6,2,67,18,6,5,3,75,0,1,0,21,1,47,2,9,35,35,1,16,13,22,19,1,0,0,4,0,5
2022-01,67,41,10,1,0,25,26,16,5,8,3,1,2,16,12,62,8,4,1,14,7,14,6,0,18,36,4,7,2,135,11,6,5,3,13,0,0,2,32,1,48,3,21,7,3,0,6,1,19,22,5,2,1,4,0,0
2022-02,67,33,5,2,3,17,25,6,0,12,1,5,1,5,18,67,9,4,5,18,15,6,5,1,4,93,7,6,3,23,16,2,9,2,12,1,0,3,40,4,58,3,19,15,0,0,6,0,12,18,0,11,1,16,0,0
2022-03,67,82,16,46,2,38,36,15,6,21,30,1,2,28,45,143,78,5,1,7,22,3,11,5,8,276,6,12,3,94,46,10,34,6,40,2,4,4,32,8,55,8,32,40,8,3,28,0,26,30,4,24,0,10,0,2
2022-04,67,48,7,8,0,25,39,13,5,12,22,1,2,6,41,94,35,9,2,6,18,1,7,1,7,79,13,18,1,79,19,20,25,11,7,1,5,3,39,8,61,9,79,57,10,2,21,13,21,40,3,10,1,5,3,0
2022-05,67,78,7,5,2,36,45,11,5,16,52,1,3,38,36,83,33,9,1,9,23,4,9,45,5,69,8,17,2,84,34,8,22,7,2,0,15,6,39,14,30,3,14,41,29,0,32,54,38,20,11,18,2,17,236,9
2022-06,67,69,27,3,1,43,45,8,1,12,54,1,0,34,43,132,26,11,6,20,21,4,14,34,2,153,12,22,2,116,37,8,11,3,6,0,5,2,38,20,50,8,14,89,57,9,40,76,54,34,7,9,1,6,232,10
2022-07,67,55,15,7,2,33,42,9,3,12,33,2,2,30,39,117,27,6,2,11,16,4,6,2,5,60,17,24,2,89,40,15,18,8,7,1,1,4,38,3,108,7,20,109,43,1,40,109,42,28,8,11,0,4,117,5
2022-08,67,72,13,7,4,33,30,16,2,17,65,0,1,28,50,116,46,14,2,2,15,2,10,0,5,31,10,20,2,112,39,3,8,13,6,1,2,3,27,5,73,5,14,83,32,0,29,52,31,23,19,10,1,8,126,9
2022-09,67,92,16,7,2,32,41,6,2,14,26,1,0,18,31,99,92,4,2,6,14,7,12,2,6,26,4,26,0,122,30,6,9,9,11,1,9,7,30,3,59,3,25,74,16,33,24,43,33,21,27,6,4,4,76,6
2022-10,67,66,10,1,0,21,32,22,1,17,5,2,1,16,38,63,16,5,8,3,14,2,10,1,2,22,10,13,0,75,16,5,14,4,13,4,13,6,46,7,51,2,12,85,16,1,19,33,33,39,7,4,1,8,19,3
2022-11,67,47,16,6,1,14,30,10,1,9,8,3,2,12,18,69,25,4,1,9,11,6,5,1,3,25,6,10,2,63,9,8,5,3,6,2,16,20,24,8,49,6,10,62,17,2,10,20,19,27,14,0,0,4,2,1
2022-12,67,55,3,2,0,30,32,22,3,12,3,0,0,18,36,54,20,0,4,8,9,27,3,0,4,6,6,8,4,36,8,0,2,1,13,1,6,8,41,6,24,6,22,28,5,1,6,5,18,16,8,6,1,10,1,0
2023-01,67,38,13,6,0,31,27,16,1,17,10,6,0,8,29,69,25,7,4,6,7,2,8,0,8,67,14,18,3,39,17,3,12,3,23,1,15,13,33,3,45,2,17,30,3,19,7,0,28,16,5,4,0,12,0,2
2023-02,67,28,11,3,2,24,38,8,1,15,15,2,0,13,20,83,33,4,0,5,17,9,14,0,6,65,12,14,2,35,12,4,7,3,12,2,7,7,50,2,78,6,24,49,9,0,12,23,15,17,10,6,2,9,0,0
2023-03,67,45,15,8,2,27,21,4,2,7,20,0,0,22,22,92,19,3,0,4,15,2,11,0,3,112,10,15,4,55,13,7,7,2,6,1,1,11,57,9,48,5,33,31,3,0,16,1,28,16,10,14,1,10,0,0
2023-04,67,57,24,11,0,39,37,9,2,10,39,0,1,23,37,100,31,17,4,2,10,3,9,0,1,43,3,12,4,53,9,2,12,8,1,0,10,4,32,8,41,6,32,33,19,3,24,2,31,23,2,5,1,5,3,6
2023-05,67,58,23,13,1,26,40,6,6,16,55,0,1,21,41,107,23,5,3,10,7,4,14,7,2,34,8,20,0,58,25,3,13,3,5,2,4,5,30,7,34,2,20,51,19,47,22,1,20,21,8,6,1,5,103,7
2023-06,67,53,9,9,3,31,35,5,2,12,34,1,0,28,34,110,27,4,3,12,10,4,9,1,6,43,6,14,3,63,23,7,10,7,5,0,2,4,40,18,21,10,23,62,33,3,55,3,47,24,10,8,2,8,95,6
2023-07,67,67,19,3,6,35,49,11,4,15,36,0,0,24,42,104,21,9,1,12,12,2,11,30,5,40,13,18,7,65,37,8,15,6,1,0,1,4,26,5,78,6,35,84,73,2,46,7,30,14,9,21,0,54,106,9
2023-08,67,60,12,4,2,38,32,13,4,18,37,1,0,35,46,128,32,8,7,12,6,7,3,17,8,39,17,34,2,77,51,7,3,8,10,1,3,3,40,8,59,7,21,87,47,151,29,16,45,27,11,12,0,10,156,13
2023-09,67,44,11,8,2,35,45,13,1,11,17,1,2,37,54,95,21,4,7,4,8,11,14,2,3,25,5,26,4,62,25,2,6,5,1,1,4,5,44,6,48,8,55,51,25,469,27,3,37,29,10,5,2,13,67,10
2023-10,67,35,12,10,0,36,24,9,6,10,15,2,0,28,28,91,19,6,0,9,14,2,9,0,4,30,14,27,2,65,21,4,8,7,3,3,5,9,56,10,46,7,29,53,31,720,21,17,23,39,9,13,1,5,42,3
2023-11,67,64,18,5,1,27,26,10,0,7,8,1,0,19,44,92,15,4,0,48,6,2,11,1,14,24,4,24,2,61,11,0,6,3,4,4,2,6,45,20,20,6,45,37,8,466,10,11,16,32,9,2,1,3,8,6
2023-12,67,54,8,8,0,35,29,10,1,8,13,1,1,30,28,78,17,6,3,5,16,6,8,1,9,34,5,12,2,40,15,0,8,2,0,0,1,4,31,7,13,5,26,13,5,560,11,1,17,19,12,7,1,6,0,0
2024-01,67,57,9,9,2,42,42,28,2,23,9,3,0,24,13,73,24,13,4,8,12,30,3,0,7,65,10,11,0,34,8,3,10,3,12,2,10,9,41,5,38,9,39,52,14,1,11,0,15,13,9,19,0,21,0,0
2024-02,67,45,7,3,1,35,17,16,2,19,30,4,1,28,22,83,32,9,1,5,8,6,7,0,4,74,9,20,1,147,12,13,18,4,3,1,9,13,45,16,27,2,14,44,8,27,28,24,11,40,6,12,2,4,0,1
2024-03,67,66,3,4,3,35,28,11,1,21,15,0,1,22,36,86,35,3,3,10,9,8,12,1,8,49,9,24,6,38,14,2,17,4,6,2,2,3,47,4,60,5,23,46,16,21,27,73,33,33,8,14,0,7,0,3
2024-04,67,92,11,8,4,51,30,12,1,23,25,0,2,9,25,100,14,6,1,6,17,8,14,0,9,47,7,14,4,37,25,4,21,9,4,2,3,5,46,6,62,5,21,42,31,6,37,79,30,30,11,18,0,10,38,3
2024-05,67,83,10,11,4,25,33,7,6,12,66,2,1,26,31,103,63,12,6,9,15,3,15,2,4,44,1,14,1,159,27,10,16,6,4,3,4,8,50,7,41,10,31,79,58,25,48,54,48,20,4,23,1,8,332,8
2024-06,67,72,9,51,1,29,27,14,1,9,31,0,2,51,49,93,57,9,2,32,8,3,4,38,12,89,4,22,1,138,32,3,15,6,11,2,18,8,45,8,50,9,29,78,75,14,49,34,45,16,4,9,1,3,138,7
2024-07,67,65,10,9,4,47,37,9,4,8,39,1,0,55,36,120,52,3,2,28,15,2,7,17,7,27,10,34,4,48,26,7,114,6,7,2,5,8,38,7,79,7,56,135,239,6,57,36,50,30,6,4,0,9,72,8
2024-08,67,91,8,7,0,43,40,9,6,20,29,4,0,38,53,119,69,12,0,32,23,5,10,21,12,28,11,17,4,62,37,8,10,8,7,2,11,6,19,7,37,5,35,136,61,3,30,40,38,25,20,10,1,8,80,8
2024-09,67,75,11,4,2,36,27,12,5,15,26,2,0,50,38,107,19,9,4,5,20,8,20,2,5,15,9,19,0,73,23,1,7,5,0,0,12,10,41,12,31,5,14,76,40,4,26,9,29,27,14,2,0,7,56,3
2024-10,67,70,3,4,2,49,39,10,2,8,18,1,1,42,35,104,41,5,0,6,10,2,9,1,8,18,8,23,4,68,23,1,10,5,4,0,3,9,59,11,31,5,15,79,21,2,24,35,33,21,10,4,2,5,26,1
2024-11,67,61,8,0,2,26,26,7,2,12,10,1,0,32,19,72,24,8,0,6,11,8,9,0,7,10,6,34,3,141,15,0,10,3,5,0,10,9,59,9,29,5,32,20,19,8,21,10,29,27,12,10,0,2,0,3
2024-12,67,43,6,1,1,26,12,14,0,18,8,2,1,16,24,66,54,9,1,18,8,6,2,4,6,7,6,19,1,27,17,5,8,0,6,0,0,3,42,2,25,4,26,18,19,1,5,86,15,17,11,7,0,14,0,2
2025-01,67,54,9,3,0,34,35,25,2,18,2,1,2,21,23,70,78,0,1,14,6,30,4,0,20,10,7,16,0,21,9,0,4,3,8,0,5,6,37,3,30,2,32,14,3,1,6,98,13,17,16,6,0,13,0,2
2025-02,67,62,3,0,0,29,22,17,3,21,4,2,2,20,21,80,69,7,1,5,30,8,7,0,11,25,3,17,0,122,15,1,2,1,12,1,7,11,24,5,54,1,31,16,4,0,19,78,25,12,7,2,1,7,0,0
2025-03,67,62,10,9,3,22,27,7,7,15,29,0,1,46,36,84,39,8,3,11,21,7,5,1,8,62,5,21,1,42,23,12,12,5,11,0,2,5,43,6,45,1,46,48,26,14,23,53,32,22,14,17,1,18,0,4
2025-04,67,72,13,22,11,37,17,4,4,26,28,1,1,15,33,91,48,8,1,10,21,3,7,0,5,63,6,27,4,43,13,4,17,3,5,1,0,6,34,12,24,3,27,41,30,5,23,49,99,26,17,32,1,31,1,3
2025-05,67,90,4,9,3,23,22,8,3,14,34,1,0,26,51,82,59,12,2,3,7,4,7,0,3,57,3,29,4,137,18,2,6,4,8,2,4,6,37,6,25,11,15,81,62,2,26,55,28,19,13,4,0,8,66,6
2025-06,67,65,8,4,3,46,22,9,5,35,29,0,4,63,42,125,85,12,4,28,8,8,9,71,10,31,15,23,2,50,38,6,15,4,8,0,0,5,28,4,44,7,23,71,82,1,29,116,42,15,15,20,1,17,88,3
2025-07,67,97,8,6,7,49,40,7,6,83,37,0,0,46,52,165,69,10,3,44,8,10,7,35,7,70,15,31,1,67,41,10,34,6,7,1,34,17,48,15,50,7,69,123,199,2,49,76,55,17,29,58,0,74,127,8
2025-08,67,90,11,10,10,37,33,17,1,13,37,0,1,40,53,145,46,9,0,17,10,1,10,8,12,40,13,23,4,59,37,9,34,6,4,2,12,5,53,10,25,5,23,112,85,9,37,63,37,21,22,32,0,402,83,11
2025-09,67,77,28,6,4,42,17,17,2,10,20,0,0,43,63,116,53,8,5,11,6,6,6,0,5,39,11,28,3,78,52,5,6,4,15,1,3,5,42,18,22,8,20,78,44,0,25,8,29,21,19,5,0,23,56,14
2025-10,67,160,15,8,3,40,18,11,5,16,13,0,4,40,56,100,56,13,2,8,9,3,8,0,7,18,7,20,2,117,31,1,19,7,4,0,7,6,39,10,42,8,19,45,38,1,22,49,19,18,17,5,0,6,19,5
2025-11,67,86,4,1,0,29,26,12,1,9,7,1,2,27,42,84,38,5,2,8,16,1,11,0,10,3,3,23,1,44,12,1,9,3,1,0,10,4,48,3,18,5,20,40,14,1,10,97,16,12,6,3,1,5,0,7
2025-12,67,75,12,1,2,30,22,9,2,11,6,0,6,15,18,67,64,3,0,19,16,1,5,0,8,37,15,13,5,23,12,0,5,3,6,1,2,3,23,2,12,6,17,5,13,0,7,174,19,9,8,2,1,9,0,1
2019-01,68,5,8,0,0,7,1,18,0,0,0,1,0,0,0,0,0,1,0,0,0,0,1,0,2,6,3,0,2,0,0,0,5,18,4,0,0,0,9,0,11,0,2,0,0,3,0,2,12,0,11,0,0,0,0,0
2019-02,68,5,17,4,0,8,22,24,0,2,4,1,0,1,4,24,0,2,4,1,1,0,0,0,0,57,6,0,3,3,3,3,5,0,8,0,0,0,3,1,75,2,6,2,0,1,11,13,13,0,19,0,2,3,0,0
2019-03,68,15,23,5,1,9,23,12,0,6,21,1,0,14,27,43,10,3,1,2,4,15,6,4,3,81,8,12,4,38,33,13,8,0,5,2,6,14,17,5,142,1,15,6,4,4,15,20,31,16,9,11,1,9,0,3
2019-04,68,7,32,0,1,11,34,6,0,12,47,2,0,19,25,73,6,5,3,5,7,10,1,0,3,61,6,11,0,47,24,14,12,4,45,0,1,4,18,11,88,18,21,17,5,2,9,19,52,9,10,7,2,10,0,2
2019-05,68,18,36,3,0,9,37,12,1,9,42,3,0,10,17,63,15,4,0,2,7,6,11,0,2,67,14,16,0,60,15,11,25,3,12,0,2,10,25,9,94,3,10,26,9,6,24,34,34,17,4,23,0,13,579,4
2019-06,68,19,37,7,4,19,56,2,4,8,149,2,1,31,30,69,25,5,0,10,2,4,6,1,4,51,16,19,0,84,38,17,24,5,12,0,4,11,26,5,126,6,22,32,13,2,22,97,54,25,4,15,0,3,1098,7
2019-07,68,16,30,4,3,20,56,8,0,14,63,1,0,20,38,81,19,8,8,2,4,5,7,40,1,70,6,11,4,77,34,13,27,6,51,2,7,9,22,6,119,4,17,34,28,1,14,73,56,20,40,2,2,5,1472,3
2019-08,68,31,42,4,3,10,41,2,1,6,41,0,0,24,44,89,39,10,2,6,5,4,5,2,8,51,4,20,4,71,32,12,17,8,49,4,10,15,23,12,169,2,17,59,18,5,29,65,67,12,48,4,0,6,1459,3
2019-09,68,47,26,0,2,22,52,14,0,9,18,2,0,23,33,77,16,5,4,7,3,1,7,2,0,53,7,25,2,104,35,11,9,2,12,2,4,10,25,3,163,1,30,48,22,1,13,60,29,21,37,4,1,2,1507,3
2019-10,68,15,27,2,3,14,40,13,2,9,11,0,2,11,36,60,30,14,1,6,9,6,6,4,4,38,6,19,4,77,13,13,18,1,27,1,6,10,37,7,118,4,12,68,21,0,15,49,37,26,20,3,2,6,820,1
2019-11,68,13,29,1,1,17,36,15,1,12,1,2,7,4,47,48,32,7,0,4,5,5,3,2,3,26,8,14,1,40,11,8,9,1,30,1,12,12,38,4,74,4,12,34,10,0,6,9,20,21,8,1,0,6,764,5
2019-12,68,9,23,0,0,16,40,15,0,14,8,1,2,17,30,53,8,8,1,4,7,6,1,0,2,77,11,17,3,49,14,8,7,6,29,0,8,4,26,8,69,14,13,25,5,0,7,4,18,18,7,2,0,2,7,2
2020-01,68,20,13,0,6,12,53,7,4,14,5,1,6,12,24,50,16,9,1,3,4,1,2,0,3,27,7,8,5,59,17,6,7,5,19,0,0,4,21,8,55,11,51,11,9,0,3,2,19,23,7,6,0,3,0,0
2020-02,68,13,7,4,0,13,44,12,0,11,4,1,3,7,19,52,26,1,1,0,9,5,3,9,12,19,6,12,0,35,6,1,10,0,31,2,2,7,16,2,43,9,15,12,2,0,4,4,19,14,1,1,1,2,0,0
2020-03,68,17,16,2,0,15,41,19,7,9,15,5,3,18,37,55,16,5,3,6,4,5,6,0,1,51,8,23,3,58,12,11,20,4,20,3,2,6,22,0,36,0,14,16,4,2,6,10,25,23,7,4,0,2,0,2
2020-04,68,11,8,7,0,12,20,19,31,3,23,0,1,30,21,54,31,9,0,6,3,5,6,0,6,107,9,18,0,33,11,5,10,1,91,0,6,2,18,7,52,8,26,27,9,0,11,23,41,20,3,8,0,5,0,3
2020-05,68,19,24,4,4,22,34,11,12,5,68,1,0,18,20,69,34,5,1,10,6,0,12,0,2,31,14,16,3,74,15,12,18,4,16,1,2,2,13,13,92,9,32,28,12,3,25,34,30,9,2,20,1,19,147,2
2020-06,68,29,37,2,2,25,45,19,8,14,56,0,0,18,21,87,30,5,3,8,3,1,5,0,1,43,13,12,1,76,24,9,20,7,107,0,4,4,12,8,171,5,54,55,77,5,21,72,57,15,0,10,0,4,490,3
2020-07,68,44,24,3,2,23,47,12,8,4,23,0,0,12,28,92,30,7,3,20,5,7,7,21,0,28,12,16,2,95,48,9,23,4,46,0,24,35,19,14,78,8,48,88,46,4,27,87,58,25,8,6,1,11,2551,6
2020-08,68,62,19,7,1,11,44,14,9,5,13,1,0,18,39,72,29,5,1,7,6,4,9,4,3,34,10,18,2,80,24,8,10,2,82,1,2,8,24,15,71,17,28,90,83,5,25,47,27,22,3,3,1,4,1804,2
2020-09,68,50,35,0,0,18,30,8,6,25,38,2,0,30,35,77,26,5,1,4,8,7,5,9,2,6,16,15,3,101,21,5,9,6,27,1,3,6,15,6,70,3,22,88,33,1,21,45,31,17,8,3,1,1,1422,3
2020-10,68,27,20,5,1,19,45,16,4,10,13,0,2,9,22,81,15,7,3,6,14,1,7,1,2,23,14,19,1,105,21,0,5,2,21,1,3,7,13,4,57,5,14,37,14,0,5,26,25,18,5,3,2,1,486,1
2020-11,68,40,24,6,2,23,37,15,10,15,10,0,4,14,14,84,32,7,1,6,8,4,3,0,5,9,8,10,2,55,19,2,5,1,11,0,5,5,18,8,104,8,25,31,11,2,8,23,24,22,4,3,0,1,0,0
2020-12,68,44,12,2,0,21,31,14,6,16,10,1,2,7,18,81,41,1,1,18,1,9,9,0,3,33,7,10,0,61,21,2,5,1,13,3,7,4,23,5,33,13,16,19,6,0,4,7,12,12,12,2,1,8,0,0
2021-01,68,22,17,5,0,13,35,9,11,14,13,1,1,11,7,64,38,4,0,3,3,4,1,0,2,34,13,7,0,46,12,1,4,2,15,0,0,2,16,1,43,6,27,20,1,0,4,7,11,8,5,1,0,1,0,0
2021-02,68,27,10,0,1,10,51,25,3,6,2,0,0,10,6,45,17,8,4,92,11,34,2,0,5,23,16,4,2,18,13,3,5,1,10,0,2,3,20,1,13,7,18,2,1,1,4,3,14,8,1,2,1,9,0,1
2021-03,68,80,14,5,1,30,35,11,3,19,34,0,0,6,32,91,22,5,0,33,9,9,7,0,1,55,17,11,0,76,33,4,5,9,22,0,2,6,13,8,91,3,23,12,9,0,15,11,40,17,5,1,1,3,0,2
2021-04,68,48,11,4,1,26,37,16,3,10,28,1,0,12,31,115,41,10,0,11,15,2,8,1,1,73,9,9,4,72,39,5,11,5,12,1,3,10,24,17,67,8,20,30,4,41,18,22,34,13,17,1,0,1,0,2
2021-05,68,45,7,4,6,15,50,17,2,10,39,1,1,13,36,87,9,2,1,6,17,7,2,1,3,34,7,7,4,117,53,6,7,5,17,1,1,6,20,12,69,5,14,37,18,4,18,35,42,19,5,9,1,6,323,3
2021-06,68,52,14,1,3,20,58,14,2,7,31,3,0,22,37,94,26,6,3,15,7,3,2,1,6,29,11,28,3,142,45,11,12,8,24,0,4,9,20,10,45,6,25,49,64,1,27,73,60,9,1,17,1,8,1038,3
2021-07,68,85,22,4,2,21,46,10,2,8,22,0,5,22,26,103,35,9,3,11,6,5,9,1,4,41,9,19,2,131,23,13,17,3,26,2,0,2,19,15,108,11,45,70,26,1,17,52,51,15,19,3,0,4,363,3
2021-08,68,53,19,2,0,23,54,18,2,14,23,0,0,21,34,77,11,10,1,8,3,1,8,6,5,19,13,17,3,112,35,10,11,3,27,0,0,5,27,8,158,7,22,63,59,2,16,51,52,20,12,3,1,8,113,6
2021-09,68,40,13,0,1,14,50,24,7,11,17,3,1,24,34,80,14,2,3,8,6,2,7,0,2,19,11,22,2,106,26,7,6,2,11,1,4,5,22,3,74,7,12,52,16,2,13,29,34,32,4,2,0,2,441,1
2021-10,68,30,15,3,1,15,49,26,1,4,29,4,1,17,40,71,13,6,1,13,24,5,5,1,7,18,10,16,1,106,24,6,3,2,12,0,0,0,27,4,78,22,49,54,56,1,16,42,29,17,3,4,1,3,0,3
2021-11,68,36,14,7,1,16,48,22,0,5,10,1,1,11,20,65,24,2,1,7,10,11,4,0,2,44,14,18,1,97,22,3,10,3,35,0,4,11,29,12,96,3,6,34,12,2,8,12,19,21,3,0,0,4,0,4
2021-12,68,25,3,1,3,21,31,22,3,10,11,0,9,23,27,65,12,3,0,19,12,3,2,0,6,5,6,16,0,59,17,3,4,1,27,0,2,8,18,6,87,9,23,31,25,0,24,18,26,14,5,0,0,6,0,0
2022-01,68,22,2,0,1,11,44,27,2,13,2,1,3,7,9,57,6,2,0,9,5,15,2,1,5,48,5,16,1,23,9,7,7,3,24,1,1,1,30,3,53,11,22,2,6,0,3,1,10,13,3,1,0,8,0,1
2022-02,68,32,1,0,0,13,32,18,1,8,1,0,2,8,7,28,5,5,0,5,13,6,3,2,1,89,12,9,0,19,9,5,8,3,10,0,0,2,28,2,35,8,26,2,2,0,7,7,18,19,4,14,1,7,0,1
2022-03,68,28,4,4,0,17,37,18,0,6,35,3,2,14,41,78,31,7,2,6,40,5,8,1,4,126,11,8,1,77,23,12,15,2,23,0,3,9,24,14,81,5,27,22,10,1,22,3,36,26,2,16,1,7,0,2
2022-04,68,33,9,0,0,17,52,15,3,8,22,1,1,16,40,58,16,4,1,4,24,3,5,0,2,87,2,13,1,67,33,5,16,7,10,3,2,11,27,14,57,5,30,25,15,3,32,27,31,15,1,4,2,1,2,1
2022-05,68,57,14,4,2,15,46,15,2,10,42,2,0,24,36,63,22,6,2,5,16,6,10,7,2,77,12,18,1,62,25,7,17,6,7,2,2,2,35,11,55,10,50,38,9,6,11,40,36,20,14,18,0,7,217,5
2022-06,68,72,10,12,4,19,45,13,1,2,69,2,2,23,33,81,14,5,1,13,5,4,2,2,2,52,21,9,0,92,22,9,11,5,2,1,14,13,24,11,62,5,27,46,32,3,21,58,40,18,7,3,0,4,259,4
2022-07,68,56,22,15,5,17,77,20,1,4,41,3,2,51,29,57,22,13,0,7,6,2,6,23,4,88,12,23,0,94,38,16,15,4,4,1,7,10,23,5,90,9,78,50,42,1,21,54,44,19,5,8,1,6,116,5
2022-08,68,57,20,4,2,17,49,17,2,18,139,0,0,27,48,74,61,14,4,15,9,11,5,2,2,38,16,29,4,76,41,2,7,17,9,1,4,7,30,2,104,11,17,65,28,2,20,77,46,15,12,4,1,2,166,0
2022-09,68,43,20,0,2,11,45,17,0,7,29,2,0,26,42,53,55,7,7,11,13,18,5,14,4,21,16,14,0,92,19,5,5,12,10,1,5,7,32,5,62,4,7,54,9,49,12,49,40,11,12,3,3,5,71,5
2022-10,68,22,12,4,0,10,38,26,0,6,15,1,1,14,31,47,3,3,1,3,12,3,11,1,3,13,7,19,1,64,14,5,6,7,2,0,7,9,31,0,54,1,12,29,8,2,8,27,24,25,5,5,0,2,22,2
2022-11,68,30,7,9,0,6,40,19,0,6,9,0,1,17,42,40,9,4,1,7,23,9,6,0,3,9,11,9,0,38,9,7,5,6,3,1,3,11,21,10,25,4,11,40,18,154,11,12,26,10,3,1,0,5,6,0
2022-12,68,30,5,1,1,11,27,37,0,12,9,0,1,25,46,35,9,3,0,6,4,10,3,0,6,7,4,11,1,20,12,0,4,1,21,1,7,11,26,4,16,5,14,16,5,6,8,2,17,12,4,1,1,5,1,0
2023-01,68,34,2,2,1,18,34,29,1,7,24,0,1,13,45,54,14,6,2,6,8,9,7,0,5,61,10,11,2,21,16,12,8,3,5,0,6,20,26,8,26,8,11,23,3,13,1,0,24,19,5,4,0,2,0,0
2023-02,68,19,7,0,2,6,31,12,5,16,9,1,0,13,25,32,10,5,3,8,2,6,1,6,6,73,8,14,0,28,12,6,5,6,3,0,6,6,26,3,51,4,43,29,5,2,13,3,23,13,0,8,1,3,0,0
2023-03,68,29,10,3,0,12,45,16,0,15,21,2,0,11,48,59,11,8,1,6,12,7,5,1,1,60,1,9,0,39,19,9,13,8,5,0,3,6,33,12,27,9,13,44,4,0,14,0,30,23,6,8,0,3,0,0
2023-04,68,29,9,6,1,17,39,14,2,11,43,3,0,16,62,63,35,15,2,8,5,3,9,1,7,36,3,14,1,55,19,5,10,6,2,2,6,13,22,18,26,2,10,28,7,2,21,54,24,7,1,5,1,6,2,3
2023-05,68,54,9,11,0,27,37,12,5,12,48,2,2,32,51,78,9,12,6,7,6,6,8,1,3,35,3,19,1,65,25,4,10,6,3,0,5,5,36,13,38,3,13,31,7,105,24,78,37,26,9,7,2,8,106,3
2023-06,68,40,15,8,0,30,32,7,3,16,27,2,1,26,32,104,14,13,2,13,19,4,3,4,5,39,4,17,0,37,17,8,10,4,6,0,2,8,23,14,19,4,24,31,30,0,32,78,25,15,2,7,0,6,105,6
2023-07,68,42,4,7,1,19,50,18,2,4,44,0,1,29,37,61,16,8,4,6,9,9,3,16,5,56,7,24,1,46,28,6,6,6,10,2,5,4,29,4,38,5,33,66,34,2,28,51,26,8,11,19,1,47,99,13
2023-08,68,56,21,8,0,23,45,15,2,13,40,0,1,16,33,77,34,13,2,6,4,5,5,7,3,62,2,22,1,53,24,5,10,7,13,0,15,19,37,9,46,9,12,69,50,4,24,72,50,13,5,6,0,7,119,5
2023-09,68,67,8,4,0,17,38,10,3,7,10,3,0,26,50,61,13,12,2,7,7,2,4,0,7,21,7,24,1,56,14,12,17,3,6,1,4,7,49,8,30,6,29,68,26,21,13,68,19,16,8,5,0,8,63,7
2023-10,68,50,18,4,1,18,45,20,2,12,6,0,0,39,37,57,13,6,2,2,13,3,7,11,4,38,4,15,0,52,18,8,7,3,6,0,0,5,35,9,72,5,39,59,11,7,18,38,17,19,6,2,1,2,28,2
2023-11,68,40,10,4,1,17,45,23,1,3,5,0,0,19,30,62,26,4,2,22,2,3,5,2,3,28,2,11,1,59,7,5,8,3,4,0,0,4,39,12,19,0,18,26,10,8,17,26,11,26,4,4,0,4,3,2
2023-12,68,32,7,1,0,15,31,21,3,10,10,3,3,26,24,47,16,3,1,5,4,11,5,0,6,28,3,23,0,27,12,4,14,0,8,0,3,4,46,10,51,10,27,23,1,122,9,48,16,19,4,6,2,3,0,2
2024-01,68,39,6,2,4,26,57,69,3,23,2,1,1,25,18,54,33,4,2,6,10,39,2,1,7,58,2,10,1,24,12,5,12,8,3,0,2,4,17,4,16,2,34,23,12,0,11,58,10,23,2,8,1,11,0,0
2024-02,68,45,5,5,1,30,34,27,5,13,29,1,1,20,30,66,29,6,1,4,7,5,9,0,2,71,7,11,5,20,20,18,13,9,12,1,3,4,42,8,41,15,54,26,20,1,8,0,23,27,4,10,2,4,0,0
2024-03,68,40,4,11,1,16,34,16,4,9,22,0,2,20,42,65,13,3,2,8,25,3,7,0,3,53,7,10,2,31,13,5,9,2,10,0,3,7,34,15,28,10,38,36,17,0,7,3,29,24,6,13,2,4,0,1
2024-04,68,50,10,0,3,25,49,12,2,7,36,2,0,18,29,78,24,5,6,5,8,0,9,1,6,53,1,21,1,39,14,8,14,7,7,0,5,16,40,12,67,9,49,47,19,4,27,0,20,28,5,18,0,8,16,2
2024-05,68,66,15,6,0,37,50,14,5,5,45,1,2,22,28,97,68,4,1,9,3,3,8,0,2,43,7,24,2,36,31,2,19,6,3,0,2,6,32,12,57,5,15,66,34,3,19,5,47,26,12,28,0,10,217,7
2024-06,68,33,2,1,0,18,84,15,3,4,33,0,0,32,27,66,42,7,1,13,9,7,10,39,4,58,5,21,2,35,38,6,9,3,10,0,1,8,26,8,39,6,32,71,43,13,30,4,29,19,3,10,0,6,97,4
2024-07,68,43,8,5,0,34,76,24,6,5,18,3,0,34,38,103,34,9,2,14,4,5,4,3,3,21,6,21,1,65,29,0,6,5,12,0,4,6,23,15,72,8,52,118,230,83,43,2,39,18,9,6,0,7,83,8
2024-08,68,49,7,8,0,20,52,14,4,6,21,2,0,38,33,77,54,7,1,10,14,1,8,26,7,19,4,12,1,74,18,10,4,5,7,2,2,9,25,12,37,7,43,95,56,4,26,46,30,11,7,7,0,5,68,2
2024-09,68,97,11,5,0,20,49,8,3,3,18,1,1,23,42,67,29,7,1,7,16,4,5,21,5,16,5,16,1,49,24,2,14,8,5,1,7,10,34,6,43,7,45,54,39,3,26,37,14,23,6,4,0,4,56,3
2024-10,68,61,8,3,1,27,40,14,3,13,26,0,2,27,41,66,21,5,2,6,7,7,3,2,7,23,5,14,0,47,13,3,8,4,3,0,0,11,30,4,46,6,26,41,28,8,18,7,20,18,10,2,3,8,17,2
2024-11,68,29,5,1,3,19,53,11,0,6,7,0,3,20,13,62,31,3,1,6,7,1,9,0,4,6,3,18,3,28,9,6,3,5,1,0,6,16,27,8,32,3,21,21,13,2,9,40,23,17,6,5,0,11,0,5
2024-12,68,50,8,1,0,8,47,16,1,13,8,0,0,9,15,41,12,0,1,10,12,3,5,1,15,3,7,11,0,19,17,2,4,2,3,0,1,4,46,5,49,2,25,14,12,1,7,63,26,8,7,5,0,7,0,1
2025-01,68,28,5,0,2,19,32,22,3,14,7,1,1,13,20,52,92,3,2,11,4,23,7,0,14,11,9,17,2,27,9,3,3,1,1,0,1,11,31,3,29,2,58,10,2,1,5,141,9,13,13,7,1,7,0,4
2025-02,68,61,6,0,0,12,49,15,1,11,8,4,0,19,33,48,41,2,1,7,5,10,7,1,7,31,6,9,2,17,9,3,11,2,5,1,12,14,38,1,39,6,20,3,8,0,3,124,9,6,4,3,0,4,0,0
2025-03,68,59,11,6,0,21,45,14,3,9,28,1,4,30,21,65,14,4,2,10,5,6,3,0,4,81,4,15,2,21,19,3,7,6,8,0,1,6,29,11,47,3,39,29,19,2,13,55,31,12,16,9,1,9,0,2
2025-04,68,66,9,6,3,15,57,12,4,12,45,1,2,26,48,72,57,9,0,7,4,2,3,2,8,36,12,33,0,36,22,5,16,6,12,0,6,3,41,11,22,6,23,43,17,1,18,23,65,15,11,20,0,13,5,1
2025-05,68,50,12,5,0,18,36,13,6,7,33,1,0,33,29,86,34,11,2,5,2,2,14,6,1,15,9,20,2,43,17,4,6,4,6,0,2,7,22,8,61,3,26,71,53,20,25,0,18,16,9,5,1,6,64,3
2025-06,68,49,4,5,1,20,46,14,0,5,35,2,2,28,40,72,42,15,2,8,6,10,4,25,8,24,8,19,2,42,26,4,10,1,3,1,8,5,42,3,45,6,37,59,51,11,25,5,25,29,7,24,0,8,78,3
2025-07,68,81,5,5,4,23,53,19,4,7,30,0,0,39,34,96,25,7,1,22,2,8,6,37,9,37,9,30,1,50,38,3,18,7,8,0,10,5,29,6,41,4,61,66,113,4,29,24,17,13,9,14,0,15,110,7
2025-08,68,57,8,2,3,18,41,18,2,9,19,0,2,30,49,84,43,13,0,12,5,5,8,2,6,25,11,27,1,45,18,9,19,3,8,2,5,10,56,11,53,10,50,71,72,44,35,17,35,22,4,27,0,111,76,1
2025-09,68,32,8,1,0,19,52,21,4,15,25,0,1,31,44,61,41,14,1,1,9,0,5,0,4,13,12,29,3,61,20,5,12,8,1,0,0,2,38,8,20,8,33,69,34,2,21,19,28,9,4,1,1,19,42,1
2025-10,68,72,20,2,2,21,58,27,5,13,14,0,3,32,40,68,29,9,1,5,4,2,8,0,6,17,5,19,4,44,13,1,9,6,9,0,5,6,45,2,25,5,33,32,17,3,19,19,18,18,16,2,0,3,18,2
2025-11,68,48,2,2,0,26,44,11,1,6,10,0,1,27,29,65,20,6,3,7,8,5,2,0,7,9,5,18,2,30,7,3,5,2,3,1,0,5,37,9,11,3,29,19,17,2,10,37,15,23,19,1,0,3,0,1
2025-12,68,38,5,1,2,12,51,27,1,9,3,0,8,9,12,51,34,1,1,7,5,8,4,4,3,34,12,8,1,11,4,2,3,3,3,0,3,2,26,1,16,2,26,9,6,0,4,2,15,11,17,1,0,6,0,0
2019-01,69,3,24,3,0,15,0,19,1,0,0,1,0,0,0,0,0,0,0,0,0,0,2,0,4,4,7,0,7,0,0,1,2,67,10,0,0,0,5,0,19,0,3,0,0,2,5,12,9,0,26,3,0,2,0,0
2019-02,69,12,31,4,3,15,30,51,0,4,5,7,0,3,3,33,0,4,2,2,4,2,1,1,0,91,5,0,6,4,5,1,9,10,5,0,0,2,7,1,142,2,6,4,0,1,12,15,9,0,22,2,2,1,0,1
2019-03,69,24,44,6,1,14,38,20,0,9,18,3,1,21,17,61,7,3,0,6,15,12,5,11,2,132,13,15,5,28,30,11,14,7,35,2,8,3,23,12,187,4,58,24,12,0,21,34,34,13,40,10,3,10,0,1
2019-04,69,26,54,10,1,17,47,16,2,12,28,2,0,24,25,100,4,12,2,5,11,14,1,11,1,83,11,19,5,30,34,13,15,5,41,3,21,14,18,7,152,6,43,36,6,1,23,44,29,15,33,24,3,12,0,3
2019-05,69,49,65,6,12,26,58,15,3,17,26,1,1,15,31,107,9,20,0,20,6,7,14,3,4,94,11,16,2,30,49,23,48,17,69,4,4,11,22,8,141,7,56,32,10,4,27,63,37,12,12,53,1,44,219,6
2019-06,69,32,51,7,4,19,63,37,3,20,31,3,0,35,44,90,4,15,0,12,12,4,13,1,3,105,18,20,9,63,63,16,38,12,8,2,1,5,25,12,124,8,46,48,40,1,17,89,34,13,14,36,2,14,342,6
2019-07,69,47,52,7,2,24,79,19,2,24,16,3,0,36,28,102,15,7,2,14,11,7,3,8,3,67,10,25,6,29,62,11,27,6,34,0,7,4,27,7,210,6,44,84,31,4,34,95,40,20,91,25,2,6,562,9
2019-08,69,32,81,5,1,20,65,14,2,13,15,4,0,51,26,96,16,18,2,9,4,6,0,0,6,81,8,23,6,45,44,8,13,12,22,1,0,5,21,18,198,3,31,71,20,3,43,74,44,8,38,7,1,2,497,6
2019-09,69,36,55,9,2,9,47,16,1,14,21,0,1,44,42,81,8,11,2,6,8,4,3,1,3,87,4,31,4,72,43,11,10,10,30,0,4,4,28,6,195,6,20,53,22,4,27,77,21,22,109,17,0,13,313,6
2019-10,69,42,53,10,2,22,54,20,1,18,5,2,1,20,39,65,7,10,5,10,6,7,5,5,1,39,3,13,5,54,33,9,13,1,32,0,8,8,25,11,312,11,19,48,29,0,16,39,27,20,28,9,1,10,198,1
2019-11,69,52,54,5,0,13,46,20,2,12,5,2,0,27,36,53,6,8,3,24,8,20,5,2,5,14,3,18,6,41,22,5,8,1,31,0,2,2,30,4,173,8,13,24,31,0,14,10,22,23,8,4,1,2,259,1
2019-12,69,31,56,0,1,22,36,11,3,16,2,2,0,20,28,67,1,5,2,19,4,3,4,0,4,14,7,13,9,16,13,3,11,1,24,0,0,4,21,9,178,7,31,14,5,2,10,11,18,10,8,6,0,3,0,3
2020-01,69,41,49,2,0,23,33,10,0,22,3,1,7,24,20,65,7,4,1,7,12,5,0,0,6,27,10,14,7,25,17,6,12,10,61,2,4,4,33,2,152,5,89,21,10,0,11,7,24,18,16,7,3,17,0,1
2020-02,69,26,33,4,0,18,32,13,2,8,11,2,3,26,33,72,12,11,0,7,8,6,3,0,2,32,5,11,6,14,20,6,6,2,33,0,3,0,26,2,107,7,45,25,1,1,10,6,14,14,7,4,0,3,0,0
2020-03,69,17,30,5,5,18,37,9,25,9,6,4,1,25,21,77,6,11,2,14,13,1,4,0,7,71,10,12,3,29,37,11,20,3,24,0,1,6,29,9,75,8,45,15,3,0,14,16,20,15,10,11,0,12,0,2
2020-04,69,44,13,3,0,16,23,14,62,11,8,5,0,15,19,85,9,12,3,6,6,5,2,0,0,51,17,16,6,28,19,4,22,4,34,3,2,12,11,4,45,4,22,27,4,0,14,26,15,18,2,10,0,14,0,4
2020-05,69,83,35,7,5,27,40,16,40,6,23,3,0,42,27,131,13,7,0,20,9,0,10,0,2,55,20,15,2,57,53,9,31,15,24,0,0,3,22,8,62,1,33,41,3,1,26,43,35,7,6,34,0,50,55,13
2020-06,69,92,59,5,2,33,66,14,17,10,27,3,1,53,30,135,11,14,2,23,18,20,3,38,1,43,19,17,5,43,49,5,38,11,95,3,6,15,20,12,182,15,63,76,70,0,20,85,41,23,3,24,1,16,165,8
2020-07,69,72,42,8,1,31,62,20,27,12,22,4,2,31,41,136,19,18,3,43,8,4,8,13,4,32,34,15,8,51,57,9,31,9,59,0,0,5,19,8,89,4,216,64,42,0,31,95,36,9,4,21,4,12,910,10
2020-08,69,109,43,2,4,32,48,20,25,9,18,1,0,23,39,142,6,25,5,18,15,8,7,3,5,33,16,29,8,48,66,7,15,11,37,1,0,0,31,20,155,6,58,158,99,0,29,67,41,28,5,8,2,15,573,9
2020-09,69,75,41,4,2,23,38,22,15,13,19,2,1,27,42,119,4,13,3,19,7,7,8,2,4,20,19,16,3,62,42,7,15,6,62,2,5,10,34,10,55,5,21,113,50,5,22,66,25,37,6,7,2,8,204,9
2020-10,69,74,45,5,0,19,51,25,11,8,19,1,1,16,33,98,5,8,0,8,5,4,6,2,1,11,20,9,3,66,36,3,12,7,21,1,2,6,22,6,176,16,41,88,9,0,20,43,33,17,4,7,3,7,94,5
2020-11,69,61,54,2,1,25,56,25,24,15,10,0,2,29,23,83,11,5,2,27,2,6,2,1,2,25,23,17,0,44,21,3,11,4,35,0,0,1,13,9,110,10,30,33,3,0,13,18,21,17,3,2,1,9,0,5
2020-12,69,51,29,1,1,25,36,26,13,21,15,2,1,15,38,81,6,11,6,23,5,8,3,2,4,14,23,10,0,30,39,3,11,4,37,1,3,7,22,11,78,7,45,17,1,0,5,6,23,7,7,6,1,4,0,4
2021-01,69,76,36,8,0,25,42,15,14,6,5,1,1,17,20,73,9,13,2,11,4,3,5,1,6,62,18,8,3,24,23,4,3,6,28,0,0,4,17,2,63,5,61,26,5,1,5,1,11,15,6,0,1,8,0,1
2021-02,69,66,8,1,1,15,88,49,4,13,1,1,3,15,11,47,3,10,5,67,3,37,3,2,4,20,12,9,6,21,27,6,5,2,23,1,3,6,13,3,35,8,38,1,4,0,6,3,4,4,3,0,0,5,0,0
2021-03,69,112,22,5,2,25,76,32,16,22,13,2,2,19,36,130,23,14,0,30,2,7,15,1,2,65,22,18,5,42,40,5,16,11,50,0,6,4,21,28,128,11,26,15,16,0,24,29,28,24,3,3,1,18,0,0
2021-04,69,110,18,3,1,33,43,29,6,7,16,4,1,22,26,112,12,10,2,13,7,9,2,1,5,47,11,23,4,23,41,5,13,11,38,1,4,12,34,23,63,10,20,41,11,2,19,40,20,20,9,2,2,4,0,2
2021-05,69,115,21,9,1,24,41,16,5,12,30,1,1,28,24,84,10,14,2,9,10,4,1,0,5,28,15,21,8,57,45,6,14,8,12,0,1,0,30,16,143,10,123,34,32,1,28,54,17,19,1,1,3,0,75,10
2021-06,69,100,22,5,6,35,49,18,8,5,33,1,0,38,29,131,9,14,1,12,7,4,9,4,3,23,27,7,10,48,51,5,39,12,37,0,2,7,18,14,48,8,50,59,80,2,36,106,32,26,9,26,0,16,184,8
2021-07,69,108,23,6,1,36,56,26,4,14,26,3,0,36,22,108,12,13,0,22,5,10,5,4,4,45,13,24,5,68,59,12,16,13,28,2,0,4,43,17,118,5,40,92,42,3,40,110,28,19,51,9,1,13,122,8
2021-08,69,84,28,2,0,21,73,25,5,17,18,4,1,51,24,98,1,17,0,15,8,10,3,3,8,40,9,25,6,54,39,13,8,10,24,0,5,10,26,17,85,4,47,90,30,0,34,124,11,13,23,2,1,5,45,5
2021-09,69,73,17,9,0,24,58,21,9,16,8,2,0,52,28,88,6,18,2,11,5,12,4,9,4,36,8,17,8,69,37,6,17,7,32,1,5,2,20,14,33,5,23,52,23,3,17,63,27,13,10,3,0,4,122,5
2021-10,69,91,8,6,2,15,62,27,6,11,16,4,0,21,22,59,5,18,2,8,14,2,3,4,5,13,4,24,3,81,30,8,12,15,43,0,1,1,36,14,76,6,76,55,62,1,16,41,20,17,8,13,1,9,0,4
2021-11,69,67,10,9,0,14,40,21,4,14,8,3,0,28,29,71,10,9,4,9,3,12,7,3,3,24,3,14,4,48,14,6,9,8,45,1,0,4,31,8,94,7,10,32,12,3,12,21,8,34,2,5,2,11,0,4
2021-12,69,69,13,3,0,17,47,32,10,11,5,8,1,9,19,63,7,13,3,23,8,1,7,1,3,9,3,10,4,29,17,1,10,7,38,0,2,1,44,8,22,11,18,24,19,0,8,6,23,20,1,6,1,10,0,5
2022-01,69,66,3,0,1,9,65,57,7,16,2,2,2,11,18,45,20,9,0,12,7,29,7,11,2,27,7,15,3,19,18,10,14,6,61,0,0,2,35,6,35,2,18,8,1,0,7,1,15,12,2,0,0,5,0,0
2022-02,69,49,8,3,1,16,40,40,4,26,6,2,0,5,14,55,16,3,1,8,3,15,10,14,2,33,6,7,2,23,16,3,12,1,39,0,1,4,42,6,39,13,32,4,1,3,19,0,11,19,2,24,0,23,0,1
2022-03,69,84,16,6,1,14,47,23,7,8,27,2,0,24,33,51,24,9,2,22,16,7,5,2,2,110,4,26,8,37,18,2,12,12,54,3,5,6,27,13,40,4,24,19,10,3,22,0,23,17,2,17,1,7,0,0
2022-04,69,60,11,14,2,18,49,24,6,8,14,1,1,51,23,74,7,7,3,9,20,5,5,0,4,107,3,17,9,46,30,13,23,9,7,1,3,6,38,5,45,5,21,23,17,5,25,29,29,15,2,11,1,9,1,0
2022-05,69,64,14,9,0,29,62,21,7,14,33,7,0,39,31,75,2,7,2,10,6,15,10,2,7,64,7,27,5,50,26,4,10,12,7,0,3,4,37,10,74,5,17,29,21,2,17,55,33,30,16,13,0,7,59,8
2022-06,69,71,21,9,2,18,49,12,3,11,20,3,4,20,25,82,19,12,1,13,2,2,7,2,3,70,11,16,5,66,39,6,12,20,11,1,7,12,27,15,77,3,20,60,39,10,38,102,34,29,8,9,0,14,76,7
2022-07,69,69,34,8,3,14,70,29,8,17,5,2,0,27,30,85,10,24,1,13,6,12,7,3,3,43,13,11,4,59,37,6,14,14,7,1,10,11,40,13,101,7,43,67,37,2,23,74,21,11,6,20,3,24,33,3
2022-08,69,50,17,5,1,22,75,21,3,16,39,2,2,44,36,80,8,15,4,18,6,6,15,0,2,34,21,15,1,65,38,5,8,7,9,2,9,7,23,14,201,13,36,93,39,8,29,65,42,28,16,12,0,8,46,10
2022-09,69,94,25,3,2,34,48,21,2,10,9,1,0,31,17,69,5,11,1,12,6,7,10,1,1,28,11,14,6,59,29,5,13,20,4,5,28,13,29,7,165,2,22,71,22,44,15,37,23,15,16,2,0,6,32,8
2022-10,69,47,20,2,0,14,43,24,5,5,3,3,0,26,16,64,2,6,4,7,9,3,3,1,2,13,13,22,1,63,14,0,11,5,10,1,22,11,25,8,108,12,39,40,25,26,22,41,18,11,6,4,1,4,9,4
2022-11,69,66,15,7,0,14,44,18,0,9,7,3,1,28,10,48,4,4,2,13,5,2,2,0,3,9,15,8,3,35,8,4,9,3,3,2,14,6,23,10,87,3,19,21,25,100,13,19,13,17,10,3,0,6,0,8
2022-12,69,42,9,1,1,16,62,59,3,18,0,2,0,11,7,63,2,5,5,8,6,40,1,4,1,16,7,10,6,35,20,2,6,3,11,1,8,13,24,7,56,4,12,14,1,5,7,5,6,12,2,2,0,9,1,8
2023-01,69,96,17,3,2,16,43,29,9,24,9,2,0,23,16,50,0,9,0,8,6,12,7,2,3,37,4,13,3,33,25,3,9,7,4,2,12,9,24,15,103,5,54,4,2,5,4,1,12,15,4,4,2,20,0,1
2023-02,69,56,8,1,5,21,32,19,2,13,11,0,0,15,31,62,7,13,1,5,2,3,11,0,2,74,6,16,4,34,23,4,17,8,10,0,8,5,21,6,78,8,41,19,17,18,11,0,12,13,7,20,0,22,0,1
2023-03,69,66,22,3,4,21,40,11,2,13,17,1,0,25,24,66,9,6,3,13,3,3,8,0,3,67,13,20,2,32,24,2,24,6,10,2,3,11,22,18,30,14,35,14,12,3,19,1,25,16,2,11,0,9,0,4
2023-04,69,69,13,4,0,26,40,13,6,1,12,4,2,24,25,78,37,11,0,13,5,0,7,2,2,49,1,17,4,33,13,1,10,8,7,4,10,15,29,24,27,10,60,27,42,1,38,75,23,16,4,14,2,5,2,0
2023-05,69,69,7,3,4,19,43,21,7,12,18,7,1,47,22,74,8,24,3,9,3,2,7,1,5,43,6,24,9,37,30,8,13,14,19,0,5,7,41,21,35,10,35,37,12,10,23,79,29,21,4,6,1,5,30,5
2023-06,69,53,9,5,2,26,45,39,10,8,32,1,0,35,34,78,7,17,2,11,9,14,7,2,5,33,10,19,4,50,44,5,9,15,22,3,4,13,20,17,64,8,29,41,27,8,35,45,24,8,13,14,0,5,44,3
2023-07,69,66,13,8,8,26,61,14,1,18,14,4,1,37,30,89,16,12,4,13,5,13,8,3,1,17,4,24,4,64,27,3,26,13,4,0,5,11,40,18,50,6,21,103,85,3,37,110,26,21,8,40,4,134,36,6
2023-08,69,54,10,2,5,33,49,32,5,10,12,3,8,42,27,104,7,18,1,8,4,2,8,0,6,42,4,23,7,61,48,4,17,15,13,2,4,12,42,29,78,3,19,104,36,201,35,58,28,17,12,9,0,10,31,6
2023-09,69,65,5,5,3,20,51,22,3,10,4,3,0,47,24,65,9,9,4,9,7,5,7,6,7,29,8,20,4,54,36,2,10,13,10,1,12,11,40,17,52,3,29,68,20,0,26,63,30,10,8,17,0,10,19,10
2023-10,69,68,12,4,0,17,63,25,8,15,5,3,1,26,35,54,11,14,2,4,5,7,2,0,5,30,7,20,3,52,14,11,18,3,11,0,5,7,28,14,35,6,41,52,17,1,23,88,30,20,7,7,3,4,10,1
2023-11,69,43,14,4,0,34,54,30,2,9,4,0,1,24,16,79,1,17,2,38,7,3,12,3,7,15,4,18,2,41,13,1,9,2,11,1,2,5,48,7,25,6,25,36,2,9,9,40,11,15,15,4,1,6,4,4
2023-12,69,48,18,4,0,11,51,25,3,15,2,2,0,26,21,58,7,8,3,7,4,3,5,2,8,31,7,20,2,35,10,3,11,4,11,4,0,1,56,10,42,4,30,17,7,62,12,10,15,27,5,10,1,8,0,3
2024-01,69,50,6,3,2,15,67,64,1,27,3,4,1,14,15,52,19,18,0,7,6,30,6,1,7,60,3,15,0,20,19,6,17,3,13,0,0,1,27,8,19,7,59,8,4,2,13,2,16,9,8,22,1,16,0,0
2024-02,69,63,21,7,1,12,33,23,0,22,16,4,5,35,29,44,9,12,2,11,9,4,13,3,6,75,2,20,2,17,23,7,10,4,8,3,5,9,43,49,31,6,36,31,12,0,12,0,19,18,6,3,2,14,0,4
2024-03,69,66,6,7,2,16,46,20,1,7,17,3,2,28,37,62,8,5,4,11,11,6,5,1,4,85,2,13,4,22,34,8,7,7,16,2,9,9,48,6,36,14,29,31,13,3,25,2,22,17,8,26,1,7,0,3
2024-04,69,70,5,9,2,54,40,23,4,14,7,1,0,30,32,63,26,23,4,9,10,3,5,1,3,53,4,24,4,45,31,10,14,4,13,1,3,11,39,19,31,4,24,38,21,8,24,0,26,30,6,26,2,11,5,4
2024-05,69,58,7,11,6,28,61,33,2,9,13,6,1,41,30,82,40,19,3,11,10,5,9,0,4,88,11,28,8,27,36,2,40,16,9,0,5,7,32,16,87,11,18,57,55,2,46,5,34,30,5,68,0,27,64,6
2024-06,69,57,6,3,4,24,53,21,4,15,16,6,1,41,30,79,21,26,0,25,4,4,10,11,5,64,4,27,5,34,47,9,18,6,8,1,6,2,43,19,81,1,50,59,40,2,26,16,29,18,6,9,1,7,35,10
2024-07,69,95,8,4,4,25,63,18,7,7,8,2,2,60,37,81,38,25,2,29,5,0,3,3,1,40,4,15,1,51,56,6,9,5,7,2,23,11,35,22,76,11,41,128,164,109,38,8,26,17,5,7,0,9,51,8
2024-08,69,90,7,8,3,27,46,26,7,15,11,3,1,59,42,82,4,10,3,6,8,3,7,6,9,23,7,21,3,40,47,5,10,6,11,0,12,6,39,9,82,5,50,90,56,8,32,6,30,23,13,9,1,9,53,13
2024-09,69,95,14,3,2,16,50,30,0,10,18,1,0,42,42,71,7,17,1,5,4,5,5,2,5,20,7,20,3,49,41,6,17,9,9,0,6,6,26,11,87,4,37,56,29,12,22,8,16,10,3,9,2,8,30,5
2024-10,69,79,15,2,1,22,29,26,7,22,12,2,1,39,39,64,25,16,1,16,6,6,5,1,6,29,3,23,3,51,34,3,14,9,10,1,4,6,47,12,93,5,74,54,36,9,19,8,17,18,7,4,0,10,6,8
2024-11,69,63,5,5,0,24,22,13,4,3,8,2,0,20,24,63,9,5,2,16,2,6,5,1,10,10,4,22,7,24,12,6,10,2,10,1,8,12,20,7,66,7,27,15,13,2,14,43,6,4,4,3,0,11,0,3
2024-12,69,69,7,0,1,17,41,27,4,16,4,1,0,16,24,69,21,8,3,12,6,2,4,1,5,13,3,10,6,26,19,2,3,1,6,0,0,0,36,8,67,5,37,10,10,0,9,25,28,9,7,3,1,10,0,3
2025-01,69,71,5,1,1,9,56,52,26,26,7,1,1,24,17,49,16,5,4,23,1,30,3,5,4,17,9,17,4,8,17,3,7,2,3,1,5,9,22,9,81,2,42,4,3,0,5,49,11,10,15,14,1,12,0,1
2025-02,69,106,7,3,0,14,40,25,3,14,3,0,3,18,18,32,13,3,1,9,4,16,3,18,9,36,0,16,5,8,17,1,4,2,7,1,2,6,30,5,36,3,26,5,2,1,12,105,13,12,14,1,0,16,0,1
2025-03,69,82,10,4,0,29,20,15,6,16,8,3,2,33,36,84,8,14,2,13,9,2,9,0,5,56,1,14,1,28,23,10,10,4,19,0,3,3,26,16,95,4,73,36,25,1,27,119,17,17,32,15,1,23,0,0
2025-04,69,78,3,12,4,33,38,21,6,14,8,2,4,26,31,80,64,20,5,13,7,5,8,2,5,52,10,11,4,25,16,12,19,20,26,0,2,5,30,13,79,4,46,32,25,2,28,52,21,19,25,36,1,16,1,4
2025-05,69,81,5,2,0,20,49,45,1,6,19,2,3,43,34,83,26,8,4,9,5,2,6,0,3,58,9,34,4,39,19,2,6,15,4,0,5,6,40,10,84,5,44,96,216,3,28,9,28,15,10,6,0,5,17,10
2025-06,69,69,2,2,4,32,41,19,4,11,11,1,0,51,24,85,17,15,3,31,2,0,11,13,8,32,17,18,5,23,36,25,20,9,14,0,2,3,47,15,72,2,28,70,78,0,51,24,25,22,13,44,0,10,49,12
2025-07,69,67,5,8,1,23,57,19,2,10,10,1,1,46,33,91,9,18,4,36,2,6,8,11,8,33,15,17,12,69,47,4,10,7,17,2,2,3,54,14,72,7,33,100,148,7,48,6,24,15,5,15,0,24,71,7
2025-08,69,84,15,6,10,22,63,34,9,11,11,5,0,50,56,91,24,18,7,31,10,8,10,5,5,31,14,21,14,40,65,9,23,4,6,2,4,10,56,18,59,7,42,89,60,3,33,42,12,21,11,37,2,272,49,11
2025-09,69,110,11,4,0,23,73,38,3,13,16,2,3,50,29,77,24,22,5,18,13,6,7,0,5,17,10,29,22,42,45,12,9,6,6,0,7,9,37,12,32,9,17,65,55,1,22,20,20,18,13,5,0,39,23,8
2025-10,69,106,8,4,3,25,41,22,6,18,12,1,3,20,28,69,15,16,2,10,5,6,7,1,3,19,5,30,19,30,37,5,17,8,5,1,1,4,59,14,32,6,28,46,24,0,27,12,15,19,11,9,1,14,10,7
2025-11,69,36,8,3,0,19,37,25,2,16,5,3,1,32,31,73,9,11,3,27,9,8,10,0,10,14,3,18,7,25,29,5,14,0,3,1,0,1,30,4,27,6,39,42,24,2,14,2,6,10,10,0,2,9,0,9
2025-12,69,42,7,0,3,21,50,40,2,26,2,2,2,19,23,62,19,14,1,31,4,2,11,7,12,26,11,10,11,13,28,2,7,3,1,1,0,3,29,1,26,4,18,10,8,0,4,52,8,9,10,14,1,16,0,3
