YEAR_MONTH,COMMUNITY_AREA,Abandoned Vehicle Complaint,Alley Light Out Complaint,Alley Pothole Complaint,Alley Sewer Inspection Request,Blue Recycling Cart,Building Violation,Buildings - Plumbing Violation,Business Complaints,Check for Leak,Clean Vacant Lot Request,Consumer Fraud Complaint,Coyote Interaction Complaint,Dead Animal Pick-Up Request,Fly Dumping Complaint,Garbage Cart Maintenance,Graffiti Removal Request,Inspect Public Way Request,Low Water Pressure Complaint,Missed Garbage Pick-Up Complaint,No Building Permit and Construction Violation,No Water Complaint,Nuisance Animal Complaint,Open Fire Hydrant Complaint,Pet Wellness Check Request,Pothole in Street Complaint,Recycling Pick Up,Report an Injured Animal,Restaurant Complaint,Rodent Baiting/Rat Complaint,Sanitation Code Violation,Sewer Cave-In Inspection Request,Sewer Cleaning Inspection Request,Sidewalk Inspection Request,Sign Repair Request - All Other Signs,Sign Repair Request - Do Not Enter Sign,Sign Repair Request - One Way Sign,Sign Repair Request - Stop Sign,Stray Animal Complaint,Street Cleaning Request,Street Light Out Complaint,Street Light Pole Damage Complaint,Traffic Signal Out Complaint,Tree Debris Clean-Up Request,Tree Emergency,Tree Planting Request,Tree Removal Inspection,Tree Trim Request (NO LONGER BEING ACCEPTED),Vacant/Abandoned Building Complaint,Vicious Animal Complaint,Water Lead Test Kit Request,Water On Street Complaint,Water Quality Concern,Water in Basement Complaint,Weed Removal Request,Yard Waste Pick-Up Request,total_volume_area_23,total_volume_area_24,total_volume_area_26
2019-01,23,4,16,3,0,17,25,10,2,0,1,1,0,0,2,0,0,1,2,0,0,1,6,0,7,17,0,0,1,0,6,0,8,21,6,0,0,0,4,1,31,0,3,0,0,5,6,8,0,0,31,1,0,0,0,0,247.0,,
2019-02,23,35,18,4,0,20,39,37,5,7,2,3,0,0,8,63,3,2,1,3,1,0,3,1,6,130,1,2,4,1,10,5,16,4,1,0,0,1,2,0,82,1,1,0,0,3,10,20,8,1,31,4,2,1,0,1,603.0,,
2019-03,23,74,19,46,2,41,44,9,3,22,19,1,1,11,24,118,24,9,7,8,9,1,9,3,9,235,10,3,7,68,35,14,16,10,30,1,1,5,23,9,103,3,37,5,5,3,21,16,13,9,42,9,0,6,0,4,1256.0,,
2019-04,23,34,30,44,1,37,43,13,8,14,31,1,1,18,30,119,59,18,6,5,11,7,7,1,11,166,15,15,8,99,29,19,24,11,33,2,4,11,23,6,79,7,40,13,10,17,33,42,10,15,30,12,0,10,0,7,1339.0,,
2019-05,23,52,31,65,5,42,99,10,4,10,14,5,2,14,34,134,126,6,5,9,13,3,12,1,5,209,11,11,7,130,29,31,73,12,140,3,12,32,19,4,172,3,33,27,16,18,44,72,22,15,16,30,0,16,246,14,2168.0,,
2019-06,23,48,26,54,2,39,46,8,4,23,23,4,0,12,30,128,132,12,4,6,11,2,12,18,5,127,7,22,6,137,40,19,38,11,43,0,5,11,34,8,85,5,31,36,33,15,28,79,42,23,10,11,1,4,673,13,2246.0,,
2019-07,23,67,35,59,6,51,47,10,3,32,40,3,0,21,39,191,154,9,2,19,14,3,16,224,11,101,4,21,4,189,53,10,26,9,30,2,7,6,25,6,117,6,26,35,25,12,32,101,17,18,79,18,1,4,524,21,2585.0,,
2019-08,23,64,32,48,3,52,73,12,11,21,30,2,0,35,59,215,190,16,2,22,16,3,18,4,10,83,3,17,8,161,47,15,21,13,48,1,4,15,22,6,108,8,23,28,15,7,23,131,38,13,121,8,0,5,735,19,2684.0,,
2019-09,23,67,30,38,0,37,69,10,6,11,32,3,1,27,53,121,152,14,2,10,9,6,14,3,4,120,8,12,2,143,36,14,25,6,35,2,2,6,20,3,128,3,24,18,22,9,19,97,21,14,52,7,1,8,395,4,1975.0,,
2019-10,23,64,20,63,8,46,47,7,8,15,14,1,3,37,46,111,162,18,2,7,14,2,5,1,5,116,4,21,5,137,33,11,14,2,56,4,7,10,33,5,76,1,24,21,16,15,19,42,24,17,25,12,0,6,158,6,1626.0,,
2019-11,23,90,22,13,3,32,40,12,3,12,10,2,3,12,31,87,133,8,3,9,11,2,3,0,20,59,7,9,4,57,15,3,11,2,27,0,3,7,35,9,84,5,32,9,14,2,18,16,5,4,12,2,0,5,55,16,1088.0,,
2019-12,23,73,26,16,1,42,36,9,1,8,15,2,2,20,27,107,216,6,0,11,9,6,7,0,12,48,3,10,3,54,28,3,12,0,29,1,5,12,17,4,126,4,15,6,0,3,4,9,5,8,10,4,0,3,0,3,1081.0,,
2020-01,23,69,33,15,1,46,31,14,1,29,4,0,5,10,28,86,347,5,4,8,7,6,1,5,25,78,12,18,3,60,15,3,24,6,38,0,2,8,27,7,79,5,10,6,3,3,3,7,14,13,13,7,0,2,0,1,1247.0,,
2020-02,23,52,23,13,0,35,31,16,3,5,9,4,4,23,27,80,219,4,3,6,7,7,5,0,14,56,8,7,1,36,13,5,10,0,51,2,3,12,21,4,103,4,36,5,0,5,1,9,17,5,8,3,1,3,0,1,1020.0,,
2020-03,23,56,15,12,0,48,37,7,32,9,20,7,4,18,23,114,144,6,1,9,2,0,6,0,7,67,11,17,5,45,29,7,9,3,31,1,5,3,17,6,75,12,32,7,2,2,35,23,14,13,8,5,0,6,0,3,1070.0,,
2020-04,23,51,17,12,2,53,22,17,51,5,41,1,0,11,39,126,228,3,3,13,7,2,6,0,3,22,10,8,3,88,30,4,9,2,36,0,0,6,19,4,36,3,14,13,0,9,17,19,17,10,5,17,0,10,0,4,1128.0,,
2020-05,23,67,16,19,22,50,43,20,39,7,42,4,1,21,60,160,331,13,4,17,3,3,14,10,5,38,14,18,3,123,42,10,47,8,40,3,4,8,20,7,33,2,15,19,7,8,19,50,20,9,5,42,0,52,48,12,1697.0,,
2020-06,23,56,16,8,9,54,48,13,17,11,42,4,1,22,25,181,181,10,4,14,11,3,8,54,6,54,13,17,0,133,43,4,25,7,62,1,0,5,11,5,125,6,26,71,63,12,26,87,21,14,4,10,2,6,72,11,1734.0,,
2020-07,23,103,23,21,7,71,45,15,19,19,27,1,2,17,44,222,185,9,5,124,8,8,12,117,11,68,24,15,3,141,76,7,16,5,61,1,8,11,12,10,113,7,19,50,34,10,33,145,17,9,2,5,0,3,421,14,2455.0,,
2020-08,23,107,13,12,1,70,47,7,23,13,26,6,2,14,38,173,77,17,3,11,13,3,11,97,3,41,12,16,4,202,54,2,10,8,107,3,5,11,15,5,88,12,17,211,106,3,43,97,27,8,5,5,1,3,308,18,2234.0,,
2020-09,23,114,16,24,3,63,48,8,5,12,24,4,3,18,35,143,179,6,4,15,14,3,10,11,10,28,12,14,3,138,31,5,7,8,57,1,2,8,12,5,139,5,35,38,20,20,23,63,13,19,4,7,0,2,350,5,1846.0,,
2020-10,23,72,29,25,6,54,42,9,16,5,13,2,4,19,32,124,124,8,4,10,6,3,16,1,4,19,9,9,4,161,24,8,11,10,28,2,11,7,23,8,64,11,14,27,10,1,18,29,3,10,1,7,0,11,177,14,1359.0,,
2020-11,23,69,16,7,1,54,28,17,22,10,13,1,6,16,27,118,117,4,2,24,19,4,6,1,5,11,16,5,2,110,22,5,9,2,24,2,2,4,10,11,69,6,22,19,6,7,17,9,15,8,5,8,0,0,183,25,1221.0,,
2020-12,23,70,17,24,0,49,32,28,17,12,13,4,3,13,45,117,347,4,4,33,15,7,9,1,11,27,11,5,3,109,33,3,11,2,63,0,4,9,27,5,91,7,25,11,3,2,12,22,3,11,3,7,0,5,0,12,1401.0,,
2021-01,23,80,17,10,4,46,23,18,14,15,5,2,4,9,26,122,80,4,1,9,9,5,5,1,9,48,21,7,0,71,26,2,5,4,61,2,5,9,15,1,14,7,14,3,4,2,6,12,10,10,3,3,2,5,0,2,892.0,,
2021-02,23,78,6,5,1,22,72,34,7,10,2,4,0,4,6,76,151,6,1,76,6,29,5,0,27,34,34,11,1,26,26,4,7,0,44,1,2,10,8,1,55,8,24,0,0,2,2,4,6,4,2,3,0,9,0,1,957.0,,
2021-03,23,166,11,17,3,69,46,14,11,23,25,2,1,20,50,150,211,11,0,33,13,2,9,2,2,83,41,14,5,134,48,4,7,5,67,1,1,5,17,8,68,12,14,18,1,8,14,55,9,6,11,1,0,11,0,9,1568.0,,
2021-04,23,125,13,30,0,83,54,8,8,9,26,4,2,22,48,165,161,3,4,12,11,8,10,0,3,46,14,13,4,160,49,5,9,10,192,2,2,12,21,8,31,9,21,17,5,8,22,48,20,19,9,3,0,5,0,16,1589.0,,
2021-05,23,73,12,20,1,69,39,19,9,18,34,1,0,10,30,140,145,10,4,18,7,3,16,11,2,33,17,22,3,145,65,1,4,10,73,1,12,7,12,13,59,4,19,12,15,14,78,80,14,6,3,2,0,4,26,15,1460.0,,
2021-06,23,115,6,22,4,59,45,20,7,25,31,2,1,15,36,162,139,11,7,28,10,4,13,61,6,27,26,13,1,226,80,17,46,12,53,1,0,7,7,6,26,7,25,50,42,12,33,114,20,9,3,29,0,61,368,14,2164.0,,
2021-07,23,78,3,16,4,44,61,13,3,30,41,0,1,14,53,167,97,19,8,26,9,2,11,147,7,41,14,19,1,179,46,11,32,15,39,1,2,3,15,7,39,3,27,58,36,9,33,103,13,11,36,6,1,21,165,18,1858.0,,
2021-08,23,86,7,12,8,45,50,16,8,13,42,2,2,25,60,123,109,16,2,10,13,8,4,49,9,32,9,26,4,173,79,8,19,5,26,0,3,2,16,6,35,5,13,44,39,15,16,157,28,6,25,13,2,8,61,11,1605.0,,
2021-09,23,74,11,12,1,49,46,14,9,16,27,1,0,17,46,117,87,18,4,16,12,7,8,14,6,34,12,11,3,210,63,9,18,10,36,2,9,6,14,12,15,12,14,40,10,12,20,48,20,10,13,2,2,1,70,15,1365.0,,
2021-10,23,91,5,18,8,42,38,16,7,18,24,2,3,20,31,102,73,9,10,16,6,6,12,2,10,42,4,6,4,180,46,9,16,6,34,1,2,7,23,5,20,12,26,39,23,7,23,56,19,17,14,26,0,4,0,15,1255.0,,
2021-11,23,71,8,4,0,37,37,14,5,14,7,6,5,12,32,92,81,4,4,19,12,1,14,2,16,46,6,9,5,97,22,5,4,2,55,0,2,7,24,5,36,4,14,13,3,6,17,21,5,10,6,5,0,1,0,22,949.0,,
2021-12,23,69,4,34,1,31,29,16,8,3,7,3,1,5,25,101,103,11,4,66,9,6,4,1,18,33,0,11,1,74,23,0,14,0,35,1,3,14,11,4,37,2,19,16,16,3,12,7,5,2,6,5,2,0,0,11,926.0,,
2022-01,23,98,3,2,0,39,33,22,4,21,1,5,3,10,20,80,142,4,4,25,6,28,8,0,15,20,23,10,2,62,18,1,9,3,30,2,2,13,17,3,33,6,27,1,1,2,5,0,7,4,6,7,1,0,0,2,890.0,,
2022-02,23,105,4,3,3,36,31,19,2,23,5,3,0,5,26,70,125,12,3,7,8,2,8,2,10,70,17,11,3,41,30,9,20,3,23,0,2,1,21,5,79,3,45,3,2,8,13,0,11,9,7,12,0,13,0,1,974.0,,
2022-03,23,128,12,42,5,48,48,16,3,19,32,2,1,13,57,85,181,11,3,11,14,3,11,6,10,144,8,6,1,84,40,8,23,12,32,0,1,5,23,17,39,5,62,18,5,8,13,0,12,10,11,25,1,3,0,4,1381.0,,
2022-04,23,112,6,33,5,36,59,12,2,13,26,3,0,15,85,98,98,17,0,9,13,0,16,1,7,185,6,6,1,91,46,8,36,14,17,3,8,14,23,12,38,5,14,23,7,11,14,40,11,12,5,23,0,9,3,7,1358.0,,
2022-05,23,102,7,32,1,32,48,9,6,7,28,5,2,38,51,104,107,17,3,14,10,7,17,40,6,104,7,25,3,96,30,10,21,6,10,0,5,7,31,8,30,4,32,32,9,48,17,67,9,12,16,17,1,10,44,18,1422.0,,
2022-06,23,103,5,22,3,55,51,13,4,18,29,3,1,16,66,123,96,14,2,18,14,6,11,107,17,85,10,14,5,124,39,16,21,7,15,1,1,7,25,5,39,5,25,54,53,13,26,74,14,14,13,7,2,9,74,18,1612.0,,
2022-07,23,79,4,20,0,40,37,10,8,15,27,2,2,14,54,124,117,14,6,18,6,2,6,20,7,39,10,16,8,136,28,14,11,13,13,1,2,15,29,7,32,2,20,49,30,439,31,86,19,8,11,8,0,4,52,21,1786.0,,
2022-08,23,119,4,18,2,37,53,9,7,15,80,2,0,20,79,121,185,12,7,21,4,4,11,38,4,49,8,12,5,116,43,7,11,8,26,2,5,7,22,9,110,6,23,133,58,17,28,84,13,20,10,8,0,1,28,22,1743.0,,
2022-09,23,87,6,14,0,31,38,14,4,11,42,2,1,28,57,106,108,10,6,27,11,5,3,0,5,25,9,17,2,130,23,8,9,8,8,2,1,5,32,8,53,5,18,67,23,18,30,70,11,21,22,6,1,8,25,10,1291.0,,
2022-10,23,92,16,9,0,28,33,11,3,5,17,0,0,19,45,82,137,6,4,17,9,8,12,1,13,10,4,21,0,116,20,8,4,5,23,1,2,13,33,10,22,1,15,34,14,24,34,58,27,17,12,4,0,4,10,19,1132.0,,
2022-11,23,67,19,30,1,32,20,9,4,18,13,2,0,11,34,78,129,3,2,19,11,3,13,0,9,10,5,5,1,70,19,5,5,4,9,0,3,13,23,6,52,2,17,14,12,22,10,37,4,10,6,3,1,4,2,32,933.0,,
2022-12,23,103,9,14,0,21,32,29,2,26,1,1,0,15,20,81,107,7,2,21,3,25,9,1,10,36,6,5,3,37,12,4,6,0,4,0,4,11,32,4,25,6,21,8,5,3,13,6,4,11,8,2,1,12,1,9,838.0,,
2023-01,23,104,11,12,1,28,45,11,5,21,9,1,1,11,30,90,119,7,3,11,10,5,11,0,9,113,6,7,1,55,16,4,9,8,14,1,0,7,31,13,29,5,27,2,0,12,11,0,8,11,6,9,1,6,0,2,969.0,,
2023-02,23,99,10,15,3,39,23,21,8,16,14,4,0,10,28,60,122,9,2,4,5,6,8,1,8,74,3,14,1,47,15,5,19,8,20,0,2,3,19,8,59,13,28,3,4,6,20,1,5,9,14,20,0,12,0,2,949.0,,
2023-03,23,110,9,51,0,45,38,15,5,8,26,0,0,17,46,89,132,10,0,11,10,1,6,1,16,86,7,8,4,54,19,1,28,6,22,1,2,2,21,18,41,3,32,10,9,13,15,3,10,9,8,26,1,4,0,2,1111.0,,
2023-04,23,68,9,23,1,51,29,10,3,5,75,2,0,8,39,121,130,18,3,8,3,2,8,3,4,57,7,19,3,60,24,9,14,16,25,0,0,6,22,17,42,11,20,43,70,17,41,4,7,18,9,11,2,7,0,18,1222.0,,
2023-05,23,113,9,13,3,53,37,5,7,12,19,1,0,21,39,106,124,7,5,8,10,9,18,0,7,50,7,14,2,99,22,6,11,16,19,2,1,4,27,19,42,5,42,14,21,28,24,19,10,6,13,5,2,0,16,31,1203.0,,
2023-06,23,109,16,11,2,27,43,8,3,15,38,2,1,25,58,102,125,12,3,11,4,3,18,240,13,48,18,23,0,64,27,6,20,9,23,1,4,13,17,14,69,11,22,43,39,19,34,29,14,10,11,8,1,2,29,21,1538.0,,
2023-07,23,111,5,12,8,45,49,8,15,14,22,2,0,16,78,143,120,7,8,33,7,4,12,295,11,32,5,12,3,88,25,11,50,21,11,1,1,4,21,11,64,9,32,76,48,39,42,19,15,17,8,54,1,675,39,23,2482.0,,
2023-08,23,97,10,24,2,58,58,13,8,13,31,3,0,15,50,161,107,6,9,44,10,8,28,128,14,34,6,25,1,94,30,11,25,20,21,2,2,5,33,13,29,7,45,54,25,21,30,39,18,18,13,13,0,27,39,33,1630.0,,
2023-09,23,125,9,12,4,44,44,19,11,10,28,4,0,48,34,129,110,7,1,16,13,5,25,27,8,24,8,20,3,93,25,5,23,8,12,1,1,4,33,9,36,8,10,43,23,5,29,12,11,11,18,17,2,10,15,17,1269.0,,
2023-10,23,101,8,19,4,39,44,23,4,21,15,4,0,21,54,104,115,10,4,14,8,4,7,16,3,19,4,28,7,99,24,14,8,7,18,1,0,4,43,13,43,2,14,32,18,8,24,113,10,15,12,8,0,8,4,16,1258.0,,
2023-11,23,103,22,11,5,40,42,7,9,11,10,2,1,22,35,109,132,15,4,110,8,6,14,0,11,17,10,16,5,73,14,2,5,8,21,1,0,5,20,8,45,6,16,13,5,13,18,106,7,11,17,5,1,4,4,26,1231.0,,
2023-12,23,77,8,10,1,35,31,6,11,7,15,2,1,19,34,85,56,8,6,23,4,3,10,1,11,14,13,16,0,67,12,2,12,13,17,0,4,3,29,11,27,4,34,12,3,6,16,150,3,9,43,8,1,6,0,6,1005.0,,
2024-01,23,70,8,10,2,37,36,27,6,14,4,5,1,9,24,69,109,14,7,26,3,28,8,1,9,65,4,17,2,43,23,1,11,4,17,0,1,6,17,4,41,5,26,7,18,1,9,168,11,7,17,17,0,7,0,4,1080.0,,
2024-02,23,114,11,16,0,36,30,10,5,14,21,2,0,33,45,111,96,10,7,15,9,3,17,1,10,164,5,10,1,57,24,6,4,8,28,0,2,2,44,19,23,13,23,6,8,3,27,219,12,15,11,3,1,3,0,3,1360.0,,
2024-03,23,131,13,13,4,32,44,19,4,7,15,7,0,14,42,68,99,9,4,10,15,3,15,1,9,65,7,19,2,54,18,0,17,8,29,0,1,11,31,3,26,10,23,17,9,11,19,129,11,26,43,25,1,6,0,10,1209.0,,
2024-04,23,138,14,18,1,46,52,12,4,7,10,3,0,20,46,115,87,11,5,16,12,7,12,3,4,51,7,13,4,56,23,3,16,9,31,0,0,10,25,19,55,13,14,23,16,23,17,152,24,8,17,21,0,7,1,18,1319.0,,
2024-05,23,97,9,14,3,46,39,5,16,9,14,2,2,15,30,135,126,6,3,19,10,4,11,41,6,59,5,13,2,93,22,11,30,3,28,1,1,11,28,13,32,10,21,43,53,16,35,66,9,12,14,41,2,8,41,37,1422.0,,
2024-06,23,65,27,23,2,39,48,12,9,12,22,1,0,30,44,106,123,16,10,23,14,1,13,174,8,74,3,12,2,80,31,5,11,7,47,3,1,11,24,13,64,4,25,61,68,14,43,55,14,9,6,11,0,2,54,26,1602.0,,
2024-07,23,79,14,14,4,63,44,12,7,11,13,0,1,17,45,148,91,15,4,31,13,2,12,76,5,47,4,13,3,105,48,13,27,13,30,2,1,11,17,10,69,22,36,304,273,86,82,31,16,13,15,15,2,10,33,32,2104.0,,
2024-08,23,112,5,22,3,48,45,11,8,8,38,2,0,25,58,127,217,16,4,34,12,0,8,50,13,61,10,12,2,92,29,20,15,11,18,2,9,12,18,14,47,10,26,60,52,89,31,14,12,9,14,6,0,6,21,23,1611.0,,
2024-09,23,87,8,14,4,36,32,3,6,9,18,3,0,18,56,112,144,12,5,18,7,2,12,24,6,34,9,21,2,104,32,2,8,7,24,1,8,2,15,13,74,11,70,40,35,85,24,5,12,8,8,16,0,6,14,10,1336.0,,
2024-10,23,82,19,17,3,30,35,11,9,19,11,3,1,29,34,110,141,6,3,9,8,4,15,1,6,17,5,14,1,98,18,9,7,6,14,1,3,5,25,6,47,6,35,32,26,120,23,14,4,19,7,6,0,2,5,18,1199.0,,
2024-11,23,86,12,18,2,39,29,9,4,9,13,2,1,22,41,93,143,22,2,20,6,4,10,0,13,15,2,6,5,64,5,5,7,9,15,2,3,11,16,9,53,6,43,28,13,22,13,44,6,4,10,12,2,5,0,22,1057.0,,
2024-12,23,70,24,13,2,33,21,10,5,22,7,0,1,11,32,95,137,13,3,36,9,9,8,4,7,7,9,9,3,51,25,3,2,7,21,0,4,7,26,9,14,3,20,4,17,57,10,3,9,4,9,6,1,7,0,11,930.0,,
2025-01,23,129,3,6,0,49,28,15,7,35,7,2,4,15,19,84,141,6,5,24,8,39,10,5,27,28,5,11,5,47,15,2,9,4,5,0,1,5,18,4,51,7,45,8,3,10,5,4,10,5,8,8,0,6,0,5,1002.0,,
2025-02,23,105,8,18,0,29,25,15,7,21,2,3,3,24,30,90,120,12,5,13,8,22,9,0,13,38,11,5,4,40,11,3,9,9,20,0,2,4,32,9,21,2,19,4,5,54,4,7,7,6,9,5,1,11,0,1,935.0,,
2025-03,23,93,15,17,2,39,25,7,9,10,27,1,1,25,45,105,126,12,5,12,13,8,12,2,5,50,9,15,3,63,31,3,18,11,16,1,1,7,21,19,28,3,21,15,31,6,28,5,16,6,24,15,0,3,0,10,1095.0,,
2025-04,23,116,3,30,3,39,36,7,10,14,20,1,2,14,51,94,128,20,6,16,13,4,9,0,4,116,3,16,3,72,25,8,13,17,45,1,0,4,25,20,40,8,38,23,20,14,19,187,9,11,18,38,1,1,0,14,1449.0,,
2025-05,23,133,14,38,1,55,46,8,9,8,31,4,0,17,52,120,124,14,5,22,18,3,18,2,9,77,8,8,1,113,31,3,9,4,22,1,0,4,22,6,55,3,38,41,44,37,46,58,14,12,14,17,0,4,37,22,1502.0,,
2025-06,23,132,16,24,3,59,45,12,5,14,41,0,1,22,60,153,119,11,2,74,11,3,14,126,11,51,7,15,4,117,36,7,11,10,17,0,0,4,32,16,55,4,29,53,70,27,37,82,21,11,41,21,1,3,53,32,1825.0,,
2025-07,23,130,6,24,9,52,46,14,9,6,34,2,0,38,77,167,133,16,4,69,12,7,4,68,9,48,4,10,7,137,52,6,21,13,33,0,1,5,30,15,22,2,36,49,58,17,44,80,21,9,38,30,2,11,57,23,1817.0,,
2025-08,23,131,11,13,12,65,35,20,8,11,17,1,0,25,63,158,170,15,6,20,11,5,4,29,7,38,4,20,2,115,54,4,14,8,16,0,2,6,37,13,32,3,27,59,53,38,35,105,19,11,58,22,0,15,22,37,1706.0,,
2025-09,23,155,16,21,4,36,41,19,14,11,8,3,1,25,89,157,182,14,2,26,8,6,18,15,12,39,6,17,5,103,42,4,8,11,30,1,0,5,22,7,47,13,34,58,26,3,31,33,21,10,27,4,0,5,15,19,1529.0,,
2025-10,23,126,25,17,0,34,27,8,1,34,19,2,0,26,50,96,149,19,3,19,8,1,17,27,15,23,1,17,5,98,21,6,8,11,14,0,0,1,24,5,38,5,28,33,26,2,38,48,15,10,24,7,0,5,6,18,1260.0,,
2025-11,23,83,11,8,0,37,20,15,5,30,4,1,6,23,42,97,135,14,4,21,5,2,9,2,17,11,0,12,6,48,22,7,6,6,20,0,1,2,23,11,23,9,19,13,20,13,25,76,9,3,13,6,0,6,0,41,1042.0,,
2025-12,23,93,3,5,2,39,19,6,6,16,6,0,1,19,30,72,119,12,3,29,2,10,5,3,11,24,5,3,1,46,11,6,2,2,14,2,1,5,17,6,40,5,42,5,7,3,10,55,3,6,24,4,1,6,0,3,870.0,,
2019-01,24,26,49,23,1,53,23,8,0,2,0,5,0,0,0,0,0,0,2,1,0,0,6,0,2,37,0,0,10,0,0,2,6,107,20,0,0,0,0,0,30,2,5,0,0,10,8,41,0,0,51,1,0,0,0,0,,531.0,
2019-02,24,37,35,11,1,35,44,11,1,2,2,7,0,0,6,55,12,13,6,15,2,0,4,1,2,381,11,0,7,6,14,14,18,16,26,0,0,3,3,0,142,1,15,1,0,91,25,67,7,0,74,8,1,0,0,0,,1233.0,
2019-03,24,69,48,47,4,54,57,3,1,39,9,10,1,13,18,89,155,21,7,21,23,9,5,3,10,471,43,7,10,104,27,18,30,21,66,1,2,17,11,15,217,14,51,13,6,15,20,23,12,1,78,30,3,5,0,13,,2060.0,
2019-04,24,64,38,69,2,48,86,10,9,31,9,4,0,19,27,55,247,39,5,14,47,11,10,1,6,394,35,10,15,132,29,29,88,39,109,0,2,10,12,20,175,18,65,21,22,35,30,62,9,5,50,76,0,5,0,22,,2370.0,
2019-05,24,46,32,82,8,59,50,4,3,20,9,8,7,25,36,90,288,39,2,22,32,2,12,5,4,439,41,21,14,175,67,30,97,47,78,0,5,23,15,25,112,10,87,19,7,32,36,94,4,9,28,114,2,10,18,46,,2590.0,
2019-06,24,65,42,101,11,58,42,5,5,12,6,3,6,29,40,111,568,39,3,24,29,8,23,8,3,392,28,11,16,251,56,23,66,34,115,1,3,16,20,21,171,9,64,48,34,42,30,153,5,8,21,58,0,4,44,68,,3053.0,
2019-07,24,61,49,86,9,69,52,7,3,27,13,9,6,79,57,113,716,34,4,37,26,2,7,189,2,315,58,26,23,300,57,40,35,37,60,4,7,18,22,16,243,17,77,36,46,29,45,164,13,3,276,48,1,7,60,53,,3793.0,
2019-08,24,87,51,72,5,76,56,4,5,8,11,6,2,49,51,116,740,40,4,30,26,9,10,17,13,249,36,23,17,319,79,28,47,41,167,0,1,10,23,13,221,8,70,25,26,28,44,150,7,4,169,30,1,6,45,42,,3417.0,
2019-09,24,47,77,80,1,46,61,5,3,17,9,6,2,27,34,102,670,30,5,21,24,6,10,12,5,209,31,22,14,318,41,33,34,32,122,3,1,14,15,18,176,12,81,44,26,31,35,155,7,6,85,36,5,3,31,28,,2968.0,
2019-10,24,53,82,79,4,67,59,7,4,22,3,3,6,27,33,86,418,41,7,18,22,2,10,5,5,170,46,6,12,231,29,38,29,21,138,1,15,17,26,4,241,13,72,42,41,12,30,106,3,9,100,48,6,5,6,52,,2632.0,
2019-11,24,66,46,53,2,51,33,6,4,16,2,7,5,12,27,59,697,25,0,14,17,4,10,4,10,119,48,3,9,134,25,21,19,11,82,1,8,20,12,26,224,15,56,21,20,1,6,31,6,11,59,15,1,3,0,135,,2312.0,
2019-12,24,70,90,31,3,66,22,2,4,23,1,1,1,19,15,84,534,34,3,14,20,6,6,8,11,63,32,8,7,129,21,22,22,11,129,4,10,14,13,14,268,3,52,13,5,12,7,21,3,5,101,9,0,0,0,60,,2126.0,
2020-01,24,81,67,48,3,63,42,4,4,54,5,5,10,24,23,80,696,29,5,10,10,4,22,2,5,153,56,5,12,145,38,11,26,19,58,2,8,10,12,13,290,14,115,6,8,7,8,15,2,1,79,36,1,6,0,18,,2470.0,
2020-02,24,65,60,36,2,53,39,4,4,24,4,5,11,8,17,73,526,35,3,4,27,4,9,2,5,129,8,10,9,121,30,18,12,12,65,0,5,7,19,12,92,6,58,5,2,13,5,12,2,9,34,9,0,2,0,6,,1732.0,
2020-03,24,35,50,35,2,41,32,2,30,20,3,6,11,21,26,64,542,30,2,13,14,9,11,2,11,98,35,14,7,130,39,9,20,13,112,3,4,14,13,11,166,11,66,5,5,10,17,49,2,11,12,23,1,7,0,17,,1936.0,
2020-04,24,29,35,28,7,63,27,4,81,13,4,1,4,15,24,92,501,16,3,10,20,6,6,1,8,103,23,24,5,203,39,9,20,8,78,4,8,25,9,14,79,5,44,11,7,47,21,56,6,1,11,33,1,6,0,46,,1944.0,
2020-05,24,58,30,40,13,84,34,8,48,11,5,3,2,33,31,135,690,23,4,27,20,7,9,3,6,71,49,20,7,342,43,17,67,24,112,1,3,8,24,23,92,6,75,27,11,78,39,105,7,11,15,132,2,26,9,81,,2851.0,
2020-06,24,65,25,24,4,125,33,8,59,6,7,2,6,32,28,149,768,19,3,17,16,4,9,77,0,93,56,24,18,297,65,13,65,25,144,4,6,17,16,29,115,8,58,46,50,39,36,145,11,1,13,51,3,12,28,61,,3035.0,
2020-07,24,84,21,39,2,118,40,14,72,16,14,3,2,32,45,170,738,24,4,68,28,11,15,243,3,85,58,14,21,347,89,11,30,27,83,1,3,12,11,29,226,7,62,58,43,44,48,310,8,4,23,32,1,4,42,54,,3593.0,
2020-08,24,119,34,18,3,133,36,6,70,39,7,6,1,36,39,163,417,25,3,21,36,3,21,167,10,51,62,23,15,370,76,19,27,33,86,1,10,26,16,18,259,22,41,153,163,31,71,382,9,3,31,16,6,4,30,46,,3513.0,
2020-09,24,80,24,20,1,94,37,7,55,35,6,7,3,51,48,163,977,32,7,24,22,6,15,6,8,49,55,14,15,380,58,14,21,25,90,0,7,9,18,9,187,3,46,38,24,16,31,126,6,4,69,17,8,3,20,45,,3135.0,
2020-10,24,61,26,36,5,85,40,8,34,45,6,3,3,41,32,139,405,32,3,18,28,6,18,4,6,45,54,19,10,308,29,7,17,20,77,3,2,21,14,9,167,11,65,34,10,15,22,65,10,8,21,21,2,9,2,55,,2236.0,
2020-11,24,57,17,21,1,85,39,3,71,24,4,7,1,28,31,114,629,24,2,19,20,7,18,4,5,36,52,7,16,231,26,8,14,18,69,0,6,10,6,10,131,6,17,15,17,4,10,22,7,6,12,6,0,4,5,144,,2146.0,
2020-12,24,55,20,18,0,89,42,3,61,36,3,1,1,28,19,100,2027,22,2,36,20,2,20,6,6,124,57,10,10,190,35,2,15,8,93,1,2,12,13,10,101,10,35,10,4,10,10,37,0,5,22,18,2,4,0,49,,3516.0,
2021-01,24,55,8,51,1,72,27,4,48,44,1,5,3,11,12,94,503,8,2,16,18,3,30,5,13,101,61,6,8,145,26,2,8,25,81,1,5,19,11,9,60,9,46,4,5,4,9,18,4,7,13,9,1,6,0,12,,1749.0,
2021-02,24,39,4,5,1,52,53,17,13,20,4,3,2,13,17,52,671,14,5,217,6,27,41,0,12,85,147,0,6,76,71,4,6,10,58,2,2,17,7,6,51,10,62,2,2,13,3,16,2,1,18,6,1,7,0,2,,1981.0,
2021-03,24,118,12,37,1,119,48,5,14,23,13,2,1,33,41,133,871,24,1,42,19,11,36,2,8,151,140,11,6,222,87,9,13,41,68,1,3,12,8,20,94,15,33,11,4,23,25,46,8,6,37,7,1,2,0,34,,2752.0,
2021-04,24,67,9,35,2,78,39,5,10,46,12,1,1,26,33,116,868,21,6,20,22,14,26,3,5,148,48,4,16,266,57,15,11,38,88,2,2,8,11,22,64,10,41,17,8,31,32,74,7,7,43,12,1,1,0,49,,2598.0,
2021-05,24,47,15,23,0,89,30,5,3,30,10,1,1,49,42,141,727,31,11,23,19,6,34,2,6,112,45,16,4,355,69,9,10,27,81,2,7,7,8,15,121,9,78,32,30,31,40,152,8,4,15,18,0,2,10,65,,2727.0,
2021-06,24,50,13,31,8,90,61,7,7,20,9,5,0,40,47,155,944,18,5,23,25,2,31,26,4,97,64,14,10,516,60,16,47,33,101,1,2,7,15,27,107,12,80,68,56,36,34,190,11,4,18,66,0,47,22,69,,3451.0,
2021-07,24,62,8,41,4,106,62,7,8,29,7,2,1,56,57,130,831,35,5,14,26,11,25,75,9,106,39,15,12,508,64,17,35,44,75,1,6,19,5,13,89,11,57,42,32,31,26,167,4,5,208,22,0,11,34,68,,3377.0,
2021-08,24,78,4,21,2,78,66,8,15,19,22,6,0,72,48,130,754,24,5,20,20,4,21,53,6,97,23,23,14,397,84,9,36,26,112,0,10,8,3,20,106,11,52,56,44,40,34,146,7,6,67,30,1,8,46,65,,3057.0,
2021-09,24,73,8,32,4,73,55,11,24,22,7,2,0,50,41,125,795,22,8,26,24,12,47,66,7,93,34,18,17,442,61,12,15,31,95,0,5,12,13,15,112,4,65,28,15,18,17,99,2,6,35,9,1,4,40,61,,2913.0,
2021-10,24,65,9,35,6,57,39,8,11,9,10,2,4,44,26,94,723,32,4,16,26,4,39,66,6,58,18,20,21,385,61,9,42,29,87,1,8,13,7,13,95,15,110,38,39,15,21,80,2,7,28,45,4,4,0,53,,2663.0,
2021-11,24,57,12,28,1,39,38,9,5,30,4,4,1,14,22,86,657,27,1,23,23,8,31,7,3,53,13,5,9,172,44,4,7,18,82,0,0,5,6,18,110,3,58,20,6,10,15,64,6,8,11,10,3,3,0,119,,2012.0,
2021-12,24,67,10,22,0,53,26,13,9,27,5,5,1,23,29,73,420,15,3,51,13,3,38,2,5,37,29,4,11,152,35,4,11,11,55,2,3,16,11,11,53,8,69,10,11,5,6,16,4,10,21,17,3,1,0,98,,1637.0,
2022-01,24,63,1,8,2,51,42,9,29,73,0,2,1,10,14,74,643,15,2,25,14,47,20,1,11,85,76,6,12,110,27,10,7,16,64,0,1,10,12,2,54,9,31,8,4,6,6,3,4,5,18,15,2,8,0,12,,1780.0,
2022-02,24,80,4,11,1,50,34,10,12,27,2,5,0,15,23,82,385,12,6,35,13,15,29,4,6,263,65,8,11,107,52,10,36,13,51,3,2,6,13,5,62,3,68,6,3,94,7,0,5,5,29,39,2,8,0,2,,1839.0,
2022-03,24,104,9,63,4,54,50,8,0,32,8,9,0,38,47,135,797,30,6,17,33,15,41,9,7,357,34,7,19,205,56,14,19,29,90,0,4,18,7,21,74,15,71,17,9,49,15,1,11,2,15,36,4,1,0,21,,2737.0,
2022-04,24,95,11,108,3,49,52,7,3,20,9,2,0,19,24,70,603,41,5,9,19,7,15,1,8,351,23,5,13,217,45,6,43,28,52,2,2,9,13,33,54,17,81,25,10,38,17,49,9,1,26,59,1,2,0,43,,2454.0,
2022-05,24,86,12,132,6,69,43,7,5,21,9,9,0,64,53,118,763,40,3,23,16,6,31,6,5,302,31,13,10,261,52,16,34,34,35,0,1,13,18,43,78,11,93,23,30,31,35,89,6,6,28,70,0,9,14,108,,3021.0,
2022-06,24,68,16,67,6,88,45,11,7,28,6,0,0,38,58,105,600,32,10,24,33,5,27,13,15,133,29,5,8,287,71,12,28,28,28,6,5,16,8,32,107,21,85,149,123,73,54,167,10,5,24,54,1,5,38,99,,3013.0,
2022-07,24,71,14,40,2,59,48,7,7,30,11,2,2,35,55,118,802,26,8,20,20,9,18,10,9,93,26,23,12,294,90,20,22,30,23,2,1,14,13,17,84,13,52,52,64,78,48,103,11,7,37,25,1,12,44,74,,2808.0,
2022-08,24,80,20,35,5,64,56,15,1,18,13,2,1,50,52,84,830,51,11,18,37,17,15,7,6,118,19,17,8,315,74,16,15,36,45,2,2,9,13,16,149,14,42,126,71,31,57,152,19,7,18,14,2,7,32,49,,2983.0,
2022-09,24,80,18,33,0,70,63,15,3,15,12,2,1,40,47,117,806,37,2,19,20,10,19,5,7,73,25,15,14,321,80,8,26,37,50,0,2,5,10,11,157,15,41,54,36,13,33,86,13,10,175,24,7,20,11,56,,2869.0,
2022-10,24,53,9,27,2,58,36,13,4,7,7,4,2,46,40,79,621,33,3,16,16,1,19,18,5,40,16,18,10,225,39,15,12,23,40,3,6,6,15,23,145,12,85,24,21,34,30,83,1,7,39,10,5,7,3,93,,2209.0,
2022-11,24,70,13,17,1,32,28,12,6,26,2,4,1,25,33,70,749,29,8,18,20,10,17,15,8,60,9,8,10,172,35,7,9,20,44,2,2,23,11,28,146,21,53,24,17,12,15,41,2,8,23,21,0,5,2,173,,2217.0,
2022-12,24,79,4,26,1,41,32,27,2,29,2,2,0,16,24,54,454,24,4,19,10,26,8,1,2,59,23,4,8,110,42,7,4,15,30,0,6,7,13,10,90,17,62,11,8,13,12,15,5,2,18,19,2,8,0,60,,1567.0,
2023-01,24,72,4,30,1,40,41,6,7,41,6,0,2,27,27,62,631,31,5,11,27,11,17,4,9,268,8,3,7,139,41,13,17,18,34,1,8,12,11,17,90,7,89,8,7,33,14,1,5,4,25,27,5,8,0,16,,2048.0,
2023-02,24,85,17,42,3,49,47,8,1,19,7,4,1,21,26,72,652,32,6,17,22,4,14,14,2,184,10,3,14,157,39,6,17,24,47,1,8,14,10,14,123,9,67,12,12,21,12,1,5,4,25,72,3,8,0,9,,2096.0,
2023-03,24,87,30,137,2,76,35,11,6,21,7,10,0,25,21,113,663,38,4,14,16,14,23,6,2,285,13,11,9,206,49,12,29,32,30,1,1,15,14,23,127,6,61,18,22,47,20,4,7,4,18,45,0,5,0,15,,2490.0,
2023-04,24,81,17,62,2,49,41,5,4,7,6,3,4,29,56,97,654,32,3,16,18,0,37,1,2,218,9,17,12,229,45,12,19,33,62,0,4,13,14,41,88,18,65,72,58,59,52,217,8,9,17,28,0,3,4,79,,2731.0,
2023-05,24,98,22,60,2,53,42,4,10,27,9,4,1,47,45,116,789,35,1,16,27,5,32,5,1,181,14,11,13,275,42,12,30,27,40,8,16,14,10,29,53,10,65,21,15,49,46,385,8,8,36,25,1,3,19,110,,3027.0,
2023-06,24,91,5,56,2,66,33,4,13,14,11,4,0,41,41,107,648,38,8,28,15,5,19,2,4,99,23,9,14,264,49,6,23,47,47,1,3,8,6,21,41,8,57,53,57,48,79,288,5,6,37,13,1,4,18,102,,2692.0,
2023-07,24,67,2,52,17,62,43,12,9,10,9,3,1,40,48,96,675,29,1,30,21,6,19,75,12,108,10,11,9,282,45,29,73,48,35,2,4,9,12,28,111,4,75,103,82,35,76,210,7,4,38,114,2,46,42,88,,3081.0,
2023-08,24,106,12,46,6,65,52,9,8,22,10,2,1,42,64,125,636,24,14,26,41,5,19,49,15,85,21,12,12,297,63,17,27,50,50,3,6,16,28,23,51,6,89,67,57,55,57,345,5,4,39,48,4,7,54,84,,3081.0,
2023-09,24,67,23,52,7,53,69,9,12,13,13,5,1,52,37,139,711,37,2,51,23,4,22,18,9,89,20,12,14,274,61,14,28,37,45,2,4,6,12,15,55,9,58,35,39,48,65,362,5,4,36,32,2,16,25,58,,2911.0,
2023-10,24,67,15,46,2,51,45,5,5,28,4,5,2,31,29,88,606,22,3,22,63,4,20,2,5,50,11,11,13,256,39,12,13,32,42,3,8,13,23,20,47,4,58,33,21,12,66,268,10,12,23,20,0,2,14,92,,2398.0,
2023-11,24,72,5,36,1,55,25,7,6,21,7,5,4,38,32,77,564,29,1,57,27,2,6,20,14,43,5,14,7,154,31,6,7,25,38,0,7,14,6,49,36,3,37,18,3,26,24,211,8,13,35,19,2,3,2,181,,2138.0,
2023-12,24,75,5,38,1,47,25,11,12,19,3,5,1,11,35,72,517,28,3,9,17,2,10,1,5,63,13,10,12,122,43,1,17,12,25,3,2,9,9,39,70,2,51,11,5,7,18,218,2,7,21,19,2,2,0,92,,1859.0,
2024-01,24,80,12,39,6,78,43,22,4,64,1,6,0,21,24,54,583,31,8,92,12,44,19,4,7,148,21,11,5,101,42,5,13,23,68,1,5,11,7,10,84,25,167,14,22,11,15,151,4,2,173,76,3,5,0,20,,2497.0,
2024-02,24,96,13,44,3,63,34,7,3,33,5,7,2,39,22,100,622,22,2,15,21,8,36,3,14,203,8,7,4,117,40,9,11,24,61,3,6,12,6,20,71,13,86,15,5,27,18,174,2,1,31,21,0,4,0,18,,2231.0,
2024-03,24,112,9,38,2,58,31,9,8,36,11,4,0,33,33,95,675,25,4,16,26,5,24,1,4,174,9,9,10,158,41,14,21,41,111,2,5,23,13,28,57,6,51,13,15,39,64,123,9,6,131,50,1,4,0,46,,2533.0,
2024-04,24,89,18,56,4,40,34,5,12,20,7,1,1,40,42,80,607,38,5,13,33,15,22,2,4,243,9,11,8,136,44,9,39,25,86,1,1,12,15,43,73,15,36,21,28,51,46,127,105,6,599,77,2,8,3,70,,3137.0,
2024-05,24,104,7,67,8,63,44,8,9,19,6,3,0,49,46,101,516,50,6,19,31,5,16,2,5,278,19,19,15,207,69,10,56,51,105,1,4,17,14,27,81,7,63,75,64,74,69,78,9,9,34,129,2,5,40,162,,2977.0,
2024-06,24,98,13,40,1,64,51,8,10,9,10,6,1,41,55,101,649,37,5,26,18,4,12,36,15,174,21,7,3,234,54,6,11,32,97,2,3,8,3,13,134,14,56,83,76,41,61,94,4,6,29,60,3,5,35,114,,2793.0,
2024-07,24,97,8,53,5,71,39,6,17,15,13,4,1,57,65,98,898,35,4,18,17,3,31,128,5,146,28,17,9,253,75,12,31,47,143,1,6,21,20,31,62,24,71,307,223,102,93,15,9,6,34,53,3,5,45,104,,3684.0,
2024-08,24,87,7,42,2,67,49,8,39,11,11,8,1,51,46,134,936,37,9,35,24,5,15,140,10,78,13,12,9,232,67,6,19,44,172,2,4,13,25,18,84,12,49,55,60,50,39,49,11,12,38,24,1,3,50,71,,3096.0,
2024-09,24,103,13,34,3,60,43,8,24,60,7,11,0,49,71,117,723,36,1,21,47,12,20,14,8,76,17,28,14,186,71,6,17,26,77,1,4,10,10,20,82,9,79,45,40,43,57,9,11,18,27,51,3,2,18,60,,2602.0,
2024-10,24,105,7,33,3,46,48,5,14,18,3,3,1,73,34,85,713,29,9,17,23,9,17,19,9,69,13,32,11,262,38,11,11,32,78,2,8,5,10,27,62,8,117,42,34,26,28,79,8,9,51,15,1,2,5,86,,2505.0,
2024-11,24,70,33,48,2,60,23,3,11,43,5,3,1,27,25,67,607,46,2,7,23,1,15,1,6,57,12,12,9,111,37,9,12,40,63,6,7,12,16,31,97,10,83,23,6,66,12,183,8,4,27,50,1,5,0,176,,2314.0,
2024-12,24,70,2,24,2,49,32,12,11,54,1,2,1,23,27,53,488,51,9,20,15,35,14,2,10,44,11,5,12,107,17,2,10,7,48,4,9,12,11,27,47,2,84,12,7,16,14,208,9,4,29,34,2,6,0,106,,1913.0,
2025-01,24,80,6,15,4,55,23,15,6,58,5,3,2,27,26,69,652,24,5,31,14,44,22,7,7,77,22,10,10,106,43,3,13,17,53,0,0,3,4,21,84,8,82,12,6,9,6,272,3,3,19,51,4,8,0,12,,2161.0,
2025-02,24,105,4,17,0,43,40,4,9,68,7,2,2,27,25,65,509,22,8,21,13,26,13,9,3,152,21,3,9,109,46,14,3,13,41,2,7,22,12,8,58,10,69,13,11,82,9,307,2,6,35,23,3,7,0,7,,2146.0,
2025-03,24,123,5,70,5,62,37,8,10,18,13,8,3,36,43,97,643,48,2,8,37,1,33,2,3,228,13,2,9,194,54,8,21,22,67,2,5,18,12,29,48,12,92,15,31,30,23,157,8,7,25,29,0,3,0,53,,2532.0,
2025-04,24,124,3,82,6,64,32,5,9,47,14,7,4,34,57,88,608,37,5,19,21,13,24,10,8,248,12,12,15,180,71,15,37,41,75,1,3,20,9,27,49,14,93,25,15,35,40,72,6,9,26,102,3,6,0,89,,2671.0,
2025-05,24,124,5,71,6,62,57,8,12,13,8,3,6,40,58,86,541,38,2,25,23,5,27,9,5,245,19,28,13,220,65,9,25,34,51,1,6,12,10,32,78,13,87,51,88,82,63,40,4,7,26,64,3,2,4,140,,2756.0,
2025-06,24,116,6,63,8,67,45,12,10,27,11,2,0,63,75,111,688,52,6,35,29,5,40,76,10,246,15,15,13,279,66,10,35,40,48,2,3,6,17,34,62,21,94,75,87,90,53,119,17,14,35,83,1,7,31,131,,3306.0,
2025-07,24,122,18,79,8,95,67,12,3,25,15,2,4,68,72,129,667,36,5,51,35,9,18,10,7,150,24,23,16,338,85,18,53,40,61,0,1,24,10,37,84,20,86,63,85,83,49,60,10,7,94,122,2,23,73,112,,3410.0,
2025-08,24,102,14,54,10,89,59,12,7,55,14,7,0,66,66,118,670,41,10,17,32,5,30,0,3,90,17,34,24,274,103,15,44,60,42,2,9,16,15,27,61,8,75,60,64,88,47,52,4,8,150,103,3,12,64,128,,3180.0,
2025-09,24,93,8,48,4,57,43,13,10,28,8,4,2,78,55,101,682,41,1,21,26,10,17,11,7,84,21,17,19,247,63,8,12,35,26,0,2,19,16,14,55,11,70,57,69,24,47,12,6,8,103,16,2,5,51,87,,2574.0,
2025-10,24,123,13,30,5,59,47,10,7,31,16,4,8,54,44,87,810,41,8,18,16,8,36,17,1,50,20,16,11,208,60,11,16,35,40,0,11,20,10,29,91,7,100,28,43,30,27,50,7,10,34,30,4,9,20,89,,2609.0,
2025-11,24,74,15,33,2,43,30,9,8,15,8,2,21,40,20,79,542,30,5,16,18,4,24,2,11,35,10,5,10,140,40,2,10,11,39,0,1,5,9,40,60,11,76,14,31,46,21,175,1,1,40,8,2,2,0,217,,2113.0,
2025-12,24,65,8,13,2,58,47,8,4,44,4,7,13,21,31,61,594,28,9,25,13,1,10,44,9,62,14,7,10,78,48,3,6,10,38,2,5,10,8,19,92,7,51,12,15,3,7,114,2,12,32,29,2,4,0,34,,1855.0,
2019-01,25,16,87,17,0,41,82,26,1,2,0,2,0,0,0,0,0,1,1,0,0,1,7,0,10,31,2,0,6,0,0,3,3,123,16,0,0,0,16,0,69,1,5,0,0,4,6,16,1,0,84,2,4,0,0,0,,,686.0
2019-02,25,34,71,20,2,37,54,47,0,7,0,5,0,0,9,103,2,6,8,0,4,0,12,0,3,277,1,1,2,6,8,3,24,6,4,0,0,0,10,1,168,0,4,1,1,7,18,35,9,3,111,7,6,0,0,0,,,1137.0
2019-03,25,85,133,49,4,41,60,15,3,31,27,3,1,30,34,172,22,14,14,13,22,29,10,2,3,479,19,30,2,68,53,20,31,7,25,1,6,6,47,13,264,25,38,25,12,3,38,40,19,21,94,29,4,19,0,0,,,2255.0
2019-04,25,104,75,111,5,52,78,16,9,53,28,2,1,43,42,198,18,20,15,17,20,23,13,1,8,373,24,14,5,92,38,12,80,12,144,4,19,18,48,16,195,12,66,58,23,19,78,78,24,25,65,43,3,42,0,9,,,2591.0
2019-05,25,96,90,99,16,57,81,15,4,33,33,4,1,32,51,198,22,22,15,22,28,9,29,2,1,337,13,31,2,127,54,27,93,10,66,1,9,16,56,3,230,12,60,77,21,29,79,117,31,41,24,99,0,37,156,12,,,2830.0
2019-06,25,89,108,141,10,68,92,18,8,19,32,9,0,47,63,211,47,31,12,13,16,8,45,11,6,422,19,40,8,151,66,29,68,21,78,3,4,5,60,8,243,7,73,112,46,9,55,218,32,44,19,54,2,19,701,20,,,3740.0
2019-07,25,124,122,103,5,79,114,29,5,25,44,6,0,65,82,299,78,33,50,53,17,19,15,111,13,340,10,28,15,158,64,22,62,26,47,0,6,15,75,12,389,13,42,130,74,10,72,272,56,47,166,35,2,10,767,15,,,4471.0
2019-08,25,93,103,95,3,57,110,21,4,33,34,5,1,76,71,283,48,36,28,12,25,23,22,49,8,262,13,52,8,159,80,20,36,14,47,3,3,7,52,9,326,21,36,121,36,5,64,196,38,35,306,23,2,9,1104,12,,,4339.0
2019-09,25,99,106,105,3,56,102,26,4,59,29,9,9,82,51,228,63,37,30,30,10,24,13,18,10,271,12,47,6,157,47,19,35,16,79,0,4,13,64,12,259,4,29,97,30,26,71,345,28,30,172,40,5,24,760,10,,,3915.0
2019-10,25,110,87,96,2,62,107,29,8,32,17,0,4,32,50,199,66,21,19,24,11,13,32,10,11,166,16,25,10,148,30,19,32,12,58,1,0,4,79,21,244,9,55,64,74,10,37,165,17,38,86,28,3,34,307,7,,,2841.0
2019-11,25,66,65,50,1,35,95,50,1,16,3,5,5,29,48,134,81,13,11,48,16,21,6,1,11,82,27,36,9,77,34,9,16,4,38,0,0,7,65,12,224,11,63,28,21,3,30,43,19,31,22,12,2,4,18,13,,,1771.0
2019-12,25,111,75,30,1,54,71,15,3,32,12,3,18,29,39,165,44,27,6,75,11,17,5,20,26,84,37,32,6,62,27,5,15,4,28,1,3,11,57,11,194,8,22,21,8,3,23,47,14,19,26,10,2,10,0,5,,,1684.0
2020-01,25,114,66,23,2,76,86,35,1,30,13,1,24,27,34,205,82,19,17,32,11,37,13,0,12,111,41,29,5,55,33,14,30,11,29,0,3,16,58,8,279,12,63,12,13,6,21,17,20,36,31,16,4,31,0,3,,,1967.0
2020-02,25,104,77,58,1,39,75,15,7,11,10,1,59,25,36,140,42,13,20,13,14,11,13,0,14,123,11,37,9,58,38,5,15,6,35,1,2,7,41,10,190,19,62,17,4,5,13,20,31,28,28,2,6,5,0,2,,,1628.0
2020-03,25,92,63,28,1,46,51,19,33,13,30,8,32,42,55,183,51,14,5,16,17,11,10,0,4,74,12,36,17,71,42,7,23,7,40,1,5,7,47,16,141,9,38,18,10,4,26,66,22,36,14,6,5,18,0,0,,,1642.0
2020-04,25,59,32,56,6,70,58,16,98,16,44,7,2,39,83,221,108,7,11,21,19,8,14,0,9,105,14,35,6,79,59,5,40,13,140,0,24,7,37,19,151,6,45,38,6,9,26,82,13,23,10,44,6,48,0,9,,,2103.0
2020-05,25,103,48,56,27,92,82,41,70,26,53,11,5,50,83,302,168,26,18,36,16,11,20,1,9,126,18,57,8,145,110,14,142,16,51,1,6,11,35,23,174,13,31,83,17,53,49,87,20,28,10,149,2,220,56,23,,,3132.0
2020-06,25,131,54,50,8,97,87,30,20,19,40,3,3,46,82,335,109,15,22,33,17,7,10,11,3,110,27,45,6,154,70,11,59,24,53,0,5,10,34,10,281,13,45,215,239,7,107,302,49,20,8,47,3,27,86,26,,,3325.0
2020-07,25,234,43,39,9,109,117,35,26,46,30,3,4,57,70,381,77,40,22,105,14,14,20,71,1,101,80,43,8,201,96,17,32,16,82,0,7,19,43,20,207,15,37,182,89,11,65,190,38,25,5,11,3,14,614,26,,,3864.0
2020-08,25,272,43,35,7,90,119,31,29,15,32,6,3,57,76,341,45,15,32,36,24,12,17,80,10,76,37,34,6,210,80,5,29,37,55,2,8,18,51,23,309,31,53,667,592,14,103,182,30,28,7,6,2,7,502,18,,,4649.0
2020-09,25,207,53,30,2,106,105,32,22,31,24,9,0,49,70,308,73,21,7,25,15,10,20,10,9,51,32,35,3,218,73,11,23,25,28,0,2,6,39,23,259,11,94,177,88,27,50,148,39,22,12,8,4,7,446,17,,,3216.0
2020-10,25,196,57,21,3,75,116,35,17,22,30,3,1,44,73,226,31,18,16,25,15,16,10,4,2,49,16,41,5,182,71,11,26,11,60,2,3,14,40,10,169,17,41,97,36,5,32,183,20,32,11,14,2,26,376,15,,,2673.0
2020-11,25,147,48,12,0,56,52,33,30,19,24,2,1,36,64,212,90,10,8,53,18,7,14,4,5,31,19,21,8,123,40,6,14,5,81,0,2,8,28,14,121,16,53,55,31,2,32,38,10,18,6,10,4,6,542,28,,,2317.0
2020-12,25,158,35,22,7,73,70,26,28,31,16,3,0,26,33,212,151,14,7,70,10,14,12,6,13,92,24,15,6,138,64,3,16,11,54,0,2,5,49,16,96,18,34,40,13,1,18,16,17,12,5,9,0,12,0,2,,,1825.0
2021-01,25,142,29,19,1,66,61,33,20,28,9,8,4,16,36,171,70,10,7,30,7,11,9,5,12,77,36,16,4,91,40,4,18,19,73,1,6,15,24,5,89,7,50,16,8,0,28,27,9,16,7,3,2,13,0,0,,,1508.0
2021-02,25,139,9,3,2,45,182,65,11,31,0,6,1,20,31,98,81,7,7,144,6,55,10,8,9,71,91,26,2,35,59,1,14,2,27,2,6,10,23,1,63,1,36,1,7,0,4,5,8,13,6,3,0,18,0,0,,,1505.0
2021-03,25,259,41,54,2,97,103,31,19,32,51,5,0,49,79,253,92,21,17,84,15,9,24,5,4,146,68,24,1,156,166,14,29,23,64,3,7,21,49,19,89,11,34,32,18,10,44,66,46,25,18,3,0,21,0,4,,,2557.0
2021-04,25,276,27,33,1,115,94,26,14,24,82,3,4,28,65,268,51,25,28,34,21,8,22,4,4,131,25,34,8,159,108,9,17,30,68,0,12,21,39,20,77,23,22,72,18,14,65,68,33,34,10,1,4,8,0,12,,,2399.0
2021-05,25,278,14,20,3,88,84,32,10,25,58,5,0,47,64,265,53,30,85,28,10,17,17,2,8,84,31,61,4,184,87,1,26,21,57,1,1,10,57,14,81,12,31,67,43,13,75,178,39,32,11,6,8,6,64,18,,,2566.0
2021-06,25,291,22,27,10,88,88,44,5,41,47,13,1,80,70,346,69,44,35,35,18,26,51,283,9,121,23,39,7,238,125,22,76,38,30,1,3,9,43,14,148,14,49,133,121,17,60,249,23,32,10,75,2,164,767,24,,,4420.0
2021-07,25,236,17,38,3,87,111,32,9,21,63,3,1,59,77,352,120,34,18,30,19,14,18,27,6,135,12,38,5,235,102,21,70,35,77,1,2,13,43,17,152,14,23,200,114,16,82,225,31,25,112,17,6,28,584,22,,,3852.0
2021-08,25,176,27,23,4,64,109,44,9,43,42,6,1,73,75,280,54,34,17,32,41,3,11,23,6,87,15,23,11,213,106,19,38,25,55,2,3,8,44,15,125,14,42,169,128,11,71,208,27,32,64,14,2,14,123,15,,,2920.0
2021-09,25,162,9,27,3,56,108,26,13,33,41,4,10,80,82,195,42,20,27,21,9,8,23,4,10,48,23,20,6,222,75,9,32,24,33,0,2,3,47,11,80,9,100,114,41,5,54,107,31,23,20,9,5,3,193,15,,,2377.0
2021-10,25,205,16,40,7,51,94,31,12,31,16,8,10,53,46,206,49,14,14,19,11,20,12,3,6,57,16,27,11,183,55,10,32,21,50,0,8,6,33,8,157,18,35,75,76,3,44,86,21,29,25,43,1,18,0,16,,,2138.0
2021-11,25,158,18,25,3,57,68,35,9,49,11,6,14,28,55,206,35,33,13,35,8,18,11,4,7,57,13,14,4,148,33,10,18,6,39,2,0,8,40,10,147,9,55,42,19,2,19,54,14,24,12,10,5,2,0,18,,,1740.0
2021-12,25,200,10,19,0,51,61,22,9,23,16,2,8,27,68,150,45,21,20,48,15,6,18,9,12,47,12,32,4,135,44,6,19,8,69,2,2,15,51,6,38,19,22,30,30,1,20,14,5,31,5,15,0,22,0,9,,,1573.0
2022-01,25,212,14,7,0,63,73,49,12,85,9,3,6,20,28,144,130,8,17,25,12,42,18,7,19,33,31,19,7,55,23,5,5,12,56,1,6,15,41,1,42,11,38,6,4,2,12,0,11,30,11,9,3,9,0,0,,,1501.0
2022-02,25,202,7,8,6,45,97,40,6,69,5,9,5,28,54,108,57,8,14,17,7,12,18,6,5,107,19,23,4,65,44,9,21,8,67,1,1,23,42,3,129,17,49,6,6,5,22,0,22,17,10,23,1,39,0,0,,,1616.0
2022-03,25,218,22,33,9,81,92,42,11,28,35,2,1,42,73,184,121,40,12,23,19,3,19,4,2,274,27,29,8,122,77,24,38,22,53,0,7,11,63,12,169,18,48,31,16,13,44,2,43,40,9,61,0,46,0,3,,,2426.0
2022-04,25,243,14,89,7,62,107,34,4,24,28,4,2,22,77,172,103,37,5,16,24,9,11,4,11,398,16,32,7,119,47,12,46,23,31,0,6,10,48,13,103,10,46,54,24,16,62,55,27,30,4,43,0,18,0,6,,,2415.0
2022-05,25,166,17,78,13,75,94,39,4,25,32,6,2,37,61,200,84,43,17,18,19,9,15,6,3,255,11,24,10,139,49,11,49,24,33,0,7,11,57,9,75,16,90,57,32,15,67,106,27,31,21,54,3,24,58,26,,,2454.0
2022-06,25,189,13,84,4,88,88,38,7,26,36,3,0,54,79,235,73,40,29,37,16,6,18,61,12,192,13,31,13,167,98,11,19,29,20,0,2,14,54,23,128,20,69,412,281,13,91,168,28,37,25,20,3,8,96,30,,,3351.0
2022-07,25,157,21,106,3,59,120,36,12,28,36,10,1,53,87,193,107,30,28,21,7,7,19,26,11,127,16,34,7,179,103,18,31,22,22,1,7,9,58,18,182,16,27,170,66,37,60,176,23,38,20,20,2,14,70,20,,,2771.0
2022-08,25,206,33,36,3,78,88,35,5,23,64,3,4,72,66,245,80,23,17,18,11,10,16,38,6,100,15,60,7,184,86,14,23,19,44,2,10,18,70,15,163,8,26,191,113,40,59,159,23,44,22,6,4,4,40,21,,,2770.0
2022-09,25,205,25,26,2,62,90,37,5,29,23,5,2,89,78,203,129,20,15,22,14,10,19,5,8,79,13,40,8,150,62,9,31,31,20,1,23,10,66,11,216,12,40,128,40,45,55,128,24,32,30,22,5,22,31,9,,,2516.0
2022-10,25,145,37,22,1,63,89,48,10,21,19,3,2,45,67,167,90,23,10,22,13,6,20,6,11,36,12,33,2,139,42,14,15,14,22,1,7,7,69,11,130,8,30,71,18,43,46,101,19,44,10,7,2,7,10,20,,,1930.0
2022-11,25,133,29,74,2,62,63,26,8,23,10,7,0,28,34,146,91,14,5,25,14,13,16,5,9,42,9,35,4,83,12,4,13,5,15,3,11,16,53,21,92,11,54,71,60,20,45,65,17,31,28,6,2,6,6,33,,,1710.0
2022-12,25,188,11,18,4,59,76,75,7,28,7,6,5,36,52,132,62,13,5,21,8,46,7,2,13,21,14,21,4,79,32,5,8,6,27,0,4,10,42,6,71,11,49,13,14,17,16,19,9,21,13,20,0,18,0,3,,,1454.0
2023-01,25,163,20,32,6,74,76,53,3,36,11,6,9,43,69,160,76,9,16,20,13,18,11,4,6,135,13,24,7,72,40,7,16,13,27,0,1,6,44,6,127,11,49,8,9,10,15,1,10,18,14,21,2,33,0,5,,,1678.0
2023-02,25,221,41,45,3,49,48,25,6,36,4,2,2,21,37,141,60,7,10,13,10,12,16,5,8,163,12,30,6,81,29,2,62,8,18,1,4,3,37,10,125,14,54,19,13,4,35,5,12,14,26,59,1,47,0,0,,,1716.0
2023-03,25,233,41,58,4,62,56,27,8,26,38,4,7,38,85,166,122,29,9,21,15,8,17,2,6,196,6,18,7,81,52,11,42,21,34,0,3,10,62,15,82,22,45,27,14,5,52,1,17,19,14,31,3,22,0,5,,,1999.0
2023-04,25,186,32,51,4,78,86,56,8,21,27,1,0,46,61,179,103,36,7,29,14,5,12,2,11,149,7,41,8,108,68,12,32,44,32,1,10,23,60,16,115,32,54,93,125,11,74,126,17,22,16,9,2,9,0,16,,,2387.0
2023-05,25,254,80,72,3,85,66,27,7,21,26,6,0,74,77,214,116,34,19,30,17,13,24,6,6,138,9,36,7,107,75,20,16,32,46,0,8,8,73,14,83,10,53,79,33,21,76,270,16,24,23,7,1,8,37,23,,,2630.0
2023-06,25,235,35,60,5,77,92,22,15,17,23,4,6,57,68,227,134,33,21,33,34,6,26,7,17,104,10,39,11,137,67,17,33,20,29,1,8,6,47,16,145,11,57,116,61,188,78,287,20,30,30,7,2,15,34,28,,,2908.0
2023-07,25,213,20,57,33,107,158,131,4,34,39,3,0,45,72,313,129,31,17,104,26,15,14,66,14,104,11,34,5,172,84,19,190,30,34,0,2,7,50,22,175,25,85,155,108,19,107,162,22,25,38,194,2,5728,39,29,,,9322.0
2023-08,25,249,37,81,10,104,122,70,8,42,35,3,1,59,76,287,236,21,19,45,35,21,16,48,19,110,15,33,9,178,87,22,74,23,46,0,14,13,58,14,155,12,44,198,62,19,72,164,33,26,29,29,2,244,48,27,,,3504.0
2023-09,25,161,23,45,13,62,101,62,11,56,21,11,2,69,82,174,97,24,26,35,36,30,10,48,10,63,10,44,5,141,59,23,35,20,37,0,2,8,72,18,76,11,66,105,33,16,65,116,17,25,33,35,4,36,15,17,,,2416.0
2023-10,25,178,32,72,5,73,101,48,13,45,14,5,2,46,62,203,58,22,24,23,33,25,15,11,11,62,6,37,9,131,45,15,42,10,27,1,21,7,50,7,134,14,43,77,39,23,55,107,19,36,34,17,4,15,11,14,,,2233.0
2023-11,25,165,21,30,6,48,88,42,5,36,10,3,4,63,88,169,82,24,12,114,28,13,14,9,12,41,9,32,7,105,33,9,14,7,29,0,2,5,59,15,89,21,74,36,6,16,42,59,10,33,15,14,0,18,3,32,,,1921.0
2023-12,25,181,23,24,2,63,67,32,4,16,17,7,11,61,50,175,72,17,10,22,18,20,14,7,9,27,10,22,5,80,44,4,13,10,52,0,3,5,46,11,96,11,63,21,7,5,29,107,18,18,22,9,1,14,0,7,,,1682.0
2024-01,25,248,28,35,6,59,122,101,6,53,9,4,3,46,50,144,134,9,9,44,18,81,26,5,32,130,14,42,7,63,35,9,32,22,99,2,12,15,42,8,89,4,65,9,34,4,26,59,23,23,37,32,0,46,0,2,,,2257.0
2024-02,25,211,16,41,1,60,88,56,19,36,25,6,0,70,68,179,143,16,7,22,43,8,25,9,6,341,16,37,11,70,61,6,10,30,77,1,8,17,64,22,90,8,25,36,17,4,46,136,30,34,22,9,4,16,0,5,,,2408.0
2024-03,25,182,36,49,6,50,107,40,19,23,19,10,1,73,72,165,148,13,17,20,30,21,16,2,7,143,6,63,5,68,43,8,39,39,115,4,13,19,60,13,122,13,44,42,35,8,73,246,38,40,22,43,2,36,0,6,,,2534.0
2024-04,25,225,15,59,11,48,89,66,8,25,16,6,3,41,63,175,125,32,14,21,16,11,21,8,7,163,4,71,6,73,56,13,40,27,42,1,4,17,66,12,65,7,42,74,47,20,56,233,27,37,453,44,1,28,4,26,,,2864.0
2024-05,25,239,33,71,7,78,110,68,13,24,39,3,2,61,81,214,119,16,13,37,24,7,25,2,5,101,11,62,2,79,102,13,40,28,45,0,12,14,60,12,96,8,50,135,172,84,90,204,29,42,27,50,4,24,109,28,,,3024.0
2024-06,25,211,25,55,3,74,84,54,19,24,32,6,1,93,84,253,96,24,30,58,9,5,16,66,7,99,11,45,5,104,63,12,16,90,106,0,9,13,48,14,123,24,46,169,154,33,116,111,20,34,35,14,29,9,72,28,,,2981.0
2024-07,25,187,25,52,0,85,106,55,7,47,23,9,0,49,93,266,73,27,21,56,14,27,14,48,12,88,16,41,5,150,79,13,37,22,41,0,10,15,70,83,206,18,60,563,479,13,137,86,28,34,17,19,2,28,55,24,,,3735.0
2024-08,25,226,14,35,4,66,95,35,7,45,29,11,1,86,73,250,106,29,17,26,13,14,13,65,16,77,13,65,5,131,76,11,20,33,40,0,8,8,54,13,101,4,41,194,107,24,72,130,27,44,23,16,2,8,39,23,,,2685.0
2024-09,25,255,27,39,4,85,91,35,10,27,26,8,0,68,85,228,115,19,15,46,13,12,16,4,8,81,10,57,3,113,68,5,35,58,93,7,23,27,33,51,68,19,71,110,59,9,61,71,29,19,22,22,4,15,126,8,,,2613.0
2024-10,25,191,15,40,3,72,91,50,12,22,28,7,0,60,86,208,114,29,11,25,23,15,21,9,4,60,4,37,4,126,66,9,35,52,47,1,8,9,58,96,112,4,54,89,52,15,58,151,25,27,21,11,2,4,9,13,,,2395.0
2024-11,25,142,30,18,3,58,76,38,13,23,7,6,1,33,39,173,122,25,14,55,18,8,13,8,7,39,6,29,3,103,32,6,14,16,22,1,6,11,52,13,141,9,95,54,24,13,27,210,14,37,28,11,4,8,0,23,,,1981.0
2024-12,25,207,11,13,5,75,66,54,11,30,10,3,0,26,38,157,104,16,7,59,18,11,10,8,17,33,3,39,8,55,47,6,15,14,15,2,9,21,74,18,93,15,74,18,27,3,28,204,20,37,35,11,1,17,0,8,,,1906.0
2025-01,25,221,21,15,4,76,93,53,16,98,9,5,8,26,34,157,115,17,14,37,12,74,9,9,24,49,5,23,3,53,25,6,14,14,20,0,3,10,64,11,134,8,63,10,11,2,13,318,10,28,132,31,5,37,0,2,,,2251.0
2025-02,25,233,16,15,4,53,69,58,7,43,12,7,4,14,54,139,50,8,4,18,11,22,11,14,8,141,16,19,3,55,42,3,12,9,29,2,3,15,37,14,99,14,44,14,11,10,30,261,10,24,47,10,0,20,0,2,,,1870.0
2025-03,25,276,54,62,5,58,101,44,15,28,20,4,2,63,92,193,72,35,8,29,41,12,21,1,8,172,12,22,7,86,59,17,26,23,63,2,7,8,51,29,141,15,69,46,30,13,55,259,19,25,54,12,2,28,0,6,,,2602.0
2025-04,25,257,9,74,4,84,99,37,13,30,32,6,3,48,91,191,98,32,7,23,35,10,21,1,11,200,13,26,6,100,51,22,31,24,57,4,13,16,59,13,89,8,110,61,36,16,66,244,30,22,34,24,0,24,1,13,,,2629.0
2025-05,25,276,40,53,3,84,87,38,19,18,48,1,2,61,108,216,149,32,8,26,33,6,16,2,20,149,11,35,5,139,84,6,17,39,45,0,5,14,51,45,96,12,51,87,90,10,80,36,29,26,17,12,3,15,68,19,,,2642.0
2025-06,25,230,26,44,3,86,84,39,10,25,60,3,1,77,83,247,93,31,11,91,25,7,39,62,14,109,14,57,19,138,75,9,27,33,27,0,6,2,63,10,70,11,38,128,121,20,75,93,24,39,32,17,5,16,83,43,,,2795.0
2025-07,25,284,26,54,9,93,94,36,14,32,42,3,3,60,95,311,151,33,11,105,23,13,19,77,10,120,9,53,14,167,99,8,35,26,36,0,4,6,64,11,93,15,82,152,130,25,93,81,71,38,43,25,1,34,92,29,,,3254.0
2025-08,25,302,24,43,1,100,73,50,8,36,19,1,2,70,98,272,129,36,18,36,26,16,9,48,4,78,10,43,6,140,115,11,32,14,29,1,6,7,64,71,90,8,61,154,72,7,60,86,38,26,60,26,1,71,102,35,,,2945.0
2025-09,25,326,19,35,5,108,73,53,8,22,21,2,0,79,109,228,176,28,12,45,19,7,15,9,10,46,18,35,9,144,71,4,18,16,22,0,2,11,54,19,72,9,36,115,42,13,56,36,25,25,24,3,6,15,31,27,,,2413.0
2025-10,25,290,24,24,0,88,95,43,13,39,23,2,1,62,105,230,128,25,9,18,23,10,18,7,11,32,10,41,6,126,50,4,18,9,26,2,3,10,67,10,79,14,52,99,61,8,48,112,19,25,31,15,1,8,7,18,,,2299.0
2025-11,25,195,14,9,3,87,61,47,8,42,9,3,4,43,157,177,56,7,7,31,17,12,15,6,33,24,3,27,6,83,34,3,8,10,12,0,2,15,55,19,95,11,64,61,67,3,34,152,20,25,23,15,1,9,0,30,,,1954.0
2025-12,25,198,6,4,3,96,63,59,6,54,8,6,2,26,83,160,76,18,16,74,25,16,8,9,20,28,6,21,4,57,27,7,16,3,23,3,4,9,58,9,53,5,92,11,12,0,23,197,8,13,26,17,1,22,0,2,,,1793.0
2019-01,26,1,10,1,0,8,17,3,0,0,0,1,0,0,0,0,0,1,1,0,0,0,2,0,1,7,0,0,0,0,0,3,1,5,2,0,0,0,5,0,17,0,1,0,0,0,1,3,0,0,3,0,0,0,0,0,,,94.0
2019-02,26,4,2,4,0,9,11,24,3,4,4,0,0,1,5,36,0,1,0,0,1,0,0,0,0,42,0,1,2,1,4,3,1,0,2,0,0,0,1,3,44,0,3,0,1,2,7,5,4,0,6,4,0,1,0,0,,,246.0
2019-03,26,18,5,12,0,12,14,7,0,7,14,2,0,5,12,52,1,2,0,12,1,4,0,0,0,62,3,2,0,15,8,6,7,0,9,0,0,2,6,4,84,2,23,3,4,0,5,3,11,7,8,3,0,5,0,0,,,462.0
2019-04,26,16,11,26,0,8,27,4,1,15,14,2,0,6,21,45,9,3,0,1,4,3,3,0,0,62,3,3,0,26,9,12,14,2,68,5,11,9,8,1,72,3,14,6,7,0,15,12,23,5,8,4,0,3,0,0,,,624.0
2019-05,26,17,13,27,1,9,19,3,1,4,11,0,0,5,10,41,8,3,1,2,5,1,3,0,0,47,1,5,1,25,5,4,11,2,6,0,0,2,11,1,74,2,10,8,7,1,4,15,13,2,2,12,0,4,128,1,,,588.0
2019-06,26,17,7,11,1,16,24,3,1,9,12,1,0,14,17,51,22,1,2,4,3,0,2,0,1,33,4,10,1,34,16,27,9,0,32,1,5,7,7,5,73,1,21,25,5,1,14,37,74,4,2,5,0,1,425,3,,,1101.0
2019-07,26,18,11,3,0,13,24,5,0,2,12,1,0,10,17,78,10,5,2,24,2,2,1,64,1,44,5,7,2,32,19,8,8,3,35,0,4,2,10,6,64,2,25,23,8,3,7,33,26,3,16,7,0,1,578,2,,,1288.0
2019-08,26,26,10,8,0,10,18,5,1,4,15,0,0,10,16,49,39,1,1,6,7,3,3,1,3,38,8,13,2,46,18,10,5,3,68,1,8,10,8,1,94,9,26,19,5,0,11,41,63,2,26,3,0,1,636,0,,,1411.0
2019-09,26,12,1,14,0,11,30,4,0,7,23,1,0,18,33,35,35,5,1,7,7,1,4,0,3,27,6,12,0,48,16,3,5,2,45,0,7,3,14,3,60,4,20,22,4,0,8,21,30,12,16,1,0,0,646,1,,,1288.0
2019-10,26,11,9,7,4,11,25,12,3,2,13,0,0,6,24,38,14,5,0,3,3,1,0,0,2,20,5,10,1,36,16,10,8,1,8,0,1,3,18,2,115,5,24,18,7,1,14,15,24,6,10,3,0,1,141,0,,,716.0
2019-11,26,12,13,5,0,5,22,9,0,3,4,2,2,11,18,140,15,1,0,7,7,1,0,0,4,18,3,4,2,34,5,7,9,1,27,2,2,6,15,1,75,2,13,8,3,2,5,10,9,4,4,2,0,5,1,0,,,560.0
2019-12,26,16,4,8,0,18,10,3,0,5,16,0,0,6,20,67,13,7,0,30,7,4,0,0,4,15,4,6,1,13,12,3,1,2,29,0,0,3,9,2,47,5,6,7,3,0,0,5,10,3,3,1,0,0,0,0,,,428.0
2020-01,26,27,4,4,0,18,25,3,0,6,6,0,2,7,17,59,21,2,0,7,4,1,2,0,6,25,8,10,0,31,4,3,7,4,36,1,10,9,7,1,57,9,22,11,7,1,1,3,6,5,1,6,1,0,0,0,,,507.0
2020-02,26,28,3,1,0,11,17,4,1,6,4,0,1,11,15,48,8,1,1,2,7,8,3,0,2,23,2,11,1,11,5,1,6,2,7,0,0,0,7,4,20,1,9,3,0,0,2,3,9,4,9,0,0,3,0,0,,,325.0
2020-03,26,28,12,36,0,24,20,4,6,8,63,2,3,7,38,60,13,5,2,9,2,2,1,1,1,9,2,2,0,19,43,0,1,1,2,0,0,2,2,3,33,3,8,15,2,1,2,4,18,5,0,3,0,1,0,0,,,528.0
2020-04,26,15,5,17,0,12,12,6,21,2,42,1,0,6,59,46,30,2,0,3,5,7,1,0,0,20,2,2,0,15,17,0,2,0,17,0,2,4,6,4,28,2,4,14,1,0,7,12,6,5,0,4,0,2,0,0,,,468.0
2020-05,26,25,7,14,2,71,25,10,17,4,23,2,0,11,25,79,19,4,1,23,4,3,1,0,2,17,3,22,1,33,27,5,14,3,14,0,2,2,5,5,42,4,9,14,2,1,5,19,17,8,3,18,0,28,30,1,,,726.0
2020-06,26,40,8,23,0,23,29,7,4,9,25,1,0,11,20,84,26,10,3,4,5,1,0,0,0,11,5,8,1,31,17,3,4,1,25,0,0,6,10,5,57,2,16,26,24,1,13,34,13,5,1,4,0,3,49,1,,,709.0
2020-07,26,55,15,4,1,31,25,9,4,2,25,0,0,12,25,100,11,8,1,27,1,2,4,29,2,20,20,8,1,41,32,0,6,1,12,0,0,2,2,5,125,3,20,32,17,3,14,117,16,5,0,3,0,2,353,1,,,1254.0
2020-08,26,66,16,5,0,23,27,4,6,7,19,0,0,17,27,83,4,7,5,8,8,6,3,4,1,24,4,13,3,43,19,4,1,3,13,0,0,0,10,4,96,5,11,147,66,1,20,28,19,7,0,0,0,0,354,3,,,1244.0
2020-09,26,76,10,5,0,21,19,13,6,9,27,2,1,3,18,88,42,0,2,7,9,4,3,1,1,13,2,12,2,47,14,4,3,3,11,0,0,4,9,4,42,6,9,36,10,1,5,32,12,4,1,1,0,1,275,1,,,931.0
2020-10,26,49,0,10,0,12,24,16,7,3,13,2,0,10,23,68,15,4,1,6,5,2,1,2,3,21,3,2,2,34,12,2,2,0,17,0,1,0,11,3,57,2,9,21,4,0,10,13,4,2,0,1,0,3,206,0,,,718.0
2020-11,26,40,3,7,0,9,26,8,2,4,4,1,1,4,15,41,38,7,0,12,2,3,1,0,3,7,9,5,1,21,11,3,2,4,20,0,3,2,3,2,48,3,20,6,1,0,5,4,6,5,2,0,0,7,562,1,,,994.0
2020-12,26,37,2,6,0,22,22,12,4,8,17,2,0,5,14,62,50,1,4,14,5,9,2,1,2,17,9,6,0,26,13,1,1,3,15,8,5,1,6,3,11,2,6,14,3,0,2,8,10,1,0,0,0,1,0,0,,,473.0
2021-01,26,45,4,11,1,10,22,13,7,3,10,0,1,4,18,41,31,3,3,7,5,4,2,0,2,27,2,1,2,16,5,1,4,2,13,1,3,3,2,0,18,6,12,9,0,0,1,1,7,6,2,1,0,1,0,0,,,393.0
2021-02,26,17,2,1,0,7,35,8,7,2,0,0,0,0,11,26,40,0,1,16,4,14,1,0,5,14,3,1,1,5,9,0,1,0,15,0,14,1,8,0,10,2,16,0,0,0,4,0,4,3,1,0,0,1,0,0,,,310.0
2021-03,26,51,3,13,0,18,12,4,2,3,22,1,1,6,45,76,41,3,2,14,5,2,5,1,0,42,14,1,3,28,35,6,5,1,10,0,0,3,11,8,39,10,20,8,3,2,2,6,19,3,1,0,0,0,0,0,,,610.0
2021-04,26,86,4,9,1,18,15,2,5,4,31,0,0,9,39,60,45,10,0,7,7,1,3,0,5,6,6,5,2,28,14,1,2,1,27,0,0,6,2,3,17,4,3,14,1,1,9,4,21,6,3,1,0,0,0,0,,,548.0
2021-05,26,92,2,2,0,10,23,5,3,9,36,1,0,11,25,57,49,4,3,5,10,3,4,0,2,8,4,5,0,29,17,2,6,1,23,0,0,4,6,8,27,2,11,21,6,2,11,15,15,3,2,2,4,0,41,1,,,632.0
2021-06,26,58,8,14,1,11,19,12,1,4,21,0,0,9,30,71,52,3,10,5,7,3,3,17,0,14,0,6,3,41,24,4,12,2,50,0,3,4,11,8,50,6,17,27,16,0,14,27,17,3,0,7,0,14,719,0,,,1458.0
2021-07,26,123,2,12,1,20,29,19,4,2,32,1,0,11,34,88,20,4,1,5,4,6,6,25,1,14,12,7,3,62,26,6,7,2,30,0,3,4,8,5,25,1,6,27,14,1,16,37,11,5,8,1,1,6,577,1,,,1376.0
2021-08,26,95,5,1,0,14,32,7,3,7,32,2,1,15,46,55,17,1,2,12,6,2,5,29,1,9,5,9,5,66,19,2,3,3,41,0,6,4,3,4,15,2,19,40,18,1,19,24,13,2,5,1,0,1,142,0,,,871.0
2021-09,26,34,3,3,0,24,32,7,12,4,22,1,0,7,21,69,28,3,1,5,4,3,1,1,2,4,2,1,0,36,24,2,5,2,8,0,3,3,6,6,16,5,10,17,5,1,8,17,7,5,0,2,0,1,166,3,,,652.0
2021-10,26,36,1,2,2,18,28,6,4,8,14,2,0,6,26,50,49,5,2,3,4,4,3,1,4,11,2,4,1,49,7,0,7,2,29,0,1,2,10,4,36,4,10,14,11,0,5,18,12,9,0,12,0,3,0,1,,,542.0
2021-11,26,16,6,5,0,8,25,9,0,6,8,1,0,8,14,41,17,4,2,10,2,2,0,0,2,6,1,13,2,34,14,0,1,4,16,0,0,2,14,2,9,2,14,14,2,1,6,7,11,12,2,1,0,1,0,0,,,377.0
2021-12,26,16,2,3,0,10,33,4,2,7,8,3,1,8,13,41,11,0,1,19,1,1,2,1,0,11,3,4,1,14,10,3,0,0,6,0,0,6,6,4,21,3,6,10,8,0,5,2,16,7,1,2,0,3,0,2,,,341.0
2022-01,26,29,2,0,0,8,29,11,1,4,3,1,0,6,3,35,33,4,1,11,4,14,0,0,3,9,4,6,1,10,8,1,0,2,11,0,0,9,14,2,17,4,18,6,0,0,1,0,10,3,2,3,2,0,0,1,,,346.0
2022-02,26,42,0,1,0,8,17,8,2,5,4,1,0,3,18,34,25,4,2,5,6,5,1,1,1,35,4,6,1,13,16,3,4,0,59,0,0,6,7,2,36,1,18,2,1,0,3,0,13,2,0,7,0,2,0,0,,,434.0
2022-03,26,51,4,10,0,10,18,5,2,4,22,0,0,2,44,63,87,5,0,6,3,5,2,0,2,56,3,6,1,17,9,6,3,2,7,0,3,2,4,5,19,2,17,6,2,2,3,1,6,6,0,10,0,5,0,0,,,548.0
2022-04,26,32,2,19,2,12,21,8,1,1,18,1,0,3,34,51,6,3,0,3,3,2,2,0,1,84,1,7,1,13,14,2,12,1,3,0,3,2,12,4,21,2,7,10,5,0,11,4,13,13,0,5,1,3,0,0,,,479.0
2022-05,26,94,8,15,0,13,22,11,4,7,17,2,0,8,31,57,42,5,0,0,0,1,6,1,2,30,5,6,0,11,16,7,1,1,4,2,7,4,15,2,51,2,27,14,7,3,7,24,19,7,2,8,0,2,32,0,,,662.0
2022-06,26,40,4,8,0,13,31,9,0,6,19,0,0,4,26,50,48,5,2,10,4,1,4,20,2,37,5,10,1,34,11,5,4,3,2,0,0,3,7,6,32,8,17,59,39,1,10,30,33,6,4,1,1,3,50,1,,,729.0
2022-07,26,42,3,11,0,17,27,7,4,7,18,2,0,11,34,67,12,4,1,11,3,2,3,7,0,12,2,7,1,32,21,2,1,2,2,0,0,0,4,2,70,2,19,31,8,0,11,28,13,8,2,1,0,0,25,3,,,602.0
2022-08,26,39,7,5,0,14,25,13,0,13,45,0,0,8,29,49,23,2,0,5,6,2,5,1,2,8,0,12,3,28,20,1,1,2,1,0,5,2,16,3,62,2,3,36,1,9,9,26,20,8,7,2,0,0,33,0,,,613.0
2022-09,26,33,5,2,0,19,23,12,2,4,24,0,0,14,25,45,16,5,2,1,4,3,6,2,1,7,3,10,3,31,18,1,1,2,3,0,2,2,17,4,56,1,8,26,2,0,6,19,5,14,3,2,0,3,19,1,,,517.0
2022-10,26,20,9,2,0,14,15,6,2,1,19,0,1,8,33,50,31,3,0,8,3,1,4,1,1,7,1,20,1,30,10,0,2,3,4,1,0,5,8,5,42,0,7,18,3,7,20,14,9,6,1,0,0,2,6,2,,,466.0
2022-11,26,45,8,1,0,7,12,7,0,6,12,1,0,10,40,35,14,3,0,19,2,0,3,0,2,6,1,4,1,22,6,1,3,0,1,0,3,7,13,0,21,2,15,6,6,1,1,4,13,3,2,1,0,5,3,3,,,381.0
2022-12,26,34,4,3,2,7,23,29,1,8,9,1,1,8,17,37,16,1,0,9,3,11,2,0,6,8,3,5,0,18,9,0,2,0,3,0,0,3,11,3,32,1,10,7,4,2,0,3,11,6,3,1,0,7,0,3,,,387.0
2023-01,26,27,3,8,1,12,27,15,3,4,5,1,1,3,23,50,42,2,0,6,5,3,0,0,4,65,0,3,1,13,6,2,2,2,4,0,0,1,20,3,43,4,16,13,3,4,4,0,10,12,5,3,0,6,0,0,,,490.0
2023-02,26,38,1,2,3,7,17,7,3,11,13,0,0,4,22,38,35,3,0,1,2,2,0,0,3,49,1,5,3,16,12,4,3,4,5,1,0,4,9,3,19,2,35,5,1,1,2,0,6,11,6,9,2,6,0,0,,,436.0
2023-03,26,17,4,10,3,12,22,3,3,6,16,1,4,4,26,40,24,1,0,4,2,2,2,0,0,47,1,5,0,24,8,3,5,1,5,0,1,3,9,6,21,2,20,6,2,2,2,1,9,6,0,6,0,4,0,2,,,407.0
2023-04,26,28,3,11,1,18,30,13,4,4,16,0,0,8,37,48,9,1,0,4,7,5,4,0,1,26,1,8,0,18,14,3,4,2,3,0,4,3,12,1,24,4,11,47,11,2,11,70,11,6,2,1,0,2,0,2,,,555.0
2023-05,26,87,9,4,0,15,16,8,4,4,19,0,1,13,33,51,28,3,1,4,3,4,1,0,1,20,1,4,3,11,9,5,2,2,3,0,2,8,11,5,23,4,14,15,0,35,8,41,8,7,1,2,1,4,15,1,,,574.0
2023-06,26,35,3,7,0,11,14,3,2,3,15,1,0,10,32,65,30,3,5,14,3,2,4,0,4,27,1,18,0,18,13,3,1,2,4,0,0,0,15,10,26,6,15,41,15,282,11,36,10,9,2,2,1,2,26,6,,,868.0
2023-07,26,22,1,7,3,21,24,42,1,7,18,1,0,19,27,63,9,7,6,17,3,2,4,3,2,17,2,13,1,35,6,7,25,2,3,0,3,4,8,4,13,1,19,33,17,86,9,9,14,8,2,30,1,987,29,5,,,1702.0
2023-08,26,64,5,16,2,22,41,17,6,6,23,2,0,12,40,68,74,6,2,9,9,2,2,35,0,13,1,11,2,31,9,5,13,4,6,0,2,2,13,3,8,0,12,41,9,2,14,20,11,20,3,8,0,39,24,2,,,791.0
2023-09,26,46,2,6,0,13,26,10,5,9,10,2,0,22,35,55,9,4,3,9,7,5,2,9,1,16,1,23,1,31,9,8,7,0,2,0,2,0,14,5,14,3,18,30,2,0,4,16,5,8,3,4,1,8,10,0,,,535.0
2023-10,26,40,6,5,1,13,24,9,3,8,5,0,0,15,22,51,6,1,0,9,1,1,2,1,7,19,0,13,1,25,7,1,5,1,1,0,0,3,12,3,0,2,21,20,2,81,2,32,9,4,9,4,1,0,3,1,,,512.0
2023-11,26,18,4,6,0,10,23,13,1,9,6,0,0,2,20,48,18,1,3,19,7,4,1,0,1,7,4,4,0,17,4,0,3,14,10,0,2,2,12,2,11,1,58,3,5,4,3,64,4,4,1,1,0,3,1,0,,,458.0
2023-12,26,28,2,1,1,10,12,6,1,6,4,2,0,7,15,30,6,3,0,6,4,1,3,1,3,9,3,8,0,10,11,0,3,0,7,1,0,0,8,1,17,4,10,8,0,6,5,30,4,5,1,1,0,3,0,2,,,309.0
2024-01,26,34,9,4,0,12,28,40,0,10,14,1,0,12,14,45,33,0,1,4,7,31,2,6,4,42,1,8,0,14,6,1,6,5,28,3,3,10,9,2,14,1,20,6,2,1,4,5,4,9,2,2,1,7,0,0,,,527.0
2024-02,26,34,11,39,0,17,19,5,2,7,29,1,1,7,31,60,98,10,4,2,3,2,6,18,0,131,2,12,3,19,12,2,6,40,74,1,9,10,21,5,38,9,18,8,7,2,6,18,1,9,4,0,0,2,0,1,,,876.0
2024-03,26,19,0,8,1,10,24,10,4,6,26,2,0,10,19,62,18,8,5,3,4,4,7,2,3,34,2,2,1,26,8,2,7,15,47,1,9,8,7,5,12,3,14,14,7,2,8,0,29,6,2,5,2,3,0,0,,,536.0
2024-04,26,49,14,16,0,10,35,10,0,3,18,3,1,2,23,45,35,3,1,5,8,5,1,0,0,27,3,7,0,19,10,0,3,2,11,0,2,5,7,7,28,7,20,15,11,1,10,2,7,9,4,4,1,5,8,1,,,523.0
2024-05,26,51,1,3,1,16,22,9,3,4,18,0,0,11,18,46,42,1,1,4,1,2,3,5,3,19,1,3,1,14,13,3,4,1,9,0,2,3,10,3,6,3,17,19,23,2,7,12,17,6,2,6,0,3,43,5,,,522.0
2024-06,26,51,3,6,0,7,27,6,2,5,19,2,0,9,31,43,8,4,1,15,0,2,5,40,5,16,2,13,4,23,17,1,1,9,1,1,2,7,16,2,22,3,36,21,24,0,20,103,11,5,3,4,1,2,57,5,,,723.0
2024-07,26,39,1,8,0,22,32,12,3,5,72,0,0,13,29,62,42,4,2,19,0,3,2,27,4,30,7,14,3,23,26,5,9,44,50,3,8,5,6,56,22,7,9,83,81,0,20,1,8,2,1,4,0,1,53,4,,,986.0
2024-08,26,54,5,6,1,10,24,10,4,3,31,1,0,14,38,47,26,6,0,4,1,1,1,13,3,11,1,20,1,23,24,2,5,27,22,1,0,2,14,6,8,0,15,31,10,1,6,2,10,1,5,1,0,1,50,4,,,607.0
2024-09,26,39,8,8,1,11,18,4,4,7,15,0,0,8,49,34,29,1,0,1,4,3,0,1,3,17,3,7,0,27,12,2,6,9,10,0,1,2,19,5,21,3,12,19,5,3,14,7,11,8,5,2,1,3,21,1,,,504.0
2024-10,26,83,3,14,1,15,27,15,5,11,20,3,0,4,31,51,70,2,4,7,2,5,7,0,2,18,0,5,0,25,28,0,4,52,38,1,7,6,6,52,4,4,9,23,19,0,4,21,7,9,2,1,1,4,31,3,,,766.0
2024-11,26,27,17,12,0,11,12,6,2,5,2,0,0,4,22,44,29,3,1,13,2,4,8,0,4,12,2,2,0,12,10,0,2,29,9,0,2,1,7,30,23,2,4,7,2,0,8,38,5,10,4,1,0,1,0,1,,,452.0
2024-12,26,55,1,0,0,15,15,9,3,8,6,1,0,3,20,53,35,3,2,12,4,6,1,1,1,2,2,6,0,15,5,2,2,1,5,0,2,0,15,2,20,3,13,1,3,1,2,58,1,1,2,1,0,3,0,1,,,423.0
2025-01,26,36,7,1,0,16,13,19,2,12,7,2,0,4,13,41,28,2,4,6,1,17,0,1,3,14,3,1,1,9,11,0,2,3,5,0,0,0,3,1,14,6,36,6,0,0,1,45,4,1,3,1,0,0,0,1,,,406.0
2025-02,26,40,2,7,0,6,16,10,2,8,13,1,1,3,14,34,25,3,3,7,3,5,1,0,0,18,2,7,1,8,16,1,0,11,31,0,3,6,15,31,9,4,15,3,2,4,1,31,2,3,1,1,0,1,0,0,,,431.0
2025-03,26,47,5,6,1,18,22,10,1,5,55,4,1,12,28,55,37,6,1,12,1,1,1,0,2,36,2,6,1,16,56,3,3,25,34,1,4,6,11,53,27,3,43,16,3,0,6,49,7,7,5,4,0,1,0,1,,,760.0
2025-04,26,59,10,34,0,13,14,8,2,2,61,1,0,10,24,52,68,3,5,8,3,2,4,0,1,39,1,9,1,22,82,6,4,62,82,3,11,11,20,125,31,5,25,18,13,2,10,82,5,7,4,10,0,2,1,2,,,1079.0
2025-05,26,47,1,15,0,17,23,10,1,9,23,3,0,12,30,40,104,1,1,1,0,2,3,0,1,19,0,9,0,19,46,2,2,39,16,0,4,4,27,45,11,3,28,18,11,2,5,67,5,3,2,4,0,3,33,2,,,773.0
2025-06,26,38,6,4,0,9,16,9,3,7,28,2,0,22,18,53,29,5,3,14,4,6,4,36,3,31,0,17,0,17,9,0,3,0,2,1,3,3,10,3,21,0,10,17,14,3,14,63,11,9,2,9,0,3,44,2,,,640.0
2025-07,26,72,16,7,3,14,29,9,2,1,18,0,1,25,24,51,42,2,0,11,5,1,3,50,4,34,1,10,4,34,27,2,6,8,3,1,1,1,16,11,38,2,27,20,17,2,17,22,6,6,2,9,0,9,47,5,,,778.0
2025-08,26,72,4,7,1,10,29,12,2,4,15,0,0,13,25,47,15,3,1,8,7,0,4,21,3,12,1,16,0,34,24,3,2,0,3,0,2,0,20,3,32,1,22,15,11,0,10,14,8,8,6,7,0,7,39,6,,,609.0
2025-09,26,72,7,8,1,22,25,14,5,8,16,1,0,16,30,44,21,4,1,13,3,1,8,1,1,8,0,11,7,24,15,0,4,2,7,1,0,1,17,5,22,1,9,13,7,3,7,10,11,5,1,1,0,5,36,2,,,557.0
2025-10,26,80,15,3,1,16,18,11,5,0,22,2,0,22,43,52,53,6,0,10,7,2,15,0,5,11,4,8,1,21,11,2,4,4,3,2,0,3,23,2,29,11,32,42,8,2,5,60,11,7,9,0,0,2,5,2,,,712.0
2025-11,26,68,3,0,1,9,23,7,0,2,13,0,2,1,102,30,7,3,1,8,3,2,9,2,2,4,0,10,0,19,6,0,4,0,3,0,2,1,13,1,11,3,23,33,9,3,7,55,7,4,6,0,0,1,0,2,,,525.0
2025-12,26,49,1,0,1,9,25,6,1,4,1,2,0,3,37,32,15,0,0,9,2,1,6,0,5,5,3,8,2,8,14,1,0,1,4,0,1,2,21,1,46,3,19,2,3,0,4,15,8,9,8,2,0,2,0,1,,,402.0
2019-01,27,0,8,0,0,3,16,6,0,0,3,0,0,0,0,0,0,0,0,0,0,0,1,0,3,6,0,0,0,0,0,2,0,7,1,0,0,0,2,0,18,0,4,0,0,0,0,3,0,0,3,0,0,0,0,0,,,
2019-02,27,9,8,4,0,11,19,9,2,4,9,0,0,1,8,39,2,1,2,0,2,0,2,0,1,105,0,0,1,6,3,2,0,1,5,0,0,0,3,1,81,1,7,2,0,1,3,2,5,0,11,8,0,0,0,0,,,
2019-03,27,19,16,3,0,13,21,1,0,7,24,2,1,5,28,60,8,2,0,2,8,1,8,1,1,68,1,1,1,25,24,3,8,1,13,0,2,2,4,9,84,12,13,19,1,2,5,5,5,6,8,3,1,0,0,0,,,
2019-04,27,13,14,17,2,16,21,3,1,6,19,1,0,9,18,57,18,2,0,3,9,2,2,0,1,67,1,7,0,68,14,5,6,6,24,0,0,4,9,7,62,8,34,20,8,7,6,8,12,7,7,6,0,4,0,1,,,
2019-05,27,21,16,22,2,18,33,7,1,3,23,1,0,3,19,51,13,3,1,4,11,1,7,0,0,83,1,10,1,32,18,9,14,1,11,0,2,5,9,4,81,2,16,13,9,12,6,16,9,6,14,11,0,6,332,0,,,
2019-06,27,20,16,12,0,17,20,7,1,5,20,0,0,7,15,61,18,4,0,3,7,0,2,0,3,76,5,11,2,38,18,6,14,11,9,0,0,4,10,5,86,5,29,17,5,2,13,34,14,9,5,9,1,2,471,4,,,
2019-07,27,19,23,7,1,23,35,10,0,12,24,1,0,12,19,75,41,5,0,10,9,2,1,41,6,46,1,9,3,55,24,5,16,3,12,0,0,3,25,5,85,6,18,30,6,10,4,34,20,9,36,13,1,0,629,6,,,
2019-08,27,38,15,8,0,22,27,4,1,5,30,4,1,32,33,77,44,5,0,6,9,3,0,16,1,32,4,9,1,44,20,6,3,5,17,0,2,3,15,7,84,6,39,26,4,3,10,26,11,10,44,1,0,0,880,5,,,
2019-09,27,41,13,11,0,18,29,7,0,12,14,0,1,4,32,60,33,8,2,3,3,0,1,1,0,64,10,10,3,57,14,3,3,5,95,0,0,8,16,10,67,2,15,18,8,3,8,19,15,5,21,3,0,0,768,1,,,
2019-10,27,27,19,7,0,19,17,4,0,3,11,2,1,10,29,52,33,0,0,2,11,1,2,0,1,28,5,8,1,42,10,3,6,4,20,0,2,7,8,6,71,6,31,28,4,2,4,18,20,12,23,2,0,0,170,3,,,
2019-11,27,18,8,4,0,23,18,3,1,5,11,0,3,8,18,49,16,0,1,5,4,3,1,0,6,26,15,4,0,31,27,3,2,5,37,1,0,7,22,10,76,5,14,12,3,3,2,4,9,3,10,4,0,0,10,2,,,
2019-12,27,16,11,3,0,12,17,6,0,13,16,1,3,8,17,43,31,4,1,13,2,4,1,4,5,37,10,9,3,18,13,4,4,4,18,0,3,3,8,5,45,3,18,4,2,0,4,0,4,5,5,2,0,0,0,2,,,
2020-01,27,25,11,8,0,11,13,4,0,2,7,5,10,7,9,52,31,4,1,4,2,1,1,0,7,41,3,26,1,20,10,2,5,0,7,0,2,8,16,9,72,7,26,4,6,0,1,1,5,7,6,4,0,2,0,0,,,
2020-02,27,22,2,3,0,11,14,14,1,4,7,0,5,4,15,51,29,1,0,5,2,2,2,5,5,37,3,6,0,26,12,3,7,1,8,0,0,4,18,1,60,3,19,9,0,2,3,1,8,8,9,0,4,1,0,0,,,
2020-03,27,20,11,4,0,19,20,2,4,2,28,1,5,2,35,55,25,2,1,5,3,1,1,0,1,39,4,10,1,29,20,4,2,0,10,0,0,6,14,6,69,5,19,5,2,0,0,2,15,3,3,2,0,1,0,1,,,
2020-04,27,22,5,16,1,18,12,2,15,3,24,1,1,4,39,58,23,2,0,16,3,1,2,1,1,25,7,8,0,60,10,2,6,1,5,0,1,3,5,5,20,2,24,8,1,4,3,10,7,4,1,7,2,2,0,3,,,
2020-05,27,19,7,25,3,24,15,8,9,7,26,0,0,6,28,93,26,5,1,15,4,2,2,2,0,34,6,12,2,43,32,1,15,1,51,0,0,7,6,12,21,1,17,5,3,2,14,17,9,4,2,19,0,9,32,3,,,
2020-06,27,30,10,5,1,29,19,8,3,9,30,1,0,7,23,104,34,6,1,11,3,1,4,16,0,7,3,4,1,61,16,3,9,1,42,1,0,3,13,10,78,4,14,42,12,8,4,35,13,4,0,4,0,0,47,6,,,
2020-07,27,35,12,12,0,23,21,4,4,14,17,2,0,15,39,96,39,5,1,62,2,4,1,43,4,18,2,10,1,105,34,2,9,4,32,0,1,4,9,7,82,5,14,47,15,14,9,31,14,12,4,1,0,1,406,7,,,
2020-08,27,64,15,2,0,34,26,7,4,5,32,1,0,10,37,106,29,6,1,11,3,2,1,1,3,19,8,4,1,84,28,2,12,3,26,0,1,3,9,2,120,7,47,86,36,2,12,25,19,3,0,0,0,2,535,5,,,
2020-09,27,72,18,7,1,17,20,7,4,2,14,0,1,8,20,70,35,8,0,4,2,0,4,1,3,15,8,11,1,104,25,1,5,0,28,0,1,2,10,7,62,8,28,28,6,3,4,20,7,6,2,0,1,0,464,2,,,
2020-10,27,76,9,8,0,17,32,4,5,5,26,2,1,7,20,65,17,3,0,6,5,1,1,0,1,11,0,11,1,76,17,0,3,1,12,0,0,3,10,6,103,4,25,22,2,9,5,7,3,2,1,1,0,7,275,7,,,
2020-11,27,44,22,3,2,19,21,11,7,6,12,1,4,5,32,45,40,3,1,10,3,1,0,3,1,11,12,3,2,57,15,5,3,1,16,0,0,9,20,11,68,5,31,9,6,1,1,3,7,9,1,3,1,1,354,7,,,
2020-12,27,40,22,5,0,17,25,5,0,10,19,1,0,6,28,73,57,2,3,50,3,1,2,1,1,31,25,5,4,61,13,1,3,6,22,0,0,7,5,5,7,1,16,4,1,1,2,2,8,2,0,2,1,1,0,0,,,
2021-01,27,54,10,1,0,22,26,15,1,1,12,0,3,10,13,67,29,3,5,24,1,5,2,0,7,13,31,4,0,90,15,2,4,2,28,0,0,6,8,2,15,5,17,10,3,0,2,1,8,6,0,0,0,0,0,0,,,
2021-02,27,36,7,2,0,10,42,10,1,4,1,1,0,0,12,45,16,2,2,68,0,8,4,0,3,23,21,5,2,15,26,2,3,2,12,1,1,1,3,0,45,6,17,0,0,0,2,2,8,1,0,0,0,1,0,0,,,
2021-03,27,58,11,6,0,30,28,6,3,4,35,1,0,18,32,97,26,5,2,21,5,1,9,3,3,76,24,3,0,88,35,2,3,3,14,0,1,5,8,22,76,11,16,7,1,2,7,5,15,5,1,0,1,2,0,1,,,
2021-04,27,71,4,4,0,19,27,5,2,4,26,0,0,11,23,58,33,3,2,4,1,1,3,5,3,23,6,6,0,98,35,2,1,7,24,0,0,1,12,5,33,6,18,19,3,14,9,5,13,11,4,0,0,1,0,0,,,
2021-05,27,49,5,9,0,20,26,8,7,4,30,0,5,15,19,60,40,1,0,6,0,0,4,0,3,18,18,11,2,93,28,1,7,2,28,0,1,6,9,11,28,5,18,13,5,11,8,22,10,22,0,2,0,3,17,5,,,
2021-06,27,49,5,11,2,20,22,12,4,4,32,1,0,11,39,74,51,12,1,6,2,1,2,7,6,24,10,7,1,112,33,6,9,2,12,0,0,7,9,11,42,7,40,18,10,10,11,50,18,6,2,8,0,5,572,2,,,
2021-07,27,84,8,2,0,17,30,9,0,6,22,0,0,9,26,73,30,6,0,15,0,2,2,63,6,35,12,7,1,94,27,4,15,3,25,0,0,5,14,20,46,7,48,31,14,3,10,24,7,5,11,3,1,2,338,6,,,
2021-08,27,63,5,10,1,19,17,14,1,4,36,0,0,13,51,58,47,6,0,5,5,0,5,9,4,28,6,11,3,96,24,7,4,3,52,0,4,6,14,8,66,6,33,42,25,7,5,32,17,11,10,1,0,2,74,5,,,
2021-09,27,55,9,1,1,17,31,4,2,11,21,1,1,8,24,58,23,4,2,5,1,2,6,4,2,27,2,7,1,90,33,2,3,3,21,1,1,11,8,12,70,12,15,25,7,1,10,32,11,2,2,3,1,1,114,1,,,
2021-10,27,47,4,4,1,16,26,8,0,4,16,0,3,11,21,45,28,6,1,3,6,2,2,3,3,38,3,10,2,90,10,1,10,1,45,0,1,9,8,7,82,18,42,20,9,1,10,21,5,5,2,9,1,4,0,1,,,
2021-11,27,56,6,5,0,13,19,8,1,4,9,1,7,4,17,35,58,7,0,10,7,0,10,0,9,34,4,4,1,77,18,0,2,2,18,0,0,3,8,6,71,12,53,12,3,2,2,9,12,0,0,0,0,4,0,3,,,
2021-12,27,42,4,1,0,20,21,13,2,8,5,3,7,7,27,64,40,10,3,17,1,0,2,0,2,25,12,11,1,49,8,2,3,1,11,2,1,0,11,6,62,5,22,7,9,9,3,3,6,5,3,7,1,0,0,3,,,
2022-01,27,29,2,1,0,11,36,29,2,8,1,0,7,14,12,33,72,4,0,4,0,3,11,2,8,19,9,2,0,32,4,1,4,2,30,0,6,8,12,3,17,2,14,3,2,0,0,0,8,3,0,1,0,4,0,1,,,
2022-02,27,56,0,0,0,13,15,12,1,10,5,1,1,5,18,47,61,1,2,2,2,6,6,0,1,37,5,4,0,22,8,1,2,1,12,0,2,2,11,2,55,5,21,2,0,5,2,0,6,1,3,6,0,0,0,0,,,
2022-03,27,51,1,5,0,11,15,7,2,13,25,0,1,3,33,65,83,4,0,2,3,3,3,1,2,72,2,4,1,44,30,4,3,3,20,0,0,3,10,11,61,5,44,13,1,13,9,0,11,7,3,10,0,7,0,1,,,
2022-04,27,67,7,17,4,9,22,10,0,10,20,1,0,6,34,33,23,8,0,1,4,5,2,6,3,77,2,5,0,61,17,3,6,3,7,1,6,17,8,9,21,8,31,11,13,7,10,7,12,7,1,6,1,1,5,3,,,
2022-05,27,28,5,11,1,14,17,9,1,8,26,0,0,15,34,50,36,13,0,7,2,0,7,1,5,56,5,12,0,60,15,3,3,5,4,0,0,4,11,3,52,11,55,10,2,7,3,17,7,3,1,10,0,2,29,7,,,
2022-06,27,43,3,10,0,21,26,10,3,13,38,1,0,6,25,68,70,14,0,3,4,3,5,24,4,86,6,12,1,54,24,7,11,8,10,1,0,5,12,9,53,15,21,20,17,8,12,27,18,1,4,6,0,1,70,8,,,
2022-07,27,53,4,12,1,18,21,10,1,4,19,3,0,11,28,52,25,12,1,8,2,1,3,9,0,27,7,10,0,44,20,4,6,5,2,1,0,7,11,4,90,5,3,36,11,3,15,26,18,7,4,6,0,7,26,4,,,
2022-08,27,54,3,6,1,20,19,4,0,4,68,0,1,12,36,50,56,5,1,7,3,4,4,5,2,18,7,10,0,74,19,3,7,1,8,0,0,3,12,7,62,5,23,51,13,134,11,39,19,3,2,4,0,1,25,9,,,
2022-09,27,30,7,2,0,15,22,11,2,7,11,2,0,17,23,37,29,6,2,5,3,1,4,5,1,11,5,10,0,47,19,9,3,3,4,0,1,8,17,14,48,2,10,20,9,3,13,24,3,5,8,6,0,4,20,7,,,
2022-10,27,41,3,3,0,13,11,3,0,5,10,0,4,11,27,39,18,3,0,3,2,2,7,1,2,12,4,7,2,36,9,2,4,4,9,0,0,5,11,3,36,6,19,13,6,24,10,12,6,13,0,2,0,2,10,3,,,
2022-11,27,30,2,1,1,10,13,5,1,6,16,1,1,6,10,44,22,1,1,10,5,4,2,4,3,7,5,7,0,29,8,1,1,1,5,0,1,3,18,5,30,7,17,16,14,6,13,3,10,6,3,0,0,1,0,1,,,
2022-12,27,27,2,0,0,15,17,19,0,8,2,1,0,1,16,41,23,1,2,7,3,8,1,0,1,15,3,1,2,26,4,3,2,0,2,0,0,5,17,3,20,5,12,3,1,10,4,2,4,4,3,2,0,3,0,1,,,
2023-01,27,42,1,7,0,24,18,11,1,4,19,0,0,6,23,38,39,1,2,2,3,1,4,0,4,74,7,9,0,26,13,0,2,2,5,2,2,11,24,4,28,6,26,6,1,2,8,0,10,8,0,1,1,2,0,0,,,
2023-02,27,37,8,6,0,7,11,12,4,6,15,1,0,6,17,21,36,4,0,6,1,6,5,0,3,52,1,8,0,25,22,1,10,1,5,0,0,4,18,6,21,4,33,8,3,2,5,1,4,8,0,9,1,2,0,2,,,
2023-03,27,47,6,5,1,13,13,11,1,8,22,0,3,6,18,40,73,2,2,4,1,0,1,2,2,61,1,6,0,28,22,2,3,6,4,0,0,4,21,8,15,3,31,20,2,9,12,0,4,13,5,5,0,1,0,2,,,
2023-04,27,23,3,7,2,18,25,10,1,3,34,0,0,7,30,38,11,1,1,9,4,1,1,0,4,35,1,10,0,20,19,8,5,2,7,0,0,1,11,9,22,6,28,10,12,8,8,3,7,5,0,4,0,1,0,2,,,
2023-05,27,95,2,14,0,24,22,11,0,11,17,0,0,13,24,49,56,5,1,7,4,3,7,1,6,51,1,6,1,27,7,4,1,3,2,0,3,3,15,8,44,5,39,30,0,9,10,28,14,4,0,3,0,2,27,4,,,
2023-06,27,47,3,3,1,15,16,10,1,2,16,2,1,7,24,42,45,4,1,8,1,2,11,10,1,31,4,12,0,25,15,4,5,5,7,0,0,5,17,8,27,1,34,23,20,308,17,4,13,12,2,2,0,0,19,10,,,
2023-07,27,14,4,10,1,12,28,20,0,3,18,0,1,11,15,44,67,6,0,10,0,1,8,10,5,31,5,9,1,39,6,5,8,21,6,0,1,1,11,11,40,2,19,29,18,34,8,2,12,8,3,26,1,105,34,14,,,
2023-08,27,31,3,14,0,12,31,6,2,6,19,1,0,11,29,37,97,7,1,8,3,1,8,14,2,28,2,11,0,55,10,8,6,23,21,0,0,2,15,10,31,2,33,36,10,7,14,14,9,6,10,6,0,9,41,6,,,
2023-09,27,25,5,9,0,22,22,5,0,7,34,1,1,14,34,65,33,5,1,8,3,5,5,10,4,15,5,5,2,37,8,3,5,16,2,0,2,5,18,12,36,7,26,39,6,13,14,53,6,12,3,10,0,5,26,5,,,
2023-10,27,45,6,10,0,23,14,14,2,7,27,0,0,12,12,41,36,5,0,10,2,5,10,8,3,24,2,9,0,32,7,9,12,41,23,0,1,6,16,9,20,8,26,27,6,69,12,74,9,12,6,4,0,2,59,5,,,
2023-11,27,36,6,6,0,22,13,10,2,4,42,0,1,5,21,62,71,8,3,45,3,0,2,1,7,17,2,10,1,22,19,1,1,60,35,0,0,3,15,8,34,3,24,12,1,10,6,45,4,5,2,3,0,5,119,2,,,
2023-12,27,35,6,12,0,16,11,9,0,3,14,2,5,3,11,48,52,3,1,13,0,3,2,3,2,25,1,6,1,12,14,6,3,33,26,0,0,10,14,6,32,4,11,4,5,6,7,55,0,4,1,6,0,1,0,1,,,
2024-01,27,24,2,3,1,15,30,23,1,20,4,2,1,4,19,41,36,4,0,25,2,11,1,8,1,79,4,3,1,14,9,1,4,1,13,0,0,3,14,4,28,0,32,8,6,3,2,57,3,6,4,8,0,13,0,0,,,
2024-02,27,27,7,2,0,7,14,12,0,14,28,0,1,5,14,37,40,6,1,19,3,1,1,4,1,137,1,14,2,11,11,1,10,4,21,0,3,4,13,11,28,2,34,11,0,17,4,10,3,8,3,2,0,2,0,5,,,
2024-03,27,24,7,10,1,21,17,4,0,7,12,0,0,6,22,51,33,7,2,3,2,5,1,1,0,37,2,7,1,22,14,1,6,31,46,2,2,12,9,7,38,3,27,11,3,12,9,4,20,7,6,12,0,7,0,1,,,
2024-04,27,31,1,8,0,25,15,7,3,5,23,1,1,11,27,61,56,9,2,12,3,2,5,0,7,57,2,13,2,26,8,2,11,30,55,2,6,13,22,5,47,4,23,9,2,8,4,3,6,4,5,22,0,5,2,5,,,
2024-05,27,290,6,10,0,26,14,9,2,8,26,0,0,8,19,76,9,4,2,8,0,0,6,4,9,41,2,9,2,69,13,4,8,12,17,2,3,3,31,9,20,1,29,23,13,13,17,19,7,9,1,14,1,4,44,5,,,
2024-06,27,74,9,10,0,20,33,3,3,5,24,2,0,10,9,79,34,4,0,12,4,1,7,30,4,24,11,9,1,19,12,1,8,19,5,0,0,3,17,6,25,2,17,29,12,11,13,23,15,4,3,12,0,4,39,6,,,
2024-07,27,34,4,6,1,25,25,15,3,3,37,0,0,27,31,65,58,8,3,16,6,3,4,24,1,38,10,14,1,23,17,8,7,41,47,1,1,5,8,21,33,5,37,76,65,5,24,0,9,3,6,2,1,0,35,8,,,
2024-08,27,29,5,4,0,33,31,16,2,6,16,4,0,13,25,59,89,8,1,12,2,0,3,56,2,12,0,9,0,18,16,3,5,23,24,1,1,10,9,2,30,3,40,54,13,18,10,25,11,9,4,6,2,1,41,6,,,
2024-09,27,48,6,6,1,26,25,9,7,3,21,0,2,22,24,54,78,7,1,3,1,4,7,0,2,11,0,11,1,40,23,5,2,12,6,0,1,7,16,9,40,2,28,20,15,8,10,0,11,5,1,2,0,2,28,7,,,
2024-10,27,45,5,6,0,15,26,6,0,5,12,0,0,12,22,51,85,2,2,2,7,1,9,4,2,19,3,6,1,20,15,1,4,43,24,0,0,6,18,18,21,6,27,25,8,16,13,26,4,9,4,0,0,5,42,8,,,
2024-11,27,38,15,5,0,13,13,6,1,11,7,0,0,14,19,29,51,4,0,2,4,1,6,1,1,1,2,9,1,15,3,0,0,3,4,0,0,4,17,3,29,0,34,4,5,23,1,10,3,8,3,1,0,1,0,4,,,
2024-12,27,43,3,3,0,24,11,10,0,9,7,0,1,7,19,46,41,6,2,9,3,9,6,4,2,5,2,11,2,15,21,1,0,56,17,0,0,11,11,36,30,3,49,7,1,0,5,0,4,5,2,3,0,2,0,2,,,
2025-01,27,38,6,2,0,18,20,24,4,25,3,0,1,3,18,43,34,0,0,14,0,19,4,0,1,18,9,11,2,7,12,0,3,7,14,0,3,2,15,10,13,2,30,5,3,7,2,2,3,3,3,12,0,2,0,0,,,
2025-02,27,20,7,5,0,16,20,15,1,12,26,2,0,9,24,38,34,1,0,4,1,8,4,0,4,35,4,4,1,12,37,2,3,14,29,0,1,10,19,39,24,4,18,3,3,29,3,6,3,6,5,2,0,1,0,1,,,
2025-03,27,33,6,13,1,21,13,11,0,9,19,0,2,7,26,52,58,6,1,6,5,1,3,1,5,28,5,7,1,17,19,2,5,0,17,0,0,3,21,5,20,12,24,9,9,4,6,12,8,2,2,3,1,4,0,4,,,
2025-04,27,48,7,5,1,20,11,7,4,2,18,1,1,45,30,50,36,5,1,8,3,2,5,0,1,23,1,4,1,22,12,4,4,5,15,1,0,3,20,6,21,8,52,12,6,15,13,21,9,3,5,10,0,1,0,6,,,
2025-05,27,64,4,12,0,16,14,6,1,5,12,1,1,15,18,46,77,5,0,7,4,2,4,0,3,32,2,9,0,17,16,4,1,3,10,0,4,6,18,6,56,3,46,27,8,5,10,66,6,3,2,6,2,4,17,8,,,
2025-06,27,64,3,17,0,22,25,15,4,5,25,0,1,28,30,60,54,10,1,14,2,1,3,41,12,39,3,22,1,41,62,1,6,6,29,0,0,0,14,29,51,4,39,28,19,2,12,20,8,2,8,11,1,2,55,10,,,
2025-07,27,46,4,8,2,25,36,9,5,3,41,0,0,19,36,69,49,5,2,23,0,4,5,55,4,49,1,14,0,36,27,3,7,3,11,0,0,2,21,18,31,2,41,27,30,21,23,66,11,6,7,21,0,7,67,7,,,
2025-08,27,59,5,9,2,17,21,5,2,14,11,1,0,16,24,55,36,4,2,12,2,0,2,8,3,14,3,14,4,22,38,3,2,7,20,1,0,1,18,71,22,2,66,26,15,36,11,86,5,3,12,15,0,13,40,11,,,
2025-09,27,55,1,4,0,28,24,11,5,10,13,0,1,21,23,71,30,7,2,8,6,1,12,6,3,12,1,10,2,25,52,1,3,5,20,0,0,4,17,51,17,6,39,27,12,9,10,3,13,5,5,2,2,3,36,8,,,
2025-10,27,69,6,4,1,18,29,19,1,7,24,1,0,27,66,58,70,8,2,10,3,2,8,1,3,8,2,5,3,27,15,4,8,4,15,0,0,4,13,10,25,3,86,64,6,8,18,22,9,4,6,3,0,3,6,5,,,
2025-11,27,25,0,5,1,21,10,14,1,5,15,0,1,9,91,46,36,2,4,6,6,2,3,2,4,6,2,8,1,16,7,0,3,2,2,1,2,3,4,2,20,1,32,37,5,25,2,68,3,2,8,0,2,5,0,5,,,
2025-12,27,45,0,0,0,20,29,19,0,8,7,2,0,15,44,45,33,2,0,14,4,4,7,3,5,4,4,8,2,10,11,2,1,1,3,0,0,8,14,1,30,5,48,2,2,7,1,111,3,4,1,4,0,3,0,2,,,
2019-01,28,2,13,6,0,8,32,9,0,0,0,3,0,0,0,0,0,3,0,0,1,0,1,2,0,52,1,0,12,0,0,4,4,39,20,0,0,0,7,0,44,0,27,0,0,2,1,6,0,0,17,3,0,0,0,0,,,
2019-02,28,17,11,6,0,7,21,18,1,3,3,14,0,0,4,13,1,5,0,1,3,5,1,1,0,345,4,1,19,1,7,10,3,13,30,0,6,4,3,3,100,1,27,1,0,0,9,1,2,1,30,1,1,1,0,0,,,
2019-03,28,23,18,15,0,29,29,3,3,17,4,4,0,4,4,38,49,14,1,12,3,2,1,9,1,627,9,3,23,33,27,15,15,13,133,0,0,19,5,21,164,11,146,5,5,3,6,10,8,2,20,6,0,2,0,3,,,
2019-04,28,22,21,13,1,16,18,0,1,19,8,6,3,7,21,27,97,16,0,5,15,2,4,3,0,309,3,7,21,49,22,17,17,24,76,7,2,37,19,18,126,19,113,19,2,3,10,13,3,4,11,19,1,6,0,1,,,
2019-05,28,28,30,18,5,11,28,5,1,6,15,5,1,6,39,30,133,8,12,16,12,4,3,1,1,345,7,27,10,52,25,28,37,26,91,3,1,17,10,8,148,11,177,5,8,6,19,26,5,6,14,42,1,12,66,4,,,
2019-06,28,28,19,23,0,12,35,5,3,8,6,5,11,11,18,34,210,13,6,12,17,7,6,5,1,353,15,16,28,71,24,47,22,18,93,1,7,23,7,5,194,6,120,13,11,9,23,62,6,8,5,11,1,1,156,9,,,
2019-07,28,38,38,23,0,18,39,6,5,12,5,10,0,23,35,51,238,14,3,18,12,6,3,46,1,279,11,19,34,138,43,19,12,28,81,4,3,22,8,11,186,20,123,11,18,5,19,47,7,4,89,10,1,2,251,8,,,
2019-08,28,36,39,13,2,23,38,21,3,11,17,5,0,19,31,49,263,14,6,27,9,23,3,17,2,258,12,20,24,98,43,21,18,16,69,3,8,15,22,10,160,12,176,14,18,1,19,55,0,5,61,4,1,2,309,3,,,
2019-09,28,43,31,30,1,17,42,3,4,9,19,5,1,24,19,39,229,34,1,11,8,4,4,5,1,255,16,21,15,65,14,13,14,29,64,1,1,11,12,12,154,14,170,15,8,3,19,96,6,10,37,14,0,4,177,3,,,
2019-10,28,36,21,22,5,20,33,8,1,4,7,4,4,13,14,29,305,24,0,6,16,2,7,7,1,153,7,15,17,75,8,14,14,20,95,1,3,29,6,13,109,12,173,11,6,1,8,40,4,13,87,23,3,3,33,4,,,
2019-11,28,36,9,8,1,5,33,7,2,7,1,2,9,11,14,15,239,15,0,6,4,7,5,22,4,151,14,11,15,45,13,4,10,10,81,4,2,16,6,12,159,9,147,2,4,4,7,21,1,11,43,15,2,5,0,11,,,
2019-12,28,33,18,12,2,13,22,6,0,17,5,2,3,8,7,28,180,12,0,3,6,4,3,3,4,106,5,9,20,43,10,8,6,10,82,2,2,27,9,18,115,10,122,1,3,3,2,3,1,5,25,11,0,1,0,7,,,
2020-01,28,32,30,7,0,15,27,5,3,10,5,1,18,17,13,32,160,16,3,5,11,1,1,6,8,192,11,8,12,25,17,5,9,12,249,1,4,35,8,9,168,13,109,4,1,0,9,11,1,2,12,14,0,4,0,0,,,
2020-02,28,26,11,4,0,11,18,7,0,7,5,2,10,10,11,23,348,4,1,16,6,5,4,8,4,123,17,8,16,29,19,8,12,12,165,2,2,22,4,17,112,8,92,0,2,2,2,7,3,4,13,6,1,1,0,0,,,
2020-03,28,25,16,5,0,14,25,4,38,10,7,12,13,16,18,24,136,10,0,14,10,3,9,2,2,116,13,12,12,39,17,17,12,6,72,2,2,10,12,13,74,11,124,0,5,2,3,3,4,9,2,17,0,1,0,3,,,
2020-04,28,27,12,45,1,10,19,7,158,5,12,6,5,18,27,23,233,9,3,10,6,15,1,3,0,126,8,5,7,31,18,8,14,4,54,1,1,14,7,16,38,3,85,13,4,43,4,35,4,5,6,12,0,3,0,9,,,
2020-05,28,33,10,7,2,41,19,5,57,9,11,4,7,11,22,64,191,20,1,18,6,5,1,2,3,127,12,13,5,94,24,4,20,15,71,0,4,9,5,17,53,12,92,8,5,4,7,26,4,9,3,54,0,8,25,15,,,
2020-06,28,44,11,13,1,23,15,1,41,9,14,8,10,17,18,46,263,20,1,4,7,7,4,3,1,66,19,19,16,65,31,14,13,18,80,5,9,28,9,17,69,11,71,30,22,5,24,85,8,2,4,10,0,4,39,4,,,
2020-07,28,38,8,9,0,21,31,10,118,17,14,4,2,13,19,50,190,20,0,34,17,2,7,22,5,94,10,12,34,68,18,11,7,19,88,0,0,13,8,18,89,11,77,24,12,2,30,88,1,2,6,15,0,1,139,1,,,
2020-08,28,54,9,2,3,27,16,3,58,2,20,2,1,18,23,45,182,13,3,16,13,2,7,15,1,61,11,10,12,96,34,6,9,18,54,0,4,22,12,15,85,20,138,52,44,5,24,45,5,9,9,10,3,1,111,8,,,
2020-09,28,45,9,6,3,36,29,5,22,18,13,8,7,9,20,69,312,15,0,4,17,4,5,6,2,50,14,17,16,80,23,4,8,10,44,2,1,15,11,9,65,2,75,19,6,5,9,23,1,6,21,6,2,0,101,8,,,
2020-10,28,25,10,7,2,13,26,11,49,7,13,5,1,6,17,49,156,15,0,9,9,4,4,2,5,39,9,7,12,52,7,3,13,11,74,1,3,11,16,19,102,7,58,9,6,3,9,44,2,5,6,7,1,4,60,8,,,
2020-11,28,39,3,3,1,23,10,9,53,10,5,1,5,7,11,40,251,6,1,6,8,4,5,4,2,20,5,5,16,48,14,7,9,6,66,0,4,17,12,14,120,14,59,9,6,2,10,6,1,8,4,6,0,2,57,22,,,
2020-12,28,27,10,3,1,22,16,8,60,9,3,4,7,6,16,34,352,5,0,10,4,2,3,0,0,106,11,2,10,49,13,12,6,5,55,0,4,16,12,8,132,4,75,6,2,0,10,12,2,2,3,7,1,1,0,3,,,
2021-01,28,34,9,7,1,22,19,8,45,8,5,6,3,6,10,29,200,11,0,6,5,0,7,16,2,139,17,2,12,55,24,3,6,7,81,2,1,17,5,5,127,18,133,4,1,1,3,10,0,7,2,5,1,1,0,2,,,
2021-02,28,30,4,0,1,20,52,14,20,22,0,2,1,2,8,29,138,10,0,89,7,10,8,1,2,142,50,4,6,22,14,8,3,2,39,0,2,6,2,4,79,3,64,0,1,2,1,46,2,1,5,5,3,3,0,1,,,
2021-03,28,41,22,11,2,31,31,4,22,32,5,1,0,9,19,50,194,17,2,22,3,26,9,7,2,225,27,6,12,55,41,11,10,7,77,4,3,20,5,35,114,6,115,5,3,1,7,14,3,2,11,10,2,4,0,4,,,
2021-04,28,53,7,3,0,11,17,11,14,4,8,3,0,9,22,35,248,28,1,7,12,1,4,5,1,128,19,12,9,63,20,4,16,20,55,1,0,12,6,17,39,15,64,9,8,3,12,14,3,1,15,0,1,1,0,3,,,
2021-05,28,45,7,2,1,24,31,5,11,7,19,1,0,14,15,34,253,12,1,10,11,0,3,4,2,87,6,18,12,104,23,5,9,10,68,3,6,17,9,14,58,18,105,11,4,12,19,61,3,3,6,8,0,1,17,4,,,
2021-06,28,53,5,5,3,21,25,8,6,12,18,2,2,10,13,39,323,16,0,22,11,2,3,12,3,51,9,9,10,130,23,8,18,20,56,0,0,13,5,25,79,12,70,13,23,6,29,51,3,6,8,27,0,1,260,5,,,
2021-07,28,40,4,8,2,21,25,8,2,6,11,5,4,17,32,46,349,18,1,12,10,3,5,66,2,68,5,11,15,183,31,6,5,19,52,2,1,9,5,28,83,19,96,9,8,2,17,44,7,6,62,10,0,1,51,2,,,
2021-08,28,37,1,12,1,25,40,10,25,11,10,6,0,27,23,52,581,11,1,9,13,3,7,34,0,60,4,12,18,98,50,5,7,23,77,2,4,22,6,26,96,9,70,28,14,4,24,93,5,7,90,8,1,4,44,2,,,
2021-09,28,68,9,8,5,26,31,9,24,19,11,3,0,27,11,36,469,15,3,8,11,2,8,19,3,80,6,17,14,81,38,5,4,23,60,1,1,18,11,14,67,13,119,13,11,1,17,56,1,6,8,5,1,0,64,4,,,
2021-10,28,35,8,10,2,23,20,10,24,11,5,4,1,4,25,37,364,22,0,13,7,6,4,21,2,57,1,5,14,98,18,6,6,9,90,2,0,19,3,18,190,7,128,16,9,1,8,23,4,4,7,31,0,2,0,5,,,
2021-11,28,38,7,4,0,13,28,13,11,8,11,2,11,12,25,27,402,10,2,4,5,6,4,0,3,50,3,10,4,74,19,6,7,7,64,2,0,12,2,17,212,11,76,7,1,1,3,12,3,4,8,4,2,3,0,9,,,
2021-12,28,43,14,4,1,16,15,11,21,6,6,2,10,7,21,30,350,8,4,21,7,2,3,6,2,28,8,6,12,53,19,1,12,9,48,0,0,13,8,19,110,19,133,5,13,6,10,5,3,6,6,7,1,5,0,8,,,
2022-01,28,28,5,4,2,16,24,15,33,28,1,7,3,9,17,19,324,5,3,7,4,12,11,38,12,101,12,5,22,36,16,7,5,6,45,1,3,24,11,6,69,8,86,0,3,4,2,0,1,3,7,3,2,1,0,1,,,
2022-02,28,50,3,6,0,6,18,14,12,9,7,2,0,6,20,12,177,9,1,12,7,16,2,0,2,163,21,4,14,40,14,7,3,5,39,0,4,22,11,7,69,14,156,0,0,3,2,0,4,7,14,6,0,4,0,0,,,
2022-03,28,66,11,20,0,10,26,10,4,14,16,4,6,4,21,17,445,23,0,4,5,5,7,12,3,406,9,8,16,82,35,21,10,34,106,2,4,15,8,33,139,19,177,3,4,8,13,4,9,3,6,28,1,4,0,2,,,
2022-04,28,47,4,17,0,17,28,12,1,11,15,5,0,10,28,24,182,16,1,4,5,3,5,5,4,397,6,10,15,81,14,11,26,15,41,1,3,14,22,41,101,14,144,12,2,14,7,12,9,7,8,43,0,1,0,1,,,
2022-05,28,56,6,12,3,9,29,11,4,7,7,2,0,8,15,21,382,14,2,5,11,1,3,24,6,306,3,5,12,74,33,18,20,21,40,1,10,17,16,19,58,3,80,8,7,5,8,16,2,3,6,38,0,0,25,4,,,
2022-06,28,47,11,11,4,9,24,18,9,8,8,7,2,19,30,22,299,15,0,9,5,2,3,16,6,226,9,10,17,83,24,16,16,28,42,1,2,19,17,19,54,9,105,20,12,9,30,75,6,4,3,18,0,4,46,6,,,
2022-07,28,49,7,14,1,17,31,14,3,13,8,2,1,18,27,34,415,17,2,9,6,9,2,10,3,213,6,10,18,94,28,16,20,18,56,3,12,20,12,26,82,13,79,11,16,40,25,55,4,3,11,16,0,2,27,4,,,
2022-08,28,78,8,13,6,16,32,24,5,9,21,5,1,27,30,34,453,14,3,8,8,9,2,8,7,147,9,10,14,160,43,8,7,19,49,1,4,10,11,17,128,13,126,21,16,58,18,48,2,4,9,16,1,2,28,8,,,
2022-09,28,46,7,10,1,20,34,8,6,5,7,3,3,13,21,49,401,18,1,9,7,2,12,2,4,129,10,16,13,112,20,13,14,14,35,1,3,21,9,14,106,9,80,14,9,5,16,98,2,6,38,14,1,3,18,3,,,
2022-10,28,56,8,3,2,7,23,7,7,13,9,3,5,27,12,26,357,17,0,6,8,2,5,12,3,74,7,15,11,84,24,12,7,12,59,0,6,16,15,22,159,16,112,3,4,11,20,33,2,12,8,3,2,0,5,5,,,
2022-11,28,46,6,7,2,8,33,3,4,9,4,1,1,15,19,19,390,10,1,12,17,3,10,13,1,158,3,6,10,70,36,5,4,12,46,2,0,16,14,25,113,25,74,14,13,34,5,16,3,6,10,0,1,0,2,13,,,
2022-12,28,35,5,3,0,10,22,11,1,22,3,7,1,9,21,26,291,13,1,22,4,5,3,9,0,89,8,2,19,56,22,1,8,9,37,2,1,9,10,13,76,8,90,9,8,6,8,30,2,4,7,21,2,1,0,4,,,
2023-01,28,55,8,7,1,19,17,10,7,9,7,9,1,8,11,18,311,11,1,8,4,2,3,0,3,232,3,4,17,46,11,13,17,16,40,3,3,17,9,12,158,9,101,7,7,5,3,0,1,8,6,19,0,5,0,4,,,
2023-02,28,33,4,7,4,13,33,8,4,6,12,4,4,3,23,24,256,16,1,7,2,4,2,7,1,212,9,4,15,50,21,9,13,23,37,1,3,23,18,17,85,17,104,8,2,15,3,12,1,6,5,48,3,3,0,0,,,
2023-03,28,32,18,10,5,10,23,10,6,8,13,8,4,8,21,30,292,15,3,7,5,2,5,3,3,300,8,5,19,77,24,21,24,30,34,2,3,18,14,24,121,9,78,8,4,8,5,3,3,4,10,37,1,3,0,0,,,
2023-04,28,38,15,14,0,7,31,5,6,10,16,2,2,7,19,21,341,14,0,6,7,0,14,2,2,195,5,9,18,67,26,12,10,19,27,1,3,19,19,37,76,14,102,8,9,18,12,43,5,2,1,21,0,3,0,5,,,
2023-05,28,64,12,10,0,23,32,3,5,11,6,6,0,9,13,52,338,17,0,9,6,0,4,5,3,174,3,10,7,91,22,8,11,30,60,3,5,8,23,21,102,10,108,12,7,5,24,136,16,11,8,12,3,0,23,11,,,
2023-06,28,46,12,21,0,21,27,15,5,11,13,2,1,16,25,37,389,11,3,5,3,6,11,3,3,106,4,14,20,110,46,7,10,48,36,0,3,6,18,34,59,18,116,15,10,21,33,246,8,3,14,12,0,4,35,7,,,
2023-07,28,43,13,11,0,22,26,8,9,10,20,4,1,14,26,48,420,16,4,12,8,19,4,16,2,123,2,16,13,96,42,15,27,41,28,0,1,11,17,16,78,15,113,26,30,17,30,133,5,8,23,45,0,33,25,6,,,
2023-08,28,47,4,21,4,29,39,18,7,21,10,9,1,29,36,45,549,16,3,19,9,4,7,21,4,169,2,18,16,119,36,22,19,57,66,1,1,16,17,25,120,13,139,36,25,13,22,226,12,7,20,22,0,7,46,7,,,
2023-09,28,53,6,9,1,23,29,11,8,9,12,1,1,14,30,42,516,14,2,2,8,1,9,14,3,112,3,13,14,77,34,15,22,70,63,3,6,16,28,30,104,15,107,15,5,6,33,160,5,6,13,22,4,4,24,3,,,
2023-10,28,31,8,10,0,13,32,8,2,7,5,0,0,14,33,36,494,19,1,13,11,1,8,25,10,106,1,17,20,80,29,20,11,66,107,2,4,26,14,19,69,18,77,18,10,5,40,240,0,24,11,17,3,3,26,11,,,
2023-11,28,53,5,9,0,14,26,5,6,11,7,5,4,8,27,32,309,18,2,24,6,4,5,32,5,64,5,11,9,52,19,4,11,25,40,2,0,13,28,16,101,11,110,14,7,12,9,276,0,5,6,6,0,1,0,20,,,
2023-12,28,69,2,7,1,15,29,8,9,18,10,7,1,5,23,17,302,34,1,15,7,3,5,5,7,92,1,3,14,27,19,6,7,10,34,3,1,7,22,28,70,14,73,3,5,3,3,418,4,10,13,31,4,4,0,4,,,
2024-01,28,57,0,12,4,15,37,16,7,26,7,7,1,6,13,14,438,18,3,16,3,9,3,12,1,324,10,8,11,28,15,9,6,20,46,0,2,18,13,12,109,16,174,3,7,3,12,173,4,1,15,46,1,3,0,4,,,
2024-02,28,71,8,8,2,6,33,11,9,4,12,5,1,16,34,18,356,21,1,7,6,0,3,3,4,203,6,10,15,24,19,3,6,21,38,5,1,13,13,13,97,18,92,6,2,5,14,168,8,7,8,5,0,0,0,1,,,
2024-03,28,58,3,13,0,15,21,7,7,3,12,8,0,7,28,25,284,44,0,10,5,0,6,0,0,214,3,27,15,45,19,5,20,14,34,2,7,12,17,20,48,17,142,7,4,10,38,66,62,6,41,34,1,1,0,6,,,
2024-04,28,50,5,29,2,18,26,14,11,7,8,3,0,27,23,30,544,34,0,19,5,4,6,1,0,301,3,15,11,54,19,9,23,64,182,7,9,46,16,15,82,11,101,14,2,10,14,91,27,17,40,46,1,6,7,6,,,
2024-05,28,47,10,19,1,13,31,10,21,11,9,8,1,18,19,25,720,50,1,7,7,1,9,1,4,305,1,31,6,54,18,13,20,90,140,7,14,26,23,18,80,12,112,41,17,28,24,85,0,22,15,56,0,1,28,12,,,
2024-06,28,47,8,9,0,15,43,11,22,9,12,5,1,35,27,30,412,38,0,14,4,2,8,30,9,186,3,11,18,44,30,10,12,18,85,1,5,16,10,15,66,11,102,35,27,8,22,117,2,6,9,21,0,0,12,10,,,
2024-07,28,72,2,9,2,15,37,17,21,10,15,5,1,18,45,34,761,56,7,8,11,3,5,33,1,109,7,9,22,78,31,19,15,41,62,10,29,23,10,26,121,19,187,280,199,16,53,120,8,8,14,25,2,5,29,12,,,
2024-08,28,68,6,13,0,19,39,22,21,25,17,4,1,22,50,35,1173,42,0,13,15,7,6,54,3,157,15,17,13,55,24,12,11,99,149,13,13,22,18,18,70,20,158,44,28,12,28,225,7,11,16,25,2,4,65,7,,,
2024-09,28,42,2,10,0,16,33,9,18,16,15,2,5,17,33,43,423,30,1,9,12,1,8,29,8,58,3,19,23,79,25,2,12,28,83,1,11,47,13,19,56,5,79,15,18,7,15,10,5,9,9,22,3,2,28,9,,,
2024-10,28,62,8,10,1,29,35,7,10,9,11,4,1,36,28,46,607,25,6,7,11,2,7,6,3,92,5,27,14,73,17,10,8,17,46,1,2,15,22,16,98,20,149,17,12,5,19,144,2,16,21,8,1,0,11,16,,,
2024-11,28,25,5,7,0,16,31,11,7,11,1,3,9,22,19,33,415,43,3,11,1,2,7,4,4,125,3,10,10,37,26,9,10,86,79,3,7,24,14,72,65,14,103,15,4,6,3,113,3,8,10,24,0,3,0,10,,,
2024-12,28,32,4,0,0,9,18,9,9,23,8,4,1,17,15,30,325,22,3,7,2,6,8,5,6,33,4,7,17,23,13,8,7,10,31,4,2,18,2,12,67,10,98,10,8,1,2,79,2,9,15,17,0,7,0,5,,,
2025-01,28,54,7,3,1,20,46,28,2,30,1,10,3,15,28,27,445,12,3,12,1,18,8,10,6,90,5,6,16,30,15,4,10,48,110,10,5,25,20,13,71,9,137,0,5,3,4,23,1,2,7,21,1,8,0,1,,,
2025-02,28,40,22,2,0,22,20,16,6,19,3,5,3,7,26,20,275,9,1,14,4,11,12,2,4,123,5,4,13,34,7,5,7,10,38,0,0,13,6,4,82,14,76,2,8,8,1,41,0,5,12,6,0,5,0,1,,,
2025-03,28,45,7,13,1,29,33,19,10,17,15,8,1,6,35,52,338,32,0,10,10,4,5,2,6,225,4,12,17,22,15,9,14,15,49,1,9,13,15,13,55,23,166,7,11,10,10,216,2,7,16,40,1,4,0,3,,,
2025-04,28,43,2,20,0,18,60,25,5,14,9,3,5,20,24,25,280,19,2,5,5,5,4,4,2,141,4,9,18,51,14,15,18,25,49,3,3,25,24,24,68,12,139,11,9,10,14,94,2,9,11,54,2,4,4,7,,,
2025-05,28,40,2,9,2,17,28,6,8,6,20,3,3,15,27,30,453,17,1,9,6,2,7,4,4,141,4,26,9,58,19,8,6,20,34,1,1,6,14,14,56,9,150,15,30,11,24,25,5,12,6,28,1,3,13,13,,,
2025-06,28,39,3,20,2,21,37,22,17,8,12,2,1,24,37,30,282,22,3,20,9,5,5,39,0,140,3,20,12,94,52,6,20,13,34,0,0,8,12,28,93,5,186,28,29,19,28,96,11,8,20,35,0,1,37,11,,,
2025-07,28,36,0,12,2,16,62,32,16,12,8,3,1,18,68,39,332,25,4,16,6,5,12,29,8,110,5,22,19,83,57,14,42,20,59,1,2,14,11,120,46,20,131,25,53,15,41,57,11,6,35,57,0,33,71,10,,,
2025-08,28,59,8,11,4,29,43,20,12,17,23,2,2,25,49,41,302,26,5,14,5,8,18,20,4,115,7,18,28,83,69,11,28,21,67,1,5,21,17,71,77,10,118,27,21,14,61,79,7,10,52,40,2,16,72,8,,,
2025-09,28,60,4,9,2,18,45,18,14,17,22,5,3,27,47,37,341,18,1,11,10,5,15,14,7,61,9,19,24,55,33,9,16,16,39,3,2,23,25,35,32,7,116,12,5,8,15,21,4,10,22,15,1,5,19,7,,,
2025-10,28,45,6,3,1,24,34,13,9,6,13,1,8,16,49,26,502,11,2,10,9,3,18,5,6,59,4,17,21,64,25,7,15,15,36,1,1,9,17,17,62,5,134,15,9,5,7,46,4,24,21,12,1,2,8,6,,,
2025-11,28,39,7,2,0,15,31,17,6,41,3,5,2,13,42,30,233,19,5,10,6,4,20,5,5,68,7,11,10,35,17,6,5,17,24,2,2,14,9,16,63,18,105,10,11,11,7,161,1,14,11,20,0,7,0,25,,,
2025-12,28,43,7,3,0,19,43,20,0,24,3,10,13,9,37,15,219,16,0,10,5,6,8,18,3,72,7,7,18,21,17,6,1,6,25,1,0,8,10,6,76,14,99,3,4,2,3,102,0,13,10,20,0,4,0,5,,,
2019-01,29,5,16,4,0,8,23,21,0,0,0,2,0,0,0,0,0,0,0,0,0,0,0,0,4,14,0,0,3,0,0,3,3,13,10,0,0,0,6,0,15,0,14,0,0,0,5,3,0,0,11,0,0,1,0,0,,,
2019-02,29,26,15,3,0,8,26,24,0,1,1,0,1,0,3,44,3,1,2,2,5,0,2,0,4,145,1,1,4,1,5,2,4,4,3,0,0,0,4,0,100,1,4,1,2,0,1,4,5,0,17,3,1,0,0,0,,,
2019-03,29,21,30,12,2,15,34,14,2,19,32,1,2,11,29,87,21,3,1,11,10,7,2,21,0,172,8,10,3,46,32,9,12,3,21,0,3,7,16,6,98,9,22,9,2,1,3,31,16,11,8,8,0,3,0,0,,,
2019-04,29,19,19,24,2,18,43,21,1,7,41,3,0,12,34,90,43,4,3,2,10,9,2,0,1,165,5,10,4,49,23,6,11,9,22,0,2,3,7,5,59,5,22,21,4,77,11,61,13,18,7,8,2,5,0,2,,,
2019-05,29,26,15,17,3,26,43,6,0,9,31,0,1,19,21,73,42,2,1,4,5,4,6,10,1,145,4,30,3,68,21,13,29,2,4,0,2,7,20,5,97,6,28,20,10,6,16,34,13,16,3,24,0,16,550,1,,,
2019-06,29,37,26,23,0,21,61,10,1,13,53,1,0,27,20,93,36,5,3,10,4,6,8,0,2,150,3,18,5,75,33,10,25,5,24,1,4,6,22,7,116,6,29,28,11,0,16,54,16,7,3,12,0,1,1093,3,,,
2019-07,29,54,40,27,0,19,67,24,1,16,41,2,0,36,21,124,35,13,1,19,5,3,7,42,5,132,8,26,8,104,39,16,18,12,21,0,1,8,18,6,163,6,13,28,17,5,10,82,17,30,34,10,0,8,1787,3,,,
2019-08,29,32,16,5,0,24,55,17,1,6,37,1,1,50,39,87,50,10,4,12,10,2,3,11,8,79,16,22,2,69,30,16,12,15,75,0,6,2,29,7,113,8,31,37,11,9,17,95,18,6,53,4,1,2,1765,3,,,
2019-09,29,28,15,14,1,22,54,18,1,17,36,4,2,23,44,72,64,7,2,7,9,3,1,4,5,69,6,11,1,99,22,12,5,3,25,1,5,22,21,4,130,1,10,26,6,2,14,30,18,13,19,2,1,3,1180,2,,,
2019-10,29,20,14,12,0,15,49,25,0,7,15,1,0,22,29,96,89,6,2,3,9,3,6,3,4,88,12,25,2,82,21,4,5,9,18,0,7,4,16,3,178,7,17,30,6,1,10,37,27,10,19,9,0,4,214,1,,,
2019-11,29,14,11,8,0,15,37,28,0,8,7,2,1,5,24,63,55,7,0,20,3,1,4,6,4,25,5,13,1,38,9,3,7,2,18,0,1,1,24,4,138,1,26,18,7,4,2,26,7,14,11,2,0,0,7,2,,,
2019-12,29,18,22,18,0,23,24,13,0,7,16,1,0,13,23,82,97,7,1,14,10,2,4,3,4,47,4,12,0,37,12,3,7,3,40,0,5,2,32,2,76,5,18,13,1,14,4,11,10,12,7,1,0,0,0,5,,,
2020-01,29,36,19,6,1,35,52,21,1,7,12,0,3,13,15,93,45,4,1,11,7,4,1,21,6,64,7,12,2,52,9,4,5,5,4,0,2,4,24,3,95,9,21,11,2,1,3,4,11,16,4,5,1,2,0,2,,,
2020-02,29,33,17,9,1,13,30,12,4,8,17,1,1,11,23,50,70,3,0,5,3,2,3,1,5,60,12,13,2,35,15,9,10,1,10,0,1,15,17,4,125,3,23,13,0,0,5,1,7,16,5,1,0,0,0,0,,,
2020-03,29,28,15,2,0,32,26,16,11,2,24,3,2,22,38,92,40,5,1,10,6,2,6,0,5,42,13,16,4,34,22,3,7,4,25,1,1,3,25,2,86,1,31,4,3,2,7,6,11,19,3,2,0,7,0,1,,,
2020-04,29,29,25,10,2,29,15,8,60,2,37,2,0,20,33,98,94,6,0,13,10,3,2,0,4,32,7,15,5,47,10,5,10,2,56,1,4,9,3,3,59,1,29,26,4,3,9,28,12,6,2,5,0,9,0,2,,,
2020-05,29,38,19,13,9,32,37,20,16,7,63,2,3,20,36,140,34,5,0,14,5,2,0,4,3,45,6,29,1,74,23,8,31,5,86,0,1,3,16,6,53,2,35,28,6,3,15,38,9,10,4,27,0,26,128,7,,,
2020-06,29,33,22,11,2,25,38,13,5,12,58,0,0,13,34,147,41,6,1,8,1,4,1,6,4,38,7,20,2,66,25,2,11,11,90,1,11,6,20,6,172,7,22,48,32,3,13,118,25,5,2,5,0,3,182,5,,,
2020-07,29,51,16,14,0,44,32,19,16,15,48,0,0,32,46,175,39,8,3,64,6,5,3,23,5,49,11,24,6,101,36,4,8,3,53,1,2,5,16,8,178,8,15,49,21,13,12,58,17,9,4,8,0,4,917,3,,,
2020-08,29,76,13,9,2,34,42,11,9,15,45,2,0,20,37,113,36,4,5,8,14,1,4,7,2,45,13,18,5,82,28,6,10,7,26,0,0,5,24,10,99,8,18,66,63,0,15,28,17,11,1,5,0,1,1076,6,,,
2020-09,29,76,24,14,0,29,57,12,6,8,39,4,1,23,51,100,56,9,0,14,6,1,9,2,10,43,13,19,0,104,20,5,12,9,39,0,1,7,17,10,137,4,31,50,14,3,10,29,14,4,3,4,1,2,552,2,,,
2020-10,29,56,10,11,0,29,51,21,7,10,29,5,1,15,32,99,37,4,2,13,14,3,1,1,9,29,6,11,0,99,16,1,10,5,40,5,7,14,22,6,90,7,16,14,8,0,8,64,5,5,0,3,0,8,483,3,,,
2020-11,29,53,4,6,0,17,33,15,6,8,36,0,1,11,25,77,62,7,2,11,6,1,6,1,7,27,6,8,2,94,13,5,7,1,54,4,6,1,13,5,130,10,14,14,7,1,6,15,8,6,1,1,0,2,838,3,,,
2020-12,29,34,4,10,0,21,31,14,6,8,23,1,3,20,34,90,60,4,0,26,17,15,7,9,2,28,8,14,4,71,18,4,4,2,36,0,1,7,15,4,38,10,21,13,1,1,5,3,11,7,0,3,2,5,0,3,,,
2021-01,29,50,4,2,1,26,33,14,5,10,6,0,1,11,21,73,42,5,1,23,2,14,6,0,5,25,11,13,5,47,20,3,7,2,28,0,3,3,11,4,44,5,13,3,4,1,5,3,5,12,0,1,0,0,0,0,,,
2021-02,29,57,3,2,1,14,71,33,4,10,5,2,0,4,12,57,30,2,2,86,2,20,2,0,5,57,15,3,1,28,22,3,4,1,6,0,0,5,16,2,46,5,30,0,0,10,3,2,9,6,0,1,0,4,0,0,,,
2021-03,29,100,13,5,0,30,49,14,0,13,73,8,1,13,60,120,86,8,1,32,14,9,3,2,0,48,29,5,0,96,42,7,7,1,11,1,0,10,16,11,89,13,33,15,2,2,8,20,11,16,3,0,0,8,0,1,,,
2021-04,29,85,13,10,1,24,27,14,7,9,118,2,0,15,60,113,70,10,1,13,2,5,2,1,0,48,8,11,2,89,25,8,8,3,35,2,1,5,28,11,52,9,33,21,0,0,24,10,13,21,1,3,1,3,0,0,,,
2021-05,29,75,4,7,0,30,30,14,2,7,69,1,0,23,45,108,68,12,1,8,3,1,2,1,2,45,12,23,0,90,27,8,7,7,38,1,6,10,15,6,69,6,40,25,8,3,29,36,14,14,5,3,1,3,89,2,,,
2021-06,29,91,8,5,1,29,45,10,1,6,63,1,1,22,53,130,74,10,2,11,4,4,6,104,2,56,8,17,2,122,28,14,14,6,16,1,1,9,17,9,37,12,33,39,22,4,16,59,20,15,2,14,0,12,1469,6,,,
2021-07,29,69,5,12,2,37,49,15,2,13,50,1,0,20,61,111,59,10,1,15,4,3,8,23,4,67,8,22,4,151,42,9,13,2,29,1,0,7,19,7,59,2,18,44,24,0,20,61,29,13,33,5,4,5,957,5,,,
2021-08,29,79,0,12,0,29,50,21,3,11,51,1,0,23,47,126,76,12,0,6,7,4,3,11,3,47,6,19,2,158,18,10,11,7,15,0,4,14,16,6,135,10,45,65,36,2,14,65,23,14,12,6,0,4,612,8,,,
2021-09,29,91,12,4,2,21,49,13,1,7,39,1,0,14,46,118,81,6,2,13,6,3,3,2,1,37,6,21,2,169,26,3,5,5,31,0,1,6,17,4,49,11,18,45,13,7,12,55,19,9,5,0,0,3,867,1,,,
2021-10,29,80,3,12,0,21,44,31,3,8,27,1,1,10,40,100,56,4,3,7,13,3,5,13,3,35,7,7,3,134,31,6,14,2,40,0,1,4,26,5,80,12,41,40,17,3,6,39,18,11,3,6,0,7,0,1,,,
2021-11,29,48,10,9,1,20,39,24,1,5,17,0,1,11,45,67,48,13,0,10,8,2,4,0,8,30,1,13,5,85,15,7,4,0,24,2,2,3,13,4,74,8,44,12,5,3,2,10,11,13,7,3,0,7,0,5,,,
2021-12,29,42,9,7,0,17,45,16,1,16,16,1,5,6,25,87,28,5,0,25,11,3,3,1,3,18,8,5,0,40,14,1,3,2,25,0,0,7,22,6,39,11,28,15,14,41,11,3,12,19,1,2,0,3,0,1,,,
2022-01,29,29,4,1,0,14,40,34,2,17,8,1,1,5,22,51,48,5,0,12,5,29,5,6,4,15,9,7,1,32,14,1,2,1,31,0,1,5,33,1,17,5,12,3,1,1,3,0,6,24,2,3,2,5,0,1,,,
2022-02,29,44,2,2,0,11,45,28,2,6,8,1,0,8,33,43,36,4,1,18,3,10,5,1,3,42,5,5,2,35,11,5,7,3,30,1,0,9,16,2,99,5,92,1,2,39,4,1,10,7,3,2,0,8,0,1,,,
2022-03,29,78,6,5,1,31,41,24,3,7,87,4,0,7,63,97,79,7,0,9,21,7,5,0,3,109,8,8,4,61,30,8,11,7,15,1,2,8,18,12,87,9,42,18,2,4,7,0,13,4,1,11,0,6,0,2,,,
2022-04,29,100,12,39,3,20,31,15,7,5,65,2,0,9,31,64,44,11,1,10,8,0,3,3,2,94,9,16,2,96,25,7,12,8,6,0,1,4,52,14,19,5,32,21,4,18,14,22,10,21,4,23,1,3,3,4,,,
2022-05,29,44,9,16,1,23,42,11,2,6,82,2,0,18,59,81,37,14,1,7,8,2,8,4,1,71,4,10,2,78,15,9,12,8,8,0,7,8,22,3,59,10,45,27,11,8,19,31,14,12,6,11,1,5,113,8,,,
2022-06,29,51,14,19,2,20,78,18,6,27,46,1,0,22,42,70,69,16,0,12,9,4,10,24,3,70,14,24,2,90,17,4,14,7,5,1,3,6,26,6,170,15,54,163,191,16,30,63,12,17,3,12,0,4,188,2,,,
2022-07,29,107,13,15,2,32,31,14,4,19,47,1,0,17,37,98,86,11,2,18,10,6,5,18,6,39,11,20,6,70,19,8,11,5,4,2,2,6,26,7,105,4,26,71,17,29,38,56,9,16,11,6,1,3,70,8,,,
2022-08,29,58,9,12,0,23,46,18,3,26,116,2,0,27,54,90,88,11,0,12,13,8,9,9,5,31,13,22,1,88,28,8,7,7,4,4,8,11,23,6,105,0,25,62,18,79,18,54,16,13,7,4,0,0,75,4,,,
2022-09,29,48,9,8,2,16,47,9,0,7,29,2,1,19,40,81,38,14,1,9,7,2,9,0,3,17,2,19,3,107,18,7,7,6,6,1,6,10,18,6,90,5,30,34,6,2,14,44,16,13,9,1,0,1,41,4,,,
2022-10,29,76,13,8,0,17,42,14,0,10,9,1,5,37,29,66,76,7,0,4,6,6,10,14,7,19,7,14,0,67,11,1,4,2,11,1,0,10,27,5,119,6,23,31,9,50,43,21,11,17,3,3,1,2,17,2,,,
2022-11,29,86,1,10,0,21,34,10,3,2,5,1,1,11,31,65,61,6,0,14,5,1,3,0,9,12,6,8,1,46,4,6,9,1,2,0,6,9,28,10,62,5,35,22,11,85,28,10,9,6,5,0,2,4,2,1,,,
2022-12,29,53,2,3,0,21,35,52,2,16,9,2,2,13,40,64,43,7,3,13,7,29,2,0,6,15,9,9,2,26,9,0,4,2,4,2,1,6,20,6,65,7,31,9,6,10,10,0,8,13,1,5,1,2,0,3,,,
2023-01,29,61,5,8,0,23,41,15,1,22,14,3,0,11,26,48,74,2,2,9,9,6,9,0,4,40,12,4,1,39,13,3,5,5,6,3,10,14,32,6,41,5,21,8,5,1,7,0,11,13,3,4,3,4,0,1,,,
2023-02,29,55,6,7,0,20,37,18,3,17,24,1,0,13,32,66,100,9,3,4,3,20,5,6,1,89,4,9,3,34,8,3,8,4,5,1,3,10,27,4,35,5,55,63,8,142,13,5,10,17,5,13,2,11,0,1,,,
2023-03,29,77,16,17,1,24,40,7,3,9,54,2,0,23,30,82,59,6,2,7,4,7,8,1,7,84,3,16,7,41,15,3,11,0,7,1,2,8,32,5,37,1,53,16,9,44,4,1,14,9,4,7,2,8,0,2,,,
2023-04,29,57,7,13,0,26,27,12,4,16,30,2,1,20,29,67,63,6,1,7,8,7,14,0,4,46,8,13,2,35,18,3,9,4,2,0,0,5,24,12,63,7,17,20,10,9,8,6,6,18,4,6,0,4,1,2,,,
2023-05,29,71,13,12,1,95,45,17,4,6,46,1,0,15,30,155,37,7,2,6,12,5,13,3,4,44,7,21,3,61,28,3,15,12,6,1,2,9,26,8,40,6,28,27,4,3,22,82,14,17,12,4,2,5,34,7,,,
2023-06,29,53,31,10,1,21,28,15,3,9,29,0,1,22,27,86,47,10,0,5,4,3,8,2,17,43,6,11,3,70,19,4,5,8,5,3,0,1,26,11,43,3,41,38,8,95,24,96,21,19,19,5,1,5,52,7,,,
2023-07,29,58,16,11,5,26,47,36,2,10,26,0,0,24,17,98,82,8,3,21,11,4,10,14,10,38,6,26,3,74,18,14,31,10,14,1,2,7,29,6,67,5,48,60,27,572,14,54,16,16,19,29,3,548,50,5,,,
2023-08,29,76,10,9,6,26,49,22,4,9,27,0,0,29,34,90,46,11,5,18,4,5,6,117,7,40,5,25,4,67,30,5,16,9,3,1,0,6,46,13,73,3,44,73,14,518,17,88,12,16,6,19,0,19,62,9,,,
2023-09,29,60,6,23,1,24,50,20,0,13,18,0,0,23,44,87,108,8,2,6,1,1,9,3,3,26,4,21,1,61,21,10,18,24,20,4,6,16,34,8,81,13,25,51,16,77,16,129,18,17,7,9,0,3,38,4,,,
2023-10,29,90,24,19,1,17,37,15,4,12,28,0,0,21,26,56,52,5,2,5,7,5,12,2,9,30,5,13,2,82,18,6,7,6,10,1,2,5,32,10,53,8,22,48,3,159,11,53,8,30,4,2,0,2,21,4,,,
2023-11,29,97,3,8,0,18,40,10,4,10,12,0,2,17,29,70,112,6,2,41,11,4,8,0,4,18,4,11,6,39,22,5,8,3,11,1,7,3,33,9,32,3,43,14,0,1,12,25,16,18,8,9,2,2,2,6,,,
2023-12,29,48,14,7,0,17,44,18,4,8,20,2,0,18,28,60,28,5,0,8,4,8,3,1,5,12,3,15,2,34,20,4,5,2,9,0,0,2,36,5,20,2,25,21,6,3,6,22,10,16,5,2,1,2,0,5,,,
2024-01,29,59,11,3,3,21,51,57,2,15,9,1,2,11,15,58,36,4,1,23,8,28,7,3,9,41,3,12,2,24,9,1,7,3,10,2,3,7,29,5,53,6,32,6,7,4,5,33,8,19,8,9,0,8,0,0,,,
2024-02,29,72,11,6,1,13,31,13,3,15,36,0,0,21,60,61,35,11,2,7,12,7,6,2,4,102,3,7,6,32,27,5,5,7,10,0,2,5,44,15,19,4,25,9,4,5,9,75,8,15,6,0,1,3,0,2,,,
2024-03,29,72,13,6,1,21,24,12,8,3,41,4,1,9,47,71,21,8,0,15,14,3,4,2,11,35,2,10,1,32,18,3,8,13,24,0,1,4,40,15,37,7,25,21,5,2,16,122,21,14,2,17,0,1,0,1,,,
2024-04,29,54,19,24,1,33,33,11,4,8,29,2,0,22,29,82,61,8,3,4,9,0,6,3,10,57,2,19,2,59,14,10,15,15,31,0,3,6,39,15,24,6,17,16,10,14,13,81,16,20,10,13,0,8,17,0,,,
2024-05,29,73,10,19,7,21,38,15,1,5,46,1,1,27,30,92,77,9,1,11,12,5,8,8,9,54,6,23,2,68,23,1,16,8,19,0,2,5,28,15,41,10,14,26,13,20,29,73,13,26,10,31,0,7,140,4,,,
2024-06,29,55,14,8,0,25,39,17,8,8,21,3,2,24,35,74,48,13,0,19,3,3,5,18,8,47,5,19,3,61,21,7,7,4,14,2,4,1,31,12,63,7,21,42,26,2,21,73,27,11,3,6,0,2,81,2,,,
2024-07,29,51,13,14,4,24,47,11,1,8,46,1,1,33,45,86,98,6,3,15,8,3,6,47,5,75,2,26,1,71,26,11,13,21,44,3,7,8,21,16,102,11,53,153,190,1,38,52,30,14,8,10,0,3,68,6,,,
2024-08,29,75,7,11,1,25,39,19,2,10,28,2,1,15,31,82,117,13,0,16,8,2,6,14,4,39,3,14,1,45,32,11,7,11,16,3,12,12,18,4,64,2,14,47,25,16,11,129,21,9,7,7,2,8,51,3,,,
2024-09,29,66,3,12,0,23,28,15,3,22,46,2,0,22,38,64,64,14,1,6,6,9,3,3,6,34,6,22,1,58,19,4,14,9,17,0,3,1,20,6,41,1,25,38,11,7,13,36,12,13,6,11,0,1,53,1,,,
2024-10,29,71,5,6,0,16,39,11,2,9,27,0,1,20,41,72,80,4,2,3,10,5,5,5,10,28,3,19,2,70,16,2,8,8,12,0,1,2,36,5,33,9,28,29,16,5,10,82,23,14,3,7,1,1,11,4,,,
2024-11,29,71,12,7,1,14,39,18,4,8,20,1,1,10,21,67,70,2,5,7,8,7,7,2,6,16,0,16,4,37,4,3,9,3,4,0,1,3,30,6,58,4,24,22,4,3,7,145,9,11,8,1,3,3,0,5,,,
2024-12,29,41,1,9,0,20,34,19,1,22,13,1,1,27,33,50,64,2,3,18,3,7,4,7,7,9,9,12,1,24,17,3,8,2,12,0,5,5,37,7,45,4,41,13,2,2,7,118,3,4,7,13,0,8,0,1,,,
2025-01,29,69,9,2,0,16,52,36,5,44,12,4,2,9,29,63,50,7,3,19,10,45,8,5,13,12,5,13,4,20,10,2,5,2,7,0,3,5,25,2,58,7,23,10,3,1,5,139,7,14,3,12,2,7,0,0,,,
2025-02,29,45,9,5,0,18,31,9,1,13,17,3,11,14,29,54,76,7,3,9,8,7,4,0,4,27,5,17,1,22,9,1,0,2,5,1,1,4,43,4,64,5,32,3,0,1,14,121,10,13,3,2,0,3,0,0,,,
2025-03,29,79,11,8,1,22,24,18,2,24,30,1,1,23,38,85,78,3,6,8,2,3,9,3,5,40,3,15,0,50,15,7,12,2,11,1,1,4,39,15,106,5,58,8,5,8,15,92,8,9,4,17,3,7,0,1,,,
2025-04,29,90,4,22,0,23,39,7,4,16,33,0,0,22,53,98,53,13,3,15,14,9,9,0,7,74,4,19,1,36,20,5,13,6,21,1,4,7,32,14,41,1,35,29,9,4,12,26,19,7,2,15,1,5,3,3,,,
2025-05,29,105,13,16,2,18,45,10,0,12,28,2,2,46,37,74,118,9,1,5,11,8,8,0,5,35,5,16,1,47,13,13,5,4,9,1,6,9,37,8,77,7,22,13,11,18,14,1,11,8,13,11,0,2,40,7,,,
2025-06,29,81,5,11,0,28,59,20,1,9,74,1,0,22,32,100,77,5,1,25,10,3,6,77,14,40,7,17,1,59,32,4,14,14,18,0,2,6,24,24,45,7,37,31,39,4,24,21,12,7,5,22,0,8,86,7,,,
2025-07,29,114,20,11,3,37,53,20,3,19,50,3,0,45,41,123,75,4,2,56,6,8,7,68,4,57,7,29,4,75,53,10,11,6,8,0,3,5,29,27,73,5,29,46,71,11,25,37,19,8,14,21,0,11,95,6,,,
2025-08,29,124,17,12,2,24,42,17,0,10,62,5,1,16,44,95,31,12,3,12,9,1,6,22,7,27,4,24,2,56,21,11,15,7,17,3,3,10,27,3,38,1,23,23,12,12,16,41,11,15,5,18,0,14,79,8,,,
2025-09,29,77,9,11,0,17,25,11,3,17,39,1,1,31,67,77,53,19,1,6,1,1,6,16,7,13,4,12,2,61,58,5,7,5,9,0,3,2,45,37,47,2,38,37,8,45,12,10,11,8,6,8,0,4,55,11,,,
2025-10,29,114,11,5,3,18,50,19,6,15,24,1,0,25,54,55,68,14,2,12,16,11,3,6,1,8,8,19,1,66,17,4,8,5,14,0,0,6,28,3,26,6,46,28,6,16,8,17,8,7,8,4,0,4,17,9,,,
2025-11,29,70,9,4,5,15,31,24,3,8,16,1,0,22,37,53,65,4,1,7,7,3,2,1,7,15,2,7,4,36,19,3,4,3,9,1,5,5,24,6,18,5,31,14,9,33,4,73,6,7,18,4,0,2,0,3,,,
2025-12,29,65,2,1,2,6,43,31,3,13,5,1,3,15,42,60,96,1,0,20,5,4,2,1,20,5,2,14,5,20,12,5,2,1,3,0,1,3,31,2,24,6,30,5,0,0,4,56,3,12,8,6,0,6,0,2,,,
2019-01,30,14,28,11,0,19,13,6,2,0,0,4,0,0,0,0,1,0,2,0,0,0,3,0,12,21,0,0,4,0,0,6,0,21,6,0,0,0,9,0,16,0,6,0,0,4,7,2,4,0,32,1,1,0,0,0,,,
2019-02,30,32,27,14,0,13,35,9,3,4,0,1,0,0,2,60,24,1,3,0,1,2,4,0,10,259,2,0,5,7,2,5,8,3,13,0,0,0,6,0,57,1,8,4,1,1,11,10,3,1,18,2,0,1,0,0,,,
2019-03,30,71,65,43,5,20,27,6,4,21,10,2,0,14,14,95,269,5,5,4,9,8,5,8,10,342,1,6,3,47,13,8,8,4,26,1,1,16,22,4,100,10,45,4,4,5,20,18,7,15,21,5,1,3,0,0,,,
2019-04,30,40,52,39,2,24,61,7,10,25,4,0,3,21,19,73,343,6,4,3,7,2,6,8,6,125,1,7,3,42,13,11,18,4,67,0,4,14,13,4,93,6,12,11,3,2,17,38,4,6,12,23,1,8,0,4,,,
2019-05,30,51,62,39,2,29,34,10,5,15,4,4,1,30,10,107,288,5,4,2,9,4,13,35,10,222,7,5,5,52,18,24,45,12,44,1,7,27,19,5,116,3,56,19,5,11,40,170,14,15,5,19,0,5,46,4,,,
2019-06,30,47,43,84,2,37,44,1,9,6,4,1,0,11,28,98,336,12,6,1,6,6,14,171,6,274,6,8,5,74,17,21,33,10,45,0,4,8,18,5,131,8,16,22,12,8,34,79,17,15,4,9,1,3,53,5,,,
2019-07,30,74,47,113,5,36,35,3,4,9,9,1,1,22,30,121,381,7,3,7,13,2,9,384,9,153,8,13,4,109,36,39,25,15,31,1,3,17,26,4,217,9,33,31,19,23,31,104,10,15,52,14,0,5,62,10,,,
2019-08,30,79,32,33,1,35,41,3,21,16,10,7,0,24,26,127,436,5,3,5,9,2,9,63,10,139,4,17,7,137,26,18,9,104,42,1,3,12,28,5,188,3,18,19,14,10,39,79,9,12,78,6,0,1,76,8,,,
2019-09,30,69,40,71,4,26,38,4,6,20,3,6,1,26,18,148,537,7,4,6,5,4,9,33,7,115,5,18,1,116,22,12,21,11,48,4,2,5,10,3,239,2,7,24,13,10,33,85,18,22,31,17,1,2,24,6,,,
2019-10,30,91,53,47,3,33,32,9,6,15,3,0,0,14,17,96,530,5,4,6,11,4,7,11,3,113,4,16,9,111,14,13,57,10,105,1,26,23,29,4,243,9,19,27,12,16,31,100,8,15,15,10,0,8,29,8,,,
2019-11,30,49,29,20,4,28,66,1,3,10,4,2,0,23,14,72,403,6,1,0,4,4,9,1,15,77,8,13,3,56,7,13,31,6,23,0,2,5,22,8,98,6,10,4,8,9,11,39,2,8,10,6,1,4,2,5,,,
2019-12,30,47,38,47,0,28,40,11,5,13,1,1,1,17,6,76,430,1,3,0,11,0,7,2,20,93,5,11,2,34,10,4,6,4,48,0,1,22,33,8,119,5,21,8,2,0,8,8,2,9,7,1,0,4,0,2,,,
2020-01,30,97,49,45,2,37,45,9,2,15,1,2,2,11,15,73,437,2,3,4,8,2,11,0,20,66,6,12,7,66,12,8,22,39,43,0,0,8,18,7,130,4,35,8,2,4,12,22,9,11,18,9,1,6,0,3,,,
2020-02,30,90,25,17,0,26,31,3,6,14,2,2,3,19,24,60,278,3,4,2,4,3,9,1,6,74,3,12,5,82,9,11,5,10,54,3,2,13,18,7,105,9,12,5,2,0,16,27,4,12,12,3,0,1,0,0,,,
2020-03,30,80,30,28,1,27,27,13,21,8,2,9,1,7,32,70,428,7,1,2,3,1,13,0,5,150,2,12,2,62,14,14,22,4,53,3,6,19,25,9,73,4,21,4,7,3,16,43,8,11,2,9,2,1,0,2,,,
2020-04,30,19,13,27,2,24,21,8,65,11,6,8,2,14,20,77,484,5,4,5,9,3,2,1,5,44,3,12,5,48,17,2,18,3,52,0,8,13,15,8,81,1,19,8,3,13,9,17,4,8,8,17,1,8,0,3,,,
2020-05,30,17,15,14,2,37,23,9,31,12,1,0,1,30,26,109,419,6,5,9,9,10,17,12,6,59,9,11,4,74,22,9,50,4,30,0,4,6,20,6,104,5,12,15,2,10,7,37,10,11,5,23,1,34,6,5,,,
2020-06,30,37,45,34,0,44,21,4,23,7,9,1,3,16,14,150,516,10,2,13,7,2,11,190,5,35,13,12,7,99,22,9,27,9,74,2,2,8,24,5,198,9,25,53,35,4,32,204,12,11,2,6,0,1,37,2,,,
2020-07,30,67,24,30,2,65,35,14,26,9,6,4,0,11,9,193,276,7,9,31,13,17,11,687,8,64,7,13,2,142,21,18,16,18,41,1,6,12,27,1,202,2,16,47,28,17,37,160,11,12,8,10,1,5,28,7,,,
2020-08,30,59,30,36,1,52,32,5,15,34,8,1,1,19,21,132,351,11,7,2,10,12,17,355,5,40,13,25,3,155,22,7,48,14,40,2,10,15,23,6,206,6,11,87,49,5,30,207,8,14,11,4,4,5,28,6,,,
2020-09,30,102,32,43,4,39,28,7,24,20,6,6,1,8,20,102,434,3,7,5,18,1,13,1,1,71,5,14,2,149,21,12,45,9,55,1,0,10,22,3,199,11,16,26,10,2,24,78,8,8,5,5,2,2,26,7,,,
2020-10,30,69,21,58,1,33,39,8,24,9,7,1,4,22,28,108,385,8,1,9,13,1,9,2,10,29,6,14,2,131,19,9,25,10,27,1,6,13,28,3,187,5,24,20,11,1,12,79,3,9,2,7,2,6,6,2,,,
2020-11,30,63,24,4,1,28,21,9,28,17,4,7,2,7,25,102,315,4,2,4,8,12,8,1,7,29,6,9,1,105,15,6,9,5,80,0,7,9,16,3,84,9,5,9,11,12,11,25,2,10,34,3,0,2,20,12,,,
2020-12,30,68,17,33,0,37,29,12,22,7,1,5,0,9,20,97,534,1,3,19,13,4,3,0,17,111,8,16,2,91,11,4,13,11,75,0,1,8,21,1,56,1,9,4,3,1,8,17,4,2,2,2,0,0,0,0,,,
2021-01,30,90,18,9,0,33,40,15,13,8,1,3,1,8,11,101,385,0,2,10,8,6,9,2,11,99,7,9,2,69,16,3,22,2,23,1,4,10,14,2,42,9,4,7,0,2,8,14,5,2,1,1,0,3,0,1,,,
2021-02,30,72,5,2,2,20,59,29,4,14,1,4,0,8,12,57,198,2,3,78,2,19,4,1,24,80,18,1,3,30,14,3,4,0,33,0,5,12,15,2,76,4,34,2,1,6,4,9,2,8,1,4,0,2,0,1,,,
2021-03,30,174,18,26,1,45,45,14,16,11,2,1,0,14,28,122,496,2,5,20,7,3,12,0,2,113,23,11,5,102,35,4,21,19,33,1,2,11,15,15,134,9,16,7,9,4,15,41,13,4,7,4,2,4,0,0,,,
2021-04,30,58,15,59,3,33,30,11,4,10,7,5,1,9,23,125,519,7,3,7,8,2,22,6,3,88,12,10,4,84,26,15,6,10,47,0,2,2,21,11,73,7,27,16,5,10,16,41,2,5,3,3,0,0,0,1,,,
2021-05,30,53,10,25,4,39,25,10,8,12,4,1,0,12,24,105,446,11,2,6,4,3,12,19,4,84,0,8,3,100,29,10,10,18,23,2,1,8,18,3,52,9,10,19,9,4,53,69,5,6,48,4,2,3,12,10,,,
2021-06,30,123,17,15,5,46,43,6,7,22,9,0,1,18,27,145,514,17,9,21,9,2,8,566,3,59,10,8,0,180,34,8,34,37,97,1,2,17,16,6,100,9,18,70,58,9,33,78,16,3,11,14,0,9,63,3,,,
2021-07,30,116,2,29,2,42,44,18,7,19,7,6,0,11,41,124,413,7,9,7,8,11,10,424,12,142,20,12,1,185,23,7,19,28,19,3,7,2,17,12,28,5,17,22,29,10,27,90,11,13,42,7,0,5,18,12,,,
2021-08,30,93,13,23,1,40,64,20,6,13,6,5,0,34,36,114,462,12,7,7,8,7,4,352,8,72,10,4,6,199,49,16,9,14,39,0,3,13,13,4,58,4,31,66,93,11,37,94,12,6,18,9,0,6,24,6,,,
2021-09,30,115,9,18,1,41,37,19,12,7,8,2,1,26,29,104,491,1,3,10,13,5,14,4,1,34,10,16,8,146,25,8,16,10,30,2,2,13,12,8,36,7,14,31,19,4,17,42,3,11,7,1,0,2,52,9,,,
2021-10,30,86,3,15,1,21,39,6,7,17,4,4,0,16,20,82,306,17,3,3,8,6,7,1,3,43,8,14,4,128,26,7,25,13,67,0,0,15,16,12,66,4,18,14,35,8,15,34,3,7,3,12,4,2,0,1,,,
2021-11,30,145,7,22,1,32,33,8,2,11,3,0,1,16,23,87,243,12,0,8,10,7,2,2,7,44,16,7,1,77,7,4,25,6,71,0,3,7,13,6,57,7,36,18,9,8,9,39,3,8,67,2,0,3,0,3,,,
2021-12,30,88,7,19,0,25,30,4,9,10,1,0,0,6,9,89,365,6,1,30,6,3,6,0,9,38,13,12,3,82,13,3,14,2,41,0,0,10,21,1,58,3,32,14,13,3,8,12,5,9,11,4,0,4,0,10,,,
2022-01,30,89,14,3,0,24,43,19,8,25,4,5,0,8,18,78,219,0,5,16,8,18,11,0,11,25,4,9,2,38,21,3,2,7,33,2,0,8,20,2,21,3,37,0,2,0,11,8,3,10,7,5,1,4,0,0,,,
2022-02,30,147,3,4,1,22,39,11,7,15,3,0,1,6,36,60,248,5,3,9,6,20,17,0,9,106,6,9,1,38,22,6,8,8,22,2,0,5,16,4,25,4,49,1,1,12,0,3,3,9,10,4,1,6,0,0,,,
2022-03,30,141,12,35,0,28,36,10,1,11,5,1,0,7,36,91,395,5,5,8,6,9,11,1,8,266,11,8,5,69,36,7,12,11,38,4,1,5,19,5,70,11,37,13,7,14,20,0,3,6,3,16,1,4,0,1,,,
2022-04,30,104,2,48,2,34,34,3,0,14,5,2,2,15,23,70,331,8,2,5,6,2,14,1,14,331,3,7,1,83,21,10,17,8,22,0,5,3,15,3,36,6,15,10,14,36,11,17,6,17,1,10,0,1,1,5,,,
2022-05,30,114,5,29,1,35,43,7,8,23,9,3,0,21,28,92,299,13,6,7,7,3,14,299,14,203,8,16,3,91,28,13,27,10,13,0,2,10,12,6,84,12,32,13,12,17,27,58,3,9,16,19,0,1,6,5,,,
2022-06,30,96,5,38,0,33,40,8,12,12,10,3,1,21,20,103,263,18,3,11,14,5,17,643,7,117,7,23,4,121,46,10,24,14,18,1,8,6,23,2,140,11,56,167,106,114,42,111,8,8,11,14,0,6,20,13,,,
2022-07,30,89,7,41,1,39,44,7,4,13,6,1,0,16,27,112,387,6,7,8,11,2,7,256,6,124,5,15,3,86,35,4,7,14,10,2,0,4,9,4,136,12,28,52,23,143,28,75,12,11,11,8,1,4,7,6,,,
2022-08,30,75,20,14,0,41,38,10,4,14,12,1,0,14,25,132,466,7,5,10,4,5,8,137,7,66,2,24,5,109,34,11,10,13,5,2,12,14,24,3,136,7,18,54,33,96,30,61,3,6,20,2,0,3,20,6,,,
2022-09,30,79,15,47,0,50,44,8,8,21,5,1,0,21,33,133,423,19,8,9,13,5,8,181,7,171,4,21,7,138,35,7,43,33,18,1,3,12,12,2,111,5,24,35,25,293,41,74,7,5,12,10,1,1,25,4,,,
2022-10,30,107,6,14,1,26,32,10,6,12,2,1,0,25,18,100,288,4,2,12,3,3,12,0,10,51,5,5,2,86,15,3,57,24,15,2,4,8,18,4,107,6,21,9,9,92,7,41,3,9,3,4,0,1,7,4,,,
2022-11,30,96,18,20,0,25,28,10,1,16,0,0,1,21,24,84,400,9,0,10,11,5,4,3,7,30,9,5,4,99,17,13,13,7,10,1,7,15,17,3,88,7,31,17,18,124,10,36,2,4,6,9,0,5,0,3,,,
2022-12,30,127,11,13,0,29,26,17,4,22,4,0,1,8,21,90,323,3,2,60,4,13,10,0,15,44,2,5,2,51,9,5,5,1,18,2,3,8,20,2,26,3,30,5,4,294,3,4,2,6,7,7,1,2,0,1,,,
2023-01,30,104,8,32,0,32,37,11,4,28,2,0,0,15,17,81,332,6,4,6,9,7,11,4,17,112,5,3,2,46,26,11,7,9,20,4,6,16,9,1,54,10,37,7,3,32,7,2,5,3,1,11,2,0,0,3,,,
2023-02,30,131,9,65,2,26,29,13,4,24,6,5,0,18,17,46,348,2,3,13,13,8,5,1,11,145,5,8,2,33,16,11,24,10,7,0,4,11,15,4,61,5,33,9,4,33,10,1,1,6,5,29,2,11,0,0,,,
2023-03,30,88,20,30,0,28,41,5,6,13,13,2,2,9,12,82,296,6,5,9,11,5,12,1,12,132,5,8,5,68,16,10,16,11,25,0,1,6,18,7,68,9,38,8,7,87,25,4,3,9,39,12,2,6,0,1,,,
2023-04,30,60,7,22,1,40,37,9,10,7,6,2,0,9,26,106,173,8,3,9,7,5,10,6,8,78,5,10,0,69,17,7,10,9,14,1,0,8,26,10,54,2,20,13,11,95,31,80,3,7,12,4,0,4,0,5,,,
2023-05,30,79,24,18,1,60,31,5,6,15,9,1,0,18,25,140,460,13,4,10,11,1,8,173,10,41,2,12,4,51,33,16,8,8,14,3,0,5,18,4,31,9,12,15,9,74,26,129,9,15,51,7,0,2,6,3,,,
2023-06,30,117,17,14,1,41,43,9,9,13,7,7,0,11,26,162,388,9,8,10,7,11,14,503,4,77,4,14,5,83,18,9,18,11,19,0,0,8,21,9,50,5,21,15,21,15,24,152,10,9,6,12,0,4,2,1,,,
2023-07,30,79,7,17,4,60,45,7,4,12,6,2,1,16,28,133,415,6,2,17,9,5,9,355,14,56,9,16,0,101,23,11,53,36,15,2,0,3,29,5,100,11,39,51,36,54,37,91,9,6,5,49,1,259,5,6,,,
2023-08,30,74,5,27,2,40,55,9,6,19,22,3,0,22,45,145,380,12,6,16,12,7,15,254,20,87,6,20,4,130,43,7,28,13,30,0,21,9,24,10,100,13,32,37,57,53,48,125,8,15,11,31,0,34,12,10,,,
2023-09,30,98,16,38,1,43,33,9,16,20,6,1,0,26,20,121,440,13,5,6,12,3,19,59,15,73,8,14,2,95,23,9,13,10,28,1,6,8,35,5,74,3,14,17,21,56,37,100,7,11,15,8,0,6,4,3,,,
2023-10,30,76,11,18,0,40,38,9,11,19,2,1,1,13,29,107,432,20,2,8,12,3,11,19,8,26,6,13,4,109,28,9,15,9,30,3,2,8,21,6,57,10,9,13,13,250,23,78,9,15,9,8,1,3,6,6,,,
2023-11,30,82,4,10,0,26,21,9,7,26,2,2,1,16,37,77,319,8,3,43,5,3,11,2,15,31,23,6,3,76,16,5,7,5,23,2,5,6,13,13,49,5,15,6,7,58,17,143,6,4,4,6,0,1,0,7,,,
2023-12,30,93,6,26,1,27,24,7,5,16,1,2,0,20,20,75,308,7,1,13,7,4,11,0,6,39,7,4,5,46,30,8,15,5,22,1,4,5,25,2,71,7,23,5,5,6,12,130,1,3,7,11,0,4,0,4,,,
2024-01,30,135,9,6,1,55,36,25,6,17,2,4,1,10,22,82,320,10,5,27,6,19,10,3,10,164,10,12,2,28,10,6,8,19,10,1,13,8,27,2,37,12,50,5,23,0,21,188,7,6,5,16,0,7,0,0,,,
2024-02,30,112,25,15,0,39,26,6,8,11,1,7,1,18,18,82,259,11,5,7,7,2,3,3,11,109,3,11,2,48,17,3,12,7,29,1,1,7,23,6,48,10,19,6,8,32,19,108,3,11,4,1,0,2,0,2,,,
2024-03,30,108,8,21,1,27,31,8,13,6,4,4,2,19,18,67,294,13,3,6,5,4,11,0,10,73,2,7,0,51,17,8,19,9,18,0,2,7,27,8,37,3,34,14,8,2,15,4,2,5,10,12,0,2,0,2,,,
2024-04,30,99,9,14,3,38,26,3,17,15,1,1,1,24,18,75,431,12,5,4,10,4,4,0,8,104,5,7,9,53,14,6,18,15,21,1,1,8,20,7,56,8,37,8,14,7,20,4,7,14,53,22,0,4,3,2,,,
2024-05,30,105,21,24,9,24,38,4,17,13,6,4,1,25,28,89,307,17,0,8,4,3,13,133,7,114,1,19,2,57,26,9,31,8,20,1,2,11,31,9,124,21,49,32,41,93,47,18,3,4,8,47,0,1,11,7,,,
2024-06,30,98,14,18,2,50,42,6,16,13,4,3,2,18,30,95,415,10,4,7,7,2,13,386,13,107,12,16,3,101,27,3,11,7,23,0,7,9,16,12,127,9,32,23,41,13,29,25,9,6,12,14,1,3,9,3,,,
2024-07,30,109,14,17,2,40,42,9,11,8,7,6,2,27,24,118,314,9,1,14,11,5,13,153,6,65,6,19,4,118,39,12,25,14,28,1,3,10,14,9,99,24,44,124,95,96,48,5,10,7,5,21,0,9,16,10,,,
2024-08,30,79,16,8,2,45,31,11,13,11,5,2,1,45,24,134,419,18,3,17,10,7,11,117,14,51,6,20,6,72,22,10,17,12,32,2,5,10,19,6,118,4,35,23,47,16,31,36,15,7,10,12,0,5,5,8,,,
2024-09,30,77,27,9,4,42,33,6,10,16,2,4,4,13,32,113,544,11,4,7,17,5,7,9,7,32,4,13,2,87,21,10,18,6,25,3,9,16,18,12,191,8,39,8,37,8,19,138,6,7,5,10,1,4,5,3,,,
2024-10,30,110,8,9,2,36,19,7,13,16,5,4,3,39,23,102,338,10,1,5,6,1,13,4,12,40,4,16,1,84,15,2,11,9,25,2,1,2,16,2,105,7,29,22,22,5,24,215,3,11,12,5,0,3,3,6,,,
2024-11,30,109,10,7,1,28,22,6,6,11,4,1,4,21,25,79,243,11,1,2,3,2,12,3,20,28,2,19,1,40,10,6,8,10,22,0,1,5,27,10,83,6,31,10,12,3,10,241,1,6,4,10,0,4,0,5,,,
2024-12,30,100,10,8,0,21,19,3,15,19,3,2,2,13,17,55,288,7,2,5,4,6,9,10,16,44,6,13,2,29,19,3,13,6,24,1,0,3,16,5,64,2,36,2,11,3,6,86,1,8,10,16,1,12,0,4,,,
2025-01,30,109,4,15,1,40,49,11,5,49,4,2,2,11,15,78,459,9,5,10,3,28,7,0,34,63,28,7,2,27,14,2,4,9,20,0,0,5,23,1,51,5,28,3,1,12,3,165,2,7,14,21,1,6,0,1,,,
2025-02,30,98,18,5,0,28,37,9,10,19,2,3,0,14,13,55,314,6,2,2,4,8,10,0,19,50,11,13,2,16,12,4,5,3,16,2,0,6,30,1,18,2,31,0,5,3,5,162,0,12,5,4,0,1,0,0,,,
2025-03,30,109,18,7,2,36,29,6,12,11,5,1,0,33,26,98,377,13,2,7,7,4,14,0,6,91,0,16,1,56,15,8,17,10,15,0,2,5,35,6,73,7,46,8,18,24,23,216,9,5,9,21,0,6,0,1,,,
2025-04,30,107,8,25,2,26,18,10,22,23,3,5,0,10,36,62,345,14,3,1,7,2,19,0,8,88,2,11,1,65,19,7,19,16,17,0,3,11,31,4,60,9,23,8,10,9,26,165,5,7,7,15,1,4,0,6,,,
2025-05,30,83,23,19,0,25,17,5,13,26,3,1,1,18,27,84,369,17,5,8,6,1,12,28,6,53,2,22,1,73,21,8,13,8,25,3,4,7,12,5,78,5,19,18,40,15,18,93,9,6,26,15,1,2,0,6,,,
2025-06,30,96,13,13,1,35,32,12,15,19,7,2,0,17,35,93,389,12,7,12,8,10,14,453,14,45,21,20,5,87,27,9,19,10,21,1,4,3,42,6,114,10,39,42,53,25,36,75,5,10,9,29,1,11,11,7,,,
2025-07,30,67,7,38,2,55,42,8,19,16,5,2,0,23,36,134,272,12,6,36,8,2,10,341,15,38,20,22,3,87,31,13,29,11,36,1,1,6,18,7,119,16,35,54,128,12,41,125,8,9,25,43,3,12,9,8,,,
2025-08,30,136,7,17,1,46,27,12,11,12,8,0,2,27,37,142,302,15,3,11,13,4,7,85,8,76,9,24,2,77,19,7,28,16,30,0,2,10,30,7,93,8,50,36,40,28,38,120,7,8,12,24,0,78,10,9,,,
2025-09,30,84,5,24,2,33,35,5,10,20,6,1,1,28,36,108,309,17,3,9,13,1,18,1,5,38,6,20,3,92,20,11,16,8,36,1,3,11,37,6,110,4,11,37,23,17,22,66,7,12,19,5,0,8,3,10,,,
2025-10,30,136,10,21,3,26,16,5,10,29,6,1,0,16,16,81,367,11,0,4,11,3,5,7,4,39,0,10,3,80,25,8,10,5,36,0,5,22,23,4,87,4,31,19,16,6,18,28,5,13,6,8,1,0,5,7,,,
2025-11,30,75,1,12,0,21,20,1,9,12,2,1,4,17,27,61,309,8,14,4,2,8,4,0,3,12,4,5,0,34,11,5,9,6,20,1,1,7,13,6,39,3,24,14,10,2,12,100,3,8,10,8,0,3,0,6,,,
2025-12,30,88,3,4,0,22,17,8,4,22,3,1,3,7,21,55,369,6,1,18,7,14,3,3,12,62,7,6,1,17,11,3,7,2,15,1,1,3,19,3,47,12,35,0,4,1,6,72,4,18,11,7,2,5,0,0,,,
2019-01,31,8,19,5,0,14,9,5,0,0,0,2,0,0,0,0,0,0,0,0,0,0,0,0,3,37,8,0,3,0,0,6,1,22,6,0,0,0,4,0,12,0,9,0,0,3,1,4,0,0,7,0,1,0,0,0,,,
2019-02,31,29,9,3,0,15,20,11,0,1,1,2,0,0,5,28,11,1,0,0,4,1,4,0,4,209,7,0,5,1,5,4,6,9,17,0,0,0,1,1,100,0,4,0,0,2,3,4,0,0,20,0,0,0,0,0,,,
2019-03,31,52,16,6,1,22,14,2,1,20,5,3,0,2,15,32,199,9,1,3,4,17,1,1,0,198,11,2,3,12,4,7,7,8,29,2,1,6,5,7,118,2,38,2,2,3,7,5,3,0,10,3,1,2,0,2,,,
2019-04,31,26,21,8,4,13,48,5,3,10,3,2,3,6,14,35,280,5,1,1,12,6,4,0,3,172,6,12,3,20,14,6,11,9,61,0,0,13,7,2,94,2,29,5,1,4,9,32,5,1,16,15,0,8,0,2,,,
2019-05,31,24,20,5,8,15,25,5,2,10,3,3,3,6,11,42,225,16,2,8,8,0,3,38,1,158,8,9,5,26,8,8,21,12,118,0,1,4,6,5,111,4,26,3,2,7,6,14,1,5,10,20,0,3,2,4,,,
2019-06,31,33,18,4,2,25,31,9,5,3,5,3,0,6,18,48,313,10,3,9,17,2,3,139,2,117,17,8,8,41,9,9,12,11,49,1,0,1,11,5,166,3,54,6,5,4,14,52,3,5,8,15,1,4,19,7,,,
2019-07,31,33,22,11,14,26,20,3,1,9,5,3,0,12,14,63,402,11,1,4,17,2,6,201,8,144,10,8,10,52,16,6,12,17,14,0,0,5,7,4,248,3,31,6,5,4,7,34,6,3,62,14,1,5,8,2,,,
2019-08,31,33,19,11,0,32,15,3,2,14,6,4,0,7,25,54,312,7,3,2,3,7,4,23,3,119,5,4,5,53,11,5,5,19,31,0,0,6,12,5,83,7,13,5,11,6,7,61,3,5,60,6,0,1,17,2,,,
2019-09,31,37,26,10,5,19,14,4,5,9,1,1,1,9,20,40,471,5,7,6,9,3,8,8,6,138,9,8,2,47,15,9,17,29,29,0,0,5,8,6,172,3,29,7,6,7,5,46,1,5,33,4,2,0,16,5,,,
2019-10,31,34,29,13,2,14,29,3,2,13,0,1,0,5,34,46,377,8,4,6,9,5,4,3,6,125,5,9,8,43,2,10,16,11,61,2,5,14,16,3,188,7,40,9,3,3,3,57,3,4,11,7,0,2,9,0,,,
2019-11,31,19,14,5,4,15,14,3,0,10,1,1,0,12,19,22,400,10,0,3,5,2,7,5,21,93,5,2,1,21,10,4,6,4,32,1,1,9,13,7,76,6,23,2,5,2,5,14,2,5,13,3,0,1,0,5,,,
2019-12,31,35,20,3,1,15,11,0,2,9,0,0,0,16,20,30,393,6,0,7,7,1,7,2,3,44,8,4,1,27,1,2,4,0,75,3,1,25,13,8,176,0,48,0,1,1,1,3,0,3,10,0,0,1,0,7,,,
2020-01,31,42,14,2,3,22,19,4,3,7,0,0,9,13,9,49,276,9,3,2,6,4,6,0,5,76,6,10,3,14,12,6,7,5,30,1,0,5,8,1,116,3,55,2,1,2,7,4,1,4,9,5,0,2,0,1,,,
2020-02,31,27,16,4,0,11,13,3,2,12,1,3,0,11,13,22,206,3,1,2,4,7,7,2,8,72,2,8,3,16,11,4,2,3,36,1,0,13,10,11,45,5,17,1,2,1,0,3,2,1,7,3,2,2,0,0,,,
2020-03,31,10,8,12,0,22,14,4,16,5,2,7,3,9,11,36,363,8,2,4,9,3,5,2,3,69,6,3,2,21,25,3,6,5,26,0,1,3,5,23,102,1,29,2,2,3,4,3,1,2,1,7,0,1,0,2,,,
2020-04,31,9,10,11,3,19,15,4,69,8,3,4,1,5,15,35,584,3,1,13,3,1,3,0,2,85,11,7,8,37,13,3,8,2,54,3,5,23,5,6,56,3,19,1,0,0,3,33,2,4,1,8,0,4,0,1,,,
2020-05,31,19,12,8,3,35,31,4,47,4,0,0,1,8,17,70,434,8,2,7,15,4,7,16,4,95,20,7,1,57,28,2,19,7,59,3,6,14,11,8,36,3,17,4,1,6,4,21,2,4,4,17,0,4,10,3,,,
2020-06,31,32,6,7,1,36,11,7,22,10,4,0,2,8,17,53,412,8,4,6,6,3,4,178,1,36,17,8,9,45,21,1,12,6,86,0,2,9,10,2,275,2,22,21,14,8,10,35,8,7,6,3,0,3,21,3,,,
2020-07,31,32,10,6,1,39,29,3,31,10,4,2,0,19,19,82,229,8,0,10,13,5,5,249,2,27,17,7,9,68,37,8,11,10,74,1,1,11,14,5,153,5,40,14,9,12,5,45,4,1,3,7,1,2,27,8,,,
2020-08,31,36,16,5,2,38,24,3,22,12,5,1,2,9,21,66,298,14,6,9,11,5,5,210,2,30,12,5,7,82,31,5,9,18,52,0,3,9,10,5,217,3,29,23,19,2,5,26,4,7,6,6,0,3,28,4,,,
2020-09,31,34,7,6,2,28,17,3,16,2,4,0,0,5,24,62,444,11,4,6,14,3,9,16,2,32,8,5,3,69,24,5,6,7,39,1,2,13,7,2,220,2,19,9,6,3,1,24,8,14,17,3,0,1,4,2,,,
2020-10,31,32,11,1,1,33,14,6,18,11,3,0,1,3,10,32,263,10,1,6,9,0,4,4,7,28,4,9,3,55,18,1,5,3,36,2,3,2,7,3,204,1,17,3,2,1,4,26,2,6,5,12,0,5,1,2,,,
2020-11,31,27,6,3,0,16,16,1,25,3,4,0,0,13,13,34,319,7,5,0,10,3,4,2,6,19,6,7,3,37,23,3,3,7,71,0,0,6,10,6,155,6,12,4,1,3,2,21,5,6,3,1,0,0,5,3,,,
2020-12,31,39,4,8,3,21,16,5,12,15,2,1,0,2,15,33,564,4,1,3,13,5,0,2,2,65,3,3,6,26,16,1,6,3,23,0,1,7,6,3,29,4,11,1,0,1,4,2,2,1,3,5,0,1,0,3,,,
2021-01,31,21,4,14,0,22,19,4,17,19,1,0,0,0,8,56,411,5,0,8,12,6,5,1,4,99,4,1,3,24,15,4,1,5,18,0,0,5,6,1,37,2,14,2,0,0,3,10,3,2,6,1,1,0,0,0,,,
2021-02,31,26,7,1,1,18,30,20,9,16,1,1,0,3,8,24,253,12,3,147,3,47,2,3,5,110,38,3,3,15,18,2,5,7,17,0,0,8,4,4,10,3,17,0,0,1,1,3,2,3,2,2,2,4,0,0,,,
2021-03,31,43,9,3,3,30,16,5,11,11,7,1,0,12,23,69,362,4,5,23,9,12,4,0,1,94,18,9,6,51,28,2,8,5,65,0,0,11,6,13,105,6,46,2,0,4,0,21,0,2,13,0,0,4,0,1,,,
2021-04,31,49,9,5,1,35,14,3,8,12,2,1,1,9,14,51,399,6,1,3,12,7,4,1,1,60,7,4,6,44,11,10,4,28,41,0,1,5,3,12,85,3,23,1,2,2,8,9,0,1,6,1,0,2,0,5,,,
2021-05,31,33,5,6,2,25,30,3,5,12,4,1,2,14,14,55,423,7,2,5,6,10,16,107,4,50,3,11,5,79,24,3,11,24,58,0,0,10,10,2,107,5,56,2,7,13,6,46,0,0,3,4,0,3,6,4,,,
2021-06,31,25,11,4,3,24,19,1,2,4,2,0,1,15,20,49,385,8,3,12,12,7,2,310,1,45,4,8,2,100,28,5,19,8,35,1,1,7,9,19,101,7,25,10,8,4,7,34,2,2,5,15,0,2,15,1,,,
2021-07,31,35,7,6,2,25,18,3,1,4,0,2,2,7,25,63,351,9,7,25,5,12,1,232,5,101,4,13,4,132,41,2,10,19,64,2,0,3,10,4,116,3,24,3,12,7,6,63,3,4,43,7,1,4,25,10,,,
2021-08,31,37,4,8,4,28,18,3,4,3,3,0,1,22,27,57,389,13,1,20,7,4,0,148,2,61,4,9,4,82,29,7,13,6,79,1,1,14,7,6,260,4,44,15,12,5,10,41,3,3,17,10,0,4,26,3,,,
2021-09,31,52,4,9,0,18,23,7,6,12,3,0,0,9,27,55,404,9,1,10,1,2,1,53,4,41,2,10,4,67,23,4,4,19,32,0,0,6,12,5,142,6,23,5,5,4,4,25,1,1,4,3,1,2,20,2,,,
2021-10,31,36,9,14,4,21,12,4,6,7,0,1,2,19,13,40,339,11,1,1,0,3,3,39,2,34,4,8,5,87,17,3,11,15,57,0,1,9,7,6,114,7,21,7,5,2,4,15,6,1,3,6,0,3,0,1,,,
2021-11,31,37,11,3,0,18,13,1,6,13,1,0,3,13,11,36,355,3,3,0,2,10,8,24,2,42,3,9,0,61,15,3,2,4,10,0,2,8,12,5,113,5,29,0,2,2,3,5,0,4,4,1,0,0,0,6,,,
2021-12,31,33,12,3,0,18,13,7,7,7,3,2,10,10,10,36,439,5,3,14,7,1,2,2,7,33,8,3,2,36,16,3,3,6,28,0,1,4,6,3,112,5,23,3,3,1,4,9,3,3,8,4,0,1,0,6,,,
2022-01,31,39,7,2,0,20,13,17,8,9,0,2,0,1,8,34,336,4,1,5,7,41,1,1,9,45,3,2,4,29,7,1,4,3,36,0,0,9,1,1,34,11,26,0,0,3,1,1,1,2,7,1,1,2,0,0,,,
2022-02,31,49,5,5,0,14,41,4,1,7,2,0,0,4,17,26,201,2,2,9,9,6,3,2,4,146,7,1,5,25,12,10,7,22,34,0,2,15,14,0,50,7,55,1,2,2,1,0,8,3,4,5,0,5,0,1,,,
2022-03,31,72,7,7,4,17,21,8,3,5,2,0,0,6,9,43,430,8,0,1,6,2,5,0,0,239,3,5,4,60,13,10,1,44,86,0,0,29,9,4,96,7,40,1,0,8,6,0,4,4,8,12,0,5,0,1,,,
2022-04,31,36,10,19,2,16,32,8,0,13,6,1,0,15,11,42,315,5,0,0,5,1,1,0,3,318,4,6,6,84,9,8,10,9,25,1,4,9,17,11,75,6,37,1,3,9,3,6,3,1,6,23,0,2,1,1,,,
2022-05,31,29,6,16,6,37,20,7,1,9,3,2,0,7,17,53,374,8,2,11,9,0,5,160,3,233,1,11,7,85,30,9,16,8,10,2,6,9,3,5,175,4,24,3,2,19,7,23,2,5,6,18,0,3,12,2,,,
2022-06,31,27,8,9,1,14,19,2,6,6,8,1,0,8,13,44,288,6,1,8,7,8,5,199,1,70,4,9,5,64,15,2,7,11,20,0,0,10,7,17,146,8,22,14,11,8,13,31,6,6,9,16,2,1,33,10,,,
2022-07,31,43,10,1,4,16,23,4,2,7,5,1,0,15,15,55,512,11,1,10,11,0,5,53,1,73,13,19,4,61,16,8,9,7,15,0,0,10,8,10,142,13,15,17,2,7,11,72,3,12,5,13,0,3,13,7,,,
2022-08,31,39,10,8,1,18,29,5,0,4,6,6,0,13,28,60,366,18,4,11,5,4,3,21,5,37,9,6,5,57,23,1,4,5,28,1,8,21,19,11,174,2,24,10,6,9,2,36,6,2,14,3,0,1,17,4,,,
2022-09,31,44,7,8,1,22,18,5,1,13,2,1,0,4,18,40,599,17,4,8,7,5,8,2,4,31,17,3,4,52,17,4,3,5,23,2,4,22,16,7,158,6,12,4,11,4,4,33,1,6,30,3,1,3,10,4,,,
2022-10,31,31,11,5,1,23,12,3,3,10,2,4,0,14,13,43,360,12,1,9,3,1,7,11,4,34,7,4,5,46,15,6,4,11,15,0,4,13,11,10,106,4,73,3,8,3,7,11,0,3,9,1,0,0,2,6,,,
2022-11,31,50,11,4,1,14,17,2,2,5,0,0,1,3,20,26,481,14,0,6,8,3,4,2,6,26,2,8,3,42,24,5,4,8,10,0,0,5,15,6,123,4,19,4,5,7,4,10,0,5,6,1,0,0,4,9,,,
2022-12,31,50,11,1,0,19,23,16,2,34,0,0,2,4,8,41,300,6,1,8,6,27,4,7,3,23,1,1,4,21,9,1,4,2,17,0,0,14,13,1,73,4,29,1,0,17,1,2,0,1,5,10,0,3,0,5,,,
2023-01,31,36,14,13,2,16,13,4,2,5,3,0,1,6,6,45,390,11,0,10,3,3,3,0,9,114,8,3,5,26,16,0,5,5,25,0,0,10,4,6,72,5,23,4,1,3,1,0,1,2,8,4,2,0,0,4,,,
2023-02,31,32,13,4,1,18,13,5,1,9,2,1,1,8,9,46,509,6,5,5,5,4,11,0,3,137,6,5,4,38,8,1,15,1,14,0,0,6,15,3,67,6,52,0,1,1,0,2,2,2,9,21,1,2,0,1,,,
2023-03,31,56,10,7,1,21,14,1,0,7,5,1,0,5,10,45,388,9,0,4,14,0,8,0,6,94,4,6,3,24,12,8,4,5,39,3,0,12,9,3,52,7,20,5,2,37,5,0,3,4,7,5,0,3,0,2,,,
2023-04,31,50,14,11,1,21,21,6,2,6,4,1,0,9,5,46,315,18,0,6,6,9,17,0,1,85,2,1,4,42,14,8,6,5,20,2,0,10,8,8,72,4,31,2,2,6,9,61,3,6,11,3,1,1,0,5,,,
2023-05,31,45,7,9,0,20,20,2,2,5,5,2,0,10,24,42,427,4,2,5,8,3,28,8,3,43,2,15,9,74,19,4,4,16,15,0,0,7,8,3,69,1,31,7,0,3,2,193,5,15,3,4,0,2,8,8,,,
2023-06,31,27,14,13,0,32,15,3,4,11,6,2,0,22,13,52,384,3,5,11,11,28,13,129,5,44,6,13,17,73,11,5,1,8,10,0,1,7,16,9,54,2,17,6,8,3,7,120,1,8,6,8,0,4,18,4,,,
2023-07,31,45,3,11,8,18,33,7,9,6,3,1,0,13,20,62,367,13,1,6,11,0,5,164,12,38,8,9,7,77,23,6,12,13,15,1,0,8,7,7,53,2,29,13,12,18,14,80,2,3,8,22,0,12,19,6,,,
2023-08,31,45,11,9,4,22,24,5,7,4,3,3,0,9,18,54,602,8,3,3,29,1,11,85,7,72,8,9,18,104,20,8,12,14,23,2,0,14,14,9,112,6,37,7,5,11,12,111,2,2,11,16,5,19,22,8,,,
2023-09,31,33,3,8,0,25,23,5,4,11,2,1,0,9,6,39,460,9,3,5,5,8,7,49,4,22,14,5,7,80,6,3,13,9,7,0,1,4,16,7,25,3,23,3,5,20,11,71,4,3,8,15,0,3,4,8,,,
2023-10,31,37,4,7,3,15,15,4,1,9,4,1,0,11,10,35,550,8,2,6,19,1,6,1,4,71,7,7,5,76,9,3,5,32,37,0,0,16,10,7,68,9,55,3,7,5,15,105,4,2,9,5,1,1,7,9,,,
2023-11,31,43,8,5,0,21,31,10,1,4,1,4,1,5,16,48,442,9,2,16,26,1,2,7,4,28,6,13,1,53,17,0,1,1,26,2,0,16,14,10,52,5,13,2,3,1,5,174,3,2,7,1,0,2,1,9,,,
2023-12,31,60,4,3,2,20,23,3,6,9,2,0,1,12,11,29,357,4,2,9,29,3,3,3,4,47,5,4,8,45,10,3,7,1,5,0,0,5,8,6,62,8,55,2,5,15,6,94,4,2,8,6,0,3,0,5,,,
2024-01,31,51,3,6,3,35,21,16,4,13,2,3,1,0,6,31,399,9,3,26,8,23,4,3,2,91,14,3,2,51,17,3,8,6,10,0,2,4,10,5,42,9,64,1,5,41,4,2,2,2,5,13,1,1,0,1,,,
2024-02,31,59,8,11,1,79,27,5,4,19,1,2,1,9,8,31,315,7,4,3,16,1,5,0,3,77,3,3,1,41,9,9,4,8,28,1,0,5,13,10,69,3,56,1,3,11,10,70,7,3,9,5,0,4,0,1,,,
2024-03,31,61,0,14,2,16,37,3,1,12,4,5,1,6,10,33,411,15,5,4,10,6,8,2,1,116,7,8,3,44,15,0,6,17,10,1,3,11,9,10,47,1,55,4,2,11,19,120,3,2,30,18,0,7,0,0,,,
2024-04,31,37,7,16,2,26,30,5,3,19,2,1,0,16,8,35,444,9,9,6,9,6,16,0,5,81,9,8,2,50,14,1,6,10,19,4,0,12,11,7,52,6,33,4,2,11,6,133,9,5,29,11,0,7,1,3,,,
2024-05,31,48,4,18,5,22,21,2,2,17,3,2,1,18,6,49,396,10,5,8,12,4,62,1,2,87,9,20,17,41,22,4,14,5,17,0,1,11,25,10,104,12,53,10,9,49,9,63,8,18,12,15,0,4,8,13,,,
2024-06,31,63,3,11,5,45,25,5,4,2,5,0,0,13,11,36,268,13,5,8,9,0,5,50,3,110,7,8,11,39,19,3,5,5,14,0,1,7,6,7,84,4,31,8,8,75,17,37,1,2,12,13,0,2,9,13,,,
2024-07,31,35,5,8,2,16,49,1,4,11,7,1,0,9,23,61,410,20,10,9,11,4,8,39,5,83,7,13,2,63,34,9,10,18,20,0,1,3,3,12,78,9,50,37,43,8,15,30,4,2,10,15,1,2,11,9,,,
2024-08,31,41,10,15,2,51,58,9,17,4,3,2,0,13,22,48,467,10,5,11,23,3,9,42,1,57,9,7,6,49,32,2,13,33,21,1,1,9,9,4,56,1,17,13,11,61,14,121,6,8,19,6,0,4,15,6,,,
2024-09,31,34,1,2,4,16,20,3,5,10,4,0,1,17,24,42,345,16,3,9,16,4,7,12,1,53,7,7,3,58,17,4,16,12,23,4,0,4,11,7,70,9,30,5,7,24,8,14,4,4,7,6,1,3,7,6,,,
2024-10,31,28,2,9,2,36,31,7,6,4,6,1,3,13,9,42,386,8,3,10,8,11,13,1,2,54,13,2,2,43,11,8,8,14,13,0,6,5,13,3,66,2,32,6,10,7,5,5,3,7,7,7,0,3,0,6,,,
2024-11,31,46,6,9,0,25,21,5,3,6,1,0,2,3,14,39,256,4,6,2,7,1,8,0,7,40,5,3,4,48,14,1,5,4,16,0,1,9,12,1,67,7,61,3,6,15,1,50,2,7,10,6,0,2,0,7,,,
2024-12,31,35,0,5,0,18,19,3,7,9,4,3,4,4,12,36,325,11,5,9,7,1,3,0,9,15,7,6,3,54,9,3,10,7,8,3,2,12,17,5,49,6,24,0,1,6,3,23,2,5,9,2,0,5,0,2,,,
2025-01,31,41,2,6,0,18,19,10,4,22,1,6,0,17,5,20,280,6,8,4,4,85,2,3,15,31,8,1,9,34,5,3,2,3,9,1,1,2,12,5,22,9,55,0,1,0,0,159,6,2,6,9,2,7,0,3,,,
2025-02,31,42,5,2,0,20,25,4,8,15,2,0,3,11,10,24,195,7,3,4,5,27,2,5,7,63,15,6,7,39,13,3,5,7,15,2,1,7,13,2,24,12,26,2,5,97,0,103,1,2,9,5,1,5,0,0,,,
2025-03,31,57,7,7,2,15,29,7,4,8,3,0,2,8,21,34,293,21,1,3,6,7,9,4,2,120,6,8,9,50,18,7,2,7,10,0,0,7,11,7,62,6,62,2,3,8,3,125,2,4,11,12,0,0,0,3,,,
2025-04,31,45,4,5,1,11,17,9,6,14,3,1,1,7,23,29,358,8,1,5,9,7,11,3,3,65,8,8,3,46,13,6,17,10,25,1,0,8,26,5,26,10,40,1,8,9,0,59,2,3,8,23,1,4,0,8,,,
2025-05,31,45,18,10,2,30,25,10,8,24,0,2,1,12,22,36,448,12,0,5,12,3,24,6,5,61,6,19,1,58,20,9,9,8,15,1,0,16,13,4,97,7,29,11,14,25,5,6,4,4,7,18,0,2,4,6,,,
2025-06,31,30,2,15,1,29,24,3,8,16,2,1,0,12,18,53,370,18,4,4,9,3,21,163,10,50,4,15,3,66,15,5,23,11,32,1,0,7,18,11,86,3,45,13,18,25,4,34,3,3,15,23,0,4,19,7,,,
2025-07,31,40,6,3,1,22,37,9,6,9,2,2,1,6,27,46,317,15,3,10,9,2,11,195,7,27,10,10,4,69,32,4,15,10,10,0,0,3,9,5,87,3,43,23,29,6,13,32,3,3,25,32,0,10,26,6,,,
2025-08,31,63,8,4,1,27,33,9,7,13,9,0,2,18,34,57,345,15,1,7,9,7,17,67,6,34,7,16,10,57,27,11,14,8,14,2,2,6,18,4,45,4,41,3,9,30,15,24,3,0,39,21,0,3,15,8,,,
2025-09,31,44,1,8,1,22,23,11,5,15,8,1,1,14,17,56,299,11,2,5,9,5,9,12,1,31,3,13,6,61,11,6,14,7,20,0,0,7,15,5,28,3,34,9,1,10,4,31,4,9,22,6,0,2,9,3,,,
2025-10,31,46,3,10,1,20,23,3,5,10,1,0,1,11,9,44,375,7,1,6,10,5,14,4,10,15,0,3,5,63,7,11,12,12,18,0,0,5,9,6,57,7,41,2,7,5,3,39,1,5,14,7,4,1,6,6,,,
2025-11,31,41,2,1,1,26,23,3,3,10,3,0,3,18,11,34,283,10,3,4,11,13,27,7,4,20,4,3,3,42,13,1,1,7,12,3,2,5,12,7,37,2,25,3,0,4,3,158,4,7,10,2,0,4,0,11,,,
2025-12,31,60,4,1,1,19,12,5,3,4,0,1,1,4,10,42,253,10,1,14,4,9,1,2,4,58,30,5,3,41,14,7,1,5,11,0,1,1,4,4,53,8,39,1,2,0,2,200,5,3,9,4,1,3,0,1,,,
